"id";"data_inversa";"dia_semana";"horario";"uf";"br";"km";"municipio";"causa_acidente";"tipo_acidente";"classificacao_acidente";"fase_dia";"sentido_via";"condicao_metereologica";"tipo_pista";"tracado_via";"uso_solo";"pessoas";"mortos";"feridos_leves";"feridos_graves";"ilesos";"ignorados";"feridos";"veiculos";"latitude";"longitude";"regional";"delegacia";"uop"
260592;2020-01-03;"sexta-feira";"14:20:00";"MG";116;700;"MURIAE";"Avarias e/ou desgaste excessivo no pneu";"Colisão frontal";"Com Vítimas Feridas";"Pleno dia";"Decrescente";"Chuva";"Simples";"Curva";"Não";6;0;1;2;3;0;3;2;-21,10258681;-42,37840131;"SR-MG";"DEL4/7";"UOP02/MG"
260598;2020-01-03;"sexta-feira";"06:30:00";"BA";116;701;"MANOEL VITORINO";"Velocidade Incompatível";"Atropelamento de Pedestre";"Com Vítimas Fatais";"Pleno dia";"Decrescente";"Chuva";"Simples";"Curva";"Não";9;1;4;0;4;0;4;3;-14,03517803;-40,20217596;"SR-BA";"DEL10/3";"UOP01/BA"
260599;2020-01-03;"sexta-feira";"14:30:00";"ES";101;264;"SERRA";"Falta de Atenção à Condução";"Colisão traseira";"Com Vítimas Feridas";"Pleno dia";"Decrescente";"Nublado";"Múltipla";"Interseção de vias";"Sim";2;0;1;0;0;1;1;2;-20,17292791;-40,26736384;"SR-ES";"DEL12/2";"UOP01/ES"
260600;2020-01-03;"sexta-feira";"08:15:00";"BA";116;694,9;"JEQUIE";"Velocidade Incompatível";"Colisão transversal";"Com Vítimas Feridas";"Pleno dia";"Crescente";"Chuva";"Simples";"Curva";"Não";4;0;1;2;1;0;3;2;-14,03704037;-40,20363092;"SR-BA";"DEL10/3";"UOP01/BA"
260603;2020-01-03;"sexta-feira";"14:40:00";"MG";381;345;"BELA VISTA DE MINAS";"Velocidade Incompatível";"Colisão transversal";"Com Vítimas Feridas";"Pleno dia";"Crescente";"Chuva";"Simples";"Não Informado";"Não";8;0;1;7;0;0;8;2;-19,86363214;-43,12254285;"SR-MG";"DEL4/3";"UOP01/MG"
260604;2020-01-03;"sexta-feira";"14:50:00";"RN";101;83,9;"NATAL";"Falta de Atenção à Condução";"Colisão lateral";"Com Vítimas Feridas";"Pleno dia";"Crescente";"Céu Claro";"Dupla";"Reta";"Sim";2;0;1;0;1;0;1;2;-5,7710445;-35,26616981;"SR-RN";"DEL15/2";"UOP01/RN"
260605;2020-01-03;"sexta-feira";"11:00:00";"MG";116;529,3;"CARATINGA";"Falta de Atenção à Condução";"Atropelamento de Pedestre";"Com Vítimas Feridas";"Pleno dia";"Decrescente";"Céu Claro";"Dupla";"Curva";"Não";2;0;0;1;1;0;1;1;-19,78510701;-42,13445297;"SR-MG";"DEL4/6";"UOP02/MG"
260606;2020-01-03;"sexta-feira";"13:20:00";"BA";367;84,1;"EUNAPOLIS";"Falta de Atenção à Condução";"Colisão traseira";"Com Vítimas Feridas";"Pleno dia";"Crescente";"Nublado";"Simples";"Reta";"Sim";2;0;1;0;1;0;1;2;-16,37465;-39,579426;"SR-BA";"DEL10/9";"UOP01/BA"
260610;2020-01-03;"sexta-feira";"14:50:00";"ES";101;225,3;"IBIRACU";"Falta de Atenção à Condução";"Capotamento";"Com Vítimas Feridas";"Pleno dia";"Decrescente";"Nublado";"Simples";"Reta";"Não";4;0;3;0;1;0;3;1;-19,89290688;-40,41230369;"SR-ES";"DEL12/2";"UOP01/ES"
260612;2020-01-03;"sexta-feira";"15:10:00";"RJ";116;266;"BARRA MANSA";"Velocidade Incompatível";"Colisão traseira";"Com Vítimas Feridas";"Pleno dia";"Crescente";"Garoa/Chuvisco";"Dupla";"Curva";"Sim";6;0;1;2;3;0;3;5;-22,58856193;-44,09534501;"SR-RJ";"DEL5/7";"UOP02/RJ"
260614;2020-01-03;"sexta-feira";"11:00:00";"MG";381;371;"SAO GONCALO DO RIO ABAIXO";"Condutor Dormindo";"Colisão traseira";"Com Vítimas Feridas";"Pleno dia";"Crescente";"Chuva";"Simples";"Curva";"Não";5;0;1;0;1;3;1;2;-19,84407789;-43,30732499;"SR-MG";"DEL4/1";"UOP01/MG"
260615;2020-01-03;"sexta-feira";"15:17:00";"SC";101;192,5;"BIGUACU";"Falta de Atenção à Condução";"Engavetamento";"Com Vítimas Feridas";"Pleno dia";"Decrescente";"Nublado";"Múltipla";"Curva";"Sim";4;0;1;0;3;0;1;3;-27,48443781;-48,64765238;"SR-SC";"DEL8/1";"UOP01/SC"
260616;2020-01-03;"sexta-feira";"13:40:00";"MT";163;605;"NOVA MUTUM";"Defeito na Via";"Tombamento";"Com Vítimas Feridas";"Pleno dia";"Decrescente";"Garoa/Chuvisco";"Simples";"Reta";"Não";1;0;1;0;0;0;1;1;-13,86351018;-56,08627166;"SR-MT";"DEL2/4";"UOP01/MT"
260617;2020-01-03;"sexta-feira";"15:10:00";"BA";324;607;"SIMOES FILHO";"Pista Escorregadia";"Queda de ocupante de veículo";"Com Vítimas Feridas";"Pleno dia";"Crescente";"Chuva";"Dupla";"Reta";"Sim";1;0;1;0;0;0;1;1;-12,819983;-38,407786;"SR-BA";"DEL10/1";"UOP01/BA"
260618;2020-01-03;"sexta-feira";"15:50:00";"PE";428;184,9;"PETROLINA";"Desobediência às normas de trânsito pelo condutor";"Colisão transversal";"Com Vítimas Feridas";"Pleno dia";"Decrescente";"Céu Claro";"Simples";"Reta";"Sim";3;0;2;0;1;0;2;2;-9,33211208;-40,46621385;"SR-PE";"DEL11/6";"UOP01/PE"
260619;2020-01-03;"sexta-feira";"15:25:00";"MG";40;656,4;"CARANDAI";"Pista Escorregadia";"Colisão com objeto estático";"Com Vítimas Feridas";"Pleno dia";"Decrescente";"Chuva";"Dupla";"Curva";"Não";1;0;1;0;0;0;1;1;-20,87261896;-43,79985605;"SR-MG";"DEL5";"UOP02/MG"
260620;2020-01-03;"sexta-feira";"14:30:00";"SC";280;167;"MAFRA";"Desobediência às normas de trânsito pelo condutor";"Colisão lateral";"Com Vítimas Feridas";"Pleno dia";"Decrescente";"Céu Claro";"Simples";"Rotatória";"Não";2;0;1;0;0;1;1;2;-26,16857105;-49,81820938;"SR-SC";"DEL8/6";"UOP01/SC"
260621;2020-01-03;"sexta-feira";"15:10:00";"SP";153;58,4;"SAO JOSE DO RIO PRETO";"Desobediência às normas de trânsito pelo condutor";"Colisão traseira";"Com Vítimas Feridas";"Pleno dia";"Crescente";"Nublado";"Simples";"Não Informado";"Sim";3;0;0;1;1;1;1;2;-20,77838195;-49,35300538;"SR-SP";"DEL6/9";"UOP01/SP"
260622;2020-01-03;"sexta-feira";"13:20:00";"PR";163;158;"LINDOESTE";"Defeito Mecânico no Veículo";"Saída de leito carroçável";"Com Vítimas Feridas";"Pleno dia";"Crescente";"Nublado";"Simples";"Reta";"Não";1;0;1;0;0;0;1;1;-25,35274977;-53,58271385;"SR-PR";"DEL7/4";"UOP06/PR"
260623;2020-01-03;"sexta-feira";"13:20:00";"MS";163;271,7;"DOURADOS";"Defeito Mecânico no Veículo";"Tombamento";"Com Vítimas Feridas";"Pleno dia";"Decrescente";"Céu Claro";"Dupla";"Não Informado";"Sim";2;0;2;0;0;0;2;1;-22,18945458;-54,68550733;"SR-MS";"DEL3/4";"UOP01/MS"
260624;2020-01-03;"sexta-feira";"15:30:00";"SC";101;230,2;"PALHOCA";"Fenômenos da Natureza";"Queda de ocupante de veículo";"Com Vítimas Feridas";"Pleno dia";"Decrescente";"Céu Claro";"Dupla";"Reta";"Não";1;0;1;0;0;0;1;1;-27,77781898;-48,63489608;"SR-SC";"DEL8/1";"UOP02/SC"
260627;2020-01-03;"sexta-feira";"15:25:00";"PR";376;339;"ORTIGUEIRA";"Pista Escorregadia";"Colisão lateral";"Com Vítimas Feridas";"Pleno dia";"Decrescente";"Chuva";"Simples";"Curva";"Não";3;0;0;2;1;0;2;2;-24,14014023;-51,00552499;"SR-PR";"DEL7/7";"UOP02/PR"
260628;2020-01-03;"sexta-feira";"16:10:00";"SC";101;210;"SAO JOSE";"Falta de Atenção à Condução";"Colisão traseira";"Com Vítimas Feridas";"Pleno dia";"Decrescente";"Céu Claro";"Dupla";"Reta";"Sim";2;0;0;1;1;0;1;2;-27,6167305;-48,6457265;"SR-SC";"DEL8/1";"UOP01/SC"
260629;2020-01-03;"sexta-feira";"16:00:00";"ES";101;201;"JOAO NEIVA";"Pista Escorregadia";"Queda de ocupante de veículo";"Com Vítimas Feridas";"Pleno dia";"Crescente";"Nublado";"Simples";"Curva";"Não";2;0;2;0;0;0;2;1;-19,73362414;-40,36120476;"SR-ES";"DEL12/4";"UOP01/ES"
260631;2020-01-03;"sexta-feira";"14:00:00";"MG";251;472,1;"FRANCISCO SA";"Não guardar distância de segurança";"Colisão traseira";"Com Vítimas Feridas";"Pleno dia";"Crescente";"Chuva";"Simples";"Reta";"Não";3;0;2;0;1;0;2;2;-16,4669101;-43,43947986;"SR-MG";"DEL4/12";"UOP01/MG"
260632;2020-01-03;"sexta-feira";"16:30:00";"SP";381;38,1;"ATIBAIA";"Velocidade Incompatível";"Tombamento";"Com Vítimas Feridas";"Pleno dia";"Crescente";"Céu Claro";"Simples";"Curva";"Não";1;0;1;0;0;0;1;1;-23,1133221;-46,57174974;"SR-SP";"DEL6/3";"UOP02/SP"
260633;2020-01-03;"sexta-feira";"12:50:00";"PR";153;51,2;"SANTO ANTONIO DA PLATINA";"Mal Súbito";"Colisão frontal";"Com Vítimas Fatais";"Pleno dia";"Crescente";"Céu Claro";"Simples";"Reta";"Não";10;5;1;0;0;4;1;2;-23,37806597;-50,06216712;"SR-PR";"DEL7/7";"UOP07/PR"
260634;2020-01-03;"sexta-feira";"16:35:00";"MG";381;529,5;"BRUMADINHO";"Velocidade Incompatível";"Colisão traseira";"Com Vítimas Feridas";"Pleno dia";"Decrescente";"Nublado";"Dupla";"Curva";"Não";5;0;1;0;4;0;1;3;-20,16619722;-44,36914378;"SR-MG";"DEL4/4";"UOP03/MG"
260635;2020-01-03;"sexta-feira";"16:40:00";"GO";153;496;"GOIANIA";"Falta de Atenção à Condução";"Colisão traseira";"Com Vítimas Feridas";"Pleno dia";"Crescente";"Céu Claro";"Dupla";"Reta";"Sim";2;0;1;0;1;0;1;2;-16,6776;-49,2314;"SR-GO";"DEL1/1";"UOP01/GO"
260636;2020-01-03;"sexta-feira";"17:10:00";"MG";381;342;"BELA VISTA DE MINAS";"Velocidade Incompatível";"Colisão frontal";"Com Vítimas Feridas";"Pleno dia";"Crescente";"Garoa/Chuvisco";"Simples";"Curva";"Não";5;0;5;0;0;0;5;2;-19,84962291;-43,10954212;"SR-MG";"DEL4/3";"UOP01/MG"
260637;2020-01-03;"sexta-feira";"13:00:00";"BA";101;561;"ARATACA";"Velocidade Incompatível";"Saída de leito carroçável";"Com Vítimas Feridas";"Pleno dia";"Decrescente";"Nublado";"Simples";"Curva";"Não";3;0;3;0;0;0;3;1;-15,36227805;-39,49889917;"SR-BA";"DEL10/5";"UOP02/BA"
260639;2020-01-03;"sexta-feira";"14:30:00";"MS";163;497,8;"CAMPO GRANDE";"Falta de Atenção à Condução";"Colisão frontal";"Com Vítimas Feridas";"Pleno dia";"Decrescente";"Céu Claro";"Simples";"Reta";"Não";3;0;0;1;2;0;1;2;-20,343377;-54,518468;"SR-MS";"DEL3/1";"UOP02/MS"
260640;2020-01-03;"sexta-feira";"17:15:00";"SP";116;326,1;"JUQUITIBA";"Velocidade Incompatível";"Colisão traseira";"Com Vítimas Feridas";"Pleno dia";"Decrescente";"Chuva";"Dupla";"Curva";"Sim";5;0;2;0;3;0;2;2;-23,93901304;-47,06241203;"SR-SP";"DEL6/4";"UOP01/SP"
260641;2020-01-03;"sexta-feira";"16:00:00";"BA";135;16;"FORMOSA DO RIO PRETO";"Falta de Atenção à Condução";"Colisão frontal";"Com Vítimas Feridas";"Pleno dia";"Crescente";"Céu Claro";"Simples";"Não Informado";"Não";4;0;4;0;0;0;4;2;-10,96521816;-45,19590458;"SR-BA";"DEL10/10";"UOP01/BA"
260642;2020-01-03;"sexta-feira";"14:30:00";"PI";135;134;"BERTOLINIA";"Falta de Atenção à Condução";"Colisão lateral";"Com Vítimas Feridas";"Pleno dia";"Crescente";"Nublado";"Simples";"Reta";"Não";5;0;2;0;3;0;2;2;-7,69825093;-43,89945795;"SR-PI";"DEL17/3";"UOP01/PI"
260644;2020-01-03;"sexta-feira";"11:15:00";"RJ";40;36;"AREAL";"Velocidade Incompatível";"Colisão com objeto estático";"Com Vítimas Feridas";"Pleno dia";"Decrescente";"Céu Claro";"Dupla";"Curva";"Não";2;0;1;0;1;0;1;1;-22,21347045;-43,13334346;"SR-RJ";"DEL5/6";"UOP01/RJ"
260646;2020-01-03;"sexta-feira";"16:40:00";"MG";40;510,1;"RIBEIRAO DAS NEVES";"Velocidade Incompatível";"Saída de leito carroçável";"Com Vítimas Feridas";"Pleno dia";"Decrescente";"Céu Claro";"Dupla";"Não Informado";"Sim";2;0;0;2;0;0;2;1;-19,77463885;-44,12321882;"SR-MG";"DEL4/1";"UOP02/MG"
260647;2020-01-03;"sexta-feira";"17:40:00";"GO";153;500,9;"GOIANIA";"Avarias e/ou desgaste excessivo no pneu";"Queda de ocupante de veículo";"Com Vítimas Feridas";"Pleno dia";"Decrescente";"Nublado";"Dupla";"Reta";"Não";2;0;0;2;0;0;2;1;-16,7118;-49,2324;"SR-GO";"DEL1/1";"UOP01/GO"
260648;2020-01-03;"sexta-feira";"16:10:00";"MG";116;766,7;"LEOPOLDINA";"Falta de Atenção à Condução";"Colisão transversal";"Com Vítimas Feridas";"Pleno dia";"Crescente";"Nublado";"Simples";"Reta";"Sim";3;0;1;1;1;0;2;2;-21,5271992;-42,65302264;"SR-MG";"DEL4/7";"UOP01/MG"
260649;2020-01-03;"sexta-feira";"16:30:00";"SP";116;71,9;"APARECIDA";"Pista Escorregadia";"Tombamento";"Com Vítimas Feridas";"Pleno dia";"Crescente";"Chuva";"Dupla";"Reta";"Não";2;0;2;0;0;0;2;1;-22,85651665;-45,23114328;"SR-SP";"DEL6/8";"UOP02/SP"
260650;2020-01-03;"sexta-feira";"18:00:00";"GO";50;161;"CAMPO ALEGRE DE GOIAS";"Ingestão de Álcool";"Saída de leito carroçável";"Com Vítimas Feridas";"Pleno dia";"Decrescente";"Céu Claro";"Dupla";"Reta";"Não";1;0;1;0;0;0;1;1;-17,263;-47,7694;"SR-GO";"DEL1/6";"UOP01/GO"
260651;2020-01-03;"sexta-feira";"18:00:00";"PR";277;657,6;"MATELANDIA";"Falta de Atenção à Condução";"Colisão com objeto estático";"Com Vítimas Feridas";"Pleno dia";"Decrescente";"Céu Claro";"Dupla";"Não Informado";"Sim";1;0;1;0;0;0;1;1;-25,235255;-53,964467;"SR-PR";"DEL7/5";"UOP02/PR"
260652;2020-01-03;"sexta-feira";"17:30:00";"BA";101;0,3;"RIO REAL";"Velocidade Incompatível";"Colisão frontal";"Com Vítimas Fatais";"Anoitecer";"Crescente";"Nublado";"Simples";"Reta";"Não";3;1;0;1;0;1;1;3;-11,539233;-37,857036;"SR-SE";"DEL20/2";"UOP03/SE"
260653;2020-01-03;"sexta-feira";"17:00:00";"SC";101;107,8;"PENHA";"Defeito Mecânico no Veículo";"Tombamento";"Com Vítimas Feridas";"Pleno dia";"Decrescente";"Céu Claro";"Dupla";"Reta";"Sim";2;0;2;0;0;0;2;1;-26,81930608;-48,68390282;"SR-SC";"DEL8/3";"UOP02/SC"
260655;2020-01-03;"sexta-feira";"18:20:00";"PR";369;139,5;"IBIPORA";"Ingestão de Álcool";"Engavetamento";"Com Vítimas Feridas";"Anoitecer";"Decrescente";"Chuva";"Simples";"Reta";"Sim";3;0;1;0;2;0;1;3;-23,27721527;-51,06350899;"SR-PR";"DEL7/7";"UOP01/PR"
260656;2020-01-03;"sexta-feira";"18:15:00";"SC";101;203,8;"SAO JOSE";"Desobediência às normas de trânsito pelo condutor";"Colisão traseira";"Com Vítimas Feridas";"Pleno dia";"Decrescente";"Chuva";"Dupla";"Reta";"Sim";2;0;1;0;1;0;1;2;-27,5650044;-48,61460082;"SR-SC";"DEL8/1";"UOP01/SC"
260657;2020-01-03;"sexta-feira";"18:30:00";"SC";101;117;"ITAJAI";"Falta de Atenção à Condução";"Colisão traseira";"Com Vítimas Feridas";"Anoitecer";"Crescente";"Nublado";"Dupla";"Reta";"Não";3;0;1;1;1;0;2;2;-26,88747187;-48,72252969;"SR-SC";"DEL8/4";"UOP04/SC"
260658;2020-01-03;"sexta-feira";"17:00:00";"MT";163;385,8;"VARZEA GRANDE";"Falta de Atenção à Condução";"Colisão com objeto estático";"Com Vítimas Feridas";"Pleno dia";"Crescente";"Nublado";"Simples";"Reta";"Não";1;0;1;0;0;0;1;1;-15,4863477;-56,28614544;"SR-MT";"DEL2/4";"UOP02/MT"
260659;2020-01-03;"sexta-feira";"18:10:00";"SC";101;125;"ITAJAI";"Falta de Atenção à Condução";"Colisão lateral";"Com Vítimas Feridas";"Pleno dia";"Crescente";"Céu Claro";"Dupla";"Reta";"Não";2;0;1;0;1;0;1;2;-26,94802427;-48,68338515;"SR-SC";"DEL8/4";"UOP04/SC"
260661;2020-01-03;"sexta-feira";"17:00:00";"MG";40;621;"CONSELHEIRO LAFAIETE";"Defeito Mecânico no Veículo";"Saída de leito carroçável";"Com Vítimas Feridas";"Pleno dia";"Crescente";"Chuva";"Simples";"Reta";"Não";2;0;1;1;0;0;2;1;-20,58556107;-43,80743334;"SR-MG";"DEL5";"UOP02/MG"
260662;2020-01-03;"sexta-feira";"14:00:00";"PI";316;280;"DOM EXPEDITO LOPES";"Objeto estático sobre o leito carroçável";"Saída de leito carroçável";"Com Vítimas Feridas";"Pleno dia";"Crescente";"Céu Claro";"Simples";"Reta";"Não";3;0;1;0;2;0;1;1;-6,96041319;-41,68908731;"SR-PI";"DEL17/4";"UOP01/PI"
260663;2020-01-03;"sexta-feira";"19:00:00";"MG";381;486;"BETIM";"Velocidade Incompatível";"Colisão com objeto estático";"Com Vítimas Feridas";"Pleno dia";"Decrescente";"Céu Claro";"Dupla";"Curva";"Sim";1;0;0;1;0;0;1;1;-19,9559336;-44,1113627;"SR-MG";"DEL4/1";"UOP03/MG"
260665;2020-01-03;"sexta-feira";"19:20:00";"PE";101;9,8;"GOIANA";"Falta de Atenção do Pedestre";"Capotamento";"Sem Vítimas";"Plena Noite";"Decrescente";"Céu Claro";"Dupla";"Reta";"Não";1;0;0;0;0;1;0;1;-7,57788903;-34,98847822;"SR-PE";"DEL11/1";"UOP02/PE"
260666;2020-01-03;"sexta-feira";"15:30:00";"MT";163;575,8;"NOVA MUTUM";"Ultrapassagem Indevida";"Saída de leito carroçável";"Com Vítimas Feridas";"Pleno dia";"Decrescente";"Chuva";"Simples";"Reta";"Não";3;0;1;0;2;0;1;1;-14,12489326;-56,11610543;"SR-MT";"DEL2/4";"UOP01/MT"
260667;2020-01-03;"sexta-feira";"19:50:00";"PR";376;124;"ALTO PARANA";"Falta de Atenção à Condução";"Colisão com objeto estático";"Com Vítimas Feridas";"Plena Noite";"Decrescente";"Chuva";"Dupla";"Reta";"Não";4;0;0;1;3;0;1;1;-23,14400328;-52,2818582;"SR-PR";"DEL7/7";"UOP05/PR"
260668;2020-01-03;"sexta-feira";"18:30:00";"AL";316;209,9;"MARIBONDO";"Falta de Atenção à Condução";"Saída de leito carroçável";"Com Vítimas Feridas";"Plena Noite";"Crescente";"Céu Claro";"Simples";"Reta";"Não";2;0;2;0;0;0;2;1;-9,54888383;-36,25620605;"SR-AL";"DEL13/1";"UOP01/AL"
260669;2020-01-03;"sexta-feira";"19:45:00";"SC";282;16;"PALHOCA";"Falta de Atenção à Condução";"Colisão transversal";"Com Vítimas Feridas";"Plena Noite";"Crescente";"Chuva";"Simples";"Reta";"Sim";3;0;1;0;2;0;1;2;-27,658611;-48,681847;"SR-SC";"DEL8/1";"UOP02/SC"
260670;2020-01-03;"sexta-feira";"12:00:00";"RJ";116;6,3;"SAPUCAIA";"Defeito Mecânico no Veículo";"Colisão transversal";"Com Vítimas Feridas";"Pleno dia";"Decrescente";"Chuva";"Simples";"Curva";"Não";3;0;1;0;2;0;1;2;-21,90897631;-42,69105244;"SR-RJ";"DEL5/4";"UOP01/RJ"
260672;2020-01-03;"sexta-feira";"18:35:00";"RO";174;15;"VILHENA";"Restrição de Visibilidade";"Colisão transversal";"Com Vítimas Feridas";"Anoitecer";"Decrescente";"Chuva";"Simples";"Reta";"Sim";2;0;1;0;1;0;1;2;-12,723321;-60,12801;"SR-RO";"DEL21/4";"UOP01/RO"
260673;2020-01-03;"sexta-feira";"18:20:00";"RN";304;299;"MACAIBA";"Defeito na Via";"Queda de ocupante de veículo";"Com Vítimas Feridas";"Plena Noite";"Crescente";"Céu Claro";"Dupla";"Reta";"Não";1;0;1;0;0;0;1;1;-5,87095859;-35,32359587;"SR-RN";"DEL15/1";"UOP02/RN"
260674;2020-01-03;"sexta-feira";"20:00:00";"PR";476;140;"CURITIBA";"Defeito Mecânico no Veículo";"Queda de ocupante de veículo";"Com Vítimas Feridas";"Plena Noite";"Decrescente";"Nublado";"Múltipla";"Reta";"Sim";2;0;2;0;0;0;2;1;-25,520693;-49,294121;"SR-PR";"DEL7/1";"UOP03/PR"
260675;2020-01-03;"sexta-feira";"18:30:00";"SC";101;339,2;"TUBARAO";"Falta de Atenção à Condução";"Engavetamento";"Com Vítimas Feridas";"Anoitecer";"Decrescente";"Chuva";"Dupla";"Desvio Temporário";"Sim";10;0;7;0;3;0;7;6;-28,50703917;-49,04947737;"SR-SC";"DEL8/2";"UOP01/SC"
260677;2020-01-03;"sexta-feira";"20:25:00";"PR";376;3,8;"APUCARANA";"Desobediência às normas de trânsito pelo pedestre";"Atropelamento de Pedestre";"Com Vítimas Fatais";"Plena Noite";"Decrescente";"Chuva";"Dupla";"Reta";"Sim";7;1;0;0;4;2;0;3;-23,557347;-51,442053;"SR-PR";"DEL7/7";"UOP03/PR"
260678;2020-01-03;"sexta-feira";"18:15:00";"CE";222;310,2;"TIANGUA";"Falta de Atenção à Condução";"Colisão transversal";"Com Vítimas Feridas";"Plena Noite";"Decrescente";"Chuva";"Simples";"Interseção de vias";"Sim";2;0;1;0;1;0;1;2;-3,70670595;-40,97707006;"SR-CE";"DEL16/4";"UOP02/CE"
260679;2020-01-03;"sexta-feira";"19:20:00";"ES";482;106,5;"GUACUI";"Velocidade Incompatível";"Colisão transversal";"Com Vítimas Feridas";"Plena Noite";"Crescente";"Chuva";"Simples";"Reta";"Sim";2;0;1;0;1;0;1;2;-20,7749648;-41,67600002;"SR-ES";"DEL12/3";"UOP02/ES"
260680;2020-01-03;"sexta-feira";"18:00:00";"MG";381;673,3;"PERDOES";"Velocidade Incompatível";"Saída de leito carroçável";"Com Vítimas Feridas";"Anoitecer";"Crescente";"Chuva";"Dupla";"Curva";"Não";4;0;2;0;2;0;2;1;-21,09966091;-45,08510908;"SR-MG";"DEL4/4";"UOP02/MG"
260681;2020-01-03;"sexta-feira";"19:54:00";"RO";319;59,9;"PORTO VELHO";"Desobediência às normas de trânsito pelo condutor";"Colisão transversal";"Com Vítimas Feridas";"Plena Noite";"Decrescente";"Nublado";"Dupla";"Interseção de vias";"Sim";2;0;2;0;0;0;2;2;-8,74250565;-63,90262496;"SR-RO";"DEL21/1";"UOP01/RO"
260682;2020-01-03;"sexta-feira";"19:25:00";"SC";101;228,9;"PALHOCA";"Velocidade Incompatível";"Colisão com objeto estático";"Com Vítimas Feridas";"Plena Noite";"Decrescente";"Chuva";"Dupla";"Reta";"Não";1;0;1;0;0;0;1;1;-27,7597249;-48,63078869;"SR-SC";"DEL8/1";"UOP02/SC"
260683;2020-01-03;"sexta-feira";"21:20:00";"BA";235;347,8;"JUAZEIRO";"Animais na Pista";"Atropelamento de Animal";"Com Vítimas Feridas";"Plena Noite";"Crescente";"Céu Claro";"Simples";"Reta";"Sim";1;0;0;1;0;0;1;1;-9,44825774;-40,48922661;"SR-PE";"DEL11/6";"UOP01/PE"
260684;2020-01-03;"sexta-feira";"20:30:00";"MA";316;579,6;"CAXIAS";"Falta de Atenção à Condução";"Colisão transversal";"Com Vítimas Feridas";"Plena Noite";"Crescente";"Chuva";"Simples";"Reta";"Não";3;0;1;1;1;0;2;2;-4,957611;-43,128502;"SR-MA";"DEL18/3";"UOP02/MA"
260685;2020-01-03;"sexta-feira";"21:25:00";"PI";316;22,3;"TERESINA";"Animais na Pista";"Atropelamento de Animal";"Com Vítimas Feridas";"Plena Noite";"Decrescente";"Céu Claro";"Simples";"Reta";"Não";1;0;1;0;0;0;1;1;-5,27552796;-42,72607975;"SR-PI";"DEL17/1";"UOP02/PI"
260686;2020-01-03;"sexta-feira";"20:50:00";"RJ";101;86;"CAMPOS DOS GOYTACAZES";"Velocidade Incompatível";"Saída de leito carroçável";"Sem Vítimas";"Plena Noite";"Decrescente";"Chuva";"Dupla";"Curva";"Não";2;0;0;0;2;0;0;1;-21,82667291;-41,48736902;"SR-RJ";"DEL5/8";"UOP02/RJ"
260687;2020-01-03;"sexta-feira";"21:30:00";"SP";101;46;"UBATUBA";"Ingestão de Álcool";"Colisão frontal";"Com Vítimas Feridas";"Plena Noite";"Decrescente";"Céu Claro";"Simples";"Reta";"Não";4;0;0;1;1;2;1;2;-23,42546837;-45,07701159;"SR-SP";"DEL6";"UOP03/SP"
260688;2020-01-03;"sexta-feira";"21:40:00";"RN";101;83,2;"SAO GONCALO DO AMARANTE";"Falta de Atenção à Condução";"Atropelamento de Pedestre";"Com Vítimas Feridas";"Plena Noite";"Crescente";"Céu Claro";"Dupla";"Reta";"Sim";2;0;1;0;0;1;1;1;-5,7710445;-35,26616981;"SR-RN";"DEL15/2";"UOP01/RN"
260689;2020-01-03;"sexta-feira";"22:10:00";"PR";277;80;"CURITIBA";"Falta de Atenção à Condução";"Atropelamento de Animal";"Com Vítimas Feridas";"Plena Noite";"Decrescente";"Nublado";"Dupla";"Reta";"Não";1;0;1;0;0;0;1;1;-25,568939;-49,181978;"SR-PR";"DEL7/1";"UOP04/PR"
260690;2020-01-03;"sexta-feira";"17:15:00";"RJ";40;4,5;"COMENDADOR LEVY GASPARIAN";"Pista Escorregadia";"Saída de leito carroçável";"Com Vítimas Feridas";"Plena Noite";"Decrescente";"Garoa/Chuvisco";"Dupla";"Curva";"Não";4;0;3;0;1;0;3;1;-22,01337537;-43,23594846;"SR-RJ";"DEL5/6";"UOP01/RJ"
260691;2020-01-02;"quinta-feira";"22:00:00";"BA";235;60;"JEREMOABO";"Velocidade Incompatível";"Saída de leito carroçável";"Sem Vítimas";"Plena Noite";"Crescente";"Céu Claro";"Simples";"Curva";"Não";2;0;0;0;0;2;0;2;-10,08929173;-38,18273974;"SR-SE";"DEL20/1";"UOP02/SE"
260692;2020-01-03;"sexta-feira";"20:00:00";"MT";364;258,5;"JUSCIMEIRA";"Falta de Atenção à Condução";"Colisão transversal";"Com Vítimas Feridas";"Plena Noite";"Decrescente";"Céu Claro";"Múltipla";"Reta";"Sim";2;0;1;0;1;0;1;2;-16,056505;-54,88351;"SR-MT";"DEL2/1";"UOP02/MT"
260693;2020-01-03;"sexta-feira";"21:30:00";"GO";50;280,3;"CATALAO";"Falta de Atenção à Condução";"Colisão transversal";"Com Vítimas Feridas";"Plena Noite";"Decrescente";"Céu Claro";"Simples";"Interseção de vias";"Sim";2;0;1;0;0;1;1;2;-18,18053259;-47,93921828;"SR-GO";"DEL1/6";"UOP01/GO"
260694;2020-01-03;"sexta-feira";"20:00:00";"BA";242;490;"OLIVEIRA DOS BREJINHOS";"Falta de Atenção à Condução";"Colisão com objeto em movimento";"Com Vítimas Feridas";"Plena Noite";"Crescente";"Nublado";"Simples";"Reta";"Não";3;0;1;0;2;0;1;2;-12,40813704;-42,37388109;"SR-BA";"DEL10/6";"UOP01/BA"