"id";"data_inversa";"dia_semana";"horario";"uf";"br";"km";"municipio";"causa_acidente";"tipo_acidente";"classificacao_acidente";"fase_dia";"sentido_via";"condicao_metereologica";"tipo_pista";"tracado_via";"uso_solo";"pessoas";"mortos";"feridos_leves";"feridos_graves";"ilesos";"ignorados";"feridos";"veiculos";"latitude";"longitude";"regional";"delegacia";"uop"
260790;2020-01-04;"sábado";"12:30:00";"MG";116;717,6;"MURIAE";"Avarias e/ou desgaste excessivo no pneu";"Colisão frontal";"Com Vítimas Fatais";"Pleno dia";"Crescente";"Chuva";"Simples";"Não Informado";"Não";5;1;1;3;0;0;4;2;-21,21015931;-42,38982439;"SR-MG";"DEL4/7";"UOP02/MG"
260791;2020-01-04;"sábado";"12:20:00";"PE";101;45;"ABREU E LIMA";"Desobediência às normas de trânsito pelo condutor";"Colisão lateral";"Com Vítimas Feridas";"Pleno dia";"Decrescente";"Sol";"Múltipla";"Reta";"Sim";2;0;1;0;1;0;1;2;-7,86521297;-34,90715176;"SR-PE";"DEL11/1";"UOP02/PE"
260792;2020-01-04;"sábado";"10:40:00";"SP";116;326,2;"JUQUITIBA";"Falta de Atenção à Condução";"Saída de leito carroçável";"Com Vítimas Feridas";"Pleno dia";"Decrescente";"Garoa/Chuvisco";"Dupla";"Curva";"Sim";3;0;1;0;2;0;1;1;-23,93901304;-47,06241203;"SR-SP";"DEL6/4";"UOP01/SP"
260793;2020-01-04;"sábado";"12:45:00";"SP";101;50,8;"UBATUBA";"Falta de Atenção à Condução";"Colisão transversal";"Com Vítimas Feridas";"Pleno dia";"Decrescente";"Nublado";"Simples";"Reta";"Sim";2;0;2;0;0;0;2;2;-23,45883716;-45,06844997;"SR-SP";"DEL6";"UOP03/SP"
260795;2020-01-04;"sábado";"13:05:00";"PR";376;181;"MARINGA";"Desobediência às normas de trânsito pelo condutor";"Colisão transversal";"Sem Vítimas";"Pleno dia";"Crescente";"Céu Claro";"Simples";"Rotatória";"Sim";2;0;0;0;2;0;0;2;-23,43197477;-51,88671852;"SR-PR";"DEL7/7";"UOP04/PR"
260796;2020-01-04;"sábado";"10:00:00";"SC";282;221,8;"LAGES";"Ultrapassagem Indevida";"Colisão frontal";"Com Vítimas Feridas";"Pleno dia";"Decrescente";"Céu Claro";"Simples";"Desvio Temporário";"Não";4;0;2;1;1;0;3;2;-27,796358;-50,343426;"SR-SC";"DEL8/5";"UOP01/SC"
260797;2020-01-04;"sábado";"12:30:00";"MG";365;18;"MONTES CLAROS";"Pista Escorregadia";"Colisão traseira";"Com Vítimas Feridas";"Pleno dia";"Decrescente";"Chuva";"Simples";"Não Informado";"Não";1;0;1;0;0;0;1;1;-16,87824584;-44,00270102;"SR-MG";"DEL4/12";"UOP01/MG"
260798;2020-01-04;"sábado";"12:40:00";"MG";381;935,9;"EXTREMA";"Velocidade Incompatível";"Saída de leito carroçável";"Com Vítimas Feridas";"Pleno dia";"Crescente";"Chuva";"Dupla";"Curva";"Não";1;0;1;0;0;0;1;1;-22,80635416;-46,27569904;"SR-MG";"DEL09";"UOP03/MG"
260799;2020-01-04;"sábado";"10:40:00";"MA";222;649,2;"ACAILANDIA";"Ultrapassagem Indevida";"Colisão frontal";"Com Vítimas Feridas";"Pleno dia";"Crescente";"Chuva";"Simples";"Reta";"Não";3;0;1;1;1;0;2;2;-4,82416392;-47,26334405;"SR-MA";"DEL18/4";"UOP03/MA"
260800;2020-01-04;"sábado";"12:00:00";"PB";230;10,2;"CABEDELO";"Condutor Dormindo";"Colisão transversal";"Com Vítimas Feridas";"Pleno dia";"Decrescente";"Sol";"Dupla";"Reta";"Sim";1;0;1;0;0;0;1;1;-7,0514;-34,8499;"SR-PB";"DEL14/1";"UOP01/PB"
260801;2020-01-04;"sábado";"08:30:00";"PE";101;83,3;"JABOATAO DOS GUARARAPES";"Mal Súbito";"Saída de leito carroçável";"Com Vítimas Feridas";"Pleno dia";"Decrescente";"Céu Claro";"Dupla";"Não Informado";"Sim";2;0;2;0;0;0;2;1;-8,175172;-34,942642;"SR-PE";"DEL11/1";"UOP03/PE"
260802;2020-01-04;"sábado";"11:30:00";"MG";262;364;"BETIM";"Velocidade Incompatível";"Saída de leito carroçável";"Sem Vítimas";"Pleno dia";"Crescente";"Céu Claro";"Dupla";"Reta";"Sim";1;0;0;0;0;1;0;1;-19,98290644;-44,24492623;"SR-MG";"DEL4/1";"UOP03/MG"
260803;2020-01-04;"sábado";"13:30:00";"RS";116;247,6;"SAO LEOPOLDO";"Desobediência às normas de trânsito pelo condutor";"Colisão transversal";"Com Vítimas Feridas";"Pleno dia";"Crescente";"Céu Claro";"Dupla";"Interseção de vias";"Sim";2;0;1;0;1;0;1;2;-29,76733091;-51,1535296;"SR-RS";"DEL9/1";"UOP02/RS"
260804;2020-01-04;"sábado";"12:50:00";"GO";80;150;"SANTA RITA DO NOVO DESTINO";"Velocidade Incompatível";"Saída de leito carroçável";"Com Vítimas Feridas";"Pleno dia";"Decrescente";"Garoa/Chuvisco";"Simples";"Reta";"Não";2;0;0;1;1;0;1;1;-14,87031868;-49,00835216;"SR-GO";"DEL1/7";"UOP01/GO"
260805;2020-01-04;"sábado";"13:00:00";"GO";153;628,5;"MORRINHOS";"Velocidade Incompatível";"Saída de leito carroçável";"Com Vítimas Feridas";"Pleno dia";"Crescente";"Nublado";"Dupla";"Curva";"Não";2;0;1;0;1;0;1;1;-17,7843;-49,1865;"SR-GO";"DEL1/3";"UOP01/GO"
260806;2020-01-04;"sábado";"13:50:00";"PR";277;345,9;"GUARAPUAVA";"Falta de Atenção à Condução";"Colisão traseira";"Com Vítimas Feridas";"Pleno dia";"Crescente";"Sol";"Simples";"Rotatória";"Sim";3;0;2;0;1;0;2;2;-25,36737229;-51,49354219;"SR-PR";"DEL7/3";"UOP02/PR"
260807;2020-01-04;"sábado";"10:30:00";"SC";280;19;"ARAQUARI";"Falta de Atenção do Pedestre";"Colisão traseira";"Com Vítimas Feridas";"Pleno dia";"Crescente";"Chuva";"Simples";"Curva";"Não";2;0;0;1;1;0;1;2;-26,3693676;-48,67221803;"SR-SC";"DEL8/3";"UOP03/SC"
260809;2020-01-04;"sábado";"10:05:00";"MG";116;759,1;"LEOPOLDINA";"Falta de Atenção à Condução";"Saída de leito carroçável";"Com Vítimas Feridas";"Pleno dia";"Decrescente";"Nublado";"Simples";"Curva";"Sim";3;0;2;1;0;0;3;1;-21,50589297;-42,60923908;"SR-MG";"DEL4/7";"UOP01/MG"
260810;2020-01-04;"sábado";"14:30:00";"ES";262;120;"CONCEICAO DO CASTELO";"Falta de Atenção à Condução";"Colisão lateral";"Com Vítimas Feridas";"Pleno dia";"Crescente";"Nublado";"Simples";"Não Informado";"Não";4;0;2;0;2;0;2;2;-20,300399;-41,23049498;"SR-ES";"DEL12/1";"UOP02/ES"
260811;2020-01-04;"sábado";"14:00:00";"PR";376;552;"BALSA NOVA";"Falta de Atenção à Condução";"Saída de leito carroçável";"Sem Vítimas";"Pleno dia";"Crescente";"Garoa/Chuvisco";"Dupla";"Curva";"Não";3;0;0;0;3;0;0;1;-25,47128747;-49,69156188;"SR-PR";"DEL7/1";"UOP05/PR"
260812;2020-01-04;"sábado";"10:25:00";"MG";116;411;"GOVERNADOR VALADARES";"Falta de Atenção do Pedestre";"Atropelamento de Pedestre";"Com Vítimas Feridas";"Pleno dia";"Decrescente";"Nublado";"Múltipla";"Reta";"Sim";3;0;0;2;0;1;2;1;-18,86244705;-41,97405237;"SR-MG";"DEL4/6";"UOP01/MG"
260813;2020-01-04;"sábado";"11:39:00";"PB";230;16;"JOAO PESSOA";"Pista Escorregadia";"Tombamento";"Com Vítimas Feridas";"Pleno dia";"Decrescente";"Sol";"Dupla";"Não Informado";"Sim";1;0;1;0;0;0;1;1;-7,1039;-34,8458;"SR-PB";"DEL14/1";"UOP01/PB"
260814;2020-01-04;"sábado";"07:50:00";"SC";101;70;"ARAQUARI";"Falta de Atenção à Condução";"Queda de ocupante de veículo";"Com Vítimas Feridas";"Amanhecer";"Decrescente";"Chuva";"Múltipla";"Reta";"Não";1;0;1;0;0;0;1;1;-26,51082007;-48,72345612;"SR-SC";"DEL8/3";"UOP02/SC"
260815;2020-01-04;"sábado";"14:30:00";"RS";290;66,5;"GRAVATAI";"Falta de Atenção à Condução";"Saída de leito carroçável";"Com Vítimas Feridas";"Pleno dia";"Crescente";"Céu Claro";"Múltipla";"Reta";"Não";1;0;1;0;0;0;1;1;-29,942627;-50,915585;"SR-RS";"DEL9/3";"UOP01/RS"
260816;2020-01-04;"sábado";"15:00:00";"ES";101;266;"SERRA";"Falta de Atenção à Condução";"Colisão lateral";"Com Vítimas Feridas";"Pleno dia";"Crescente";"Céu Claro";"Múltipla";"Reta";"Sim";3;0;1;1;1;0;2;2;-20,190199;-40,26828891;"SR-ES";"DEL12/2";"UOP01/ES"
260817;2020-01-04;"sábado";"15:00:00";"MG";251;465,2;"GRAO MOGOL";"Não guardar distância de segurança";"Colisão traseira";"Com Vítimas Fatais";"Pleno dia";"Crescente";"Chuva";"Simples";"Não Informado";"Não";54;2;8;0;44;0;8;3;-16,45710399;-43,40386502;"SR-MG";"DEL4/12";"UOP01/MG"
260818;2020-01-04;"sábado";"14:50:00";"SP";101;40;"UBATUBA";"Falta de Atenção à Condução";"Colisão transversal";"Com Vítimas Feridas";"Pleno dia";"Decrescente";"Nublado";"Simples";"Retorno Regulamentado";"Não";3;0;2;0;1;0;2;2;-23,41495528;-45,03516778;"SR-SP";"DEL6";"UOP03/SP"
260819;2020-01-04;"sábado";"15:10:00";"RS";116;164,9;"CAXIAS DO SUL";"Desobediência às normas de trânsito pelo condutor";"Colisão com objeto estático";"Com Vítimas Feridas";"Pleno dia";"Crescente";"Chuva";"Dupla";"Curva";"Não";2;0;1;0;1;0;1;1;-29,26344857;-51,16113999;"SR-RS";"DEL9/5";"UOP02/RS"
260820;2020-01-04;"sábado";"11:00:00";"PE";101;192,5;"PALMARES";"Falta de Atenção à Condução";"Colisão traseira";"Com Vítimas Feridas";"Pleno dia";"Crescente";"Céu Claro";"Dupla";"Curva";"Não";2;0;1;0;1;0;1;2;-8,71282291;-35,60955915;"SR-PE";"DEL11/1";"UOP03/PE"
260822;2020-01-04;"sábado";"07:00:00";"SC";282;64,2;"RANCHO QUEIMADO";"Velocidade Incompatível";"Colisão transversal";"Com Vítimas Fatais";"Pleno dia";"Decrescente";"Chuva";"Simples";"Curva";"Não";3;1;1;0;1;0;1;2;-27,6971322;-49,05502796;"SR-SC";"DEL8/1";"UOP03/SC"
260823;2020-01-04;"sábado";"15:00:00";"RJ";40;119;"DUQUE DE CAXIAS";"Agressão Externa";"Colisão traseira";"Sem Vítimas";"Pleno dia";"Decrescente";"Nublado";"Múltipla";"Reta";"Sim";4;0;0;0;4;0;0;4;-22,76375592;-43,28683062;"SR-RJ";"DEL5/1";"UOP01/RJ"
260824;2020-01-04;"sábado";"15:55:00";"GO";40;1;"VALPARAISO DE GOIAS";"Falta de Atenção à Condução";"Colisão lateral";"Com Vítimas Feridas";"Pleno dia";"Crescente";"Garoa/Chuvisco";"Dupla";"Reta";"Sim";2;0;1;0;1;0;1;2;-16,058245;-47,982825;"SR-DF";"UOP01/DF";""
260825;2020-01-04;"sábado";"15:00:00";"GO";80;21,9;"PADRE BERNARDO";"Velocidade Incompatível";"Saída de leito carroçável";"Com Vítimas Feridas";"Pleno dia";"Decrescente";"Chuva";"Simples";"Não Informado";"Sim";2;0;2;0;0;0;2;1;-15,36229268;-48,22365582;"SR-DF";"UOP06/DF";""
260826;2020-01-04;"sábado";"15:10:00";"SP";116;557;"BARRA DO TURVO";"Pista Escorregadia";"Capotamento";"Com Vítimas Feridas";"Pleno dia";"Decrescente";"Chuva";"Dupla";"Curva";"Não";4;0;1;1;2;0;2;1;-24,99089107;-48,50734616;"SR-SP";"DEL6/5";"UOP03/SP"
260827;2020-01-04;"sábado";"11:50:00";"RR";401;1,2;"BOA VISTA";"Falta de Atenção à Condução";"Colisão lateral";"Com Vítimas Feridas";"Pleno dia";"Crescente";"Céu Claro";"Dupla";"Interseção de vias";"Sim";2;0;1;0;1;0;1;2;2,80229396;-60,68243402;"SR-RR";"UOP01/RR";""
260828;2020-01-04;"sábado";"12:30:00";"MT";364;179,9;"PEDRA PRETA";"Falta de Atenção à Condução";"Colisão traseira";"Com Vítimas Feridas";"Pleno dia";"Decrescente";"Sol";"Simples";"Curva";"Não";6;0;3;0;3;0;3;2;-16,60295123;-54,48278902;"SR-MT";"DEL2/2";"UOP01/MT"
260829;2020-01-04;"sábado";"12:55:00";"MG";381;671,5;"PERDOES";"Velocidade Incompatível";"Saída de leito carroçável";"Com Vítimas Feridas";"Pleno dia";"Crescente";"Chuva";"Dupla";"Não Informado";"Não";2;0;1;1;0;0;2;1;-21,08945416;-45,06864195;"SR-MG";"DEL4/4";"UOP02/MG"
260830;2020-01-04;"sábado";"15:45:00";"MG";381;929,7;"ITAPEVA";"Velocidade Incompatível";"Colisão com objeto estático";"Com Vítimas Feridas";"Pleno dia";"Crescente";"Chuva";"Dupla";"Não Informado";"Não";2;0;2;0;0;0;2;1;-22,79911462;-46,26123692;"SR-MG";"DEL09";"UOP03/MG"
260831;2020-01-04;"sábado";"15:48:00";"RJ";116;177;"NOVA IGUACU";"Falta de Atenção à Condução";"Tombamento";"Com Vítimas Feridas";"Pleno dia";"Crescente";"Nublado";"Dupla";"Reta";"Sim";1;0;1;0;0;0;1;1;-22,78055198;-43,39208599;"SR-RJ";"DEL5/1";"UOP02/RJ"
260832;2020-01-04;"sábado";"14:00:00";"SP";116;328,6;"JUQUITIBA";"Condutor Dormindo";"Saída de leito carroçável";"Sem Vítimas";"Pleno dia";"Decrescente";"Céu Claro";"Dupla";"Reta";"Não";3;0;0;0;3;0;0;1;-23,93652709;-47,08014299;"SR-SP";"DEL6/4";"UOP01/SP"
260833;2020-01-04;"sábado";"16:00:00";"MG";40;730,1;"OLIVEIRA FORTES";"Velocidade Incompatível";"Colisão com objeto estático";"Com Vítimas Feridas";"Pleno dia";"Decrescente";"Chuva";"Simples";"Curva";"Não";2;0;2;0;0;0;2;1;-21,33378994;-43,5866212;"SR-MG";"DEL5";"UOP01/MG"
260835;2020-01-04;"sábado";"16:30:00";"MG";354;709;"CAXAMBU";"Velocidade Incompatível";"Tombamento";"Com Vítimas Feridas";"Pleno dia";"Crescente";"Nublado";"Simples";"Curva";"Não";1;0;0;1;0;0;1;1;-22,02469499;-44,9270357;"SR-MG";"DEL5";"UOP03/MG"
260836;2020-01-04;"sábado";"16:10:00";"RJ";101;535,3;"PARATY";"Velocidade Incompatível";"Engavetamento";"Com Vítimas Feridas";"Pleno dia";"Decrescente";"Chuva";"Simples";"Reta";"Não";5;0;1;0;4;0;1;4;-23,0351872;-44,55544353;"SR-RJ";"DEL5/3";"UOP03/RJ"
260837;2020-01-04;"sábado";"16:05:00";"TO";153;673,9;"GURUPI";"Falta de Atenção à Condução";"Colisão lateral";"Com Vítimas Feridas";"Pleno dia";"Decrescente";"Céu Claro";"Simples";"Interseção de vias";"Sim";2;0;0;1;1;0;1;2;-11,73820383;-49,08104077;"SR-TO";"UOP01/TO";""
260838;2020-01-04;"sábado";"16:30:00";"PR";116;131;"FAZENDA RIO GRANDE";"Velocidade Incompatível";"Saída de leito carroçável";"Sem Vítimas";"Pleno dia";"Decrescente";"Chuva";"Dupla";"Reta";"Sim";1;0;0;0;1;0;0;1;-25,648307;-49,31251207;"SR-PR";"DEL7/1";"UOP03/PR"
260840;2020-01-04;"sábado";"16:50:00";"MG";40;728,1;"OLIVEIRA FORTES";"Velocidade Incompatível";"Saída de leito carroçável";"Com Vítimas Feridas";"Pleno dia";"Crescente";"Chuva";"Dupla";"Curva";"Não";4;0;3;0;1;0;3;1;-21,31842199;-43,58689599;"SR-MG";"DEL5";"UOP01/MG"
260841;2020-01-04;"sábado";"11:50:00";"SC";282;30;"SANTO AMARO DA IMPERATRIZ";"Velocidade Incompatível";"Capotamento";"Com Vítimas Feridas";"Pleno dia";"Crescente";"Chuva";"Simples";"Curva";"Não";5;0;2;0;3;0;2;3;-27,687376;-48,79071;"SR-SC";"DEL8/1";"UOP03/SC"
260842;2020-01-04;"sábado";"15:40:00";"PR";469;12,7;"FOZ DO IGUACU";"Desobediência às normas de trânsito pelo condutor";"Colisão transversal";"Com Vítimas Feridas";"Pleno dia";"Decrescente";"Céu Claro";"Simples";"Reta";"Sim";2;0;1;0;1;0;1;2;-25,5754;-54,5489;"SR-PR";"DEL7/5";"UOP04/PR"
260843;2020-01-04;"sábado";"17:00:00";"PR";376;275,8;"MARILANDIA DO SUL";"Falta de Atenção à Condução";"Colisão frontal";"Com Vítimas Fatais";"Pleno dia";"Crescente";"Sol";"Simples";"Reta";"Não";4;2;1;1;0;0;2;2;-23,78217008;-51,26532137;"SR-PR";"DEL7/7";"UOP02/PR"
260844;2020-01-04;"sábado";"17:10:00";"TO";153;634,8;"ALIANCA DO TOCANTINS";"Agressão Externa";"Saída de leito carroçável";"Com Vítimas Feridas";"Pleno dia";"Crescente";"Nublado";"Simples";"Reta";"Não";1;0;0;1;0;0;1;1;-11,39541211;-48,97433972;"SR-TO";"UOP01/TO";""
260845;2020-01-04;"sábado";"16:50:00";"PR";369;435,3;"UBIRATA";"Desobediência às normas de trânsito pelo condutor";"Colisão transversal";"Com Vítimas Feridas";"Pleno dia";"Crescente";"Céu Claro";"Simples";"Interseção de vias";"Não";2;0;0;1;1;0;1;2;-24,4887454;-52,89412921;"SR-PR";"DEL7/4";"UOP04/PR"
260846;2020-01-04;"sábado";"17:15:00";"RJ";101;536;"PARATY";"Desobediência às normas de trânsito pelo condutor";"Colisão traseira";"Sem Vítimas";"Pleno dia";"Decrescente";"Chuva";"Simples";"Reta";"Não";5;0;0;0;5;0;0;5;-23,03799465;-44,56135716;"SR-RJ";"DEL5/3";"UOP03/RJ"
260848;2020-01-04;"sábado";"10:00:00";"RJ";101;214,2;"SILVA JARDIM";"Defeito Mecânico no Veículo";"Queda de ocupante de veículo";"Com Vítimas Feridas";"Pleno dia";"Decrescente";"Nublado";"Dupla";"Reta";"Não";1;0;1;0;0;0;1;1;-22,49876081;-42,26744726;"SR-RJ";"DEL5/2";"UOP02/RJ"
260849;2020-01-04;"sábado";"08:00:00";"GO";20;61;"FORMOSA";"Falta de Atenção à Condução";"Colisão lateral";"Com Vítimas Feridas";"Pleno dia";"Crescente";"Céu Claro";"Dupla";"Desvio Temporário";"Não";5;0;3;0;1;1;3;3;-15,238772;-47,17049;"SR-DF";"UOP01/DEL02/DF";""
260850;2020-01-04;"sábado";"17:40:00";"PR";376;138,5;"NOVA ESPERANCA";"Avarias e/ou desgaste excessivo no pneu";"Saída de leito carroçável";"Com Vítimas Feridas";"Pleno dia";"Decrescente";"Nublado";"Dupla";"Curva";"Não";1;0;1;0;0;0;1;1;-23,22308103;-52,17896705;"SR-PR";"DEL7/7";"UOP05/PR"
260851;2020-01-04;"sábado";"15:00:00";"RO";364;427,1;"JARU";"Desobediência às normas de trânsito pelo condutor";"Colisão lateral";"Com Vítimas Feridas";"Pleno dia";"Decrescente";"Nublado";"Múltipla";"Interseção de vias";"Sim";4;0;2;0;2;0;2;2;-10,42731312;-62,48745208;"SR-RO";"DEL21/3";"UOP02/RO"
260853;2020-01-04;"sábado";"14:20:00";"PA";163;923;"BELTERRA";"Defeito Mecânico no Veículo";"Capotamento";"Com Vítimas Feridas";"Pleno dia";"Decrescente";"Sol";"Simples";"Reta";"Não";1;0;1;0;0;0;1;1;-3,03617198;-54,9279098;"SR-PA";"DEL19/5";"UOP01/PA"
260854;2020-01-04;"sábado";"15:20:00";"SC";282;53,5;"AGUAS MORNAS";"Velocidade Incompatível";"Colisão transversal";"Com Vítimas Feridas";"Pleno dia";"Crescente";"Chuva";"Simples";"Curva";"Não";3;0;1;0;2;0;1;2;-27,68527619;-48,97202969;"SR-SC";"DEL8/1";"UOP03/SC"
260855;2020-01-04;"sábado";"13:15:00";"MG";381;651,7;"SANTO ANTONIO DO AMPARO";"Pista Escorregadia";"Capotamento";"Com Vítimas Feridas";"Pleno dia";"Crescente";"Chuva";"Dupla";"Não Informado";"Não";3;0;3;0;0;0;3;1;-20,97575268;-44,93997846;"SR-MG";"DEL4/4";"UOP02/MG"
260856;2020-01-04;"sábado";"18:00:00";"RJ";101;417,3;"MANGARATIBA";"Velocidade Incompatível";"Saída de leito carroçável";"Sem Vítimas";"Pleno dia";"Decrescente";"Chuva";"Simples";"Curva";"Não";2;0;0;0;2;0;0;1;-22,9178274;-43,90471593;"SR-RJ";"DEL5/3";"UOP01/RJ"
260857;2020-01-04;"sábado";"15:50:00";"SC";280;28,2;"ARAQUARI";"Falta de Atenção à Condução";"Colisão transversal";"Com Vítimas Feridas";"Pleno dia";"Decrescente";"Nublado";"Simples";"Reta";"Sim";4;0;1;0;3;0;1;2;-26,40450077;-48,74561031;"SR-SC";"DEL8/3";"UOP03/SC"
260858;2020-01-04;"sábado";"18:00:00";"PE";232;100,8;"BEZERROS";"Deficiência ou não Acionamento do Sistema de Iluminação/Sinalização do Veículo";"Colisão transversal";"Sem Vítimas";"Plena Noite";"Crescente";"Céu Claro";"Simples";"Interseção de vias";"Sim";2;0;0;0;1;1;0;2;-8,23791176;-35,74297705;"SR-PE";"DEL11/1";"UOP04/PE"
260859;2020-01-04;"sábado";"18:10:00";"ES";101;140,3;"LINHARES";"Falta de Atenção à Condução";"Colisão traseira";"Com Vítimas Feridas";"Plena Noite";"Crescente";"Chuva";"Simples";"Reta";"Sim";2;0;1;0;1;0;1;2;-19,31817306;-40,07552313;"SR-ES";"DEL12/4";"UOP01/ES"
260860;2020-01-04;"sábado";"17:30:00";"MG";116;776,7;"LEOPOLDINA";"Falta de Atenção à Condução";"Saída de leito carroçável";"Com Vítimas Feridas";"Pleno dia";"Decrescente";"Garoa/Chuvisco";"Simples";"Curva";"Não";2;0;2;0;0;0;2;1;-21,59023796;-42,68715187;"SR-MG";"DEL4/7";"UOP01/MG"
260861;2020-01-04;"sábado";"18:35:00";"RN";406;148,8;"CEARA-MIRIM";"Falta de Atenção do Pedestre";"Atropelamento de Pedestre";"Com Vítimas Feridas";"Plena Noite";"Crescente";"Céu Claro";"Simples";"Reta";"Não";3;0;2;0;0;1;2;1;-5,64738063;-35,45019595;"SR-RN";"DEL15/2";"UOP01/RN"
260862;2020-01-04;"sábado";"17:00:00";"SC";282;602,1;"MARAVILHA";"Desobediência às normas de trânsito pelo condutor";"Colisão frontal";"Com Vítimas Feridas";"Pleno dia";"Decrescente";"Céu Claro";"Simples";"Não Informado";"Não";3;0;0;2;1;0;2;2;-26,80554285;-53,18138123;"SR-SC";"DEL7";"UOP02/SC"
260864;2020-01-04;"sábado";"19:00:00";"MG";40;14,4;"PARACATU";"Defeito Mecânico no Veículo";"Saída de leito carroçável";"Com Vítimas Feridas";"Plena Noite";"Crescente";"Chuva";"Simples";"Reta";"Não";5;0;4;1;0;0;5;1;-17,07109734;-47,04227828;"SR-MG";"DEL4/14";"UOP01/MG"
260865;2020-01-04;"sábado";"16:20:00";"BA";101;535;"SAO JOSE DA VITORIA";"Velocidade Incompatível";"Colisão lateral";"Com Vítimas Feridas";"Pleno dia";"Decrescente";"Chuva";"Simples";"Curva";"Não";2;0;1;0;1;0;1;2;-15,03266994;-39,3296814;"SR-BA";"DEL10/5";"UOP01/BA"
260866;2020-01-04;"sábado";"18:40:00";"RJ";101;430;"MANGARATIBA";"Velocidade Incompatível";"Colisão transversal";"Com Vítimas Feridas";"Plena Noite";"Crescente";"Garoa/Chuvisco";"Simples";"Curva";"Não";7;0;5;1;1;0;6;2;-22,93710123;-44,01083798;"SR-RJ";"DEL5/3";"UOP01/RJ"
260867;2020-01-04;"sábado";"18:45:00";"PI";135;354;"BOM JESUS";"Defeito na Via";"Saída de leito carroçável";"Com Vítimas Feridas";"Plena Noite";"Decrescente";"Chuva";"Simples";"Reta";"Não";4;0;1;0;3;0;1;1;-9,08911307;-44,36270761;"SR-PI";"DEL17/3";"UOP02/PI"
260868;2020-01-04;"sábado";"19:30:00";"RS";101;7;"TORRES";"Falta de Atenção à Condução";"Colisão transversal";"Com Vítimas Feridas";"Plena Noite";"Crescente";"Nublado";"Dupla";"Rotatória";"Sim";6;0;2;0;4;0;2;2;-29,35339556;-49,79995251;"SR-RS";"DEL9/3";"UOP02/RS"
260869;2020-01-04;"sábado";"18:30:00";"SC";101;70,8;"ARAQUARI";"Falta de Atenção à Condução";"Queda de ocupante de veículo";"Com Vítimas Feridas";"Anoitecer";"Decrescente";"Nublado";"Múltipla";"Curva";"Não";1;0;1;0;0;0;1;1;-26,51082007;-48,72345612;"SR-SC";"DEL8/3";"UOP02/SC"
260870;2020-01-04;"sábado";"19:30:00";"SP";381;85;"SAO PAULO";"Falta de Atenção do Pedestre";"Atropelamento de Pedestre";"Com Vítimas Fatais";"Plena Noite";"Decrescente";"Nublado";"Dupla";"Reta";"Sim";2;1;0;0;1;0;0;1;-23,449343;-46,56983501;"SR-SP";"DEL6/3";"UOP02/SP"
260871;2020-01-04;"sábado";"18:25:00";"SC";282;305,1;"VARGEM";"Velocidade Incompatível";"Saída de leito carroçável";"Com Vítimas Feridas";"Pleno dia";"Crescente";"Chuva";"Simples";"Não Informado";"Não";1;0;1;0;0;0;1;1;-27,500679;-50,949047;"SR-SC";"DEL7";"UOP08/SC"
260874;2020-01-04;"sábado";"15:35:00";"SC";280;96;"CORUPA";"Velocidade Incompatível";"Saída de leito carroçável";"Com Vítimas Feridas";"Pleno dia";"Decrescente";"Chuva";"Simples";"Curva";"Não";2;0;2;0;0;0;2;1;-26,38369074;-49,32175219;"SR-SC";"DEL8/6";"UOP03/SC"
260875;2020-01-04;"sábado";"20:00:00";"ES";101;360,9;"ANCHIETA";"Velocidade Incompatível";"Tombamento";"Com Vítimas Feridas";"Plena Noite";"Crescente";"Chuva";"Simples";"Curva";"Não";1;0;1;0;0;0;1;1;-20,7043621;-40,71735486;"SR-ES";"DEL12/3";"UOP01/ES"
260877;2020-01-04;"sábado";"11:13:00";"MT";174;445;"NOVA LACERDA";"Fenômenos da Natureza";"Colisão com objeto estático";"Sem Vítimas";"Pleno dia";"Crescente";"Chuva";"Simples";"Reta";"Não";1;0;0;0;1;0;0;1;-14,01723092;-59,74997526;"SR-MT";"DEL2/7";"UOP01/MT"
260878;2020-01-04;"sábado";"15:30:00";"MG";116;508,9;"UBAPORANGA";"Defeito Mecânico no Veículo";"Colisão traseira";"Com Vítimas Feridas";"Pleno dia";"Crescente";"Céu Claro";"Simples";"Reta";"Sim";5;0;1;0;4;0;1;4;-19,62776197;-42,10624519;"SR-MG";"DEL4/6";"UOP02/MG"
260879;2020-01-04;"sábado";"15:00:00";"SC";280;91;"CORUPA";"Pista Escorregadia";"Tombamento";"Com Vítimas Feridas";"Pleno dia";"Decrescente";"Chuva";"Simples";"Curva";"Não";1;0;1;0;0;0;1;1;-26,40198057;-49,29053774;"SR-SC";"DEL8/6";"UOP03/SC"
260880;2020-01-04;"sábado";"20:40:00";"PE";101;65,5;"RECIFE";"Falta de Atenção à Condução";"Colisão transversal";"Com Vítimas Feridas";"Plena Noite";"Crescente";"Céu Claro";"Dupla";"Reta";"Sim";2;0;1;0;1;0;1;2;-8,02478597;-34,94276635;"SR-PE";"DEL11/1";"UOP01/PE"
260881;2020-01-04;"sábado";"20:40:00";"BA";116;441,9;"FEIRA DE SANTANA";"Velocidade Incompatível";"Saída de leito carroçável";"Com Vítimas Feridas";"Plena Noite";"Crescente";"Chuva";"Dupla";"Curva";"Não";1;0;1;0;0;0;1;1;-12,33163605;-39,06586497;"SR-BA";"DEL10/2";"UOP01/BA"