"id";"data_inversa";"dia_semana";"horario";"uf";"br";"km";"municipio";"causa_acidente";"tipo_acidente";"classificacao_acidente";"fase_dia";"sentido_via";"condicao_metereologica";"tipo_pista";"tracado_via";"uso_solo";"pessoas";"mortos";"feridos_leves";"feridos_graves";"ilesos";"ignorados";"feridos";"veiculos";"latitude";"longitude";"regional";"delegacia";"uop"
261254;2020-01-06;"segunda-feira";"20:30:00";"PR";369;176;"ROLANDIA";"Falta de Atenção do Pedestre";"Atropelamento de Pedestre";"Com Vítimas Feridas";"Plena Noite";"Crescente";"Céu Claro";"Simples";"Reta";"Sim";3;0;0;2;0;1;2;1;-23,34482;-51,38674;"SR-PR";"DEL7/7";"UOP01/PR"
261255;2020-01-06;"segunda-feira";"20:30:00";"BA";324;514,5;"FEIRA DE SANTANA";"Ingestão de Álcool";"Colisão lateral";"Sem Vítimas";"Plena Noite";"Crescente";"Céu Claro";"Simples";"Reta";"Sim";2;0;0;0;2;0;0;2;-12,23359;-38,94692;"SR-BA";"DEL10/2";"UOP01/BA"
261256;2020-01-06;"segunda-feira";"18:48:00";"AC";364;136,7;"RIO BRANCO";"Defeito na Via";"Queda de ocupante de veículo";"Com Vítimas Feridas";"Plena Noite";"Decrescente";"Céu Claro";"Dupla";"Reta";"Sim";2;0;2;0;0;0;2;1;-9,977578;-67,8489;"SR-AC";"UOP01/AC";""
261257;2020-01-06;"segunda-feira";"21:07:00";"ES";101;424,5;"ATILIO VIVACQUA";"Falta de Atenção à Condução";"Tombamento";"Com Vítimas Feridas";"Plena Noite";"Crescente";"Nublado";"Simples";"Reta";"Não";1;0;0;1;0;0;1;1;-20,99479;-41,12522;"SR-ES";"DEL12/3";"UOP02/ES"
261258;2020-01-06;"segunda-feira";"17:50:00";"MT";70;690;"CACERES";"Falta de Atenção à Condução";"Tombamento";"Com Vítimas Feridas";"Anoitecer";"Crescente";"Nublado";"Simples";"Curva";"Não";1;0;1;0;0;0;1;1;-16,18454;-57,36781;"SR-MT";"DEL2/3";"UOP01/MT"
261259;2020-01-06;"segunda-feira";"21:30:00";"PB";230;366,8;"MALTA";"Ingestão de Álcool";"Colisão transversal";"Com Vítimas Feridas";"Plena Noite";"Decrescente";"Céu Claro";"Simples";"Reta";"Sim";2;0;0;1;1;0;1;2;-6,9051;-37,5155;"SR-PB";"DEL14/3";"UOP02/PB"
261260;2020-01-06;"segunda-feira";"21:00:00";"PE";101;67,8;"RECIFE";"Ingestão de Álcool";"Colisão traseira";"Sem Vítimas";"Plena Noite";"Decrescente";"Céu Claro";"Múltipla";"Reta";"Sim";2;0;0;0;2;0;0;2;-8,042334;-34,9431;"SR-PE";"DEL11/1";"UOP01/PE"
261261;2020-01-06;"segunda-feira";"15:40:00";"SC";470;237,2;"SAO CRISTOVAO DO SUL";"Velocidade Incompatível";"Saída de leito carroçável";"Sem Vítimas";"Pleno dia";"Crescente";"Céu Claro";"Simples";"Curva";"Não";1;0;0;0;1;0;0;1;-27,30413;-50,45621;"SR-SC";"DEL8/5";"UOP03/SC"
261262;2020-01-06;"segunda-feira";"20:50:00";"BA";135;181;"BARREIRAS";"Ingestão de Álcool";"Colisão traseira";"Com Vítimas Feridas";"Plena Noite";"Crescente";"Nublado";"Simples";"Reta";"Sim";2;0;0;1;1;0;1;2;-12,1637;-45,0078;"SR-BA";"DEL10/10";"UOP01/BA"
261263;2020-01-06;"segunda-feira";"21:00:00";"CE";222;5;"CAUCAIA";"Falta de Atenção à Condução";"Colisão lateral";"Com Vítimas Feridas";"Plena Noite";"Decrescente";"Céu Claro";"Múltipla";"Reta";"Sim";2;0;1;0;1;0;1;2;-3,742969;-38,61331;"SR-CE";"DEL16/1";"UOP01/CE"
261265;2020-01-06;"segunda-feira";"21:00:00";"RS";116;299,4;"GUAIBA";"Falta de Atenção do Pedestre";"Atropelamento de Pedestre";"Com Vítimas Fatais";"Plena Noite";"Crescente";"Chuva";"Dupla";"Reta";"Não";2;1;0;0;1;0;0;1;-30,11517;-51,34563;"SR-RS";"DEL9/2";"UOP01/RS"
261266;2020-01-06;"segunda-feira";"22:22:00";"RJ";101;314;"SAO GONCALO";"Defeito Mecânico no Veículo";"Queda de ocupante de veículo";"Com Vítimas Feridas";"Plena Noite";"Crescente";"Céu Claro";"Dupla";"Reta";"Sim";1;0;0;1;0;0;1;1;-22,81649;-43,07728;"SR-RJ";"DEL5/2";"UOP01/RJ"
261267;2020-01-06;"segunda-feira";"20:50:00";"PR";476;278,5;"SAO MATEUS DO SUL";"Ingestão de Álcool";"Atropelamento de Pedestre";"Com Vítimas Feridas";"Plena Noite";"Crescente";"Nublado";"Simples";"Reta";"Sim";2;0;2;0;0;0;2;1;-25,86875;-50,39648;"SR-PR";"DEL7/2";"UOP03/PR"
261268;2020-01-06;"segunda-feira";"16:00:00";"SC";116;138,8;"SANTA CECILIA";"Falta de Atenção à Condução";"Colisão transversal";"Com Vítimas Feridas";"Pleno dia";"Crescente";"Céu Claro";"Simples";"Interseção de vias";"Não";2;0;0;1;1;0;1;2;-26,95365;-50,42351;"SR-SC";"DEL8/6";"UOP02/SC"
261269;2020-01-06;"segunda-feira";"21:50:00";"BA";324;515,7;"FEIRA DE SANTANA";"Ingestão de Álcool";"Colisão transversal";"Com Vítimas Feridas";"Plena Noite";"Crescente";"Céu Claro";"Simples";"Reta";"Sim";3;0;3;0;0;0;3;2;-12,23548;-38,94397;"SR-BA";"DEL10/2";"UOP01/BA"
261271;2020-01-06;"segunda-feira";"16:00:00";"MA";316;436,3;"PERITORO";"Pista Escorregadia";"Capotamento";"Com Vítimas Feridas";"Pleno dia";"Crescente";"Chuva";"Simples";"Curva";"Não";2;0;1;1;0;0;2;1;-4,413616;-44,2411;"SR-MA";"DEL18/3";"UOP01/MA"
261272;2020-01-06;"segunda-feira";"22:20:00";"MT";364;440;"VARZEA GRANDE";"Pista Escorregadia";"Saída de leito carroçável";"Com Vítimas Feridas";"Plena Noite";"Crescente";"Garoa/Chuvisco";"Simples";"Curva";"Não";1;0;1;0;0;0;1;1;-15,64329;-56,18077;"SR-MT";"DEL2/4";"UOP02/MT"
261274;2020-01-06;"segunda-feira";"23:18:00";"DF";70;18,8;"BRASILIA";"Agressão Externa";"Incêndio";"Sem Vítimas";"Plena Noite";"Crescente";"Nublado";"Dupla";"Reta";"Não";1;0;0;0;0;1;0;1;-15,79109;-48,21096;"SR-DF";"UOP06/DF";""
261275;2020-01-06;"segunda-feira";"21:50:00";"RS";290;97;"PORTO ALEGRE";"Avarias e/ou desgaste excessivo no pneu";"Colisão com objeto estático";"Sem Vítimas";"Plena Noite";"Crescente";"Chuva";"Múltipla";"Não Informado";"Sim";1;0;0;0;0;1;0;1;-29,99779;-51,20779;"SR-RS";"DEL9/1";"UOP01/RS"
261276;2020-01-06;"segunda-feira";"23:50:00";"GO";153;213;"URUACU";"Velocidade Incompatível";"Saída de leito carroçável";"Com Vítimas Feridas";"Plena Noite";"Crescente";"Céu Claro";"Simples";"Interseção de vias";"Não";4;0;4;0;0;0;4;1;-14,63458;-49,17599;"SR-GO";"DEL1/7";"UOP01/GO"
261277;2020-01-06;"segunda-feira";"22:45:00";"RJ";116;78;"TERESOPOLIS";"Falta de Atenção à Condução";"Colisão traseira";"Sem Vítimas";"Plena Noite";"Crescente";"Nublado";"Simples";"Curva";"Não";2;0;0;0;2;0;0;2;-22,37409;-42,9526;"SR-RJ";"DEL5/6";"UOP02/RJ"
261278;2020-01-07;"terça-feira";"01:00:00";"PR";376;679,1;"GUARATUBA";"Defeito Mecânico no Veículo";"Incêndio";"Sem Vítimas";"Plena Noite";"Crescente";"Céu Claro";"Dupla";"Não Informado";"Não";1;0;0;0;1;0;0;1;-25,94961;-48,906;"SR-PR";"DEL7/1";"UOP08/PR"
261279;2020-01-07;"terça-feira";"00:00:00";"SP";116;514;"CAJATI";"Velocidade Incompatível";"Tombamento";"Com Vítimas Feridas";"Plena Noite";"Decrescente";"Céu Claro";"Simples";"Não Informado";"Não";2;0;1;0;0;1;1;1;-24,85874;-48,21731;"SR-SP";"DEL6/5";"UOP03/SP"
261280;2020-01-07;"terça-feira";"01:45:00";"PB";230;142,9;"CAMPINA GRANDE";"Ingestão de Álcool";"Saída de leito carroçável";"Com Vítimas Feridas";"Plena Noite";"Crescente";"Céu Claro";"Dupla";"Não Informado";"Não";1;0;0;1;0;0;1;1;-7,2573;-35,8131;"SR-PB";"DEL14/2";"UOP01/PB"
261281;2020-01-07;"terça-feira";"02:30:00";"ES";101;142;"LINHARES";"Falta de Atenção à Condução";"Colisão traseira";"Com Vítimas Feridas";"Plena Noite";"Crescente";"Céu Claro";"Simples";"Reta";"Sim";4;0;1;0;3;0;1;2;-19,33459;-40,06755;"SR-ES";"DEL12/4";"UOP01/ES"
261282;2020-01-07;"terça-feira";"01:45:00";"PR";277;310,2;"GUARAPUAVA";"Falta de Atenção à Condução";"Colisão traseira";"Com Vítimas Feridas";"Plena Noite";"Crescente";"Nublado";"Simples";"Reta";"Não";12;0;11;0;1;0;11;2;-25,31655;-51,21417;"SR-PR";"DEL7/3";"UOP02/PR"
261283;2020-01-07;"terça-feira";"03:30:00";"ES";262;173,2;"IBATIBA";"Animais na Pista";"Atropelamento de Animal";"Sem Vítimas";"Plena Noite";"Decrescente";"Céu Claro";"Simples";"Ponte";"Não";1;0;0;0;1;0;0;1;-20,26977;-41,61269;"SR-ES";"DEL12/1";"UOP02/ES"
261284;2020-01-06;"segunda-feira";"23:00:00";"BA";110;386;"SAO SEBASTIAO DO PASSE";"Falta de Atenção do Pedestre";"Colisão transversal";"Com Vítimas Feridas";"Plena Noite";"Crescente";"Céu Claro";"Simples";"Curva";"Não";2;0;1;1;0;0;2;2;-12,49943;-38,49254;"SR-BA";"DEL10/1";"UOP01/BA"
261285;2020-01-07;"terça-feira";"02:40:00";"SC";101;269,8;"IMBITUBA";"Condutor Dormindo";"Saída de leito carroçável";"Com Vítimas Feridas";"Plena Noite";"Decrescente";"Nublado";"Múltipla";"Reta";"Não";1;0;1;0;0;0;1;1;-28,10247;-48,70371;"SR-SC";"DEL8/2";"UOP03/SC"
261286;2020-01-07;"terça-feira";"03:05:00";"GO";50;250,1;"CATALAO";"Falta de Atenção à Condução";"Colisão traseira";"Com Vítimas Feridas";"Plena Noite";"Decrescente";"Nublado";"Dupla";"Reta";"Não";3;0;1;1;1;0;2;2;-17,9676;-47,7962;"SR-GO";"DEL1/6";"UOP01/GO"
261287;2020-01-07;"terça-feira";"03:30:00";"PR";277;698;"SANTA TEREZINHA DE ITAIPU";"Falta de Atenção do Pedestre";"Queda de ocupante de veículo";"Com Vítimas Feridas";"Plena Noite";"Decrescente";"Nublado";"Dupla";"Reta";"Não";2;0;1;1;0;0;2;1;-25,4489;-54,4071;"SR-PR";"DEL7/5";"UOP01/PR"
261289;2020-01-07;"terça-feira";"03:10:00";"MG";40;446,5;"PARAOPEBA";"Desobediência às normas de trânsito pelo condutor";"Colisão lateral";"Sem Vítimas";"Plena Noite";"Crescente";"Céu Claro";"Dupla";"Reta";"Sim";2;0;0;0;2;0;0;2;-19,28815;-44,392;"SR-MG";"DEL4/2";"UOP01/MG"
261290;2020-01-07;"terça-feira";"05:05:00";"PR";116;97;"SAO JOSE DOS PINHAIS";"Velocidade Incompatível";"Colisão traseira";"Com Vítimas Fatais";"Amanhecer";"Decrescente";"Céu Claro";"Dupla";"Reta";"Sim";2;1;0;0;0;1;0;2;-25,51232;-49,12871;"SR-PR";"DEL7/1";"UOP01/PR"
261291;2020-01-07;"terça-feira";"05:10:00";"PR";277;597,3;"CASCAVEL";"Condutor Dormindo";"Colisão traseira";"Com Vítimas Feridas";"Plena Noite";"Decrescente";"Chuva";"Dupla";"Reta";"Sim";2;0;0;1;1;0;1;2;-24,99514;-53,51419;"SR-PR";"DEL7/4";"UOP01/PR"
261292;2020-01-07;"terça-feira";"02:18:00";"AL";316;171,5;"PALMEIRA DOS INDIOS";"Objeto estático sobre o leito carroçável";"Colisão com objeto estático";"Com Vítimas Feridas";"Plena Noite";"Decrescente";"Céu Claro";"Simples";"Reta";"Não";5;0;3;0;2;0;3;1;-9,524368;-36,53858;"SR-AL";"DEL13/3";"UOP01/AL"
261293;2020-01-07;"terça-feira";"06:19:00";"BA";324;546;"AMELIA RODRIGUES";"Falta de Atenção à Condução";"Queda de ocupante de veículo";"Com Vítimas Feridas";"Amanhecer";"Decrescente";"Nublado";"Dupla";"Reta";"Não";1;0;1;0;0;0;1;1;-12,41514;-38,75158;"SR-BA";"DEL10/1";"UOP01/BA"
261294;2020-01-07;"terça-feira";"06:35:00";"ES";101;148;"LINHARES";"Animais na Pista";"Atropelamento de Animal";"Sem Vítimas";"Pleno dia";"Crescente";"Céu Claro";"Múltipla";"Reta";"Sim";1;0;0;0;1;0;0;1;-19,38787;-40,06753;"SR-ES";"DEL12/4";"UOP01/ES"
261295;2020-01-06;"segunda-feira";"20:30:00";"MA";316;612,9;"TIMON";"Animais na Pista";"Atropelamento de Animal";"Com Vítimas Feridas";"Plena Noite";"Crescente";"Céu Claro";"Simples";"Reta";"Não";2;0;1;1;0;0;2;1;-5,075141;-42,85945;"SR-MA";"DEL18/3";"UOP02/MA"
261296;2020-01-06;"segunda-feira";"08:40:00";"MT";70;280;"PRIMAVERA DO LESTE";"Falta de Atenção à Condução";"Colisão traseira";"Com Vítimas Feridas";"Pleno dia";"Decrescente";"Céu Claro";"Simples";"Reta";"Não";2;0;1;0;1;0;1;2;-15,56281;-54,29702;"SR-MT";"DEL2/5";"UOP01/MT"
261297;2020-01-07;"terça-feira";"07:20:00";"PB";230;28;"JOAO PESSOA";"Pista Escorregadia";"Tombamento";"Com Vítimas Feridas";"Pleno dia";"Decrescente";"Céu Claro";"Simples";"Viaduto";"Não";1;0;1;0;0;0;1;1;-7,1651;-34,8941;"SR-PB";"DEL14/1";"UOP01/PB"
261298;2020-01-07;"terça-feira";"06:36:00";"ES";101;148;"LINHARES";"Animais na Pista";"Atropelamento de Animal";"Sem Vítimas";"Pleno dia";"Decrescente";"Céu Claro";"Múltipla";"Reta";"Sim";1;0;0;0;1;0;0;1;-19,38787;-40,06753;"SR-ES";"DEL12/4";"UOP01/ES"
261299;2020-01-07;"terça-feira";"06:40:00";"MG";262;353,1;"BETIM";"Falta de Atenção à Condução";"Colisão traseira";"Com Vítimas Feridas";"Pleno dia";"Decrescente";"Nublado";"Dupla";"Não Informado";"Não";2;0;1;0;1;0;1;2;-19,95948;-44,15416;"SR-MG";"DEL4/1";"UOP03/MG"
261300;2020-01-06;"segunda-feira";"19:20:00";"PR";376;61;"GUAIRACA";"Condutor Dormindo";"Colisão transversal";"Com Vítimas Feridas";"Plena Noite";"Decrescente";"Nublado";"Simples";"Interseção de vias";"Não";4;0;2;2;0;0;4;2;-22,92931;-52,84012;"SR-PR";"DEL7/7";"UOP05/PR"
261301;2020-01-06;"segunda-feira";"17:50:00";"SC";280;30;"ARAQUARI";"Falta de Atenção à Condução";"Colisão traseira";"Com Vítimas Feridas";"Pleno dia";"Crescente";"Céu Claro";"Simples";"Reta";"Sim";2;0;1;0;1;0;1;2;-26,41415;-48,76209;"SR-SC";"DEL8/3";"UOP03/SC"
261302;2020-01-07;"terça-feira";"06:40:00";"PB";101;66;"SANTA RITA";"Ultrapassagem Indevida";"Capotamento";"Com Vítimas Feridas";"Pleno dia";"Crescente";"Céu Claro";"Dupla";"Reta";"Não";1;0;1;0;0;0;1;1;-7,048029;-35,04349;"SR-PB";"DEL14/1";"UOP03/PB"
261303;2020-01-07;"terça-feira";"01:45:00";"MG";262;443,5;"NOVA SERRANA";"Ingestão de Álcool";"Colisão com objeto estático";"Com Vítimas Feridas";"Plena Noite";"Crescente";"Nublado";"Dupla";"Curva";"Sim";1;0;0;1;0;0;1;1;-19,88065;-44,92197;"SR-MG";"DEL4/8";"UOP03/MG"
261304;2020-01-07;"terça-feira";"07:20:00";"SC";470;61,7;"BLUMENAU";"Falta de Atenção à Condução";"Colisão traseira";"Com Vítimas Feridas";"Pleno dia";"Crescente";"Céu Claro";"Simples";"Curva";"Sim";2;0;1;0;1;0;1;2;-26,875;-49,18184;"SR-SC";"DEL8/4";"UOP01/SC"
261306;2020-01-07;"terça-feira";"07:40:00";"PE";232;8,8;"RECIFE";"Falta de Atenção à Condução";"Colisão traseira";"Sem Vítimas";"Pleno dia";"Decrescente";"Céu Claro";"Dupla";"Reta";"Não";2;0;0;0;2;0;0;2;-8,075837;-34,97016;"SR-PE";"DEL11/1";"UOP01/PE"
261307;2020-01-07;"terça-feira";"07:20:00";"SC";101;206,1;"SAO JOSE";"Falta de Atenção à Condução";"Colisão lateral";"Com Vítimas Feridas";"Pleno dia";"Decrescente";"Céu Claro";"Dupla";"Reta";"Sim";2;0;1;0;0;1;1;2;-27,59194;-48,61825;"SR-SC";"DEL8/1";"UOP01/SC"
261309;2020-01-07;"terça-feira";"07:00:00";"MG";381;873,8;"ESTIVA";"Velocidade Incompatível";"Colisão com objeto estático";"Com Vítimas Feridas";"Pleno dia";"Crescente";"Céu Claro";"Dupla";"Curva";"Não";1;0;1;0;0;0;1;1;-22,42087;-45,96562;"SR-MG";"DEL09";"UOP01/MG"
261310;2020-01-07;"terça-feira";"07:50:00";"SC";101;218;"PALHOCA";"Desobediência às normas de trânsito pelo condutor";"Colisão traseira";"Com Vítimas Feridas";"Pleno dia";"Crescente";"Céu Claro";"Dupla";"Reta";"Sim";3;0;1;1;1;0;2;2;-27,67586;-48,67053;"SR-SC";"DEL8/1";"UOP02/SC"
261311;2020-01-07;"terça-feira";"06:40:00";"MG";40;499,6;"ESMERALDAS";"Falta de Atenção à Condução";"Tombamento";"Com Vítimas Feridas";"Pleno dia";"Crescente";"Nublado";"Dupla";"Reta";"Sim";1;0;1;0;0;0;1;1;-19,69718;-44,17699;"SR-MG";"DEL4/2";"UOP01/MG"
261312;2020-01-07;"terça-feira";"07:20:00";"MG";40;515;"RIBEIRAO DAS NEVES";"Desobediência às normas de trânsito pelo condutor";"Colisão traseira";"Com Vítimas Feridas";"Pleno dia";"Crescente";"Nublado";"Dupla";"Não Informado";"Não";3;0;3;0;0;0;3;2;-19,80901;-44,09493;"SR-MG";"DEL4/1";"UOP02/MG"
261313;2020-01-07;"terça-feira";"07:25:00";"MG";381;369;"SAO GONCALO DO RIO ABAIXO";"Desobediência às normas de trânsito pelo condutor";"Colisão lateral";"Com Vítimas Feridas";"Pleno dia";"Decrescente";"Céu Claro";"Simples";"Curva";"Não";4;0;2;0;2;0;2;2;-19,8513;-43,29306;"SR-MG";"DEL4/3";"UOP01/MG"
261314;2020-01-07;"terça-feira";"08:20:00";"RN";406;170,1;"SAO GONCALO DO AMARANTE";"Deficiência ou não Acionamento do Sistema de Iluminação/Sinalização do Veículo";"Colisão lateral";"Com Vítimas Feridas";"Pleno dia";"Crescente";"Céu Claro";"Dupla";"Reta";"Sim";3;0;2;0;1;0;2;2;-5,758721;-35,29922;"SR-RN";"DEL15/2";"UOP01/RN"
261315;2020-01-07;"terça-feira";"08:00:00";"PR";277;73,1;"SAO JOSE DOS PINHAIS";"Defeito Mecânico no Veículo";"Saída de leito carroçável";"Com Vítimas Feridas";"Pleno dia";"Decrescente";"Céu Claro";"Dupla";"Reta";"Sim";1;0;1;0;0;0;1;1;-25,50078;-49,15226;"SR-PR";"DEL7/1";"UOP01/PR"
261316;2020-01-07;"terça-feira";"08:00:00";"RN";101;66;"CEARA-MIRIM";"Velocidade Incompatível";"Colisão lateral";"Sem Vítimas";"Pleno dia";"Decrescente";"Sol";"Simples";"Não Informado";"Não";2;0;0;0;1;1;0;2;-5,650334;-35,25016;"SR-RN";"DEL15/2";"UOP01/RN"
261317;2020-01-07;"terça-feira";"07:00:00";"RN";427;96,9;"CAICO";"Desobediência às normas de trânsito pelo condutor";"Colisão lateral";"Com Vítimas Feridas";"Pleno dia";"Crescente";"Céu Claro";"Simples";"Reta";"Sim";2;0;0;1;1;0;1;2;-6,470531;-37,08439;"SR-RN";"DEL15/3";"UOP01/RN"
261318;2020-01-07;"terça-feira";"08:40:00";"ES";101;145;"LINHARES";"Defeito Mecânico no Veículo";"Engavetamento";"Sem Vítimas";"Pleno dia";"Crescente";"Céu Claro";"Dupla";"Reta";"Sim";5;0;0;0;5;0;0;3;-19,3609;-40,06464;"SR-ES";"DEL12/4";"UOP01/ES"
261319;2020-01-07;"terça-feira";"08:40:00";"TO";153;150;"ARAGUAINA";"Defeito Mecânico no Veículo";"Tombamento";"Com Vítimas Feridas";"Pleno dia";"Crescente";"Céu Claro";"Simples";"Reta";"Não";2;0;2;0;0;0;2;1;-7,248126;-48,25534;"SR-TO";"UOP04/TO";""
261320;2020-01-07;"terça-feira";"07:52:00";"PR";277;96,2;"CURITIBA";"Falta de Atenção à Condução";"Atropelamento de Pedestre";"Com Vítimas Feridas";"Pleno dia";"Crescente";"Céu Claro";"Simples";"Reta";"Sim";2;0;1;0;1;0;1;1;-25,43062;-49,33254;"SR-PR";"DEL7/1";"UOP04/PR"
261321;2020-01-07;"terça-feira";"09:00:00";"MG";40;700,3;"BARBACENA";"Velocidade Incompatível";"Tombamento";"Sem Vítimas";"Pleno dia";"Crescente";"Céu Claro";"Dupla";"Viaduto";"Sim";1;0;0;0;1;0;0;1;-21,17761;-43,75627;"SR-MG";"DEL5";"UOP02/MG"
261323;2020-01-07;"terça-feira";"08:05:00";"SC";101;134,4;"BALNEARIO CAMBORIU";"Falta de Atenção do Pedestre";"Atropelamento de Pedestre";"Com Vítimas Fatais";"Pleno dia";"Decrescente";"Céu Claro";"Dupla";"Reta";"Não";2;1;0;0;1;0;0;1;-27,00218;-48,63643;"SR-SC";"DEL8/4";"UOP03/SC"
261324;2020-01-07;"terça-feira";"08:50:00";"PB";230;137,6;"CAMPINA GRANDE";"Não guardar distância de segurança";"Colisão lateral";"Com Vítimas Feridas";"Pleno dia";"Crescente";"Céu Claro";"Dupla";"Não Informado";"Não";4;0;1;0;3;0;1;2;-7,2766;-35,7739;"SR-PB";"DEL14/2";"UOP01/PB"
261325;2020-01-07;"terça-feira";"08:50:00";"PR";476;129;"CURITIBA";"Não guardar distância de segurança";"Colisão lateral";"Com Vítimas Feridas";"Pleno dia";"Crescente";"Céu Claro";"Dupla";"Reta";"Sim";5;0;1;0;4;0;1;4;-25,44098;-49,23371;"SR-PR";"DEL7/1";"UOP06/PR"
261327;2020-01-07;"terça-feira";"10:00:00";"RJ";101;66;"CAMPOS DOS GOYTACAZES";"Mal Súbito";"Colisão lateral";"Com Vítimas Feridas";"Pleno dia";"Decrescente";"Sol";"Dupla";"Rotatória";"Sim";2;0;1;0;1;0;1;2;-21,76532;-41,34614;"SR-RJ";"DEL5/8";"UOP02/RJ"
261328;2020-01-07;"terça-feira";"10:00:00";"RJ";101;268,2;"RIO BONITO";"Falta de Atenção à Condução";"Colisão traseira";"Com Vítimas Feridas";"Pleno dia";"Crescente";"Céu Claro";"Dupla";"Reta";"Não";10;0;2;0;8;0;2;3;-22,74202;-42,62523;"SR-RJ";"DEL5/2";"UOP02/RJ"
261329;2020-01-07;"terça-feira";"10:05:00";"PR";116;126;"CURITIBA";"Falta de Atenção à Condução";"Colisão traseira";"Sem Vítimas";"Pleno dia";"Crescente";"Céu Claro";"Dupla";"Reta";"Sim";2;0;0;0;2;0;0;2;-25,6039;-49,31824;"SR-PR";"DEL7/1";"UOP03/PR"
261330;2020-01-07;"terça-feira";"10:31:00";"MG";40;250;"SAO GONCALO DO ABAETE";"Velocidade Incompatível";"Saída de leito carroçável";"Com Vítimas Feridas";"Pleno dia";"Decrescente";"Nublado";"Simples";"Reta";"Não";1;0;1;0;0;0;1;1;-18,11801;-45,44304;"SR-MG";"DEL4/14";"UOP02/MG"
261331;2020-01-07;"terça-feira";"10:30:00";"CE";116;5,8;"FORTALEZA";"Desobediência às normas de trânsito pelo condutor";"Colisão traseira";"Sem Vítimas";"Pleno dia";"Decrescente";"Céu Claro";"Simples";"Curva";"Sim";2;0;0;0;2;0;0;2;-3,794671;-38,50773;"SR-CE";"DEL16/1";"UOP02/CE"
261332;2020-01-07;"terça-feira";"09:30:00";"PI";343;560;"FLORIANO";"Condutor Dormindo";"Saída de leito carroçável";"Com Vítimas Feridas";"Pleno dia";"Crescente";"Céu Claro";"Simples";"Reta";"Não";5;0;5;0;0;0;5;1;-6,654274;-42,89146;"SR-PI";"DEL17/3";"UOP01/PI"
261333;2020-01-07;"terça-feira";"09:00:00";"RO";319;62,1;"PORTO VELHO";"Desobediência às normas de trânsito pelo condutor";"Colisão transversal";"Com Vítimas Feridas";"Pleno dia";"Crescente";"Céu Claro";"Dupla";"Reta";"Sim";4;0;0;1;2;1;1;3;-8,750447;-63,88803;"SR-RO";"DEL21/1";"UOP01/RO"
261334;2020-01-07;"terça-feira";"11:00:00";"PE";101;99;"CABO DE SANTO AGOSTINHO";"Falta de Atenção à Condução";"Colisão com objeto em movimento";"Com Vítimas Feridas";"Pleno dia";"Crescente";"Céu Claro";"Dupla";"Reta";"Sim";2;0;0;1;1;0;1;1;-8,260253;-35,0463;"SR-PE";"DEL11/1";"UOP03/PE"
261335;2020-01-07;"terça-feira";"09:15:00";"RS";470;327,8;"TRIUNFO";"Condutor Dormindo";"Saída de leito carroçável";"Com Vítimas Feridas";"Pleno dia";"Decrescente";"Céu Claro";"Simples";"Reta";"Não";1;0;1;0;0;0;1;1;-29,81675;-51,68593;"SR-RS";"DEL9/4";"UOP02/RS"
261336;2020-01-07;"terça-feira";"10:15:00";"RN";110;97,2;"UPANEMA";"Falta de Atenção à Condução";"Colisão traseira";"Com Vítimas Feridas";"Pleno dia";"Crescente";"Sol";"Simples";"Reta";"Não";2;0;1;0;1;0;1;2;-5,623542;-37,27205;"SR-RN";"DEL15/4";"UOP01/RN"
261337;2020-01-07;"terça-feira";"10:20:00";"MG";40;513;"RIBEIRAO DAS NEVES";"Falta de Atenção à Condução";"Colisão traseira";"Com Vítimas Feridas";"Pleno dia";"Crescente";"Céu Claro";"Dupla";"Reta";"Sim";3;0;1;0;2;0;1;3;-19,79705;-44,10805;"SR-MG";"DEL4/1";"UOP02/MG"
261338;2020-01-07;"terça-feira";"10:20:00";"MT";70;523;"VARZEA GRANDE";"Falta de Atenção à Condução";"Colisão com objeto em movimento";"Sem Vítimas";"Pleno dia";"Crescente";"Sol";"Simples";"Reta";"Sim";1;0;0;0;1;0;0;1;-15,65671;-56,18988;"SR-MT";"DEL2/4";"UOP02/MT"
261339;2020-01-07;"terça-feira";"11:40:00";"MG";116;115,5;"ITAOBIM";"Falta de Atenção à Condução";"Colisão frontal";"Com Vítimas Feridas";"Pleno dia";"Decrescente";"Sol";"Simples";"Retorno Regulamentado";"Sim";3;0;2;0;1;0;2;2;-16,55656;-41,50193;"SR-MG";"DEL4/11";"UOP02/MG"
261340;2020-01-07;"terça-feira";"12:40:00";"SC";470;179;"POUSO REDONDO";"Velocidade Incompatível";"Capotamento";"Com Vítimas Feridas";"Pleno dia";"Decrescente";"Chuva";"Simples";"Curva";"Sim";3;0;3;0;0;0;3;1;-27,24791;-49,97716;"SR-SC";"DEL8/4";"UOP02/SC"
261341;2020-01-07;"terça-feira";"12:15:00";"RJ";101;66;"CAMPOS DOS GOYTACAZES";"Falta de Atenção do Pedestre";"Atropelamento de Pedestre";"Com Vítimas Feridas";"Pleno dia";"Crescente";"Céu Claro";"Simples";"Reta";"Não";2;0;1;0;1;0;1;1;-21,7609;-41,34789;"SR-RJ";"DEL5/8";"UOP02/RJ"
261342;2020-01-07;"terça-feira";"11:55:00";"SC";280;125,3;"RIO NEGRINHO";"Desobediência às normas de trânsito pelo condutor";"Colisão transversal";"Com Vítimas Feridas";"Pleno dia";"Decrescente";"Nublado";"Simples";"Reta";"Sim";3;0;2;0;1;0;2;2;-26,23764;-49,48434;"SR-SC";"DEL8/6";"UOP03/SC"