"id";"data_inversa";"dia_semana";"horario";"uf";"br";"km";"municipio";"causa_acidente";"tipo_acidente";"classificacao_acidente";"fase_dia";"sentido_via";"condicao_metereologica";"tipo_pista";"tracado_via";"uso_solo";"pessoas";"mortos";"feridos_leves";"feridos_graves";"ilesos";"ignorados";"feridos";"veiculos";"latitude";"longitude";"regional";"delegacia";"uop"
261344;2020-01-07;"terça-feira";"13:10:00";"SC";101;210;"SAO JOSE";"Falta de Atenção à Condução";"Colisão lateral";"Com Vítimas Feridas";"Pleno dia";"Decrescente";"Nublado";"Dupla";"Reta";"Não";2;0;1;0;1;0;1;2;-27,61673;-48,64573;"SR-SC";"DEL8/1";"UOP01/SC"
261345;2020-01-07;"terça-feira";"13:20:00";"SC";470;2;"NAVEGANTES";"Falta de Atenção à Condução";"Colisão traseira";"Com Vítimas Feridas";"Pleno dia";"Crescente";"Nublado";"Dupla";"Retorno Regulamentado";"Sim";3;0;2;0;1;0;2;2;-26,86855;-48,67483;"SR-SC";"DEL8/4";"UOP04/SC"
261346;2020-01-07;"terça-feira";"13:20:00";"PE";232;14,8;"JABOATAO DOS GUARARAPES";"Falta de Atenção do Pedestre";"Atropelamento de Pedestre";"Com Vítimas Fatais";"Pleno dia";"Crescente";"Céu Claro";"Dupla";"Reta";"Sim";2;1;0;0;1;0;0;1;-8,090255;-35,02052;"SR-PE";"DEL11/1";"UOP01/PE"
261347;2020-01-07;"terça-feira";"13:00:00";"SE";235;49;"ITABAIANA";"Desobediência às normas de trânsito pelo condutor";"Colisão transversal";"Com Vítimas Feridas";"Pleno dia";"Decrescente";"Céu Claro";"Simples";"Interseção de vias";"Sim";3;0;3;0;0;0;3;2;-10,71622;-37,42167;"SR-SE";"DEL20/1";"UOP02/SE"
261348;2020-01-07;"terça-feira";"10:20:00";"PR";277;325,4;"GUARAPUAVA";"Velocidade Incompatível";"Tombamento";"Com Vítimas Feridas";"Pleno dia";"Crescente";"Nublado";"Simples";"Reta";"Não";1;0;1;0;0;0;1;1;-25,37143;-51,26201;"SR-PR";"DEL7/3";"UOP02/PR"
261349;2020-01-07;"terça-feira";"11:45:00";"SC";101;464;"PASSO DE TORRES";"Carga excessiva e/ou mal acondicionada";"Incêndio";"Sem Vítimas";"Pleno dia";"Crescente";"Sol";"Dupla";"Reta";"Não";1;0;0;0;1;0;0;1;-29,29207;-49,76148;"SR-RS";"DEL9/3";"UOP02/RS"
261350;2020-01-07;"terça-feira";"13:15:00";"PE";101;91;"CABO DE SANTO AGOSTINHO";"Defeito Mecânico no Veículo";"Colisão com objeto em movimento";"Com Vítimas Feridas";"Pleno dia";"Crescente";"Sol";"Dupla";"Reta";"Não";2;0;0;1;1;0;1;2;-8,223998;-34,9929;"SR-PE";"DEL11/1";"UOP03/PE"
261351;2020-01-07;"terça-feira";"13:52:00";"PR";376;458,9;"TIBAGI";"Falta de Atenção à Condução";"Saída de leito carroçável";"Sem Vítimas";"Pleno dia";"Crescente";"Chuva";"Dupla";"Curva";"Não";1;0;0;0;1;0;0;1;-24,99213;-50,36419;"SR-PR";"DEL7/3";"UOP01/PR"
261352;2020-01-07;"terça-feira";"13:00:00";"BA";324;623;"SALVADOR";"Falta de Atenção à Condução";"Colisão lateral";"Com Vítimas Feridas";"Pleno dia";"Crescente";"Céu Claro";"Dupla";"Reta";"Sim";2;0;1;0;1;0;1;2;-12,92629;-38,46839;"SR-BA";"DEL10/1";"UOP01/BA"
261353;2020-01-07;"terça-feira";"13:10:00";"MG";116;416,9;"GOVERNADOR VALADARES";"Desobediência às normas de trânsito pelo condutor";"Colisão lateral";"Com Vítimas Feridas";"Pleno dia";"Decrescente";"Céu Claro";"Simples";"Reta";"Sim";3;0;1;1;1;0;2;3;-18,89637;-41,94774;"SR-MG";"DEL4/6";"UOP01/MG"
261354;2020-01-07;"terça-feira";"13:00:00";"CE";222;0,5;"FORTALEZA";"Falta de Atenção à Condução";"Colisão lateral";"Com Vítimas Feridas";"Pleno dia";"Crescente";"Céu Claro";"Simples";"Reta";"Sim";3;0;1;0;2;0;1;2;-3,736774;-38,56923;"SR-CE";"DEL16/1";"UOP01/CE"
261356;2020-01-07;"terça-feira";"06:20:00";"GO";153;223;"URUACU";"Falta de Atenção à Condução";"Tombamento";"Com Vítimas Feridas";"Amanhecer";"Decrescente";"Nublado";"Simples";"Não Informado";"Não";1;0;0;1;0;0;1;1;-14,71075;-49,2253;"SR-GO";"DEL1/7";"UOP01/GO"
261357;2020-01-07;"terça-feira";"08:49:00";"PE";232;32,1;"MORENO";"Pista Escorregadia";"Capotamento";"Com Vítimas Feridas";"Pleno dia";"Decrescente";"Sol";"Dupla";"Reta";"Não";2;0;2;0;0;0;2;1;-8,105417;-35,16657;"SR-PE";"DEL11/1";"UOP04/PE"
261358;2020-01-07;"terça-feira";"14:30:00";"MG";116;688,5;"MURIAE";"Avarias e/ou desgaste excessivo no pneu";"Saída de leito carroçável";"Com Vítimas Feridas";"Pleno dia";"Crescente";"Chuva";"Simples";"Não Informado";"Não";1;0;1;0;0;0;1;1;-20,99437;-42,36072;"SR-MG";"DEL4/7";"UOP02/MG"
261359;2020-01-07;"terça-feira";"12:25:00";"SC";282;594;"SAUDADES";"Velocidade Incompatível";"Colisão lateral";"Com Vítimas Feridas";"Pleno dia";"Decrescente";"Nublado";"Simples";"Curva";"Não";2;0;1;0;1;0;1;2;-26,82791;-53,10872;"SR-SC";"DEL7";"UOP02/SC"
261360;2020-01-07;"terça-feira";"14:10:00";"SC";280;23,6;"ARAQUARI";"Falta de Atenção à Condução";"Colisão transversal";"Com Vítimas Feridas";"Pleno dia";"Crescente";"Céu Claro";"Simples";"Reta";"Não";2;0;0;1;1;0;1;2;-26,37146;-48,71189;"SR-SC";"DEL8/3";"UOP03/SC"
261361;2020-01-07;"terça-feira";"13:25:00";"SC";101;38,5;"JOINVILLE";"Não guardar distância de segurança";"Colisão traseira";"Sem Vítimas";"Pleno dia";"Crescente";"Sol";"Dupla";"Viaduto";"Sim";2;0;0;0;2;0;0;2;-26,25473;-48,90561;"SR-SC";"DEL8/3";"UOP01/SC"
261363;2020-01-07;"terça-feira";"14:00:00";"MG";40;696,3;"BARBACENA";"Avarias e/ou desgaste excessivo no pneu";"Saída de leito carroçável";"Com Vítimas Feridas";"Pleno dia";"Crescente";"Sol";"Simples";"Reta";"Não";3;0;0;1;2;0;1;1;-21,14688;-43,76443;"SR-MG";"DEL5";"UOP02/MG"
261364;2020-01-07;"terça-feira";"13:40:00";"MG";381;701,1;"LAVRAS";"Velocidade Incompatível";"Saída de leito carroçável";"Com Vítimas Feridas";"Pleno dia";"Crescente";"Nublado";"Dupla";"Não Informado";"Não";2;0;1;0;1;0;1;1;-21,28923;-45,14707;"SR-MG";"DEL4/4";"UOP02/MG"
261366;2020-01-07;"terça-feira";"14:00:00";"MG";381;435;"SABARA";"Falta de Atenção à Condução";"Colisão traseira";"Com Vítimas Feridas";"Pleno dia";"Crescente";"Garoa/Chuvisco";"Simples";"Desvio Temporário";"Não";4;0;1;0;3;0;1;3;-19,8001;-43,75771;"SR-MG";"DEL4/1";"UOP01/MG"
261367;2020-01-07;"terça-feira";"14:10:00";"CE";116;112,9;"BEBERIBE";"Falta de Atenção à Condução";"Colisão traseira";"Com Vítimas Fatais";"Pleno dia";"Crescente";"Nublado";"Simples";"Reta";"Não";7;1;1;2;2;1;3;2;-4,587685;-38,21878;"SR-CE";"DEL16/3";"UOP02/CE"
261369;2020-01-07;"terça-feira";"14:00:00";"MA";10;255;"IMPERATRIZ";"Desobediência às normas de trânsito pelo condutor";"Colisão transversal";"Com Vítimas Feridas";"Pleno dia";"Decrescente";"Chuva";"Simples";"Interseção de vias";"Sim";3;0;0;1;2;0;1;3;-5,506853;-47,47186;"SR-MA";"DEL18/4";"UOP01/MA"
261370;2020-01-07;"terça-feira";"15:00:00";"MG";381;439;"SABARA";"Velocidade Incompatível";"Saída de leito carroçável";"Com Vítimas Feridas";"Pleno dia";"Crescente";"Chuva";"Simples";"Curva";"Não";1;0;1;0;0;0;1;1;-19,80928;-43,78706;"SR-MG";"DEL4/1";"UOP01/MG"
261371;2020-01-07;"terça-feira";"15:00:00";"RJ";101;94;"CAMPOS DOS GOYTACAZES";"Defeito Mecânico no Veículo";"Incêndio";"Sem Vítimas";"Pleno dia";"Decrescente";"Céu Claro";"Dupla";"Reta";"Não";1;0;0;0;1;0;0;1;-21,86518;-41,53964;"SR-RJ";"DEL5/8";"UOP02/RJ"
261372;2020-01-07;"terça-feira";"14:00:00";"MS";158;41,4;"PARANAIBA";"Falta de Atenção à Condução";"Saída de leito carroçável";"Com Vítimas Feridas";"Pleno dia";"Decrescente";"Chuva";"Simples";"Reta";"Não";2;0;2;0;0;0;2;1;-19,30634;-51,44427;"SR-MS";"DEL3/8";"UOP01/MS"
261373;2020-01-07;"terça-feira";"15:20:00";"SC";101;210;"SAO JOSE";"Não guardar distância de segurança";"Colisão lateral";"Com Vítimas Feridas";"Pleno dia";"Decrescente";"Céu Claro";"Múltipla";"Reta";"Sim";2;0;0;1;1;0;1;2;-27,61673;-48,64573;"SR-SC";"DEL8/1";"UOP01/SC"
261374;2020-01-07;"terça-feira";"15:40:00";"PR";376;658;"TIJUCAS DO SUL";"Pista Escorregadia";"Queda de ocupante de veículo";"Com Vítimas Feridas";"Pleno dia";"Decrescente";"Garoa/Chuvisco";"Dupla";"Não Informado";"Não";2;0;1;0;1;0;1;2;-25,85301;-49,02166;"SR-PR";"DEL7/1";"UOP08/PR"
261375;2020-01-07;"terça-feira";"15:45:00";"RS";392;94,8;"PELOTAS";"Falta de Atenção à Condução";"Colisão lateral";"Com Vítimas Feridas";"Pleno dia";"Decrescente";"Céu Claro";"Múltipla";"Reta";"Não";4;0;0;1;1;2;1;2;-31,57568;-52,53742;"SR-RS";"DEL9/7";"UOP01/RS"
261376;2020-01-07;"terça-feira";"14:10:00";"MG";262;491,8;"MOEMA";"Agressão Externa";"Colisão transversal";"Com Vítimas Feridas";"Pleno dia";"Crescente";"Nublado";"Simples";"Reta";"Não";3;0;0;1;2;0;1;2;-19,78189;-45,35149;"SR-MG";"DEL4/8";"UOP03/MG"
261377;2020-01-07;"terça-feira";"15:10:00";"MS";163;81,9;"ITAQUIRAI";"Ultrapassagem Indevida";"Saída de leito carroçável";"Com Vítimas Fatais";"Pleno dia";"Decrescente";"Nublado";"Simples";"Não Informado";"Não";1;1;0;0;0;0;0;1;-23,44967;-54,19943;"SR-MS";"DEL3/09";"UOP01/MS"
261378;2020-01-07;"terça-feira";"16:26:00";"GO";153;598,3;"MORRINHOS";"Condutor Dormindo";"Saída de leito carroçável";"Com Vítimas Feridas";"Pleno dia";"Crescente";"Chuva";"Dupla";"Reta";"Não";4;0;1;0;3;0;1;1;-17,5354;-49,2128;"SR-GO";"DEL1/3";"UOP01/GO"
261379;2020-01-07;"terça-feira";"14:20:00";"RO";364;381,1;"OURO PRETO DO OESTE";"Não guardar distância de segurança";"Saída de leito carroçável";"Com Vítimas Feridas";"Pleno dia";"Decrescente";"Sol";"Simples";"Curva";"Não";1;0;1;0;0;0;1;1;-10,73029;-62,22944;"SR-RO";"DEL21/2";"UOP01/RO"
261380;2020-01-07;"terça-feira";"16:20:00";"PR";376;652;"TIJUCAS DO SUL";"Velocidade Incompatível";"Capotamento";"Com Vítimas Feridas";"Pleno dia";"Crescente";"Chuva";"Dupla";"Curva";"Não";2;0;1;0;1;0;1;1;-25,84616;-49,06888;"SR-PR";"DEL7/1";"UOP08/PR"
261382;2020-01-07;"terça-feira";"15:00:00";"GO";60;181,7;"ABADIA DE GOIAS";"Velocidade Incompatível";"Saída de leito carroçável";"Com Vítimas Feridas";"Pleno dia";"Decrescente";"Chuva";"Dupla";"Não Informado";"Não";2;0;2;0;0;0;2;1;-16,7709;-49,4844;"SR-GO";"DEL1/1";"UOP02/GO"
261383;2020-01-07;"terça-feira";"17:05:00";"PE";101;60,9;"RECIFE";"Desobediência às normas de trânsito pelo condutor";"Colisão lateral";"Com Vítimas Feridas";"Pleno dia";"Crescente";"Nublado";"Dupla";"Curva";"Sim";4;0;2;0;2;0;2;3;-7,983443;-34,93177;"SR-PE";"DEL11/1";"UOP02/PE"
261385;2020-01-07;"terça-feira";"13:20:00";"BA";330;860,3;"BARRA DO ROCHA";"Falta de Atenção à Condução";"Colisão frontal";"Com Vítimas Feridas";"Pleno dia";"Crescente";"Céu Claro";"Simples";"Reta";"Não";2;0;1;0;1;0;1;2;-14,21017;-39,57849;"SR-BA";"DEL10/5";"UOP01/BA"
261386;2020-01-07;"terça-feira";"15:30:00";"SC";280;57,9;"GUARAMIRIM";"Falta de Atenção à Condução";"Colisão transversal";"Com Vítimas Feridas";"Pleno dia";"Decrescente";"Céu Claro";"Simples";"Reta";"Sim";3;0;1;0;2;0;1;2;-26,47434;-49,02117;"SR-SC";"DEL8/3";"UOP03/SC"
261388;2020-01-07;"terça-feira";"08:30:00";"SC";280;28;"ARAQUARI";"Falta de Atenção à Condução";"Colisão transversal";"Com Vítimas Feridas";"Pleno dia";"Crescente";"Céu Claro";"Simples";"Reta";"Não";2;0;1;0;1;0;1;2;-26,4045;-48,74561;"SR-SC";"DEL8/3";"UOP03/SC"
261389;2020-01-07;"terça-feira";"15:50:00";"BA";242;797;"BARREIRAS";"Mal Súbito";"Colisão frontal";"Com Vítimas Fatais";"Pleno dia";"Decrescente";"Céu Claro";"Simples";"Reta";"Não";2;1;0;1;0;0;1;2;-12,16483;-44,85908;"SR-BA";"DEL10/10";"UOP01/BA"
261390;2020-01-07;"terça-feira";"15:30:00";"MG";262;38,9;"MANHUACU";"Ultrapassagem Indevida";"Colisão transversal";"Com Vítimas Feridas";"Pleno dia";"Decrescente";"Nublado";"Simples";"Reta";"Não";2;0;1;0;1;0;1;2;-20,26306;-42,03685;"SR-MG";"DEL4/6";"UOP04/MG"
261391;2020-01-07;"terça-feira";"16:50:00";"PR";116;126;"FAZENDA RIO GRANDE";"Falta de Atenção à Condução";"Colisão traseira";"Com Vítimas Feridas";"Pleno dia";"Decrescente";"Chuva";"Dupla";"Reta";"Sim";2;0;1;0;1;0;1;2;-25,6039;-49,31824;"SR-PR";"DEL7/1";"UOP03/PR"
261392;2020-01-07;"terça-feira";"17:00:00";"CE";304;53,2;"ARACATI";"Falta de Atenção à Condução";"Colisão lateral";"Com Vítimas Feridas";"Pleno dia";"Decrescente";"Céu Claro";"Simples";"Interseção de vias";"Não";3;0;1;0;2;0;1;2;-4,574024;-37,73636;"SR-CE";"DEL16/3";"UOP03/CE"
261393;2020-01-07;"terça-feira";"16:20:00";"PI";316;32;"DEMERVAL LOBAO";"Ingestão de Álcool";"Saída de leito carroçável";"Com Vítimas Feridas";"Pleno dia";"Decrescente";"Céu Claro";"Simples";"Reta";"Sim";2;0;1;0;1;0;1;1;-5,34218;-42,68627;"SR-PI";"DEL17/1";"UOP02/PI"
261394;2020-01-07;"terça-feira";"17:40:00";"TO";153;249,2;"COLINAS DO TOCANTINS";"Velocidade Incompatível";"Tombamento";"Com Vítimas Feridas";"Pleno dia";"Crescente";"Céu Claro";"Múltipla";"Curva";"Sim";2;0;1;0;1;0;1;1;-8,070951;-48,46698;"SR-TO";"UOP03/TO";""
261395;2020-01-07;"terça-feira";"18:25:00";"SP";116;387,9;"MIRACATU";"Falta de Atenção à Condução";"Colisão traseira";"Com Vítimas Feridas";"Pleno dia";"Decrescente";"Nublado";"Dupla";"Reta";"Sim";2;0;0;1;1;0;1;2;-24,26559;-47,38859;"SR-SP";"DEL6/4";"UOP03/SP"
261396;2020-01-07;"terça-feira";"18:40:00";"PE";101;42,7;"IGARASSU";"Agressão Externa";"Saída de leito carroçável";"Com Vítimas Feridas";"Plena Noite";"Decrescente";"Céu Claro";"Múltipla";"Reta";"Sim";4;0;4;0;0;0;4;1;-7,838874;-34,91197;"SR-PE";"DEL11/1";"UOP02/PE"
261397;2020-01-07;"terça-feira";"16:55:00";"PR";376;474,8;"PONTA GROSSA";"Velocidade Incompatível";"Saída de leito carroçável";"Com Vítimas Feridas";"Pleno dia";"Decrescente";"Garoa/Chuvisco";"Dupla";"Curva";"Não";2;0;0;1;1;0;1;1;-25,04787;-50,23558;"SR-PR";"DEL7/3";"UOP01/PR"
261398;2020-01-07;"terça-feira";"17:00:00";"BA";101;814,1;"ITAMARAJU";"Ultrapassagem Indevida";"Colisão com objeto estático";"Sem Vítimas";"Pleno dia";"Decrescente";"Céu Claro";"Simples";"Reta";"Não";2;0;0;0;2;0;0;2;-17,06426;-39,55545;"SR-BA";"DEL10/9";"UOP01/BA"
261399;2020-01-07;"terça-feira";"19:20:00";"PB";230;7,5;"CABEDELO";"Falta de Atenção à Condução";"Colisão lateral";"Com Vítimas Feridas";"Plena Noite";"Crescente";"Céu Claro";"Múltipla";"Não Informado";"Sim";2;0;1;0;0;1;1;2;-7,026;-34,8385;"SR-PB";"DEL14/1";"UOP01/PB"
261400;2020-01-07;"terça-feira";"13:45:00";"PR";376;323;"ORTIGUEIRA";"Carga excessiva e/ou mal acondicionada";"Tombamento";"Com Vítimas Feridas";"Pleno dia";"Crescente";"Chuva";"Simples";"Curva";"Não";2;0;1;0;1;0;1;1;-24,07454;-51,05832;"SR-PR";"DEL7/7";"UOP02/PR"
261401;2020-01-07;"terça-feira";"20:00:00";"RJ";116;271;"BARRA MANSA";"Defeito Mecânico no Veículo";"Incêndio";"Sem Vítimas";"Plena Noite";"Decrescente";"Nublado";"Simples";"Curva";"Sim";1;0;0;0;1;0;0;1;-22,56088;-44,12224;"SR-RJ";"DEL5/7";"UOP02/RJ"
261402;2020-01-07;"terça-feira";"19:05:00";"RN";304;47,9;"MOSSORO";"Desobediência às normas de trânsito pelo condutor";"Colisão transversal";"Com Vítimas Feridas";"Plena Noite";"Decrescente";"Céu Claro";"Dupla";"Reta";"Sim";3;0;1;0;1;1;1;3;-5,228272;-37,32202;"SR-RN";"DEL15/4";"UOP01/RN"
261403;2020-01-07;"terça-feira";"22:40:00";"MS";163;152;"JUTI";"Animais na Pista";"Atropelamento de Animal";"Sem Vítimas";"Plena Noite";"Decrescente";"Céu Claro";"Simples";"Reta";"Não";1;0;0;0;1;0;0;1;-22,95405;-54,4458;"SR-MS";"DEL3/09";"UOP01/MS"
261404;2020-01-07;"terça-feira";"19:10:00";"PR";376;652;"TIJUCAS DO SUL";"Velocidade Incompatível";"Capotamento";"Com Vítimas Feridas";"Anoitecer";"Crescente";"Chuva";"Dupla";"Não Informado";"Não";1;0;1;0;0;0;1;1;-25,84238;-49,0576;"SR-PR";"DEL7/1";"UOP08/PR"
261405;2020-01-07;"terça-feira";"22:00:00";"SP";116;519;"CAJATI";"Falta de Atenção à Condução";"Atropelamento de Pedestre";"Com Vítimas Fatais";"Plena Noite";"Crescente";"Garoa/Chuvisco";"Dupla";"Reta";"Não";2;1;0;0;1;0;0;1;-24,88932;-48,23326;"SR-SP";"DEL6/5";"UOP03/SP"
261407;2020-01-07;"terça-feira";"22:35:00";"RN";406;125;"POCO BRANCO";"Animais na Pista";"Atropelamento de Animal";"Com Vítimas Feridas";"Plena Noite";"Crescente";"Céu Claro";"Simples";"Reta";"Não";1;0;1;0;0;0;1;1;-5,59708;-35,6245;"SR-RN";"DEL15/2";"UOP01/RN"
261408;2020-01-07;"terça-feira";"23:40:00";"RN";406;110,8;"POCO BRANCO";"Animais na Pista";"Capotamento";"Com Vítimas Feridas";"Plena Noite";"Decrescente";"Nublado";"Simples";"Reta";"Não";4;0;1;0;3;0;1;1;-5,556798;-35,75381;"SR-RN";"DEL15/2";"UOP01/RN"
261409;2020-01-08;"quarta-feira";"00:15:00";"TO";153;334,2;"GUARAI";"Falta de Atenção à Condução";"Atropelamento de Pedestre";"Com Vítimas Feridas";"Plena Noite";"Crescente";"Nublado";"Simples";"Reta";"Sim";2;0;1;0;1;0;1;1;-8,837718;-48,51171;"SR-TO";"UOP03/TO";""
261411;2020-01-07;"terça-feira";"20:20:00";"MG";262;501,3;"LUZ";"Ultrapassagem Indevida";"Colisão frontal";"Com Vítimas Feridas";"Plena Noite";"Decrescente";"Céu Claro";"Simples";"Ponte";"Não";8;0;2;6;0;0;8;2;-19,78309;-45,44643;"SR-MG";"DEL4/8";"UOP03/MG"
261412;2020-01-07;"terça-feira";"23:40:00";"RS";290;89;"PORTO ALEGRE";"Falta de Atenção à Condução";"Saída de leito carroçável";"Com Vítimas Feridas";"Pleno dia";"Decrescente";"Céu Claro";"Simples";"Reta";"Sim";1;0;0;1;0;0;1;1;-29,96789;-51,14733;"SR-RS";"DEL9/1";"UOP01/RS"
261414;2020-01-07;"terça-feira";"23:47:00";"SC";101;162;"TIJUCAS";"Desobediência às normas de trânsito pelo condutor";"Colisão traseira";"Sem Vítimas";"Plena Noite";"Decrescente";"Nublado";"Simples";"Reta";"Sim";2;0;0;0;2;0;0;2;-27,22554;-48,62794;"SR-SC";"DEL8/4";"UOP03/SC"
261415;2020-01-07;"terça-feira";"18:30:00";"RO";364;396;"OURO PRETO DO OESTE";"Defeito Mecânico no Veículo";"Saída de leito carroçável";"Com Vítimas Feridas";"Anoitecer";"Crescente";"Nublado";"Simples";"Desvio Temporário";"Não";1;0;1;0;0;0;1;1;-10,63143;-62,32007;"SR-RO";"DEL21/3";"UOP02/RO"
261416;2020-01-07;"terça-feira";"16:35:00";"MG";365;87;"JEQUITAI";"Condutor Dormindo";"Colisão com objeto estático";"Sem Vítimas";"Pleno dia";"Decrescente";"Nublado";"Simples";"Reta";"Não";1;0;0;0;1;0;0;1;-17,18108;-44,42674;"SR-MG";"DEL4/12";"UOP01/MG"
261417;2020-01-07;"terça-feira";"19:30:00";"PB";412;53,5;"SAO JOAO DO CARIRI";"Falta de Atenção à Condução";"Colisão traseira";"Com Vítimas Fatais";"Plena Noite";"Decrescente";"Chuva";"Simples";"Não Informado";"Não";6;2;1;2;1;0;3;2;-7,36929;-36,51078;"SR-PB";"DEL14/2";"UOP02/PB"
261418;2020-01-08;"quarta-feira";"01:30:00";"PR";277;5;"PARANAGUA";"Falta de Atenção à Condução";"Colisão lateral";"Com Vítimas Feridas";"Plena Noite";"Decrescente";"Garoa/Chuvisco";"Dupla";"Reta";"Sim";2;0;1;0;1;0;1;2;-25,5205;-48,5095;"SR-PR";"DEL7/1";"UOP07/PR"
261419;2020-01-07;"terça-feira";"10:15:00";"RS";158;334;"SANTA MARIA";"Falta de Atenção à Condução";"Colisão transversal";"Com Vítimas Feridas";"Pleno dia";"Crescente";"Céu Claro";"Simples";"Reta";"Não";2;0;1;0;1;0;1;2;-29,70751;-53,87442;"SR-RS";"DEL9/9";"UOP01/RS"
261421;2020-01-08;"quarta-feira";"03:50:00";"BA";324;605,3;"SIMOES FILHO";"Animais na Pista";"Atropelamento de Animal";"Sem Vítimas";"Plena Noite";"Decrescente";"Céu Claro";"Dupla";"Reta";"Sim";4;0;0;0;4;0;0;1;-12,78605;-38,40973;"SR-BA";"DEL10/1";"UOP01/BA"
261422;2020-01-08;"quarta-feira";"03:20:00";"BA";116;780;"PLANALTO";"Condutor Dormindo";"Saída de leito carroçável";"Com Vítimas Fatais";"Plena Noite";"Decrescente";"Nublado";"Simples";"Reta";"Não";2;1;1;0;0;0;1;1;-14,67661;-40,50423;"SR-BA";"DEL10/8";"UOP02/BA"
261423;2020-01-07;"terça-feira";"14:15:00";"SC";101;381;"ICARA";"Pista Escorregadia";"Colisão com objeto estático";"Com Vítimas Feridas";"Pleno dia";"Decrescente";"Chuva";"Múltipla";"Não Informado";"Sim";2;0;2;0;0;0;2;1;-28,75478;-49,27732;"SR-SC";"DEL8/2";"UOP02/SC"
261424;2020-01-08;"quarta-feira";"04:45:00";"RS";290;49;"GLORINHA";"Falta de Atenção à Condução";"Saída de leito carroçável";"Com Vítimas Feridas";"Plena Noite";"Crescente";"Céu Claro";"Múltipla";"Reta";"Não";1;0;1;0;0;0;1;1;-29,90262;-50,74844;"SR-RS";"DEL9/3";"UOP01/RS"
261425;2020-01-07;"terça-feira";"20:40:00";"BA";101;695,5;"EUNAPOLIS";"Falta de Atenção do Pedestre";"Atropelamento de Pedestre";"Com Vítimas Fatais";"Plena Noite";"Crescente";"Céu Claro";"Simples";"Curva";"Não";3;1;0;0;2;0;0;1;-16,24863;-39,59953;"SR-BA";"DEL10/9";"UOP01/BA"
261426;2020-01-07;"terça-feira";"16:00:00";"RS";158;327;"SANTA MARIA";"Falta de Atenção à Condução";"Colisão transversal";"Com Vítimas Feridas";"Pleno dia";"Decrescente";"Céu Claro";"Simples";"Interseção de vias";"Sim";2;0;1;0;1;0;1;2;-29,71495;-53,81083;"SR-RS";"DEL9/9";"UOP01/RS"
261427;2020-01-08;"quarta-feira";"03:50:00";"MG";381;869;"POUSO ALEGRE";"Condutor Dormindo";"Colisão traseira";"Com Vítimas Feridas";"Plena Noite";"Crescente";"Nublado";"Dupla";"Não Informado";"Não";2;0;0;1;1;0;1;2;-22,38364;-45,949;"SR-MG";"DEL09";"UOP01/MG"
261428;2020-01-08;"quarta-feira";"01:20:00";"PR";116;113,9;"CURITIBA";"Defeito Mecânico no Veículo";"Saída de leito carroçável";"Com Vítimas Feridas";"Plena Noite";"Crescente";"Céu Claro";"Dupla";"Reta";"Não";1;0;1;0;0;0;1;1;-25,54729;-49,28933;"SR-PR";"DEL7/1";"UOP04/PR"
261429;2020-01-07;"terça-feira";"20:30:00";"RS";116;115,9;"SAO MARCOS";"Desobediência às normas de trânsito pelo condutor";"Colisão lateral";"Com Vítimas Feridas";"Plena Noite";"Crescente";"Céu Claro";"Simples";"Reta";"Sim";2;0;1;0;1;0;1;2;-28,9712;-51,0722;"SR-RS";"DEL9/5";"UOP01/RS"
261430;2020-01-08;"quarta-feira";"05:10:00";"RS";290;60;"GRAVATAI";"Condutor Dormindo";"Saída de leito carroçável";"Com Vítimas Feridas";"Plena Noite";"Crescente";"Céu Claro";"Dupla";"Curva";"Não";2;0;2;0;0;0;2;1;-29,92451;-50,85853;"SR-RS";"DEL9/3";"UOP01/RS"
261431;2020-01-07;"terça-feira";"18:25:00";"SP";116;227,7;"SAO PAULO";"Falta de Atenção à Condução";"Colisão lateral";"Sem Vítimas";"Anoitecer";"Decrescente";"Céu Claro";"Múltipla";"Reta";"Sim";2;0;0;0;2;0;0;2;-23,49659;-46,55649;"SR-SP";"DEL6/1";"UOP01/SP"
261432;2020-01-08;"quarta-feira";"05:40:00";"ES";259;50;"COLATINA";"Falta de Atenção à Condução";"Queda de ocupante de veículo";"Sem Vítimas";"Amanhecer";"Crescente";"Céu Claro";"Simples";"Reta";"Sim";1;0;0;0;0;1;0;1;-19,5101;-40,60615;"SR-ES";"DEL12/2";"UOP01/ES"
261433;2020-01-08;"quarta-feira";"05:00:00";"PB";101;14,9;"MAMANGUAPE";"Condutor Dormindo";"Saída de leito carroçável";"Com Vítimas Feridas";"Pleno dia";"Decrescente";"Céu Claro";"Dupla";"Reta";"Não";1;0;1;0;0;0;1;1;-6,617138;-35,13804;"SR-PB";"DEL14/1";"UOP03/PB"
261434;2020-01-08;"quarta-feira";"03:00:00";"TO";153;550;"NOVA ROSALANDIA";"Ingestão de Álcool";"Colisão traseira";"Com Vítimas Feridas";"Plena Noite";"Crescente";"Nublado";"Simples";"Reta";"Não";4;0;1;2;0;1;3;2;-10,65403;-48,90913;"SR-TO";"UOP02/TO";""
261436;2020-01-07;"terça-feira";"22:50:00";"GO";60;383;"RIO VERDE";"Falta de Atenção à Condução";"Colisão com objeto em movimento";"Com Vítimas Feridas";"Plena Noite";"Crescente";"Céu Claro";"Dupla";"Reta";"Sim";2;0;2;0;0;0;2;2;-17,7845;-50,9002;"SR-GO";"DEL1/4";"UOP01/GO"
261439;2020-01-08;"quarta-feira";"06:30:00";"SP";116;272,8;"TABOAO DA SERRA";"Falta de Atenção à Condução";"Colisão lateral";"Com Vítimas Feridas";"Pleno dia";"Crescente";"Sol";"Simples";"Não Informado";"Sim";2;0;1;0;1;0;1;2;-23,61471;-46,78802;"SR-SP";"DEL6/4";"UOP01/SP"