"id";"data_inversa";"dia_semana";"horario";"uf";"br";"km";"municipio";"causa_acidente";"tipo_acidente";"classificacao_acidente";"fase_dia";"sentido_via";"condicao_metereologica";"tipo_pista";"tracado_via";"uso_solo";"pessoas";"mortos";"feridos_leves";"feridos_graves";"ilesos";"ignorados";"feridos";"veiculos";"latitude";"longitude";"regional";"delegacia";"uop"
261529;2020-01-08;"quarta-feira";"14:12:00";"SC";101;263,9;"GAROPABA";"Falta de Atenção à Condução";"Saída de leito carroçável";"Com Vítimas Feridas";"Pleno dia";"Decrescente";"Nublado";"Dupla";"Reta";"Não";3;0;1;1;1;0;2;1;-28,0431;-48,71351;"SR-SC";"DEL8/2";"UOP03/SC"
261530;2020-01-08;"quarta-feira";"15:15:00";"RS";386;344,8;"LAJEADO";"Desobediência às normas de trânsito pelo condutor";"Colisão transversal";"Com Vítimas Feridas";"Pleno dia";"Decrescente";"Céu Claro";"Simples";"Interseção de vias";"Sim";2;0;1;0;1;0;1;2;-29,43927;-51,99363;"SR-RS";"DEL9/4";"UOP01/RS"
261531;2020-01-08;"quarta-feira";"14:00:00";"MS";163;462;"CAMPO GRANDE";"Falta de Atenção à Condução";"Tombamento";"Com Vítimas Feridas";"Pleno dia";"Crescente";"Céu Claro";"Simples";"Reta";"Não";2;0;2;0;0;0;2;1;-20,62069;-54,57427;"SR-MS";"DEL3/1";"UOP01/MS"
261532;2020-01-08;"quarta-feira";"15:00:00";"MG";40;526;"CONTAGEM";"Falta de Atenção à Condução";"Colisão lateral";"Com Vítimas Feridas";"Pleno dia";"Crescente";"Céu Claro";"Simples";"Reta";"Sim";2;0;1;0;1;0;1;2;-19,89255;-44,04985;"SR-MG";"DEL4/1";"UOP02/MG"
261533;2020-01-08;"quarta-feira";"14:10:00";"MS";163;615,5;"SAO GABRIEL DO OESTE";"Falta de Atenção à Condução";"Colisão transversal";"Com Vítimas Feridas";"Pleno dia";"Crescente";"Nublado";"Simples";"Reta";"Sim";2;0;2;0;0;0;2;2;-19,39851;-54,5658;"SR-MS";"DEL3/6";"UOP02/MS"
261534;2020-01-08;"quarta-feira";"15:50:00";"ES";101;288,4;"CARIACICA";"Falta de Atenção à Condução";"Queda de ocupante de veículo";"Com Vítimas Feridas";"Pleno dia";"Crescente";"Sol";"Dupla";"Reta";"Sim";3;0;2;0;1;0;2;2;-20,2716;-40,39092;"SR-ES";"DEL12/1";"UOP01/ES"
261535;2020-01-08;"quarta-feira";"15:30:00";"MG";251;472,4;"FRANCISCO SA";"Velocidade Incompatível";"Saída de leito carroçável";"Com Vítimas Feridas";"Pleno dia";"Crescente";"Chuva";"Simples";"Não Informado";"Não";1;0;1;0;0;0;1;1;-16,46691;-43,43948;"SR-MG";"DEL4/12";"UOP01/MG"
261537;2020-01-08;"quarta-feira";"14:15:00";"MT";163;713;"SORRISO";"Pista Escorregadia";"Saída de leito carroçável";"Com Vítimas Feridas";"Pleno dia";"Crescente";"Chuva";"Simples";"Reta";"Não";2;0;1;0;1;0;1;1;-12,97938;-55,87859;"SR-MT";"DEL2/6";"UOP01/MT"
261538;2020-01-08;"quarta-feira";"15:30:00";"DF";60;2,3;"BRASILIA";"Desobediência às normas de trânsito pelo condutor";"Colisão traseira";"Com Vítimas Feridas";"Pleno dia";"Crescente";"Céu Claro";"Dupla";"Reta";"Sim";2;0;1;0;1;0;1;2;-15,88738;-48,07799;"SR-DF";"UOP03/DF";""
261539;2020-01-08;"quarta-feira";"14:50:00";"SC";101;25;"JOINVILLE";"Falta de Atenção à Condução";"Colisão com objeto estático";"Sem Vítimas";"Pleno dia";"Crescente";"Nublado";"Simples";"Reta";"Sim";1;0;0;0;1;0;0;1;-26,18347;-48,91059;"SR-SC";"DEL8/3";"UOP01/SC"
261541;2020-01-08;"quarta-feira";"16:00:00";"PI";343;338,1;"TERESINA";"Desobediência às normas de trânsito pelo condutor";"Colisão lateral";"Com Vítimas Feridas";"Pleno dia";"Crescente";"Céu Claro";"Dupla";"Não Informado";"Sim";2;0;0;1;1;0;1;2;-5,063362;-42,72291;"SR-PI";"DEL17/1";"UOP01/PI"
261542;2020-01-08;"quarta-feira";"15:05:00";"RS";116;220;"DOIS IRMAOS";"Falta de Atenção à Condução";"Colisão lateral";"Com Vítimas Feridas";"Pleno dia";"Decrescente";"Céu Claro";"Simples";"Reta";"Não";3;0;1;0;2;0;1;2;-29,56492;-51,09189;"SR-RS";"DEL9/1";"UOP02/RS"
261543;2020-01-08;"quarta-feira";"16:35:00";"SP";116;42,9;"CACHOEIRA PAULISTA";"Avarias e/ou desgaste excessivo no pneu";"Tombamento";"Com Vítimas Feridas";"Pleno dia";"Crescente";"Chuva";"Dupla";"Reta";"Não";2;0;1;0;1;0;1;2;-22,69182;-45,0224;"SR-SP";"DEL6/8";"UOP01/SP"
261545;2020-01-08;"quarta-feira";"16:38:00";"PR";376;666;"GUARATUBA";"Velocidade Incompatível";"Colisão com objeto estático";"Com Vítimas Fatais";"Pleno dia";"Crescente";"Garoa/Chuvisco";"Simples";"Não Informado";"Não";1;1;0;0;0;0;0;1;-25,86756;-48,94821;"SR-PR";"DEL7/1";"UOP08/PR"
261546;2020-01-08;"quarta-feira";"16:50:00";"MG";381;711,4;"CARMO DA CACHOEIRA";"Pista Escorregadia";"Capotamento";"Com Vítimas Feridas";"Pleno dia";"Decrescente";"Chuva";"Dupla";"Curva";"Não";2;0;1;1;0;0;2;1;-21,39314;-45,19816;"SR-MG";"DEL4/4";"UOP02/MG"
261547;2020-01-08;"quarta-feira";"17:00:00";"ES";101;296;"CARIACICA";"Desobediência às normas de trânsito pelo condutor";"Colisão lateral";"Com Vítimas Feridas";"Anoitecer";"Crescente";"Sol";"Múltipla";"Reta";"Sim";2;0;1;0;1;0;1;2;-20,3403;-40,40406;"SR-ES";"DEL12/1";"UOP01/ES"
261548;2020-01-08;"quarta-feira";"14:00:00";"SC";116;308,8;"CAPAO ALTO";"Carga excessiva e/ou mal acondicionada";"Tombamento";"Com Vítimas Feridas";"Pleno dia";"Decrescente";"Céu Claro";"Simples";"Não Informado";"Não";1;0;1;0;0;0;1;1;-28,19713;-50,7589;"SR-SC";"DEL8/5";"UOP02/SC"
261549;2020-01-08;"quarta-feira";"15:55:00";"MG";40;610,9;"CONGONHAS";"Pista Escorregadia";"Colisão com objeto estático";"Com Vítimas Feridas";"Pleno dia";"Crescente";"Chuva";"Simples";"Curva";"Sim";1;0;1;0;0;0;1;1;-20,50198;-43,8384;"SR-MG";"DEL5";"UOP02/MG"
261550;2020-01-08;"quarta-feira";"16:00:00";"MT";364;202,8;"RONDONOPOLIS";"Falta de Atenção à Condução";"Tombamento";"Com Vítimas Feridas";"Pleno dia";"Decrescente";"Chuva";"Dupla";"Viaduto";"Sim";2;0;2;0;0;0;2;1;-16,48347;-54,6497;"SR-MT";"DEL2/2";"UOP01/MT"
261551;2020-01-08;"quarta-feira";"16:00:00";"BA";101;363,9;"GANDU";"Velocidade Incompatível";"Saída de leito carroçável";"Com Vítimas Feridas";"Pleno dia";"Decrescente";"Céu Claro";"Simples";"Curva";"Não";1;0;1;0;0;0;1;1;-13,85684;-39,49253;"SR-BA";"DEL10/5";"UOP03/BA"
261552;2020-01-08;"quarta-feira";"17:10:00";"CE";116;320;"JAGUARIBE";"Desobediência às normas de trânsito pelo condutor";"Colisão lateral";"Sem Vítimas";"Pleno dia";"Crescente";"Nublado";"Simples";"Não Informado";"Não";6;0;0;0;6;0;0;2;-5,989314;-38,62827;"SR-CE";"DEL16/5";"UOP02/CE"
261553;2020-01-08;"quarta-feira";"18:00:00";"MA";316;564;"CAXIAS";"Ultrapassagem Indevida";"Colisão lateral";"Sem Vítimas";"Anoitecer";"Decrescente";"Céu Claro";"Simples";"Reta";"Não";6;0;0;0;6;0;0;4;-4,900841;-43,25031;"SR-MA";"DEL18/3";"UOP02/MA"
261556;2020-01-08;"quarta-feira";"17:40:00";"RS";386;363,8;"BOM RETIRO DO SUL";"Falta de Atenção à Condução";"Colisão traseira";"Com Vítimas Feridas";"Pleno dia";"Crescente";"Céu Claro";"Dupla";"Curva";"Não";6;0;5;0;1;0;5;2;-29,5604;-51,88206;"SR-RS";"DEL9/4";"UOP02/RS"
261557;2020-01-08;"quarta-feira";"18:10:00";"RS";116;521;"PELOTAS";"Desobediência às normas de trânsito pelo condutor";"Colisão transversal";"Sem Vítimas";"Pleno dia";"Crescente";"Céu Claro";"Dupla";"Interseção de vias";"Sim";2;0;0;0;2;0;0;2;-31,70752;-52,36801;"SR-RS";"DEL9/7";"UOP01/RS"
261558;2020-01-08;"quarta-feira";"16:00:00";"RJ";101;415;"MANGARATIBA";"Desobediência às normas de trânsito pelo condutor";"Saída de leito carroçável";"Sem Vítimas";"Pleno dia";"Decrescente";"Chuva";"Dupla";"Curva";"Não";2;0;0;0;2;0;0;1;-22,90433;-43,88181;"SR-RJ";"DEL5/3";"UOP01/RJ"
261560;2020-01-08;"quarta-feira";"18:15:00";"SP";116;212;"GUARULHOS";"Falta de Atenção à Condução";"Saída de leito carroçável";"Com Vítimas Feridas";"Plena Noite";"Crescente";"Chuva";"Múltipla";"Reta";"Sim";1;0;1;0;0;0;1;1;-23,43608;-46,42805;"SR-SP";"DEL6/1";"UOP01/SP"
261561;2020-01-08;"quarta-feira";"18:30:00";"PE";101;85,9;"JABOATAO DOS GUARARAPES";"Animais na Pista";"Atropelamento de Animal";"Com Vítimas Feridas";"Plena Noite";"Crescente";"Céu Claro";"Dupla";"Reta";"Não";1;0;1;0;0;0;1;1;-8,180656;-34,95965;"SR-PE";"DEL11/1";"UOP03/PE"
261562;2020-01-08;"quarta-feira";"18:40:00";"RJ";101;310,1;"SAO GONCALO";"Pista Escorregadia";"Colisão lateral";"Com Vítimas Feridas";"Plena Noite";"Crescente";"Garoa/Chuvisco";"Dupla";"Reta";"Sim";2;0;1;0;1;0;1;2;-22,79751;-43,04515;"SR-RJ";"DEL5/2";"UOP01/RJ"
261563;2020-01-08;"quarta-feira";"17:12:00";"PR";476;119;"COLOMBO";"Falta de Atenção à Condução";"Colisão traseira";"Sem Vítimas";"Pleno dia";"Crescente";"Nublado";"Dupla";"Não Informado";"Sim";3;0;0;0;2;1;0;3;-25,3642;-49,18583;"SR-PR";"DEL7/1";"UOP06/PR"
261565;2020-01-08;"quarta-feira";"14:00:00";"PB";230;476;"SOUSA";"Velocidade Incompatível";"Saída de leito carroçável";"Com Vítimas Feridas";"Pleno dia";"Decrescente";"Chuva";"Simples";"Curva";"Não";2;0;2;0;0;0;2;1;-6,8298;-38,3177;"SR-PB";"DEL14/3";"UOP03/PB"
261566;2020-01-08;"quarta-feira";"19:00:00";"RJ";101;276;"TANGUA";"Falta de Atenção à Condução";"Colisão transversal";"Com Vítimas Feridas";"Plena Noite";"Decrescente";"Céu Claro";"Dupla";"Reta";"Não";4;0;1;0;3;0;1;2;-22,73796;-42,73872;"SR-RJ";"DEL5/2";"UOP02/RJ"
261567;2020-01-08;"quarta-feira";"17:55:00";"PR";376;177;"MARINGA";"Falta de Atenção à Condução";"Colisão traseira";"Com Vítimas Feridas";"Pleno dia";"Decrescente";"Nublado";"Dupla";"Reta";"Sim";3;0;1;0;2;0;1;3;-23,41596;-51,92226;"SR-PR";"DEL7/7";"UOP04/PR"
261568;2020-01-08;"quarta-feira";"17:00:00";"ES";262;2,2;"CARIACICA";"Falta de Atenção à Condução";"Colisão com objeto estático";"Com Vítimas Feridas";"Pleno dia";"Decrescente";"Sol";"Dupla";"Curva";"Sim";2;0;2;0;0;0;2;1;-20,33276;-40,36078;"SR-ES";"DEL12/1";"UOP01/ES"
261569;2020-01-08;"quarta-feira";"18:15:00";"PB";101;79;"SANTA RITA";"Falta de Atenção do Pedestre";"Atropelamento de Pedestre";"Com Vítimas Feridas";"Plena Noite";"Decrescente";"Céu Claro";"Dupla";"Reta";"Não";2;0;0;1;0;1;1;1;-7,114753;-34,95794;"SR-PB";"DEL14/1";"UOP03/PB"
261570;2020-01-08;"quarta-feira";"16:40:00";"PA";222;25;"DOM ELISEU";"Condutor Dormindo";"Colisão com objeto estático";"Com Vítimas Feridas";"Pleno dia";"Decrescente";"Céu Claro";"Simples";"Não Informado";"Não";1;0;1;0;0;0;1;1;-4,311721;-47,6177;"SR-PA";"DEL19/2";"UOP03/PA"
261572;2020-01-08;"quarta-feira";"18:30:00";"RS";290;151,1;"ARROIO DOS RATOS";"Falta de Atenção à Condução";"Colisão transversal";"Sem Vítimas";"Anoitecer";"Decrescente";"Céu Claro";"Simples";"Interseção de vias";"Sim";2;0;0;0;2;0;0;2;-30,10539;-51,7172;"SR-RS";"DEL9/2";"UOP01/RS"
261573;2020-01-08;"quarta-feira";"20:10:00";"GO";40;0,8;"VALPARAISO DE GOIAS";"Falta de Atenção do Pedestre";"Atropelamento de Pedestre";"Com Vítimas Feridas";"Plena Noite";"Crescente";"Céu Claro";"Dupla";"Reta";"Sim";2;0;2;0;0;0;2;1;-16,05827;-47,98266;"SR-DF";"UOP01/DF";""
261574;2020-01-08;"quarta-feira";"18:30:00";"MG";40;474,3;"SETE LAGOAS";"Desobediência às normas de trânsito pelo condutor";"Saída de leito carroçável";"Com Vítimas Feridas";"Plena Noite";"Crescente";"Céu Claro";"Múltipla";"Curva";"Sim";1;0;1;0;0;0;1;1;-19,49805;-44,2793;"SR-MG";"DEL4/2";"UOP01/MG"
261577;2020-01-08;"quarta-feira";"19:55:00";"PR";116;0,5;"CAMPINA GRANDE DO SUL";"Velocidade Incompatível";"Saída de leito carroçável";"Com Vítimas Feridas";"Plena Noite";"Crescente";"Nublado";"Dupla";"Curva";"Não";3;0;2;0;1;0;2;1;-25,06354;-48,56512;"SR-PR";"DEL7/1";"UOP02/PR"
261578;2020-01-08;"quarta-feira";"17:30:00";"MG";262;567;"CORREGO DANTA";"Restrição de Visibilidade";"Colisão transversal";"Com Vítimas Feridas";"Pleno dia";"Decrescente";"Nevoeiro/Neblina";"Simples";"Interseção de vias";"Não";2;0;1;0;1;0;1;2;-19,74661;-45,99894;"SR-MG";"DEL4/8";"UOP02/MG"
261579;2020-01-08;"quarta-feira";"17:15:00";"MG";354;756;"ITAMONTE";"Falta de Atenção à Condução";"Colisão transversal";"Sem Vítimas";"Pleno dia";"Crescente";"Nublado";"Simples";"Reta";"Sim";2;0;0;0;1;1;0;2;-22,31636;-44,85332;"SR-MG";"DEL5";"UOP03/MG"
261580;2020-01-08;"quarta-feira";"21:05:00";"MG";381;502,8;"BETIM";"Falta de Atenção à Condução";"Colisão lateral";"Com Vítimas Feridas";"Plena Noite";"Crescente";"Nublado";"Dupla";"Não Informado";"Sim";2;0;1;0;1;0;1;2;-20,0362;-44,24586;"SR-MG";"DEL4/1";"UOP03/MG"
261581;2020-01-08;"quarta-feira";"19:20:00";"MG";116;14,8;"AGUAS VERMELHAS";"Falta de Atenção à Condução";"Colisão frontal";"Com Vítimas Feridas";"Plena Noite";"Decrescente";"Céu Claro";"Simples";"Reta";"Sim";2;0;1;1;0;0;2;2;-15,80521;-41,36362;"SR-BA";"DEL10/8";"UOP03/BA"
261582;2020-01-08;"quarta-feira";"19:40:00";"PR";476;132,8;"CURITIBA";"Desobediência às normas de trânsito pelo condutor";"Colisão transversal";"Com Vítimas Feridas";"Plena Noite";"Decrescente";"Nublado";"Dupla";"Interseção de vias";"Sim";3;0;1;1;1;0;2;3;-25,46772;-49,25342;"SR-PR";"DEL7/1";"UOP03/PR"
261583;2020-01-08;"quarta-feira";"20:00:00";"PB";230;9;"CABEDELO";"Ingestão de Álcool";"Saída de leito carroçável";"Com Vítimas Feridas";"Plena Noite";"Crescente";"Céu Claro";"Dupla";"Não Informado";"Sim";1;0;1;0;0;0;1;1;-7,0433;-34,8466;"SR-PB";"DEL14/1";"UOP01/PB"
261584;2020-01-08;"quarta-feira";"19:30:00";"RJ";101;152,1;"MACAE";"Desobediência às normas de trânsito pelo condutor";"Colisão transversal";"Com Vítimas Fatais";"Plena Noite";"Decrescente";"Nublado";"Simples";"Reta";"Não";2;1;0;0;1;0;0;2;-22,23663;-41,84217;"SR-RJ";"DEL5/2";"UOP03/RJ"
261585;2020-01-08;"quarta-feira";"19:40:00";"RJ";116;182,6;"NOVA IGUACU";"Desobediência às normas de trânsito pelo condutor";"Colisão transversal";"Com Vítimas Feridas";"Plena Noite";"Crescente";"Céu Claro";"Múltipla";"Reta";"Não";2;0;1;0;1;0;1;2;-22,75678;-43,43107;"SR-RJ";"DEL5/1";"UOP02/RJ"
261586;2020-01-08;"quarta-feira";"21:30:00";"SP";116;213;"GUARULHOS";"Desobediência às normas de trânsito pelo condutor";"Colisão traseira";"Com Vítimas Feridas";"Plena Noite";"Decrescente";"Nublado";"Múltipla";"Reta";"Não";1;0;1;0;0;0;1;1;-23,43971;-46,43668;"SR-SP";"DEL6/1";"UOP01/SP"
261587;2020-01-08;"quarta-feira";"21:20:00";"SE";101;124,2;"ITAPORANGA DAJUDA";"Falta de Atenção à Condução";"Saída de leito carroçável";"Com Vítimas Feridas";"Plena Noite";"Crescente";"Céu Claro";"Dupla";"Viaduto";"Não";1;0;1;0;0;0;1;1;-11,04251;-37,36519;"SR-SE";"DEL20/2";"UOP01/SE"
261588;2020-01-08;"quarta-feira";"20:00:00";"PR";277;41,8;"MORRETES";"Defeito Mecânico no Veículo";"Incêndio";"Sem Vítimas";"Plena Noite";"Crescente";"Chuva";"Dupla";"Curva";"Não";1;0;0;0;1;0;0;1;-25,57184;-48,83586;"SR-PR";"DEL7/1";"UOP06/PR"
261589;2020-01-08;"quarta-feira";"13:30:00";"MG";116;124,1;"ITAOBIM";"Velocidade Incompatível";"Tombamento";"Sem Vítimas";"Pleno dia";"Decrescente";"Sol";"Simples";"Curva";"Não";1;0;0;0;1;0;0;1;-16,62714;-41,5027;"SR-MG";"DEL4/11";"UOP02/MG"
261590;2020-01-08;"quarta-feira";"20:00:00";"MT";364;201,5;"RONDONOPOLIS";"Ingestão de Álcool";"Colisão traseira";"Com Vítimas Feridas";"Plena Noite";"Crescente";"Céu Claro";"Dupla";"Reta";"Sim";2;0;1;0;1;0;1;2;-16,49141;-54,64638;"SR-MT";"DEL2/2";"UOP01/MT"
261591;2020-01-08;"quarta-feira";"16:30:00";"RJ";40;63;"PETROPOLIS";"Velocidade Incompatível";"Tombamento";"Com Vítimas Feridas";"Pleno dia";"Decrescente";"Chuva";"Dupla";"Curva";"Sim";1;0;1;0;0;0;1;1;-22,4132;-43,14971;"SR-RJ";"DEL5/6";"UOP03/RJ"
261592;2020-01-08;"quarta-feira";"21:30:00";"PE";101;64,1;"RECIFE";"Mal Súbito";"Colisão com objeto estático";"Com Vítimas Feridas";"Plena Noite";"Decrescente";"Céu Claro";"Dupla";"Reta";"Não";1;0;1;0;0;0;1;1;-8,016292;-34,94046;"SR-PE";"DEL11/1";"UOP01/PE"
261593;2020-01-08;"quarta-feira";"21:40:00";"ES";101;265;"SERRA";"Falta de Atenção à Condução";"Colisão lateral";"Com Vítimas Feridas";"Plena Noite";"Crescente";"Céu Claro";"Dupla";"Reta";"Sim";2;0;0;1;1;0;1;2;-20,18168;-40,26536;"SR-ES";"DEL12/2";"UOP01/ES"
261594;2020-01-08;"quarta-feira";"21:40:00";"SP";153;64;"SAO JOSE DO RIO PRETO";"Objeto estático sobre o leito carroçável";"Tombamento";"Com Vítimas Feridas";"Plena Noite";"Crescente";"Chuva";"Dupla";"Curva";"Sim";2;0;2;0;0;0;2;1;-20,82919;-49,36046;"SR-SP";"DEL6/9";"UOP01/SP"
261595;2020-01-08;"quarta-feira";"22:00:00";"PE";101;74,2;"RECIFE";"Mal Súbito";"Saída de leito carroçável";"Com Vítimas Feridas";"Plena Noite";"Decrescente";"Céu Claro";"Dupla";"Curva";"Sim";1;0;1;0;0;0;1;1;-8,101465;-34,94902;"SR-PE";"DEL11/1";"UOP01/PE"
261597;2020-01-08;"quarta-feira";"19:30:00";"SC";470;175;"POUSO REDONDO";"Falta de Atenção à Condução";"Colisão com objeto estático";"Sem Vítimas";"Plena Noite";"Crescente";"Nublado";"Simples";"Reta";"Sim";1;0;0;0;1;0;0;1;-27,2565;-49,93696;"SR-SC";"DEL8/4";"UOP02/SC"
261598;2020-01-08;"quarta-feira";"21:25:00";"CE";116;186,7;"LIMOEIRO DO NORTE";"Animais na Pista";"Atropelamento de Animal";"Com Vítimas Feridas";"Plena Noite";"Crescente";"Nublado";"Simples";"Reta";"Não";1;0;0;1;0;0;1;1;-5,089774;-38,12124;"SR-CE";"DEL16/3";"UOP01/CE"
261600;2020-01-08;"quarta-feira";"22:15:00";"SC";470;0,2;"NAVEGANTES";"Restrição de Visibilidade";"Atropelamento de Pedestre";"Com Vítimas Feridas";"Plena Noite";"Decrescente";"Nublado";"Dupla";"Reta";"Não";2;0;2;0;0;0;2;1;-26,88232;-48,66183;"SR-SC";"DEL8/4";"UOP04/SC"
261601;2020-01-08;"quarta-feira";"18:00:00";"TO";153;383,6;"RIO DOS BOIS";"Avarias e/ou desgaste excessivo no pneu";"Tombamento";"Com Vítimas Feridas";"Anoitecer";"Crescente";"Sol";"Simples";"Curva";"Não";1;0;1;0;0;0;1;1;-9,269831;-48,54848;"SR-TO";"UOP03/TO";""
261602;2020-01-08;"quarta-feira";"18:30:00";"PR";277;137,2;"BALSA NOVA";"Defeito Mecânico no Veículo";"Incêndio";"Sem Vítimas";"Plena Noite";"Crescente";"Nublado";"Dupla";"Reta";"Não";1;0;0;0;1;0;0;1;-25,47429;-49,70529;"SR-PR";"DEL7/1";"UOP05/PR"
261603;2020-01-08;"quarta-feira";"19:30:00";"RS";290;390;"SANTA MARGARIDA DO SUL";"Velocidade Incompatível";"Colisão com objeto estático";"Com Vítimas Feridas";"Plena Noite";"Crescente";"Céu Claro";"Simples";"Curva";"Não";1;0;0;1;0;0;1;1;-30,34351;-54,04592;"SR-RS";"DEL9/9";"UOP02/RS"
261604;2020-01-08;"quarta-feira";"23:35:00";"PE";428;188,3;"PETROLINA";"Ingestão de álcool e/ou substâncias psicoativas pelo pedestre";"Atropelamento de Pedestre";"Com Vítimas Feridas";"Pleno dia";"Decrescente";"Céu Claro";"Dupla";"Reta";"Sim";2;0;0;1;0;1;1;1;-9,364006;-40,48267;"SR-PE";"DEL11/6";"UOP01/PE"
261605;2020-01-08;"quarta-feira";"23:00:00";"PR";116;20;"CAMPINA GRANDE DO SUL";"Pista Escorregadia";"Saída de leito carroçável";"Com Vítimas Feridas";"Plena Noite";"Crescente";"Garoa/Chuvisco";"Dupla";"Reta";"Não";3;0;2;0;1;0;2;1;-25,10052;-48,72982;"SR-PR";"DEL7/1";"UOP02/PR"
261606;2020-01-08;"quarta-feira";"23:50:00";"CE";222;21;"CAUCAIA";"Falta de Atenção à Condução";"Saída de leito carroçável";"Sem Vítimas";"Plena Noite";"Crescente";"Céu Claro";"Simples";"Rotatória";"Sim";1;0;0;0;1;0;0;1;-3,737153;-38,74294;"SR-CE";"DEL16/1";"UOP01/CE"
261607;2020-01-09;"quinta-feira";"00:00:00";"PR";369;198,7;"APUCARANA";"Ingestão de Álcool";"Saída de leito carroçável";"Com Vítimas Feridas";"Plena Noite";"Decrescente";"Céu Claro";"Dupla";"Não Informado";"Sim";1;0;1;0;0;0;1;1;-23,52278;-51,44017;"SR-PR";"DEL7/7";"UOP03/PR"
261609;2020-01-09;"quinta-feira";"00:15:00";"RS";287;251;"SANTA MARIA";"Falta de Atenção à Condução";"Colisão com objeto estático";"Com Vítimas Feridas";"Plena Noite";"Crescente";"Céu Claro";"Simples";"Não Informado";"Sim";1;0;1;0;0;0;1;1;-29,68913;-53,87558;"SR-RS";"DEL9/9";"UOP01/RS"
261610;2020-01-08;"quarta-feira";"22:30:00";"MT";70;11,4;"BARRA DO GARCAS";"Animais na Pista";"Atropelamento de Animal";"Sem Vítimas";"Plena Noite";"Crescente";"Céu Claro";"Simples";"Reta";"Não";1;0;0;0;1;0;0;1;-15,87896;-52,35293;"SR-MT";"DEL2/8";"UOP01/MT"
261611;2020-01-08;"quarta-feira";"16:55:00";"MG";116;125;"ITAOBIM";"Falta de Atenção à Condução";"Colisão traseira";"Com Vítimas Feridas";"Pleno dia";"Decrescente";"Sol";"Simples";"Reta";"Não";2;0;1;0;1;0;1;2;-16,64445;-41,5013;"SR-MG";"DEL4/11";"UOP02/MG"
261612;2020-01-09;"quinta-feira";"01:50:00";"SP";116;292,7;"ITAPECERICA DA SERRA";"Falta de Atenção do Pedestre";"Atropelamento de Pedestre";"Com Vítimas Fatais";"Plena Noite";"Crescente";"Nublado";"Dupla";"Reta";"Não";2;1;0;0;1;0;0;1;-23,74582;-46,90003;"SR-SP";"DEL6/4";"UOP01/SP"
261613;2020-01-09;"quinta-feira";"01:50:00";"PR";376;652;"TIJUCAS DO SUL";"Falta de Atenção à Condução";"Tombamento";"Com Vítimas Feridas";"Plena Noite";"Crescente";"Nublado";"Dupla";"Curva";"Não";2;0;1;0;1;0;1;2;-25,84616;-49,06888;"SR-PR";"DEL7/1";"UOP08/PR"
261614;2020-01-09;"quinta-feira";"02:30:00";"MG";40;463,9;"SETE LAGOAS";"Condutor Dormindo";"Colisão traseira";"Com Vítimas Feridas";"Plena Noite";"Decrescente";"Céu Claro";"Dupla";"Não Informado";"Não";3;0;1;0;1;1;1;2;-19,42225;-44,3387;"SR-MG";"DEL4/2";"UOP01/MG"
261615;2020-01-09;"quinta-feira";"03:00:00";"MG";40;444,9;"PARAOPEBA";"Carga excessiva e/ou mal acondicionada";"Derramamento de carga";"Sem Vítimas";"Plena Noite";"Crescente";"Céu Claro";"Dupla";"Curva";"Não";1;0;0;0;1;0;0;1;-19,28815;-44,392;"SR-MG";"DEL4/2";"UOP01/MG"
261617;2020-01-09;"quinta-feira";"04:00:00";"RS";116;134,8;"CAXIAS DO SUL";"Condutor Dormindo";"Colisão com objeto estático";"Com Vítimas Feridas";"Plena Noite";"Crescente";"Céu Claro";"Simples";"Não Informado";"Não";1;0;1;0;0;0;1;1;-29,06329;-51,09843;"SR-RS";"DEL9/5";"UOP01/RS"
261618;2020-01-09;"quinta-feira";"04:30:00";"RN";304;305,2;"PARNAMIRIM";"Desobediência às normas de trânsito pelo condutor";"Colisão traseira";"Com Vítimas Feridas";"Plena Noite";"Crescente";"Chuva";"Dupla";"Reta";"Não";2;0;0;1;1;0;1;2;-5,887693;-35,27219;"SR-RN";"DEL15/1";"UOP02/RN"
261619;2020-01-09;"quinta-feira";"04:10:00";"GO";20;21,5;"FORMOSA";"Velocidade Incompatível";"Tombamento";"Com Vítimas Feridas";"Plena Noite";"Crescente";"Céu Claro";"Dupla";"Interseção de vias";"Não";9;0;8;0;1;0;8;1;-15,54841;-47,16938;"SR-DF";"UOP01/DEL02/DF";""
261620;2020-01-09;"quinta-feira";"05:50:00";"SC";101;111;"NAVEGANTES";"Restrição de Visibilidade";"Colisão lateral";"Com Vítimas Feridas";"Pleno dia";"Decrescente";"Nevoeiro/Neblina";"Dupla";"Retorno Regulamentado";"Não";2;0;1;0;1;0;1;2;-26,83956;-48,71418;"SR-SC";"DEL8/4";"UOP04/SC"
261621;2020-01-09;"quinta-feira";"02:10:00";"SP";116;499,7;"CAJATI";"Velocidade Incompatível";"Colisão com objeto estático";"Com Vítimas Feridas";"Plena Noite";"Crescente";"Chuva";"Dupla";"Curva";"Não";1;0;1;0;0;0;1;1;-24,78229;-48,17695;"SR-SP";"DEL6/5";"UOP03/SP"
261622;2020-01-09;"quinta-feira";"06:15:00";"SC";101;214,8;"PALHOCA";"Não guardar distância de segurança";"Colisão traseira";"Com Vítimas Feridas";"Pleno dia";"Decrescente";"Céu Claro";"Dupla";"Reta";"Sim";7;0;5;0;2;0;5;2;-27,64443;-48,67057;"SR-SC";"DEL8/1";"UOP02/SC"