"id";"data_inversa";"dia_semana";"horario";"uf";"br";"km";"municipio";"causa_acidente";"tipo_acidente";"classificacao_acidente";"fase_dia";"sentido_via";"condicao_metereologica";"tipo_pista";"tracado_via";"uso_solo";"pessoas";"mortos";"feridos_leves";"feridos_graves";"ilesos";"ignorados";"feridos";"veiculos";"latitude";"longitude";"regional";"delegacia";"uop"
261623;2020-01-09;"quinta-feira";"05:10:00";"MT";364;351,1;"SANTO ANTONIO DO LEVERGER";"Falta de Atenção à Condução";"Colisão traseira";"Sem Vítimas";"Amanhecer";"Crescente";"Céu Claro";"Dupla";"Desvio Temporário";"Não";2;0;0;0;2;0;0;2;-15,80248;-55,56541;"SR-MT";"DEL2/1";"UOP01/MT"
261624;2020-01-09;"quinta-feira";"01:00:00";"MG";262;360;"BETIM";"Velocidade Incompatível";"Saída de leito carroçável";"Sem Vítimas";"Plena Noite";"Crescente";"Céu Claro";"Dupla";"Reta";"Não";1;0;0;0;0;1;0;1;-19,98302;-44,20925;"SR-MG";"DEL4/1";"UOP03/MG"
261625;2020-01-09;"quinta-feira";"07:00:00";"DF";70;13,7;"BRASILIA";"Ingestão de Álcool";"Colisão lateral";"Com Vítimas Feridas";"Pleno dia";"Crescente";"Sol";"Dupla";"Rotatória";"Não";3;0;1;0;1;1;1;2;-15,79456;-48,16658;"SR-DF";"UOP06/DF";""
261626;2020-01-07;"terça-feira";"19:00:00";"RS";392;310;"SAO SEPE";"Defeito Mecânico no Veículo";"Saída de leito carroçável";"Com Vítimas Feridas";"Anoitecer";"Decrescente";"Céu Claro";"Simples";"Reta";"Não";2;0;2;0;0;0;2;1;-30,06602;-53,65401;"SR-RS";"DEL9/9";"UOP01/RS"
261627;2020-01-09;"quinta-feira";"07:00:00";"SC";101;212,7;"PALHOCA";"Desobediência às normas de trânsito pelo condutor";"Colisão traseira";"Com Vítimas Feridas";"Pleno dia";"Decrescente";"Sol";"Dupla";"Reta";"Sim";2;0;0;1;1;0;1;2;-27,62997;-48,65904;"SR-SC";"DEL8/1";"UOP02/SC"
261628;2020-01-09;"quinta-feira";"07:15:00";"MG";40;467,2;"SETE LAGOAS";"Falta de Atenção à Condução";"Colisão traseira";"Com Vítimas Feridas";"Pleno dia";"Decrescente";"Céu Claro";"Dupla";"Retorno Regulamentado";"Não";4;0;3;0;1;0;3;2;-19,45039;-44,31668;"SR-MG";"DEL4/2";"UOP01/MG"
261631;2020-01-09;"quinta-feira";"07:05:00";"PE";101;78,1;"JABOATAO DOS GUARARAPES";"Não guardar distância de segurança";"Engavetamento";"Sem Vítimas";"Pleno dia";"Decrescente";"Nublado";"Dupla";"Reta";"Sim";5;0;0;0;5;0;0;4;-8,134965;-34,94739;"SR-PE";"DEL11/1";"UOP01/PE"
261632;2020-01-09;"quinta-feira";"06:30:00";"SC";280;91;"CORUPA";"Velocidade Incompatível";"Saída de leito carroçável";"Com Vítimas Feridas";"Amanhecer";"Decrescente";"Nevoeiro/Neblina";"Simples";"Não Informado";"Não";2;0;0;1;0;1;1;1;-26,40198;-49,29054;"SR-SC";"DEL8/6";"UOP03/SC"
261633;2020-01-09;"quinta-feira";"08:00:00";"SC";101;215,7;"PALHOCA";"Falta de Atenção à Condução";"Colisão traseira";"Com Vítimas Feridas";"Pleno dia";"Decrescente";"Sol";"Dupla";"Não Informado";"Sim";2;0;1;0;1;0;1;2;-27,65185;-48,67605;"SR-SC";"DEL8/1";"UOP02/SC"
261635;2020-01-09;"quinta-feira";"08:30:00";"PR";272;412,4;"JANIOPOLIS";"Falta de Atenção à Condução";"Colisão traseira";"Sem Vítimas";"Pleno dia";"Decrescente";"Nublado";"Simples";"Reta";"Não";4;0;0;0;4;0;0;2;-24,1332;-52,79788;"SR-PR";"DEL7/4";"UOP05/PR"
261636;2020-01-09;"quinta-feira";"06:45:00";"RO";364;344,5;"JI-PARANA";"Desobediência às normas de trânsito pelo condutor";"Colisão transversal";"Com Vítimas Feridas";"Pleno dia";"Decrescente";"Nublado";"Múltipla";"Interseção de vias";"Sim";2;0;1;0;1;0;1;2;-10,87044;-61,95784;"SR-RO";"DEL21/2";"UOP01/RO"
261639;2020-01-09;"quinta-feira";"07:50:00";"PR";277;128,9;"BALSA NOVA";"Falta de Atenção à Condução";"Saída de leito carroçável";"Com Vítimas Feridas";"Pleno dia";"Decrescente";"Nublado";"Simples";"Reta";"Não";1;0;1;0;0;0;1;1;-25,47323;-49,63456;"SR-PR";"DEL7/1";"UOP05/PR"
261640;2020-01-09;"quinta-feira";"08:25:00";"SC";101;452,8;"SAO JOAO DO SUL";"Condutor Dormindo";"Colisão com objeto estático";"Com Vítimas Feridas";"Pleno dia";"Decrescente";"Céu Claro";"Dupla";"Curva";"Sim";2;0;2;0;0;0;2;1;-29,18871;-49,75441;"SR-SC";"DEL8/2";"UOP02/SC"
261641;2020-01-09;"quinta-feira";"07:50:00";"GO";60;135;"GOIANIA";"Defeito Mecânico no Veículo";"Queda de ocupante de veículo";"Com Vítimas Feridas";"Pleno dia";"Decrescente";"Céu Claro";"Dupla";"Reta";"Não";1;0;1;0;0;0;1;1;-16,589;-49,1945;"SR-GO";"DEL1/1";"UOP01/GO"
261642;2020-01-09;"quinta-feira";"07:40:00";"MG";381;934,4;"EXTREMA";"Velocidade Incompatível";"Tombamento";"Com Vítimas Feridas";"Pleno dia";"Decrescente";"Nublado";"Dupla";"Não Informado";"Não";1;0;1;0;0;0;1;1;-22,82008;-46,29934;"SR-MG";"DEL09";"UOP03/MG"
261647;2020-01-09;"quinta-feira";"08:50:00";"RJ";116;143;"DUQUE DE CAXIAS";"Falta de Atenção à Condução";"Colisão lateral";"Com Vítimas Feridas";"Pleno dia";"Crescente";"Céu Claro";"Dupla";"Reta";"Sim";5;0;1;0;4;0;1;2;-22,65237;-43,23918;"SR-RJ";"DEL5/1";"UOP01/RJ"
261648;2020-01-09;"quinta-feira";"07:00:00";"RJ";101;319;"SAO GONCALO";"Falta de Atenção à Condução";"Colisão lateral";"Com Vítimas Feridas";"Pleno dia";"Crescente";"Céu Claro";"Dupla";"Reta";"Não";5;0;1;0;4;0;1;4;-22,85412;-43,1018;"SR-RJ";"UOP01";"DEL02"
261649;2020-01-09;"quinta-feira";"07:20:00";"MG";381;412;"NOVA UNIAO";"Falta de Atenção à Condução";"Colisão lateral";"Com Vítimas Feridas";"Pleno dia";"Decrescente";"Céu Claro";"Simples";"Não Informado";"Não";2;0;0;1;1;0;1;2;-19,74247;-43,5553;"SR-MG";"DEL4/1";"UOP01/MG"
261650;2020-01-09;"quinta-feira";"09:20:00";"PE";101;83,8;"JABOATAO DOS GUARARAPES";"Falta de Atenção à Condução";"Colisão lateral";"Com Vítimas Feridas";"Pleno dia";"Decrescente";"Céu Claro";"Simples";"Reta";"Sim";2;0;1;0;1;0;1;2;-8,175172;-34,94264;"SR-PE";"DEL11/1";"UOP03/PE"
261652;2020-01-09;"quinta-feira";"07:30:00";"RO";364;343,8;"JI-PARANA";"Desobediência às normas de trânsito pelo condutor";"Colisão transversal";"Com Vítimas Feridas";"Pleno dia";"Crescente";"Céu Claro";"Dupla";"Interseção de vias";"Sim";3;0;1;1;0;1;2;2;-10,87422;-61,95191;"SR-RO";"DEL21/2";"UOP01/RO"
261653;2020-01-09;"quinta-feira";"09:25:00";"PB";230;20;"JOAO PESSOA";"Defeito Mecânico no Veículo";"Colisão traseira";"Com Vítimas Feridas";"Pleno dia";"Decrescente";"Céu Claro";"Dupla";"Reta";"Sim";2;0;0;1;1;0;1;2;-7,1337;-34,8544;"SR-PB";"DEL14/1";"UOP01/PB"
261654;2020-01-09;"quinta-feira";"08:00:00";"AL";101;90,5;"RIO LARGO";"Pista Escorregadia";"Saída de leito carroçável";"Com Vítimas Feridas";"Pleno dia";"Crescente";"Céu Claro";"Dupla";"Não Informado";"Não";4;0;2;0;2;0;2;3;-9,497492;-35,90291;"SR-AL";"DEL13/1";"UOP01/AL"
261655;2020-01-09;"quinta-feira";"10:30:00";"GO";153;176;"CAMPINORTE";"Velocidade Incompatível";"Atropelamento de Pedestre";"Com Vítimas Feridas";"Pleno dia";"Decrescente";"Céu Claro";"Simples";"Reta";"Sim";2;0;0;1;1;0;1;2;-14,31039;-49,14897;"SR-GO";"DEL1/7";"UOP01/GO"
261656;2020-01-09;"quinta-feira";"10:00:00";"CE";116;54;"PACAJUS";"Velocidade Incompatível";"Capotamento";"Com Vítimas Feridas";"Pleno dia";"Decrescente";"Céu Claro";"Dupla";"Curva";"Sim";4;0;1;2;1;0;3;1;-4,195666;-38,47124;"SR-CE";"DEL16/3";"UOP02/CE"
261657;2020-01-09;"quinta-feira";"10:45:00";"PR";376;5,2;"APUCARANA";"Desobediência às normas de trânsito pelo condutor";"Colisão transversal";"Sem Vítimas";"Pleno dia";"Decrescente";"Céu Claro";"Simples";"Reta";"Sim";2;0;0;0;2;0;0;2;-23,5513;-51,46127;"SR-PR";"DEL7/7";"UOP03/PR"
261660;2020-01-09;"quinta-feira";"10:50:00";"SP";101;48,5;"UBATUBA";"Falta de Atenção à Condução";"Colisão traseira";"Com Vítimas Feridas";"Pleno dia";"Crescente";"Nublado";"Simples";"Reta";"Sim";5;0;2;0;3;0;2;4;-23,43696;-45,08769;"SR-SP";"DEL6";"UOP03/SP"
261661;2020-01-09;"quinta-feira";"10:30:00";"RS";386;298,8;"POUSO NOVO";"Falta de Atenção à Condução";"Colisão traseira";"Com Vítimas Feridas";"Pleno dia";"Decrescente";"Céu Claro";"Simples";"Curva";"Não";7;0;1;0;6;0;1;3;-29,14923;-52,2361;"SR-RS";"DEL9/4";"UOP01/RS"
261662;2020-01-08;"quarta-feira";"15:00:00";"PI";135;493;"MONTE ALEGRE DO PIAUI";"Falta de Atenção do Pedestre";"Atropelamento de Pedestre";"Com Vítimas Feridas";"Pleno dia";"Decrescente";"Ignorado";"Simples";"Reta";"Não";2;0;0;1;1;0;1;1;-9,734346;-45,20373;"SR-PI";"DEL17/3";"UOP02/PI"
261663;2020-01-09;"quinta-feira";"10:45:00";"GO";60;94,6;"ANAPOLIS";"Desobediência às normas de trânsito pelo condutor";"Colisão lateral";"Com Vítimas Feridas";"Pleno dia";"Decrescente";"Céu Claro";"Dupla";"Reta";"Sim";2;0;1;0;0;1;1;2;-16,3611;-48,9328;"SR-GO";"DEL1/2";"UOP01/GO"
261664;2020-01-09;"quinta-feira";"10:28:00";"SP";153;53;"SAO JOSE DO RIO PRETO";"Defeito Mecânico no Veículo";"Colisão com objeto estático";"Com Vítimas Feridas";"Pleno dia";"Crescente";"Sol";"Simples";"Reta";"Não";1;0;1;0;0;0;1;1;-20,73603;-49,33804;"SR-SP";"DEL6/9";"UOP01/SP"
261665;2020-01-09;"quinta-feira";"11:25:00";"GO";364;353,3;"MINEIROS";"Desobediência às normas de trânsito pelo condutor";"Colisão frontal";"Com Vítimas Feridas";"Pleno dia";"Decrescente";"Sol";"Simples";"Reta";"Não";4;0;3;0;1;0;3;2;-17,37843;-52,93269;"SR-GO";"DEL1/5";"UOP01/GO"
261666;2020-01-09;"quinta-feira";"11:00:00";"RS";116;454,5;"SAO LOURENCO DO SUL";"Mal Súbito";"Tombamento";"Com Vítimas Feridas";"Pleno dia";"Crescente";"Céu Claro";"Dupla";"Reta";"Sim";1;0;1;0;0;0;1;1;-31,23242;-52,00157;"SR-RS";"DEL9/2";"UOP02/RS"
261667;2020-01-09;"quinta-feira";"08:20:00";"BA";367;34;"PORTO SEGURO";"Falta de Atenção à Condução";"Colisão transversal";"Com Vítimas Feridas";"Pleno dia";"Decrescente";"Céu Claro";"Simples";"Reta";"Sim";3;0;0;1;1;1;1;2;-16,41415;-39,1622;"SR-BA";"DEL10/9";"UOP01/BA"
261668;2020-01-09;"quinta-feira";"11:35:00";"SC";101;194,3;"BIGUACU";"Falta de Atenção à Condução";"Colisão traseira";"Com Vítimas Feridas";"Pleno dia";"Decrescente";"Sol";"Múltipla";"Interseção de vias";"Sim";2;0;1;0;1;0;1;2;-27,49815;-48,65661;"SR-SC";"DEL8/1";"UOP01/SC"
261669;2020-01-09;"quinta-feira";"11:30:00";"PR";376;176,1;"MARINGA";"Não guardar distância de segurança";"Colisão traseira";"Com Vítimas Feridas";"Pleno dia";"Crescente";"Nublado";"Dupla";"Não Informado";"Sim";2;0;1;0;1;0;1;2;-23,41269;-51,93158;"SR-PR";"DEL7/7";"UOP04/PR"
261670;2020-01-09;"quinta-feira";"11:55:00";"PB";230;502;"CAJAZEIRAS";"Desobediência às normas de trânsito pelo condutor";"Colisão transversal";"Com Vítimas Feridas";"Pleno dia";"Crescente";"Céu Claro";"Simples";"Reta";"Sim";2;0;0;1;1;0;1;2;-6,8979;-38,5233;"SR-PB";"DEL14/3";"UOP03/PB"
261671;2020-01-09;"quinta-feira";"11:45:00";"SP";101;47;"UBATUBA";"Falta de Atenção à Condução";"Colisão lateral";"Com Vítimas Feridas";"Pleno dia";"Decrescente";"Sol";"Simples";"Reta";"Sim";4;0;1;0;3;0;1;2;-23,4299;-45,08244;"SR-SP";"DEL6";"UOP03/SP"
261672;2020-01-09;"quinta-feira";"11:30:00";"RN";101;107;"PARNAMIRIM";"Defeito Mecânico no Veículo";"Colisão com objeto estático";"Sem Vítimas";"Pleno dia";"Decrescente";"Nublado";"Dupla";"Reta";"Sim";1;0;0;0;1;0;0;1;-5,919208;-35,26412;"SR-RN";"DEL15/1";"UOP01/RN"
261673;2020-01-09;"quinta-feira";"11:00:00";"RS";101;7,3;"TORRES";"Falta de Atenção à Condução";"Colisão traseira";"Com Vítimas Feridas";"Pleno dia";"Crescente";"Sol";"Dupla";"Reta";"Sim";3;0;2;0;1;0;2;2;-29,35399;-49,80045;"SR-RS";"DEL9/3";"UOP02/RS"
261675;2020-01-09;"quinta-feira";"12:20:00";"TO";153;473,7;"MIRACEMA DO TOCANTINS";"Objeto estático sobre o leito carroçável";"Colisão frontal";"Sem Vítimas";"Pleno dia";"Decrescente";"Garoa/Chuvisco";"Simples";"Desvio Temporário";"Não";3;0;0;0;3;0;0;3;-10,01927;-48,77867;"SR-TO";"UOP02/TO";""
261677;2020-01-09;"quinta-feira";"10:50:00";"MA";222;671;"ACAILANDIA";"Ingestão de Álcool";"Colisão traseira";"Com Vítimas Feridas";"Pleno dia";"Crescente";"Sol";"Simples";"Não Informado";"Sim";3;0;0;1;2;0;1;2;-4,947857;-47,47757;"SR-MA";"DEL18/4";"UOP03/MA"
261678;2020-01-09;"quinta-feira";"12:23:00";"PR";116;152;"MANDIRITUBA";"Não guardar distância de segurança";"Colisão traseira";"Com Vítimas Feridas";"Pleno dia";"Crescente";"Sol";"Simples";"Reta";"Não";2;0;1;0;1;0;1;2;-25,83236;-49,3361;"SR-PR";"DEL7/1";"UOP03/PR"
261679;2020-01-09;"quinta-feira";"11:15:00";"MT";364;264;"SAO PEDRO DA CIPA";"Ultrapassagem Indevida";"Colisão frontal";"Com Vítimas Feridas";"Pleno dia";"Crescente";"Céu Claro";"Simples";"Reta";"Não";2;0;2;0;0;0;2;2;-16,01057;-54,91345;"SR-MT";"DEL2/1";"UOP02/MT"
261680;2020-01-09;"quinta-feira";"12:40:00";"RJ";101;59;"CAMPOS DOS GOYTACAZES";"Falta de Atenção à Condução";"Colisão frontal";"Com Vítimas Feridas";"Pleno dia";"Decrescente";"Céu Claro";"Simples";"Reta";"Sim";2;0;1;0;1;0;1;2;-21,71366;-41,30862;"SR-RJ";"DEL5/8";"UOP01/RJ"
261681;2020-01-09;"quinta-feira";"10:30:00";"BA";101;504,9;"ITABUNA";"Velocidade Incompatível";"Colisão traseira";"Com Vítimas Feridas";"Pleno dia";"Decrescente";"Sol";"Simples";"Reta";"Não";2;0;0;1;1;0;1;2;-14,94042;-39,30397;"SR-BA";"DEL10/5";"UOP01/BA"
261682;2020-01-09;"quinta-feira";"12:39:00";"PE";232;84;"GRAVATA";"Falta de Atenção à Condução";"Saída de leito carroçável";"Sem Vítimas";"Pleno dia";"Decrescente";"Sol";"Dupla";"Reta";"Não";6;0;0;0;5;1;0;2;-8,206521;-35,60313;"SR-PE";"DEL11/1";"UOP04/PE"
261685;2020-01-09;"quinta-feira";"13:20:00";"PR";116;131,8;"MANDIRITUBA";"Falta de Atenção à Condução";"Queda de ocupante de veículo";"Com Vítimas Feridas";"Pleno dia";"Decrescente";"Sol";"Simples";"Viaduto";"Não";2;0;2;0;0;0;2;1;-25,64831;-49,31251;"SR-PR";"DEL7/1";"UOP03/PR"
261686;2020-01-09;"quinta-feira";"11:50:00";"GO";364;201;"JATAI";"Pista Escorregadia";"Saída de leito carroçável";"Com Vítimas Feridas";"Pleno dia";"Decrescente";"Chuva";"Dupla";"Viaduto";"Não";5;0;2;0;3;0;2;1;-17,91481;-51,7656;"SR-GO";"DEL1/5";"UOP01/GO"
261687;2020-01-05;"domingo";"20:30:00";"BA";110;318;"ALAGOINHAS";"Falta de Atenção do Pedestre";"Atropelamento de Pedestre";"Com Vítimas Fatais";"Plena Noite";"Decrescente";"Céu Claro";"Simples";"Curva";"Não";2;1;0;0;1;0;0;1;-12,05258;-38,36108;"SR-BA";"DEL10/1";"UOP04/BA"
261688;2020-01-09;"quinta-feira";"12:10:00";"RO";319;60,5;"PORTO VELHO";"Não guardar distância de segurança";"Colisão traseira";"Com Vítimas Feridas";"Pleno dia";"Crescente";"Céu Claro";"Dupla";"Reta";"Sim";3;0;1;0;2;0;1;2;-8,766685;-63,88405;"SR-RO";"DEL21/1";"UOP01/RO"
261689;2020-01-09;"quinta-feira";"13:40:00";"RS";285;62;"BOM JESUS";"Desobediência às normas de trânsito pelo condutor";"Colisão transversal";"Com Vítimas Feridas";"Pleno dia";"Crescente";"Céu Claro";"Simples";"Interseção de vias";"Não";3;0;2;0;1;0;2;2;-28,65348;-50,43555;"SR-RS";"DEL9/5";"UOP03/RS"
261690;2020-01-09;"quinta-feira";"13:20:00";"MG";153;54;"MONTE ALEGRE DE MINAS";"Velocidade Incompatível";"Colisão lateral";"Com Vítimas Feridas";"Pleno dia";"Crescente";"Chuva";"Dupla";"Curva";"Não";4;0;1;0;3;0;1;2;-18,85278;-49,08302;"SR-MG";"DEL4/15";"UOP03/MG"
261692;2020-01-09;"quinta-feira";"13:45:00";"SE";235;5,6;"NOSSA SENHORA DO SOCORRO";"Ingestão de Álcool";"Colisão traseira";"Com Vítimas Feridas";"Pleno dia";"Crescente";"Céu Claro";"Dupla";"Reta";"Sim";2;0;1;0;1;0;1;2;-10,9041;-37,1278;"SR-SE";"DEL20/1";"UOP01/SE"
261693;2020-01-09;"quinta-feira";"13:50:00";"MG";153;33,8;"CANAPOLIS";"Velocidade Incompatível";"Colisão frontal";"Com Vítimas Fatais";"Pleno dia";"Crescente";"Chuva";"Dupla";"Reta";"Não";6;2;0;2;1;1;2;3;-18,70794;-49,13984;"SR-MG";"DEL4/15";"UOP03/MG"
261694;2020-01-09;"quinta-feira";"13:01:00";"SC";282;330,5;"CAMPOS NOVOS";"Ultrapassagem Indevida";"Tombamento";"Com Vítimas Feridas";"Pleno dia";"Crescente";"Céu Claro";"Simples";"Reta";"Não";3;0;1;0;0;2;1;2;-27,38794;-51,11608;"SR-SC";"DEL7";"UOP08/SC"
261695;2020-01-09;"quinta-feira";"10:30:00";"MG";381;500;"BETIM";"Defeito Mecânico no Veículo";"Tombamento";"Com Vítimas Feridas";"Pleno dia";"Crescente";"Céu Claro";"Dupla";"Reta";"Não";1;0;1;0;0;0;1;1;-20,02513;-44,23113;"SR-MG";"DEL4/1";"UOP03/MG"
261696;2020-01-09;"quinta-feira";"11:40:00";"SC";101;158;"PORTO BELO";"Desobediência às normas de trânsito pelo condutor";"Colisão lateral";"Com Vítimas Feridas";"Pleno dia";"Crescente";"Céu Claro";"Simples";"Retorno Regulamentado";"Não";3;0;2;0;1;0;2;2;-27,19096;-48,61259;"SR-SC";"DEL8/4";"UOP03/SC"
261697;2020-01-09;"quinta-feira";"12:20:00";"SC";101;128,8;"ITAJAI";"Não guardar distância de segurança";"Colisão traseira";"Com Vítimas Feridas";"Pleno dia";"Crescente";"Sol";"Dupla";"Curva";"Sim";2;0;1;0;1;0;1;2;-26,97284;-48,68299;"SR-SC";"DEL8/4";"UOP03/SC"
261698;2020-01-09;"quinta-feira";"14:00:00";"SC";101;208;"SAO JOSE";"Falta de Atenção à Condução";"Colisão lateral";"Com Vítimas Feridas";"Pleno dia";"Decrescente";"Céu Claro";"Múltipla";"Reta";"Não";2;0;1;0;1;0;1;2;-27,60328;-48,63202;"SR-SC";"DEL8/1";"UOP01/SC"
261699;2020-01-09;"quinta-feira";"14:30:00";"ES";101;334;"GUARAPARI";"Falta de Atenção à Condução";"Colisão traseira";"Com Vítimas Feridas";"Pleno dia";"Decrescente";"Céu Claro";"Simples";"Reta";"Não";2;0;1;0;0;1;1;2;-20,62138;-40,52011;"SR-ES";"DEL12/3";"UOP01/ES"
261700;2020-01-09;"quinta-feira";"14:00:00";"MG";381;606,6;"OLIVEIRA";"Condutor Dormindo";"Saída de leito carroçável";"Com Vítimas Feridas";"Pleno dia";"Crescente";"Sol";"Dupla";"Reta";"Não";4;0;1;0;3;0;1;1;-20,67638;-44,7385;"SR-MG";"DEL4/4";"UOP01/MG"
261701;2020-01-09;"quinta-feira";"14:00:00";"PE";428;187;"PETROLINA";"Desobediência às normas de trânsito pelo condutor";"Colisão transversal";"Sem Vítimas";"Pleno dia";"Crescente";"Nublado";"Simples";"Reta";"Sim";3;0;0;0;1;2;0;2;-9,370927;-40,48621;"SR-PE";"DEL11/6";"UOP01/PE"
261702;2020-01-09;"quinta-feira";"14:00:00";"RS";386;367,5;"FAZENDA VILANOVA";"Velocidade Incompatível";"Tombamento";"Com Vítimas Feridas";"Pleno dia";"Decrescente";"Céu Claro";"Dupla";"Interseção de vias";"Não";1;0;1;0;0;0;1;1;-29,58122;-51,84071;"SR-RS";"DEL9/4";"UOP02/RS"
261703;2020-01-09;"quinta-feira";"15:00:00";"PE";232;7,7;"RECIFE";"Falta de Atenção à Condução";"Engavetamento";"Sem Vítimas";"Pleno dia";"Crescente";"Sol";"Dupla";"Reta";"Sim";3;0;0;0;3;0;0;3;-8,073335;-34,96184;"SR-PE";"DEL11/1";"UOP01/PE"
261704;2020-01-09;"quinta-feira";"14:00:00";"MT";163;117;"RONDONOPOLIS";"Falta de Atenção à Condução";"Colisão lateral";"Com Vítimas Feridas";"Pleno dia";"Crescente";"Sol";"Dupla";"Não Informado";"Sim";2;0;1;0;1;0;1;2;-16,52183;-54,65882;"SR-MT";"DEL2/2";"UOP01/MT"
261705;2020-01-09;"quinta-feira";"14:45:00";"AP";210;2,8;"MACAPA";"Pista Escorregadia";"Tombamento";"Com Vítimas Feridas";"Pleno dia";"Decrescente";"Chuva";"Múltipla";"Interseção de vias";"Sim";1;0;1;0;0;0;1;1;0,08282017;-51,07776;"SR-AP";"UOP01/AP";""
261706;2020-01-09;"quinta-feira";"13:35:00";"MT";163;611,3;"NOVA MUTUM";"Defeito na Via";"Capotamento";"Com Vítimas Feridas";"Pleno dia";"Crescente";"Nublado";"Simples";"Reta";"Não";1;0;1;0;0;0;1;1;-13,81151;-56,07354;"SR-MT";"DEL2/4";"UOP01/MT"
261707;2020-01-09;"quinta-feira";"08:00:00";"MG";40;16,2;"PARACATU";"Condutor Dormindo";"Saída de leito carroçável";"Com Vítimas Feridas";"Pleno dia";"Crescente";"Sol";"Simples";"Não Informado";"Não";4;0;4;0;0;0;4;1;-17,08584;-47,03223;"SR-MG";"DEL4/14";"UOP01/MG"
261708;2020-01-09;"quinta-feira";"13:50:00";"MT";364;235,4;"RONDONOPOLIS";"Defeito Mecânico no Veículo";"Incêndio";"Sem Vítimas";"Pleno dia";"Crescente";"Nublado";"Dupla";"Reta";"Sim";5;0;0;0;5;0;0;1;-16,22249;-54,77953;"SR-MT";"DEL2/2";"UOP01/MT"
261709;2020-01-09;"quinta-feira";"15:25:00";"SC";280;24,3;"ARAQUARI";"Falta de Atenção à Condução";"Colisão transversal";"Com Vítimas Feridas";"Pleno dia";"Decrescente";"Céu Claro";"Simples";"Reta";"Sim";2;0;0;1;1;0;1;2;-26,37725;-48,71953;"SR-SC";"DEL8/3";"UOP03/SC"
261711;2020-01-09;"quinta-feira";"15:40:00";"MG";40;521;"CONTAGEM";"Condutor Dormindo";"Colisão com objeto estático";"Com Vítimas Feridas";"Pleno dia";"Decrescente";"Nublado";"Dupla";"Reta";"Não";1;0;0;1;0;0;1;1;-19,85652;-44,07213;"SR-MG";"DEL4/1";"UOP02/MG"
261715;2020-01-09;"quinta-feira";"15:40:00";"MG";381;497;"BETIM";"Falta de Atenção à Condução";"Colisão traseira";"Com Vítimas Feridas";"Pleno dia";"Crescente";"Céu Claro";"Dupla";"Interseção de vias";"Sim";2;0;1;0;0;1;1;2;-20,00484;-44,21367;"SR-MG";"DEL4/1";"UOP03/MG"
261717;2020-01-09;"quinta-feira";"14:00:00";"SC";101;356;"SANGAO";"Falta de Atenção à Condução";"Saída de leito carroçável";"Sem Vítimas";"Pleno dia";"Decrescente";"Céu Claro";"Dupla";"Reta";"Não";1;0;0;0;0;1;0;1;-28,6293;-49,08665;"SR-SC";"DEL8/2";"UOP01/SC"
261718;2020-01-09;"quinta-feira";"15:00:00";"BA";324;582;"CANDEIAS";"Velocidade Incompatível";"Saída de leito carroçável";"Com Vítimas Feridas";"Pleno dia";"Crescente";"Sol";"Dupla";"Reta";"Não";2;0;2;0;0;0;2;1;-12,61908;-38,48345;"SR-BA";"DEL10/1";"UOP01/BA"
261720;2020-01-09;"quinta-feira";"16:15:00";"PR";476;153;"ARAUCARIA";"Falta de Atenção à Condução";"Colisão traseira";"Com Vítimas Feridas";"Pleno dia";"Decrescente";"Céu Claro";"Dupla";"Reta";"Sim";2;0;1;0;1;0;1;2;-25,57731;-49,39234;"SR-PR";"DEL7/1";"UOP04/PR"
261721;2020-01-09;"quinta-feira";"16:05:00";"ES";101;146,2;"LINHARES";"Falta de Atenção à Condução";"Colisão traseira";"Com Vítimas Feridas";"Pleno dia";"Crescente";"Sol";"Dupla";"Reta";"Sim";2;0;1;0;1;0;1;2;-19,36991;-40,06561;"SR-ES";"DEL12/4";"UOP01/ES"
261724;2020-01-09;"quinta-feira";"17:30:00";"SP";116;228;"SAO PAULO";"Não guardar distância de segurança";"Colisão traseira";"Sem Vítimas";"Anoitecer";"Decrescente";"Nublado";"Simples";"Reta";"Não";2;0;0;0;1;1;0;2;-23,50343;-46,56639;"SR-SP";"DEL6/1";"UOP01/SP"
261726;2020-01-09;"quinta-feira";"17:20:00";"ES";101;267,3;"SERRA";"Falta de Atenção à Condução";"Colisão traseira";"Com Vítimas Feridas";"Pleno dia";"Decrescente";"Céu Claro";"Múltipla";"Reta";"Não";2;0;1;0;1;0;1;2;-20,19931;-40,26885;"SR-ES";"DEL12/2";"UOP01/ES"
261727;2020-01-09;"quinta-feira";"16:30:00";"MT";364;401;"CUIABA";"Falta de Atenção à Condução";"Colisão transversal";"Com Vítimas Feridas";"Pleno dia";"Crescente";"Nublado";"Dupla";"Interseção de vias";"Sim";2;0;1;0;1;0;1;2;-15,65388;-55,98975;"SR-MT";"DEL2/1";"UOP01/MT"
261728;2020-01-09;"quinta-feira";"17:20:00";"CE";116;468,5;"MILAGRES";"Avarias e/ou desgaste excessivo no pneu";"Colisão com objeto estático";"Com Vítimas Feridas";"Anoitecer";"Crescente";"Céu Claro";"Simples";"Não Informado";"Não";1;0;1;0;0;0;1;1;-7,260155;-38,8442;"SR-CE";"DEL16/5";"UOP03/CE"
261730;2020-01-09;"quinta-feira";"17:50:00";"RS";386;48,1;"SEBERI";"Desobediência às normas de trânsito pelo condutor";"Colisão transversal";"Com Vítimas Feridas";"Pleno dia";"Crescente";"Céu Claro";"Simples";"Reta";"Não";2;0;1;1;0;0;2;2;-27,47323;-53,40143;"SR-RS";"DEL08";"UOP02/RS"