"id";"data_inversa";"dia_semana";"horario";"uf";"br";"km";"municipio";"causa_acidente";"tipo_acidente";"classificacao_acidente";"fase_dia";"sentido_via";"condicao_metereologica";"tipo_pista";"tracado_via";"uso_solo";"pessoas";"mortos";"feridos_leves";"feridos_graves";"ilesos";"ignorados";"feridos";"veiculos";"latitude";"longitude";"regional";"delegacia";"uop"
262197;2020-01-11;"sábado";"19:35:00";"MG";251;480,5;"FRANCISCO SA";"Ingestão de Álcool";"Saída de leito carroçável";"Com Vítimas Feridas";"Plena Noite";"Crescente";"Céu Claro";"Simples";"Reta";"Não";1;0;1;0;0;0;1;1;-16,39591;-43,45299;"SR-MG";"DEL4/12";"UOP01/MG"
262198;2020-01-11;"sábado";"16:00:00";"MT";364;573;"NOBRES";"Avarias e/ou desgaste excessivo no pneu";"Saída de leito carroçável";"Com Vítimas Feridas";"Pleno dia";"Decrescente";"Chuva";"Dupla";"Curva";"Não";2;0;2;0;0;0;2;1;-14,70708;-56,32215;"SR-MT";"DEL2/4";"UOP01/MT"
262200;2020-01-11;"sábado";"17:30:00";"AC";364;136,1;"RIO BRANCO";"Desobediência às normas de trânsito pelo condutor";"Colisão transversal";"Com Vítimas Feridas";"Anoitecer";"Decrescente";"Céu Claro";"Dupla";"Rotatória";"Sim";3;0;1;0;2;0;1;2;-9,977578;-67,8489;"SR-AC";"UOP01/AC";""
262201;2020-01-11;"sábado";"15:00:00";"BA";242;504;"OLIVEIRA DOS BREJINHOS";"Condutor Dormindo";"Colisão com objeto estático";"Com Vítimas Feridas";"Pleno dia";"Crescente";"Céu Claro";"Simples";"Ponte";"Não";2;0;2;0;0;0;2;1;-12,35492;-42,48499;"SR-BA";"DEL10/6";"UOP01/BA"
262202;2020-01-11;"sábado";"20:00:00";"SP";153;206,5;"GUAIMBE";"Defeito Mecânico no Veículo";"Saída de leito carroçável";"Com Vítimas Feridas";"Plena Noite";"Crescente";"Nublado";"Simples";"Reta";"Não";2;0;2;0;0;0;2;1;-21,8734;-49,90748;"SR-SP";"DEL6/07";"UOP01/SP"
262203;2020-01-11;"sábado";"18:30:00";"RJ";101;420;"MANGARATIBA";"Desobediência às normas de trânsito pelo condutor";"Colisão lateral";"Com Vítimas Feridas";"Plena Noite";"Crescente";"Nublado";"Simples";"Reta";"Não";3;0;2;0;1;0;2;2;-22,91898;-43,92318;"SR-RJ";"DEL5/3";"UOP01/RJ"
262204;2020-01-11;"sábado";"19:45:00";"PR";277;133;"BALSA NOVA";"Defeito Mecânico no Veículo";"Saída de leito carroçável";"Com Vítimas Feridas";"Plena Noite";"Crescente";"Garoa/Chuvisco";"Dupla";"Reta";"Não";4;0;3;0;1;0;3;1;-25,47161;-49,66808;"SR-PR";"DEL7/1";"UOP05/PR"
262205;2020-01-11;"sábado";"19:00:00";"PA";230;648,5;"ALTAMIRA";"Falta de Atenção à Condução";"Colisão frontal";"Com Vítimas Fatais";"Plena Noite";"Crescente";"Nublado";"Simples";"Reta";"Não";5;1;3;0;0;1;3;3;-3,223402;-52,26399;"SR-PA";"DEL19/4";"UOP01/PA"
262206;2020-01-11;"sábado";"20:15:00";"PR";476;123;"CURITIBA";"Ingestão de Álcool";"Colisão traseira";"Sem Vítimas";"Plena Noite";"Crescente";"Chuva";"Dupla";"Reta";"Sim";3;0;0;0;3;0;0;3;-25,3929;-49,20956;"SR-PR";"DEL7/1";"UOP06/PR"
262207;2020-01-11;"sábado";"17:50:00";"CE";222;59,3;"SAO GONCALO DO AMARANTE";"Falta de Atenção à Condução";"Colisão frontal";"Com Vítimas Fatais";"Plena Noite";"Decrescente";"Céu Claro";"Simples";"Reta";"Sim";2;1;0;0;1;0;0;2;-3,67074;-39,07821;"SR-CE";"DEL16/1";"UOP03/CE"
262208;2020-01-11;"sábado";"20:45:00";"PR";116;201,2;"RIO NEGRO";"Ingestão de Álcool";"Capotamento";"Com Vítimas Feridas";"Plena Noite";"Crescente";"Nublado";"Simples";"Curva";"Não";1;0;1;0;0;0;1;1;-26,03964;-49,69596;"SR-SC";"DEL8/6";"UOP01/SC"
262209;2020-01-11;"sábado";"18:30:00";"SP";116;408;"JUQUIA";"Falta de Atenção à Condução";"Colisão com objeto estático";"Sem Vítimas";"Anoitecer";"Crescente";"Céu Claro";"Simples";"Reta";"Não";1;0;0;0;1;0;0;1;-24,32873;-47,57542;"SR-SP";"DEL6/5";"UOP01/SP"
262210;2020-01-11;"sábado";"19:00:00";"SC";101;96;"BALNEARIO PICARRAS";"Falta de Atenção à Condução";"Capotamento";"Com Vítimas Feridas";"Anoitecer";"Crescente";"Céu Claro";"Simples";"Reta";"Sim";1;0;1;0;0;0;1;1;-26,72919;-48,70182;"SR-SC";"DEL8/3";"UOP02/SC"
262211;2020-01-11;"sábado";"21:10:00";"PE";423;97;"GARANHUNS";"Ingestão de Álcool";"Colisão lateral";"Com Vítimas Feridas";"Plena Noite";"Crescente";"Céu Claro";"Simples";"Reta";"Sim";2;0;0;1;1;0;1;2;-8,879623;-36,49484;"SR-PE";"DEL11/3";"UOP01/PE"
262212;2020-01-11;"sábado";"19:35:00";"BA";116;816;"VITORIA DA CONQUISTA";"Ingestão de Álcool";"Queda de ocupante de veículo";"Com Vítimas Feridas";"Plena Noite";"Decrescente";"Céu Claro";"Simples";"Reta";"Não";1;0;1;0;0;0;1;1;-14,77751;-40,73036;"SR-BA";"DEL10/8";"UOP01/BA"
262213;2020-01-11;"sábado";"20:00:00";"MG";381;513;"IGARAPE";"Ingestão de Álcool";"Colisão com objeto estático";"Sem Vítimas";"Plena Noite";"Crescente";"Céu Claro";"Simples";"Interseção de vias";"Não";2;0;0;0;2;0;0;2;-20,09999;-44,3189;"SR-MG";"DEL4/1";"UOP03/MG"
262214;2020-01-11;"sábado";"21:15:00";"GO";60;168,2;"GOIANIA";"Ingestão de Álcool";"Colisão com objeto estático";"Sem Vítimas";"Plena Noite";"Decrescente";"Céu Claro";"Dupla";"Não Informado";"Sim";1;0;0;0;1;0;0;1;-16,7223;-49,3746;"SR-GO";"DEL1/1";"UOP02/GO"
262215;2020-01-11;"sábado";"21:00:00";"PR";369;151,8;"LONDRINA";"Ingestão de Álcool";"Saída de leito carroçável";"Sem Vítimas";"Plena Noite";"Decrescente";"Nublado";"Dupla";"Reta";"Sim";1;0;0;0;1;0;0;1;-23,29278;-51,17785;"SR-PR";"DEL7/7";"UOP01/PR"
262216;2020-01-11;"sábado";"21:00:00";"RS";116;119,9;"SAO MARCOS";"Ingestão de Álcool";"Colisão frontal";"Com Vítimas Feridas";"Plena Noite";"Crescente";"Nublado";"Simples";"Curva";"Não";3;0;1;0;2;0;1;2;-28,9962;-51,07362;"SR-RS";"DEL9/5";"UOP01/RS"
262217;2020-01-11;"sábado";"21:00:00";"RJ";101;55,1;"CAMPOS DOS GOYTACAZES";"Ingestão de Álcool";"Colisão traseira";"Com Vítimas Feridas";"Plena Noite";"Crescente";"Céu Claro";"Simples";"Reta";"Sim";3;0;1;0;2;0;1;3;-21,67827;-41,3108;"SR-RJ";"DEL5/8";"UOP01/RJ"
262218;2020-01-11;"sábado";"19:32:00";"GO";153;190;"URUACU";"Restrição de Visibilidade";"Colisão com objeto estático";"Sem Vítimas";"Plena Noite";"Decrescente";"Chuva";"Simples";"Não Informado";"Não";2;0;0;0;2;0;0;1;-14,42902;-49,15693;"SR-GO";"DEL1/7";"UOP01/GO"
262219;2020-01-11;"sábado";"19:25:00";"MG";116;687,3;"MURIAE";"Falta de Atenção à Condução";"Capotamento";"Com Vítimas Feridas";"Plena Noite";"Crescente";"Céu Claro";"Simples";"Curva";"Não";2;0;0;1;0;1;1;2;-20,99764;-42,36258;"SR-MG";"DEL4/7";"UOP02/MG"
262220;2020-01-11;"sábado";"18:30:00";"RJ";40;58,9;"PETROPOLIS";"Ingestão de Álcool";"Colisão traseira";"Com Vítimas Feridas";"Pleno dia";"Crescente";"Céu Claro";"Dupla";"Curva";"Não";4;0;1;0;3;0;1;2;-22,37878;-43,13152;"SR-RJ";"DEL5/6";"UOP03/RJ"
262221;2020-01-11;"sábado";"20:40:00";"PI";343;16,5;"PARNAIBA";"Falta de Atenção à Condução";"Atropelamento de Pedestre";"Com Vítimas Feridas";"Plena Noite";"Decrescente";"Chuva";"Simples";"Reta";"Sim";2;0;0;1;0;1;1;2;-2,945431;-41,75646;"SR-PI";"DEL17/5";"UOP01/PI"
262222;2020-01-11;"sábado";"20:30:00";"RJ";116;167;"SAO JOAO DE MERITI";"Ingestão de Álcool";"Colisão transversal";"Com Vítimas Feridas";"Plena Noite";"Crescente";"Céu Claro";"Múltipla";"Reta";"Sim";2;0;1;0;1;0;1;2;-22,81804;-43,30787;"SR-RJ";"DEL5/1";"UOP02/RJ"
262223;2020-01-11;"sábado";"21:40:00";"PR";476;170;"CONTENDA";"Falta de Atenção à Condução";"Saída de leito carroçável";"Com Vítimas Feridas";"Plena Noite";"Decrescente";"Ignorado";"Dupla";"Rotatória";"Sim";2;0;2;0;0;0;2;1;-25,66807;-49,50395;"SR-PR";"DEL7/1";"UOP04/PR"
262224;2020-01-11;"sábado";"21:40:00";"PR";376;8;"MARINGA";"Falta de Atenção à Condução";"Colisão com objeto estático";"Com Vítimas Feridas";"Plena Noite";"Decrescente";"Nublado";"Dupla";"Curva";"Sim";1;0;1;0;0;0;1;1;-23,37198;-51,92451;"SR-PR";"DEL7/7";"UOP04/PR"
262225;2020-01-11;"sábado";"22:05:00";"PR";369;138,8;"IBIPORA";"Ingestão de Álcool";"Colisão lateral";"Com Vítimas Feridas";"Plena Noite";"Crescente";"Chuva";"Dupla";"Não Informado";"Sim";2;0;1;0;1;0;1;2;-23,27381;-51,05684;"SR-PR";"DEL7/7";"UOP01/PR"
262227;2020-01-11;"sábado";"17:10:00";"BA";407;34,4;"JUAZEIRO";"Ultrapassagem Indevida";"Colisão lateral";"Sem Vítimas";"Pleno dia";"Decrescente";"Sol";"Simples";"Reta";"Não";5;0;0;0;5;0;0;2;-9,681603;-40,3802;"SR-BA";"DEL10/4";"UOP01/BA"
262228;2020-01-11;"sábado";"20:04:00";"PR";163;185,5;"SANTA TEREZA DO OESTE";"Falta de Atenção à Condução";"Saída de leito carroçável";"Com Vítimas Feridas";"Plena Noite";"Decrescente";"Céu Claro";"Dupla";"Reta";"Não";1;0;1;0;0;0;1;1;-25,13566;-53,5836;"SR-PR";"DEL7/4";"UOP06/PR"
262229;2020-01-11;"sábado";"21:20:00";"MS";163;256,2;"DOURADOS";"Falta de Atenção à Condução";"Colisão traseira";"Com Vítimas Feridas";"Plena Noite";"Crescente";"Chuva";"Dupla";"Reta";"Sim";2;0;1;0;0;1;1;2;-22,25914;-54,80255;"SR-MS";"DEL3/4";"UOP01/MS"
262230;2020-01-11;"sábado";"20:15:00";"PR";476;148,4;"ARAUCARIA";"Falta de Atenção à Condução";"Colisão transversal";"Com Vítimas Feridas";"Plena Noite";"Crescente";"Nublado";"Dupla";"Reta";"Sim";3;0;0;1;0;2;1;2;-25,55712;-49,34873;"SR-PR";"DEL7/1";"UOP04/PR"
262231;2020-01-11;"sábado";"22:10:00";"PR";476;136,7;"CURITIBA";"Ingestão de Álcool";"Colisão lateral";"Sem Vítimas";"Plena Noite";"Crescente";"Nublado";"Múltipla";"Reta";"Sim";3;0;0;0;3;0;0;2;-25,4974;-49,27724;"SR-PR";"DEL7/1";"UOP03/PR"
262232;2020-01-11;"sábado";"12:30:00";"MA";226;547,3;"PORTO FRANCO";"Falta de Atenção à Condução";"Colisão transversal";"Com Vítimas Fatais";"Pleno dia";"Decrescente";"Céu Claro";"Simples";"Reta";"Não";6;1;3;1;1;0;4;2;-6,262709;-47,19281;"SR-MA";"DEL18/4";"UOP02/MA"
262233;2020-01-11;"sábado";"23:00:00";"PB";230;23,9;"JOAO PESSOA";"Falta de Atenção à Condução";"Saída de leito carroçável";"Com Vítimas Feridas";"Plena Noite";"Crescente";"Céu Claro";"Dupla";"Reta";"Sim";1;0;1;0;0;0;1;1;-7,1562;-34,8574;"SR-PB";"DEL14/1";"UOP01/PB"
262234;2020-01-11;"sábado";"23:30:00";"MA";316;614,4;"TIMON";"Falta de Atenção à Condução";"Colisão com objeto estático";"Com Vítimas Fatais";"Plena Noite";"Crescente";"Céu Claro";"Simples";"Reta";"Sim";2;1;0;1;0;0;1;1;-5,082491;-42,84059;"SR-MA";"DEL18/3";"UOP02/MA"
262236;2020-01-11;"sábado";"20:40:00";"BA";116;652;"JEQUIE";"Desobediência às normas de trânsito pelo condutor";"Colisão frontal";"Com Vítimas Feridas";"Plena Noite";"Crescente";"Céu Claro";"Simples";"Curva";"Não";7;0;2;3;2;0;5;2;-13,62856;-40,09263;"SR-BA";"DEL10/3";"UOP01/BA"
262237;2020-01-12;"domingo";"00:00:00";"RN";304;32,8;"MOSSORO";"Desobediência às normas de trânsito pelo condutor";"Colisão traseira";"Com Vítimas Feridas";"Plena Noite";"Decrescente";"Céu Claro";"Dupla";"Reta";"Sim";3;0;0;1;1;1;1;2;-5,14282;-37,34659;"SR-RN";"DEL15/4";"UOP02/RN"
262238;2020-01-12;"domingo";"00:13:00";"DF";20;21,4;"BRASILIA";"Ingestão de Álcool";"Colisão traseira";"Sem Vítimas";"Plena Noite";"Crescente";"Céu Claro";"Dupla";"Reta";"Sim";2;0;0;0;2;0;0;2;-15,60338;-47,68469;"SR-DF";"UOP01/DEL02/DF";""
262239;2020-01-11;"sábado";"23:55:00";"RS";290;24,7;"SANTO ANTONIO DA PATRULHA";"Condutor Dormindo";"Saída de leito carroçável";"Com Vítimas Feridas";"Pleno dia";"Decrescente";"Nublado";"Dupla";"Reta";"Não";14;0;11;1;2;0;12;1;-29,88103;-50,5;"SR-RS";"DEL9/3";"UOP01/RS"
262240;2020-01-11;"sábado";"14:10:00";"MG";381;582;"CARMOPOLIS DE MINAS";"Velocidade Incompatível";"Capotamento";"Com Vítimas Feridas";"Pleno dia";"Decrescente";"Sol";"Dupla";"Curva";"Não";3;0;2;0;1;0;2;1;-20,51931;-44,62406;"SR-MG";"DEL4/4";"UOP01/MG"
262241;2020-01-12;"domingo";"01:00:00";"PI";316;11,5;"TERESINA";"Falta de Atenção à Condução";"Colisão com objeto estático";"Sem Vítimas";"Plena Noite";"Crescente";"Céu Claro";"Simples";"Não Informado";"Sim";1;0;0;0;1;0;0;1;-5,194879;-42,75997;"SR-PI";"DEL17/1";"UOP02/PI"
262242;2020-01-12;"domingo";"01:30:00";"RS";116;235;"NOVO HAMBURGO";"Ingestão de Álcool";"Colisão com objeto estático";"Com Vítimas Feridas";"Plena Noite";"Decrescente";"Céu Claro";"Dupla";"Reta";"Sim";3;0;0;2;1;0;2;1;-29,66038;-51,14387;"SR-RS";"DEL9/1";"UOP02/RS"
262243;2020-01-12;"domingo";"01:30:00";"PE";428;94,1;"SANTA MARIA DA BOA VISTA";"Animais na Pista";"Atropelamento de Animal";"Sem Vítimas";"Plena Noite";"Decrescente";"Céu Claro";"Simples";"Reta";"Não";1;0;0;0;1;0;0;1;-8,810586;-39,91204;"SR-PE";"DEL11/6";"UOP03/PE"
262244;2020-01-11;"sábado";"23:45:00";"BA";367;30,9;"PORTO SEGURO";"Deficiência ou não Acionamento do Sistema de Iluminação/Sinalização do Veículo";"Colisão traseira";"Com Vítimas Feridas";"Plena Noite";"Crescente";"Céu Claro";"Simples";"Reta";"Não";3;0;3;0;0;0;3;2;-16,41558;-39,12658;"SR-BA";"DEL10/9";"UOP01/BA"
262245;2020-01-11;"sábado";"22:03:00";"MS";163;253,8;"DOURADOS";"Falta de Atenção à Condução";"Saída de leito carroçável";"Com Vítimas Fatais";"Plena Noite";"Decrescente";"Chuva";"Dupla";"Rotatória";"Sim";1;1;0;0;0;0;0;1;-22,27314;-54,81801;"SR-MS";"DEL3/4";"UOP01/MS"
262246;2020-01-12;"domingo";"02:00:00";"SP";116;134;"CACAPAVA";"Falta de Atenção à Condução";"Colisão frontal";"Com Vítimas Feridas";"Plena Noite";"Decrescente";"Céu Claro";"Dupla";"Reta";"Não";5;0;5;0;0;0;5;2;-23,14022;-45,76173;"SR-SP";"DEL6";"UOP01/SP"
262247;2020-01-12;"domingo";"01:40:00";"SP";116;281;"EMBU DAS ARTES";"Ingestão de Álcool";"Colisão traseira";"Com Vítimas Feridas";"Plena Noite";"Decrescente";"Céu Claro";"Dupla";"Reta";"Sim";5;0;3;0;2;0;3;2;-23,65224;-46,84679;"SR-SP";"DEL6/4";"UOP01/SP"
262249;2020-01-12;"domingo";"01:00:00";"RJ";116;168,9;"RIO DE JANEIRO";"Velocidade Incompatível";"Capotamento";"Com Vítimas Feridas";"Plena Noite";"Crescente";"Céu Claro";"Dupla";"Reta";"Sim";2;0;1;1;0;0;2;1;-22,7909;-43,36956;"SR-RJ";"DEL5/1";"UOP02/RJ"
262250;2020-01-12;"domingo";"00:20:00";"SC";101;75;"ARAQUARI";"Defeito Mecânico no Veículo";"Incêndio";"Sem Vítimas";"Plena Noite";"Crescente";"Nublado";"Simples";"Reta";"Não";1;0;0;0;0;1;0;1;-26,55197;-48,71688;"SR-SC";"DEL8/3";"UOP02/SC"
262251;2020-01-12;"domingo";"00:20:00";"SC";280;48,1;"ARAQUARI";"Falta de Atenção à Condução";"Colisão transversal";"Com Vítimas Feridas";"Plena Noite";"Crescente";"Nublado";"Simples";"Não Informado";"Sim";3;0;1;0;2;0;1;2;-26,45597;-48,93014;"SR-SC";"DEL8/3";"UOP03/SC"
262253;2020-01-12;"domingo";"00:15:00";"PR";116;16;"CAMPINA GRANDE DO SUL";"Velocidade Incompatível";"Saída de leito carroçável";"Com Vítimas Feridas";"Plena Noite";"Decrescente";"Garoa/Chuvisco";"Dupla";"Curva";"Sim";5;0;1;0;4;0;1;1;-25,0997;-48,69223;"SR-PR";"DEL7/1";"UOP02/PR"
262254;2020-01-12;"domingo";"01:30:00";"SP";116;546;"BARRA DO TURVO";"Condutor Dormindo";"Tombamento";"Sem Vítimas";"Plena Noite";"Crescente";"Garoa/Chuvisco";"Simples";"Reta";"Não";1;0;0;0;1;0;0;1;-24,94709;-48,43042;"SR-SP";"DEL6/5";"UOP03/SP"
262255;2020-01-12;"domingo";"02:00:00";"MG";381;695,3;"LAVRAS";"Ingestão de Álcool";"Colisão com objeto estático";"Sem Vítimas";"Plena Noite";"Decrescente";"Nublado";"Dupla";"Não Informado";"Não";1;0;0;0;1;0;0;1;-21,24896;-45,13826;"SR-MG";"DEL4/4";"UOP02/MG"
262256;2020-01-12;"domingo";"02:50:00";"SC";282;506,9;"XANXERE";"Ingestão de Álcool";"Saída de leito carroçável";"Com Vítimas Feridas";"Plena Noite";"Crescente";"Céu Claro";"Simples";"Curva";"Sim";1;0;1;0;0;0;1;1;-26,88571;-52,42907;"SR-SC";"DEL7";"UOP01/SC"
262257;2020-01-12;"domingo";"02:00:00";"RS";470;166,1;"VILA FLORES";"Ingestão de Álcool";"Capotamento";"Com Vítimas Feridas";"Plena Noite";"Decrescente";"Nublado";"Dupla";"Curva";"Não";2;0;1;1;0;0;2;1;-28,84767;-51,57122;"SR-RS";"DEL9/6";"UOP02/RS"
262258;2020-01-12;"domingo";"01:55:00";"RJ";116;185;"NOVA IGUACU";"Falta de Atenção à Condução";"Colisão lateral";"Sem Vítimas";"Plena Noite";"Crescente";"Céu Claro";"Dupla";"Reta";"Não";2;0;0;0;2;0;0;2;-22,74151;-43,45352;"SR-RJ";"DEL5/1";"UOP02/RJ"
262259;2020-01-12;"domingo";"02:00:00";"MG";40;792;"JUIZ DE FORA";"Condutor Dormindo";"Saída de leito carroçável";"Com Vítimas Feridas";"Plena Noite";"Crescente";"Nublado";"Dupla";"Reta";"Não";2;0;2;0;0;0;2;1;-21,78487;-43,4145;"SR-MG";"DEL5";"UOP01/MG"
262260;2020-01-12;"domingo";"03:50:00";"PR";376;225;"APUCARANA";"Ingestão de Álcool";"Colisão com objeto estático";"Com Vítimas Feridas";"Plena Noite";"Decrescente";"Nublado";"Dupla";"Curva";"Não";1;0;1;0;0;0;1;1;-23,58555;-51,57009;"SR-PR";"DEL7/7";"UOP03/PR"
262261;2020-01-12;"domingo";"03:20:00";"RO";364;344,1;"JI-PARANA";"Falta de Atenção à Condução";"Colisão com objeto estático";"Com Vítimas Fatais";"Plena Noite";"Crescente";"Chuva";"Simples";"Desvio Temporário";"Sim";2;1;0;0;1;0;0;2;-10,87237;-61,95443;"SR-RO";"DEL21/2";"UOP01/RO"
262262;2020-01-11;"sábado";"12:50:00";"MA";135;159;"SAO MATEUS DO MARANHAO";"Carga excessiva e/ou mal acondicionada";"Derramamento de carga";"Sem Vítimas";"Pleno dia";"Crescente";"Céu Claro";"Simples";"Reta";"Não";1;0;0;0;1;0;0;1;-3,838698;-44,50987;"SR-MA";"DEL18/1";"UOP02/MA"
262263;2020-01-12;"domingo";"03:30:00";"PR";277;725,1;"FOZ DO IGUACU";"Ingestão de Álcool";"Capotamento";"Sem Vítimas";"Plena Noite";"Crescente";"Céu Claro";"Dupla";"Reta";"Sim";1;0;0;0;0;1;0;1;-25,50824;-54,5462;"SR-PR";"DEL7/5";"UOP03/PR"
262264;2020-01-12;"domingo";"05:10:00";"GO";153;562;"PROFESSOR JAMIL";"Defeito Mecânico no Veículo";"Capotamento";"Sem Vítimas";"Amanhecer";"Decrescente";"Céu Claro";"Dupla";"Reta";"Não";1;0;0;0;0;1;0;1;-17,2316;-49,2328;"SR-GO";"DEL1/3";"UOP01/GO"
262265;2020-01-12;"domingo";"04:50:00";"RS";290;107,4;"ELDORADO DO SUL";"Falta de Atenção à Condução";"Colisão com objeto estático";"Com Vítimas Feridas";"Plena Noite";"Decrescente";"Nublado";"Simples";"Curva";"Sim";1;0;1;0;0;0;1;1;-30,00185;-51,30426;"SR-RS";"DEL9/2";"UOP01/RS"
262266;2020-01-12;"domingo";"05:30:00";"PR";376;223,3;"CAMBIRA";"Avarias e/ou desgaste excessivo no pneu";"Saída de leito carroçável";"Com Vítimas Feridas";"Amanhecer";"Crescente";"Nublado";"Dupla";"Não Informado";"Não";2;0;2;0;0;0;2;1;-23,59013;-51,57481;"SR-PR";"DEL7/7";"UOP03/PR"
262267;2020-01-12;"domingo";"05:50:00";"PR";369;150;"LONDRINA";"Avarias e/ou desgaste excessivo no pneu";"Colisão com objeto estático";"Sem Vítimas";"Amanhecer";"Decrescente";"Céu Claro";"Dupla";"Reta";"Sim";1;0;0;0;0;1;0;1;-23,29291;-51,16191;"SR-PR";"DEL7/7";"UOP01/PR"
262268;2020-01-12;"domingo";"05:00:00";"RS";392;17,1;"RIO GRANDE";"Falta de Atenção à Condução";"Saída de leito carroçável";"Com Vítimas Feridas";"Pleno dia";"Decrescente";"Céu Claro";"Dupla";"Curva";"Sim";1;0;1;0;0;0;1;1;-32,09361;-52,16813;"SR-RS";"DEL9/7";"UOP02/RS"
262269;2020-01-12;"domingo";"05:55:00";"DF";40;6,8;"BRASILIA";"Velocidade Incompatível";"Queda de ocupante de veículo";"Com Vítimas Feridas";"Amanhecer";"Crescente";"Céu Claro";"Simples";"Reta";"Sim";2;0;2;0;0;0;2;1;-16,02974;-47,97887;"SR-DF";"UOP01/DF";""
262270;2020-01-12;"domingo";"04:10:00";"SP";116;274,9;"TABOAO DA SERRA";"Avarias e/ou desgaste excessivo no pneu";"Colisão com objeto estático";"Com Vítimas Feridas";"Pleno dia";"Decrescente";"Céu Claro";"Dupla";"Reta";"Sim";2;0;2;0;0;0;2;1;-23,61825;-46,80673;"SR-SP";"DEL6/4";"UOP01/SP"
262271;2020-01-12;"domingo";"06:20:00";"PR";467;108,7;"CASCAVEL";"Ingestão de Álcool";"Saída de leito carroçável";"Com Vítimas Feridas";"Pleno dia";"Crescente";"Céu Claro";"Dupla";"Curva";"Não";1;0;1;0;0;0;1;1;-24,92487;-53,46586;"SR-PR";"DEL7/4";"UOP01/PR"
262272;2020-01-12;"domingo";"06:15:00";"RS";285;264,7;"MATO CASTELHANO";"Ingestão de Álcool";"Saída de leito carroçável";"Com Vítimas Fatais";"Amanhecer";"Decrescente";"Sol";"Simples";"Reta";"Não";2;1;0;0;1;0;0;1;-28,30502;-52,11805;"SR-RS";"DEL08";"UOP03/RS"
262273;2020-01-12;"domingo";"05:45:00";"AL";316;242,6;"ATALAIA";"Falta de Atenção à Condução";"Colisão traseira";"Com Vítimas Feridas";"Amanhecer";"Crescente";"Céu Claro";"Simples";"Reta";"Não";2;0;0;1;1;0;1;2;-9,507274;-36,02114;"SR-AL";"DEL13/1";"UOP01/AL"
262274;2020-01-12;"domingo";"06:00:00";"CE";222;4,8;"CAUCAIA";"Desobediência às normas de trânsito pelo condutor";"Colisão transversal";"Com Vítimas Feridas";"Amanhecer";"Crescente";"Céu Claro";"Múltipla";"Retorno Regulamentado";"Sim";2;0;1;0;1;0;1;2;-3,741648;-38,6045;"SR-CE";"DEL16/1";"UOP01/CE"
262275;2020-01-12;"domingo";"00:50:00";"MT";364;525;"ROSARIO OESTE";"Falta de Atenção à Condução";"Saída de leito carroçável";"Sem Vítimas";"Plena Noite";"Crescente";"Céu Claro";"Simples";"Reta";"Não";1;0;0;0;1;0;0;1;-15,04934;-56,51627;"SR-MT";"DEL2/4";"UOP01/MT"
262276;2020-01-12;"domingo";"05:50:00";"MG";459;14,7;"CALDAS";"Falta de Atenção do Pedestre";"Atropelamento de Pedestre";"Com Vítimas Fatais";"Amanhecer";"Decrescente";"Céu Claro";"Simples";"Curva";"Não";2;1;0;0;0;1;0;1;-21,85176;-46,43844;"SR-MG";"DEL09";"UOP04/MG"
262277;2020-01-12;"domingo";"06:00:00";"MG";381;452;"SABARA";"Condutor Dormindo";"Saída de leito carroçável";"Com Vítimas Feridas";"Pleno dia";"Decrescente";"Sol";"Simples";"Reta";"Sim";7;0;1;2;1;3;3;4;-19,84184;-43,86518;"SR-MG";"DEL4/1";"UOP01/MG"
262278;2020-01-12;"domingo";"06:30:00";"SP";116;507;"CAJATI";"Velocidade Incompatível";"Saída de leito carroçável";"Com Vítimas Feridas";"Amanhecer";"Decrescente";"Nublado";"Simples";"Curva";"Não";1;0;1;0;0;0;1;1;-24,80529;-48,21497;"SR-SP";"DEL6/5";"UOP03/SP"
262279;2020-01-12;"domingo";"06:40:00";"MG";381;484;"BETIM";"Defeito Mecânico no Veículo";"Saída de leito carroçável";"Com Vítimas Feridas";"Pleno dia";"Crescente";"Céu Claro";"Dupla";"Não Informado";"Sim";2;0;1;0;1;0;1;1;-19,95532;-44,11722;"SR-MG";"DEL4/1";"UOP03/MG"
262280;2020-01-12;"domingo";"07:15:00";"PR";376;661;"TIJUCAS DO SUL";"Defeito Mecânico no Veículo";"Colisão lateral";"Com Vítimas Feridas";"Pleno dia";"Crescente";"Céu Claro";"Dupla";"Reta";"Não";3;0;1;0;2;0;1;2;-25,88532;-48,93515;"SR-PR";"DEL7/1";"UOP08/PR"
262281;2020-01-12;"domingo";"02:00:00";"BA";110;72;"JEREMOABO";"Ingestão de álcool e/ou substâncias psicoativas pelo pedestre";"Colisão frontal";"Com Vítimas Feridas";"Plena Noite";"Decrescente";"Céu Claro";"Simples";"Reta";"Não";3;0;0;1;2;0;1;2;-10,05964;-38,34386;"SR-BA";"DEL10/7";"UOP01/BA"
262282;2020-01-12;"domingo";"05:00:00";"RS";386;279,5;"SAO JOSE DO HERVAL";"Velocidade Incompatível";"Saída de leito carroçável";"Sem Vítimas";"Plena Noite";"Decrescente";"Céu Claro";"Simples";"Curva";"Não";1;0;0;0;0;1;0;1;-29,02266;-52,31988;"SR-RS";"DEL9/4";"UOP03/RS"
262283;2020-01-12;"domingo";"05:59:00";"RJ";101;304;"SAO GONCALO";"Condutor Dormindo";"Saída de leito carroçável";"Com Vítimas Feridas";"Amanhecer";"Decrescente";"Céu Claro";"Dupla";"Reta";"Sim";1;0;1;0;0;0;1;1;-22,78492;-42,98628;"SR-RJ";"DEL5/2";"UOP01/RJ"
262284;2020-01-12;"domingo";"06:50:00";"RJ";116;164;"RIO DE JANEIRO";"Falta de Atenção à Condução";"Colisão traseira";"Com Vítimas Feridas";"Amanhecer";"Decrescente";"Céu Claro";"Múltipla";"Reta";"Sim";2;0;1;0;1;0;1;2;-22,81311;-43,33012;"SR-RJ";"DEL5/1";"UOP01/RJ"