"id";"data_inversa";"dia_semana";"horario";"uf";"br";"km";"municipio";"causa_acidente";"tipo_acidente";"classificacao_acidente";"fase_dia";"sentido_via";"condicao_metereologica";"tipo_pista";"tracado_via";"uso_solo";"pessoas";"mortos";"feridos_leves";"feridos_graves";"ilesos";"ignorados";"feridos";"veiculos";"latitude";"longitude";"regional";"delegacia";"uop"
263165;2020-01-16;"quinta-feira";"15:30:00";"PE";101;40;"IGARASSU";"Falta de Atenção à Condução";"Colisão lateral";"Com Vítimas Feridas";"Pleno dia";"Crescente";"Sol";"Dupla";"Reta";"Sim";2;0;1;0;1;0;1;2;-7,821475;-34,91654;"SR-PE";"DEL11/1";"UOP02/PE"
263166;2020-01-16;"quinta-feira";"07:30:00";"PI";343;484;"REGENERACAO";"Falta de Atenção à Condução";"Colisão com objeto em movimento";"Com Vítimas Feridas";"Pleno dia";"Decrescente";"Céu Claro";"Simples";"Reta";"Não";2;0;1;0;1;0;1;1;-6,197544;-42,70392;"SR-PI";"DEL17/1";"UOP02/PI"
263167;2020-01-16;"quinta-feira";"15:30:00";"SP";101;49,2;"UBATUBA";"Desobediência às normas de trânsito pelo condutor";"Colisão transversal";"Com Vítimas Feridas";"Pleno dia";"Decrescente";"Sol";"Simples";"Reta";"Sim";2;0;0;1;0;1;1;2;-23,4482;-45,07957;"SR-SP";"DEL6";"UOP03/SP"
263168;2020-01-16;"quinta-feira";"14:00:00";"RO";364;341,5;"JI-PARANA";"Não guardar distância de segurança";"Colisão traseira";"Com Vítimas Feridas";"Pleno dia";"Crescente";"Nublado";"Simples";"Reta";"Sim";3;0;1;0;2;0;1;2;-10,88988;-61,93127;"SR-RO";"DEL21/2";"UOP01/RO"
263169;2020-01-16;"quinta-feira";"15:20:00";"MT";364;347,5;"SANTO ANTONIO DO LEVERGER";"Desobediência às normas de trânsito pelo condutor";"Saída de leito carroçável";"Com Vítimas Feridas";"Pleno dia";"Crescente";"Nublado";"Simples";"Não Informado";"Não";1;0;1;0;0;0;1;1;-15,80735;-55,54692;"SR-MT";"DEL2/1";"UOP01/MT"
263170;2020-01-16;"quinta-feira";"16:02:00";"PE";424;77;"GARANHUNS";"Desobediência às normas de trânsito pelo condutor";"Colisão lateral";"Com Vítimas Feridas";"Pleno dia";"Crescente";"Céu Claro";"Simples";"Reta";"Não";2;0;0;1;1;0;1;2;-8,815109;-36,5689;"SR-PE";"DEL11/3";"UOP01/PE"
263171;2020-01-16;"quinta-feira";"12:00:00";"SC";282;3,2;"FLORIANOPOLIS";"Falta de Atenção à Condução";"Colisão lateral";"Com Vítimas Feridas";"Pleno dia";"Decrescente";"Nublado";"Dupla";"Reta";"Sim";2;0;1;0;1;0;1;2;-27,59844;-48,6004;"SR-SC";"DEL8/1";"UOP01/SC"
263172;2020-01-16;"quinta-feira";"15:27:00";"MG";381;758,8;"TRES CORACOES";"Falta de Atenção à Condução";"Saída de leito carroçável";"Com Vítimas Feridas";"Pleno dia";"Crescente";"Céu Claro";"Dupla";"Reta";"Não";4;0;1;0;2;1;1;2;-21,70753;-45,37423;"SR-MG";"DEL09";"UOP02/MG"
263173;2020-01-16;"quinta-feira";"14:00:00";"SC";282;632,3;"DESCANSO";"Falta de Atenção à Condução";"Saída de leito carroçável";"Com Vítimas Feridas";"Pleno dia";"Decrescente";"Chuva";"Simples";"Curva";"Não";4;0;3;0;1;0;3;1;-26,8253;-53,40422;"SR-SC";"DEL7";"UOP03/SC"
263174;2020-01-16;"quinta-feira";"16:50:00";"RJ";116;179,8;"NOVA IGUACU";"Falta de Atenção à Condução";"Colisão transversal";"Com Vítimas Feridas";"Pleno dia";"Decrescente";"Céu Claro";"Múltipla";"Reta";"Sim";3;0;1;0;2;0;1;2;-22,7699;-43,40804;"SR-RJ";"DEL5/1";"UOP02/RJ"
263175;2020-01-16;"quinta-feira";"11:30:00";"MS";163;812;"SONORA";"Condutor Dormindo";"Saída de leito carroçável";"Com Vítimas Feridas";"Pleno dia";"Crescente";"Céu Claro";"Simples";"Não Informado";"Não";1;0;1;0;0;0;1;1;-17,81993;-54,7296;"SR-MS";"DEL3/6";"UOP01/MS"
263176;2020-01-01;"quarta-feira";"19:30:00";"PR";153;515;"GENERAL CARNEIRO";"Falta de Atenção à Condução";"Tombamento";"Com Vítimas Feridas";"Pleno dia";"Crescente";"Céu Claro";"Simples";"Reta";"Não";1;0;1;0;0;0;1;1;-26,55387;-51,44099;"SR-PR";"DEL7/2";"UOP02/PR"
263177;2020-01-16;"quinta-feira";"14:00:00";"SC";280;305,9;"PORTO UNIAO";"Falta de Atenção à Condução";"Colisão transversal";"Com Vítimas Feridas";"Pleno dia";"Decrescente";"Chuva";"Simples";"Reta";"Não";2;0;0;1;1;0;1;2;-26,26625;-51,05982;"SR-SC";"DEL8/6";"UOP04/SC"
263178;2020-01-16;"quinta-feira";"17:00:00";"DF";60;11;"BRASILIA";"Defeito Mecânico no Veículo";"Saída de leito carroçável";"Sem Vítimas";"Pleno dia";"Crescente";"Céu Claro";"Dupla";"Reta";"Não";1;0;0;0;1;0;0;1;-15,91178;-48,15719;"SR-DF";"UOP03/DF";""
263179;2020-01-16;"quinta-feira";"15:00:00";"MS";267;16;"BATAGUASSU";"Falta de Atenção à Condução";"Saída de leito carroçável";"Com Vítimas Feridas";"Pleno dia";"Crescente";"Céu Claro";"Simples";"Reta";"Não";2;0;0;1;0;1;1;2;-21,72552;-52,28583;"SR-MS";"DEL2";"UOP04/MS"
263180;2020-01-16;"quinta-feira";"17:20:00";"CE";116;475;"MILAGRES";"Falta de Atenção à Condução";"Colisão lateral";"Com Vítimas Feridas";"Pleno dia";"Crescente";"Céu Claro";"Simples";"Reta";"Não";4;0;2;1;0;1;3;2;-7,285542;-38,86591;"SR-CE";"DEL16/5";"UOP03/CE"
263181;2020-01-16;"quinta-feira";"18:10:00";"AL";316;103;"DOIS RIACHOS";"Falta de Atenção à Condução";"Colisão frontal";"Com Vítimas Feridas";"Plena Noite";"Crescente";"Céu Claro";"Simples";"Reta";"Sim";2;0;1;0;1;0;1;2;-9,389313;-37,0887;"SR-AL";"DEL13/3";"UOP01/AL"
263182;2020-01-16;"quinta-feira";"16:10:00";"MA";135;47,6;"BACABEIRA";"Falta de Atenção à Condução";"Colisão traseira";"Com Vítimas Feridas";"Pleno dia";"Decrescente";"Chuva";"Dupla";"Reta";"Sim";3;0;1;0;2;0;1;2;-2,938717;-44,33065;"SR-MA";"DEL18/1";"UOP01/MA"
263183;2020-01-16;"quinta-feira";"10:30:00";"SC";470;233,9;"SAO CRISTOVAO DO SUL";"Falta de Atenção à Condução";"Colisão traseira";"Com Vítimas Feridas";"Pleno dia";"Decrescente";"Chuva";"Simples";"Reta";"Não";3;0;1;0;2;0;1;2;-27,30161;-50,42127;"SR-SC";"DEL8/5";"UOP03/SC"
263184;2020-01-16;"quinta-feira";"17:30:00";"PR";116;26,4;"CAMPINA GRANDE DO SUL";"Desobediência às normas de trânsito pelo pedestre";"Saída de leito carroçável";"Com Vítimas Feridas";"Anoitecer";"Decrescente";"Chuva";"Dupla";"Curva";"Não";2;0;1;0;1;0;1;1;-25,10684;-48,78533;"SR-PR";"DEL7/1";"UOP02/PR"
263185;2020-01-16;"quinta-feira";"18:20:00";"BA";116;418,8;"FEIRA DE SANTANA";"Falta de Atenção à Condução";"Colisão transversal";"Com Vítimas Feridas";"Plena Noite";"Decrescente";"Céu Claro";"Dupla";"Retorno Regulamentado";"Sim";3;0;0;1;1;1;1;2;-12,1999;-38,96516;"SR-BA";"DEL10/2";"UOP01/BA"
263186;2020-01-16;"quinta-feira";"18:20:00";"MG";381;941;"EXTREMA";"Falta de Atenção à Condução";"Capotamento";"Com Vítimas Feridas";"Plena Noite";"Crescente";"Chuva";"Dupla";"Curva";"Não";3;0;2;0;1;0;2;1;-22,86022;-46,34261;"SR-MG";"DEL09";"UOP03/MG"
263187;2020-01-16;"quinta-feira";"18:00:00";"RS";285;208;"LAGOA VERMELHA";"Desobediência às normas de trânsito pelo condutor";"Colisão transversal";"Com Vítimas Feridas";"Pleno dia";"Decrescente";"Garoa/Chuvisco";"Simples";"Interseção de vias";"Não";7;0;1;0;5;1;1;2;-28,22182;-51,59828;"SR-RS";"DEL08";"UOP05/RS"
263188;2020-01-16;"quinta-feira";"18:20:00";"SP";101;40;"UBATUBA";"Desobediência às normas de trânsito pelo condutor";"Colisão transversal";"Com Vítimas Feridas";"Pleno dia";"Crescente";"Céu Claro";"Simples";"Reta";"Sim";3;0;2;0;1;0;2;2;-23,41792;-45,03891;"SR-SP";"DEL6";"UOP03/SP"
263189;2020-01-16;"quinta-feira";"11:30:00";"RS";285;631;"SANTO ANTONIO DAS MISSOES";"Velocidade Incompatível";"Saída de leito carroçável";"Sem Vítimas";"Pleno dia";"Crescente";"Céu Claro";"Simples";"Reta";"Não";1;0;0;0;1;0;0;1;-28,55992;-55,58303;"SR-RS";"DEL9/12";"UOP01/RS"
263190;2020-01-16;"quinta-feira";"17:30:00";"RJ";493;96;"SEROPEDICA";"Falta de Atenção à Condução";"Colisão com objeto estático";"Com Vítimas Fatais";"Pleno dia";"Crescente";"Céu Claro";"Dupla";"Reta";"Sim";2;1;1;0;0;0;1;1;-22,71412;-43,70396;"SR-RJ";"DEL5/1";"UOP03/RJ"
263191;2020-01-16;"quinta-feira";"18:30:00";"PI";343;335;"TERESINA";"Falta de Atenção do Pedestre";"Atropelamento de Pedestre";"Com Vítimas Feridas";"Plena Noite";"Crescente";"Nublado";"Simples";"Reta";"Sim";2;0;0;1;1;0;1;1;-5,061626;-42,69665;"SR-PI";"DEL17/1";"UOP01/PI"
263192;2020-01-16;"quinta-feira";"17:05:00";"MT";364;197;"RONDONOPOLIS";"Falta de Atenção à Condução";"Queda de ocupante de veículo";"Com Vítimas Feridas";"Pleno dia";"Crescente";"Nublado";"Simples";"Reta";"Não";1;0;1;0;0;0;1;1;-16,51126;-54,61518;"SR-MT";"DEL2/2";"UOP01/MT"
263193;2020-01-16;"quinta-feira";"17:10:00";"MT";70;519;"VARZEA GRANDE";"Falta de Atenção à Condução";"Colisão transversal";"Com Vítimas Feridas";"Pleno dia";"Decrescente";"Chuva";"Simples";"Reta";"Sim";3;0;2;0;1;0;2;2;-15,68511;-56,17172;"SR-MT";"DEL2/4";"UOP02/MT"
263194;2020-01-16;"quinta-feira";"17:00:00";"MG";251;427,8;"GRAO MOGOL";"Velocidade Incompatível";"Tombamento";"Com Vítimas Fatais";"Pleno dia";"Decrescente";"Céu Claro";"Simples";"Não Informado";"Não";1;1;0;0;0;0;0;1;-16,33691;-43,13798;"SR-MG";"DEL4/12";"UOP01/MG"
263195;2020-01-16;"quinta-feira";"17:30:00";"MG";381;297;"ANTONIO DIAS";"Velocidade Incompatível";"Colisão traseira";"Com Vítimas Feridas";"Anoitecer";"Crescente";"Nublado";"Dupla";"Curva";"Não";3;0;0;1;1;1;1;2;-19,6305;-42,878;"SR-MG";"DEL4/3";"UOP02/MG"
263196;2020-01-16;"quinta-feira";"16:55:00";"RO";364;341,8;"JI-PARANA";"Velocidade Incompatível";"Colisão lateral";"Com Vítimas Feridas";"Pleno dia";"Crescente";"Céu Claro";"Dupla";"Reta";"Sim";4;0;1;0;3;0;1;4;-10,88412;-61,93712;"SR-RO";"DEL21/2";"UOP01/RO"
263197;2020-01-16;"quinta-feira";"17:45:00";"MT";163;750;"SORRISO";"Defeito Mecânico no Veículo";"Incêndio";"Sem Vítimas";"Anoitecer";"Crescente";"Céu Claro";"Simples";"Reta";"Não";1;0;0;0;1;0;0;1;-12,67194;-55,79367;"SR-MT";"DEL2/6";"UOP01/MT"
263199;2020-01-16;"quinta-feira";"17:20:00";"MT";364;213,1;"RONDONOPOLIS";"Pista Escorregadia";"Saída de leito carroçável";"Com Vítimas Feridas";"Pleno dia";"Crescente";"Chuva";"Dupla";"Curva";"Não";1;0;1;0;0;0;1;1;-16,4014;-54,71543;"SR-MT";"DEL2/2";"UOP01/MT"
263201;2020-01-16;"quinta-feira";"19:10:00";"RS";290;18,5;"SANTO ANTONIO DA PATRULHA";"Falta de Atenção à Condução";"Saída de leito carroçável";"Com Vítimas Feridas";"Anoitecer";"Decrescente";"Nublado";"Múltipla";"Reta";"Não";6;0;5;0;0;1;5;1;-29,883;-50,43968;"SR-RS";"DEL9/3";"UOP01/RS"
263202;2020-01-16;"quinta-feira";"19:00:00";"SC";101;204,3;"SAO JOSE";"Falta de Atenção à Condução";"Colisão traseira";"Com Vítimas Feridas";"Plena Noite";"Decrescente";"Céu Claro";"Dupla";"Reta";"Sim";2;0;1;0;1;0;1;2;-27,57413;-48,61363;"SR-SC";"DEL8/1";"UOP01/SC"
263203;2020-01-16;"quinta-feira";"18:00:00";"SC";470;163,3;"TROMBUDO CENTRAL";"Não guardar distância de segurança";"Colisão traseira";"Com Vítimas Feridas";"Pleno dia";"Crescente";"Chuva";"Simples";"Reta";"Não";2;0;1;0;1;0;1;2;-27,27898;-49,826;"SR-SC";"DEL8/4";"UOP02/SC"
263204;2020-01-16;"quinta-feira";"14:10:00";"MT";364;458;"VARZEA GRANDE";"Pista Escorregadia";"Colisão frontal";"Com Vítimas Fatais";"Pleno dia";"Decrescente";"Chuva";"Simples";"Reta";"Não";4;1;0;1;1;1;1;3;-15,54446;-56,27419;"SR-MT";"DEL2/4";"UOP02/MT"
263205;2020-01-16;"quinta-feira";"19:15:00";"GO";20;1,8;"FORMOSA";"Desobediência às normas de trânsito pelo condutor";"Colisão transversal";"Com Vítimas Feridas";"Anoitecer";"Crescente";"Garoa/Chuvisco";"Simples";"Reta";"Sim";2;0;0;1;1;0;1;2;-15,48225;-47,26902;"SR-DF";"UOP01/DEL02/DF";""
263206;2020-01-16;"quinta-feira";"16:45:00";"SC";470;165;"POUSO REDONDO";"Falta de Atenção à Condução";"Colisão traseira";"Com Vítimas Feridas";"Pleno dia";"Crescente";"Chuva";"Simples";"Não Informado";"Não";4;0;3;0;1;0;3;2;-27,27669;-49,84285;"SR-SC";"DEL8/4";"UOP02/SC"
263207;2020-01-16;"quinta-feira";"19:30:00";"PR";376;615,6;"SAO JOSE DOS PINHAIS";"Falta de Atenção à Condução";"Queda de ocupante de veículo";"Com Vítimas Feridas";"Plena Noite";"Crescente";"Chuva";"Dupla";"Reta";"Não";1;0;1;0;0;0;1;1;-25,56924;-49,18373;"SR-PR";"DEL7/1";"UOP01/PR"
263208;2020-01-16;"quinta-feira";"19:20:00";"MT";364;469;"VARZEA GRANDE";"Falta de Atenção do Pedestre";"Atropelamento de Pedestre";"Com Vítimas Fatais";"Plena Noite";"Crescente";"Chuva";"Simples";"Ponte";"Não";2;1;0;0;0;1;0;1;-15,4667;-56,3119;"SR-MT";"DEL2/4";"UOP02/MT"
263209;2020-01-16;"quinta-feira";"20:10:00";"RJ";116;278;"BARRA MANSA";"Falta de Atenção do Pedestre";"Atropelamento de Pedestre";"Com Vítimas Fatais";"Plena Noite";"Decrescente";"Nublado";"Dupla";"Curva";"Não";2;1;0;0;0;1;0;1;-22,55271;-44,17778;"SR-RJ";"DEL5/7";"UOP02/RJ"
263210;2020-01-07;"terça-feira";"14:00:00";"BA";116;599;"IRAJUBA";"Defeito Mecânico no Veículo";"Incêndio";"Sem Vítimas";"Pleno dia";"Crescente";"Céu Claro";"Simples";"Reta";"Sim";1;0;0;0;0;1;0;1;-13,2286;-40,01809;"SR-BA";"DEL10/3";"UOP02/BA"
263211;2020-01-16;"quinta-feira";"07:00:00";"MA";226;348;"JENIPAPO DOS VIEIRAS";"Defeito Mecânico no Veículo";"Incêndio";"Sem Vítimas";"Pleno dia";"Decrescente";"Céu Claro";"Simples";"Reta";"Não";1;0;0;0;1;0;0;1;-5,531233;-45,59516;"SR-MA";"DEL18/4";"UOP02/MA"
263212;2020-01-16;"quinta-feira";"19:25:00";"RO";364;341,5;"JI-PARANA";"Desobediência às normas de trânsito pelo pedestre";"Atropelamento de Pedestre";"Com Vítimas Feridas";"Plena Noite";"Crescente";"Céu Claro";"Dupla";"Desvio Temporário";"Sim";3;0;0;1;2;0;1;2;-10,88661;-61,93357;"SR-RO";"DEL21/2";"UOP01/RO"
263213;2020-01-16;"quinta-feira";"20:10:00";"PR";277;0,5;"PARANAGUA";"Falta de Atenção à Condução";"Colisão transversal";"Com Vítimas Feridas";"Plena Noite";"Crescente";"Nublado";"Dupla";"Reta";"Sim";2;0;2;0;0;0;2;2;-25,55359;-48,55785;"SR-PR";"DEL7/1";"UOP07/PR"
263214;2020-01-16;"quinta-feira";"14:30:00";"PR";476;343;"PAULA FREITAS";"Falta de Atenção à Condução";"Colisão traseira";"Com Vítimas Feridas";"Pleno dia";"Decrescente";"Chuva";"Simples";"Reta";"Não";2;0;0;1;1;0;1;2;-26,17641;-50,91721;"SR-PR";"DEL7/2";"UOP02/PR"
263215;2020-01-16;"quinta-feira";"20:00:00";"TO";153;628,5;"ALIANCA DO TOCANTINS";"Desobediência às normas de trânsito pelo condutor";"Colisão lateral";"Com Vítimas Feridas";"Plena Noite";"Decrescente";"Céu Claro";"Simples";"Não Informado";"Não";4;0;1;0;2;1;1;3;-11,34411;-48,95424;"SR-TO";"UOP01/TO";""
263216;2020-01-16;"quinta-feira";"16:30:00";"MG";262;596;"CAMPOS ALTOS";"Velocidade Incompatível";"Saída de leito carroçável";"Com Vítimas Feridas";"Pleno dia";"Crescente";"Chuva";"Simples";"Reta";"Não";1;0;1;0;0;0;1;1;-19,65394;-46,17994;"SR-MG";"DEL4/8";"UOP02/MG"
263217;2020-01-16;"quinta-feira";"19:05:00";"MG";262;366,9;"JUATUBA";"Desobediência às normas de trânsito pelo condutor";"Colisão traseira";"Com Vítimas Feridas";"Plena Noite";"Decrescente";"Nublado";"Dupla";"Curva";"Sim";2;0;1;0;1;0;1;2;-19,97422;-44,2618;"SR-MG";"DEL4/1";"UOP03/MG"
263218;2020-01-16;"quinta-feira";"20:40:00";"PB";230;381,5;"CONDADO";"Desobediência às normas de trânsito pelo condutor";"Colisão frontal";"Sem Vítimas";"Plena Noite";"Crescente";"Céu Claro";"Simples";"Curva";"Não";2;0;0;0;2;0;0;2;-6,9127;-37,6432;"SR-PB";"DEL14/3";"UOP02/PB"
263219;2020-01-16;"quinta-feira";"15:30:00";"MT";364;347;"SANTO ANTONIO DO LEVERGER";"Defeito Mecânico no Veículo";"Colisão traseira";"Sem Vítimas";"Pleno dia";"Crescente";"Nublado";"Dupla";"Desvio Temporário";"Não";4;0;0;0;4;0;0;4;-15,80735;-55,54692;"SR-MT";"DEL2/1";"UOP01/MT"
263220;2020-01-16;"quinta-feira";"20:30:00";"CE";20;384;"CAUCAIA";"Animais na Pista";"Atropelamento de Animal";"Sem Vítimas";"Plena Noite";"Crescente";"Céu Claro";"Simples";"Reta";"Não";3;0;0;0;1;2;0;2;-3,888601;-38,82834;"SR-CE";"DEL16/1";"UOP01/CE"
263221;2020-01-16;"quinta-feira";"21:00:00";"PR";116;116;"CURITIBA";"Restrição de Visibilidade";"Colisão traseira";"Com Vítimas Feridas";"Plena Noite";"Decrescente";"Garoa/Chuvisco";"Dupla";"Reta";"Sim";2;0;1;0;1;0;1;2;-25,55468;-49,27402;"SR-PR";"DEL7/1";"UOP03/PR"
263222;2020-01-16;"quinta-feira";"20:15:00";"ES";262;159,2;"IBATIBA";"Desobediência às normas de trânsito pelo condutor";"Colisão traseira";"Com Vítimas Feridas";"Plena Noite";"Decrescente";"Nublado";"Simples";"Reta";"Não";2;0;1;0;0;1;1;2;-20,23362;-41,50533;"SR-ES";"DEL12/1";"UOP02/ES"
263223;2020-01-16;"quinta-feira";"21:30:00";"SC";101;146,8;"ITAPEMA";"Mal Súbito";"Colisão lateral";"Sem Vítimas";"Plena Noite";"Decrescente";"Chuva";"Dupla";"Desvio Temporário";"Sim";2;0;0;0;2;0;0;2;-27,08667;-48,60956;"SR-SC";"DEL8/4";"UOP03/SC"
263224;2020-01-16;"quinta-feira";"21:20:00";"BA";101;108;"ALAGOINHAS";"Desobediência às normas de trânsito pelo condutor";"Colisão lateral";"Com Vítimas Fatais";"Plena Noite";"Decrescente";"Céu Claro";"Simples";"Não Informado";"Sim";6;1;0;0;4;1;0;2;-12,14915;-38,39648;"SR-BA";"DEL10/1";"UOP04/BA"
263225;2020-01-13;"segunda-feira";"05:30:00";"BA";110;282;"INHAMBUPE";"Falta de Atenção à Condução";"Colisão frontal";"Com Vítimas Feridas";"Amanhecer";"Decrescente";"Nevoeiro/Neblina";"Simples";"Não Informado";"Não";6;0;5;0;1;0;5;2;-11,70734;-38,32719;"SR-BA";"DEL10/1";"UOP04/BA"
263226;2020-01-16;"quinta-feira";"20:20:00";"ES";101;80,4;"SAO MATEUS";"Não guardar distância de segurança";"Colisão traseira";"Com Vítimas Feridas";"Plena Noite";"Crescente";"Céu Claro";"Simples";"Não Informado";"Não";2;0;1;0;1;0;1;2;-18,8215;-39,90674;"SR-ES";"DEL12/4";"UOP02/ES"
263227;2020-01-16;"quinta-feira";"20:00:00";"PR";376;534;"PALMEIRA";"Desobediência às normas de trânsito pelo condutor";"Colisão transversal";"Com Vítimas Feridas";"Plena Noite";"Crescente";"Nublado";"Dupla";"Reta";"Não";2;0;1;0;1;0;1;2;-25,37384;-49,81593;"SR-PR";"DEL7/1";"UOP05/PR"
263228;2020-01-16;"quinta-feira";"20:10:00";"PR";376;534;"PALMEIRA";"Falta de Atenção à Condução";"Saída de leito carroçável";"Sem Vítimas";"Plena Noite";"Crescente";"Nublado";"Dupla";"Reta";"Não";2;0;0;0;2;0;0;2;-25,37384;-49,81593;"SR-PR";"DEL7/1";"UOP05/PR"
263229;2020-01-16;"quinta-feira";"22:15:00";"MG";381;485;"BETIM";"Não guardar distância de segurança";"Colisão traseira";"Com Vítimas Feridas";"Plena Noite";"Decrescente";"Chuva";"Dupla";"Reta";"Sim";3;0;2;0;1;0;2;2;-19,95659;-44,12623;"SR-MG";"DEL4/1";"UOP03/MG"
263230;2020-01-16;"quinta-feira";"19:20:00";"SC";282;371;"ERVAL VELHO";"Falta de Atenção à Condução";"Saída de leito carroçável";"Com Vítimas Feridas";"Plena Noite";"Decrescente";"Garoa/Chuvisco";"Simples";"Curva";"Não";1;0;1;0;0;0;1;1;-27,25999;-51,44268;"SR-SC";"DEL7";"UOP07/SC"
263231;2020-01-16;"quinta-feira";"22:30:00";"PE";101;84;"JABOATAO DOS GUARARAPES";"Não guardar distância de segurança";"Colisão traseira";"Sem Vítimas";"Plena Noite";"Decrescente";"Céu Claro";"Simples";"Reta";"Sim";2;0;0;0;2;0;0;2;-8,177786;-34,95087;"SR-PE";"DEL11/1";"UOP03/PE"
263232;2020-01-16;"quinta-feira";"22:00:00";"MG";116;637,4;"DIVINO";"Falta de Atenção à Condução";"Colisão transversal";"Com Vítimas Feridas";"Plena Noite";"Crescente";"Chuva";"Simples";"Interseção de vias";"Não";2;0;1;0;1;0;1;2;-20,63146;-42,23128;"SR-MG";"DEL4/7";"UOP03/MG"
263233;2020-01-16;"quinta-feira";"21:15:00";"PR";277;250;"IRATI";"Falta de Atenção à Condução";"Colisão transversal";"Com Vítimas Feridas";"Plena Noite";"Decrescente";"Garoa/Chuvisco";"Simples";"Reta";"Não";2;0;0;1;1;0;1;2;-25,45317;-50,65141;"SR-PR";"DEL7/3";"UOP04/PR"
263234;2020-01-16;"quinta-feira";"18:00:00";"RO";425;66,6;"NOVA MAMORE";"Defeito na Via";"Saída de leito carroçável";"Sem Vítimas";"Pleno dia";"Decrescente";"Céu Claro";"Simples";"Desvio Temporário";"Não";2;0;0;0;2;0;0;1;-10,12048;-65,29347;"SR-RO";"DEL01";"UOP04/RO"
263235;2020-01-16;"quinta-feira";"22:00:00";"PR";153;218;"TIBAGI";"Falta de Atenção à Condução";"Saída de leito carroçável";"Com Vítimas Feridas";"Plena Noite";"Crescente";"Ignorado";"Simples";"Não Informado";"Não";2;0;1;0;1;0;1;1;-24,62224;-50,45091;"SR-PR";"DEL7/3";"UOP05/PR"
263236;2020-01-16;"quinta-feira";"22:50:00";"PE";101;103;"CABO DE SANTO AGOSTINHO";"Desobediência às normas de trânsito pelo condutor";"Colisão frontal";"Com Vítimas Feridas";"Plena Noite";"Decrescente";"Céu Claro";"Simples";"Curva";"Sim";2;0;2;0;0;0;2;2;-8,292413;-35,05598;"SR-PE";"DEL11/1";"UOP03/PE"
263237;2020-01-16;"quinta-feira";"20:30:00";"SC";470;89,2;"ASCURRA";"Ingestão de álcool e/ou substâncias psicoativas pelo pedestre";"Colisão lateral";"Sem Vítimas";"Plena Noite";"Decrescente";"Chuva";"Simples";"Reta";"Sim";2;0;0;0;2;0;0;2;-26,96157;-49,37192;"SR-SC";"DEL8/4";"UOP01/SC"
263238;2020-01-16;"quinta-feira";"22:36:00";"SP";116;143;"SAO JOSE DOS CAMPOS";"Avarias e/ou desgaste excessivo no pneu";"Queda de ocupante de veículo";"Com Vítimas Feridas";"Plena Noite";"Decrescente";"Garoa/Chuvisco";"Dupla";"Reta";"Sim";1;0;1;0;0;0;1;1;-23,1785;-45,83787;"SR-SP";"DEL6";"UOP01/SP"
263239;2020-01-16;"quinta-feira";"23:00:00";"PA";316;104;"SANTA MARIA DO PARA";"Ingestão de Álcool";"Queda de ocupante de veículo";"Com Vítimas Feridas";"Plena Noite";"Decrescente";"Céu Claro";"Simples";"Reta";"Sim";3;0;0;1;2;0;1;3;-1,341224;-47,56882;"SR-PA";"DEL19/1";"UOP02/PA"
263240;2020-01-16;"quinta-feira";"23:40:00";"SC";101;96;"BARRA VELHA";"Falta de Atenção à Condução";"Colisão traseira";"Com Vítimas Feridas";"Plena Noite";"Decrescente";"Nublado";"Dupla";"Reta";"Não";3;0;2;0;1;0;2;2;-26,71843;-48,70233;"SR-SC";"DEL8/3";"UOP02/SC"
263242;2020-01-16;"quinta-feira";"22:05:00";"SC";470;105,1;"APIUNA";"Fenômenos da Natureza";"Colisão com objeto estático";"Com Vítimas Feridas";"Plena Noite";"Decrescente";"Garoa/Chuvisco";"Simples";"Reta";"Não";2;0;1;0;1;0;1;1;-27,06601;-49,41702;"SR-SC";"DEL8/4";"UOP02/SC"
263243;2020-01-16;"quinta-feira";"23:20:00";"CE";20;431,9;"FORTALEZA";"Defeito Mecânico no Veículo";"Saída de leito carroçável";"Com Vítimas Feridas";"Plena Noite";"Decrescente";"Céu Claro";"Dupla";"Reta";"Sim";2;0;1;0;1;0;1;1;-3,76999;-38,67006;"SR-CE";"DEL16/1";"UOP02/CE"
263244;2020-01-16;"quinta-feira";"22:15:00";"BA";116;652;"JAGUAQUARA";"Carga excessiva e/ou mal acondicionada";"Tombamento";"Sem Vítimas";"Plena Noite";"Decrescente";"Céu Claro";"Simples";"Reta";"Não";1;0;0;0;1;0;0;1;-13,62856;-40,09263;"SR-BA";"DEL10/3";"UOP01/BA"
263245;2020-01-16;"quinta-feira";"00:20:00";"GO";60;121,9;"TEREZOPOLIS DE GOIAS";"Defeito Mecânico no Veículo";"Saída de leito carroçável";"Com Vítimas Feridas";"Plena Noite";"Crescente";"Nublado";"Dupla";"Reta";"Não";1;0;1;0;0;0;1;1;-16,5044;-49,1128;"SR-GO";"DEL1/1";"UOP01/GO"
263246;2020-01-16;"quinta-feira";"23:15:00";"PA";308;151,3;"CAPANEMA";"Desobediência às normas de trânsito pelo condutor";"Colisão lateral";"Com Vítimas Feridas";"Plena Noite";"Decrescente";"Céu Claro";"Simples";"Reta";"Sim";3;0;1;1;1;0;2;2;-1,21064;-47,18274;"SR-PA";"DEL19/1";"UOP03/PA"
263247;2020-01-16;"quinta-feira";"20:00:00";"MT";70;47;"BARRA DO GARCAS";"Ultrapassagem Indevida";"Saída de leito carroçável";"Com Vítimas Feridas";"Plena Noite";"Decrescente";"Nublado";"Simples";"Não Informado";"Não";1;0;1;0;0;0;1;1;-15,74586;-52,61387;"SR-MT";"DEL2/8";"UOP01/MT"