"id";"data_inversa";"dia_semana";"horario";"uf";"br";"km";"municipio";"causa_acidente";"tipo_acidente";"classificacao_acidente";"fase_dia";"sentido_via";"condicao_metereologica";"tipo_pista";"tracado_via";"uso_solo";"pessoas";"mortos";"feridos_leves";"feridos_graves";"ilesos";"ignorados";"feridos";"veiculos";"latitude";"longitude";"regional";"delegacia";"uop"
263350;2020-01-17;"sexta-feira";"12:20:00";"PE";101;68,2;"RECIFE";"Não guardar distância de segurança";"Colisão traseira";"Com Vítimas Feridas";"Pleno dia";"Decrescente";"Sol";"Múltipla";"Não Informado";"Não";2;0;0;1;0;1;1;2;-8,050743;-34,94581;"SR-PE";"DEL11/1";"UOP01/PE"
263351;2020-01-17;"sexta-feira";"13:00:00";"RS";285;468,4;"CORONEL BARROS";"Defeito Mecânico no Veículo";"Colisão com objeto em movimento";"Sem Vítimas";"Pleno dia";"Decrescente";"Sol";"Simples";"Reta";"Não";2;0;0;0;2;0;0;2;-28,3862;-53,99055;"SR-RS";"DEL9/10";"UOP01/RS"
263352;2020-01-17;"sexta-feira";"13:20:00";"SC";101;202;"SAO JOSE";"Falta de Atenção à Condução";"Colisão lateral";"Com Vítimas Feridas";"Pleno dia";"Decrescente";"Céu Claro";"Múltipla";"Reta";"Sim";2;0;1;0;1;0;1;2;-27,55712;-48,61898;"SR-SC";"DEL8/1";"UOP01/SC"
263353;2020-01-17;"sexta-feira";"13:20:00";"PI";316;10;"TERESINA";"Falta de Atenção à Condução";"Colisão lateral";"Com Vítimas Feridas";"Pleno dia";"Crescente";"Nublado";"Múltipla";"Reta";"Sim";3;0;2;0;1;0;2;2;-5,182802;-42,7635;"SR-PI";"DEL17/1";"UOP02/PI"
263354;2020-01-17;"sexta-feira";"10:15:00";"RJ";116;40;"TERESOPOLIS";"Falta de Atenção à Condução";"Colisão transversal";"Com Vítimas Feridas";"Pleno dia";"Crescente";"Sol";"Simples";"Reta";"Sim";3;0;1;0;2;0;1;3;-22,13343;-42,77952;"SR-RJ";"DEL5/6";"UOP02/RJ"
263355;2020-01-17;"sexta-feira";"13:50:00";"RJ";101;473;"ANGRA DOS REIS";"Falta de Atenção à Condução";"Colisão transversal";"Com Vítimas Feridas";"Pleno dia";"Crescente";"Chuva";"Dupla";"Retorno Regulamentado";"Sim";3;0;1;0;2;0;1;2;-22,98961;-44,24169;"SR-RJ";"DEL5/3";"UOP02/RJ"
263356;2020-01-17;"sexta-feira";"14:00:00";"GO";60;36,5;"ALEXANIA";"Velocidade Incompatível";"Saída de leito carroçável";"Com Vítimas Feridas";"Pleno dia";"Crescente";"Nublado";"Dupla";"Curva";"Não";1;0;0;1;0;0;1;1;-16,1119;-48,5299;"SR-DF";"UOP03/DF";""
263357;2020-01-17;"sexta-feira";"11:25:00";"RO";364;424,9;"JARU";"Desobediência às normas de trânsito pelo condutor";"Colisão transversal";"Com Vítimas Feridas";"Pleno dia";"Crescente";"Nublado";"Múltipla";"Interseção de vias";"Sim";3;0;0;1;2;0;1;2;-10,43822;-62,47053;"SR-RO";"DEL21/3";"UOP02/RO"
263360;2020-01-05;"domingo";"10:00:00";"BA";242;665;"MUQUEM DE SAO FRANCISCO";"Defeito Mecânico no Veículo";"Colisão frontal";"Com Vítimas Feridas";"Pleno dia";"Decrescente";"Nublado";"Simples";"Reta";"Não";7;0;1;1;5;0;2;2;-12,19729;-43,69036;"SR-BA";"DEL 10/10";"UOP02/BA"
263362;2020-01-17;"sexta-feira";"13:30:00";"RS";116;244,8;"SAO LEOPOLDO";"Avarias e/ou desgaste excessivo no pneu";"Colisão com objeto estático";"Sem Vítimas";"Pleno dia";"Decrescente";"Sol";"Simples";"Interseção de vias";"Sim";1;0;0;0;0;1;0;1;-29,74088;-51,1504;"SR-RS";"DEL9/1";"UOP02/RS"
263365;2020-01-17;"sexta-feira";"14:40:00";"RS";386;345,2;"LAJEADO";"Desobediência às normas de trânsito pelo condutor";"Colisão transversal";"Com Vítimas Feridas";"Pleno dia";"Decrescente";"Céu Claro";"Simples";"Reta";"Sim";2;0;1;0;1;0;1;2;-29,44417;-51,98118;"SR-RS";"DEL9/4";"UOP01/RS"
263367;2020-01-17;"sexta-feira";"14:30:00";"MG";381;348;"JOAO MONLEVADE";"Velocidade Incompatível";"Saída de leito carroçável";"Com Vítimas Feridas";"Pleno dia";"Crescente";"Nublado";"Simples";"Curva";"Não";4;0;3;1;0;0;4;1;-19,85244;-43,14084;"SR-MG";"DEL4/3";"UOP01/MG"
263368;2020-01-17;"sexta-feira";"13:50:00";"CE";304;51,4;"ARACATI";"Falta de Atenção à Condução";"Colisão frontal";"Com Vítimas Feridas";"Pleno dia";"Decrescente";"Céu Claro";"Simples";"Curva";"Sim";2;0;1;0;1;0;1;2;-4,569423;-37,75342;"SR-CE";"DEL16/3";"UOP03/CE"
263369;2020-01-17;"sexta-feira";"15:00:00";"PE";101;53;"ABREU E LIMA";"Defeito Mecânico no Veículo";"Colisão transversal";"Com Vítimas Feridas";"Pleno dia";"Decrescente";"Sol";"Múltipla";"Reta";"Sim";3;0;1;2;0;0;3;2;-7,931241;-34,90069;"SR-PE";"DEL11/1";"UOP02/PE"
263371;2020-01-17;"sexta-feira";"14:45:00";"SC";470;45;"GASPAR";"Velocidade Incompatível";"Colisão traseira";"Com Vítimas Feridas";"Pleno dia";"Crescente";"Nublado";"Simples";"Interseção de vias";"Não";4;0;2;1;1;0;3;2;-26,86706;-49,03111;"SR-SC";"DEL8/4";"UOP01/SC"
263372;2020-01-17;"sexta-feira";"14:00:00";"GO";60;237,7;"INDIARA";"Pista Escorregadia";"Saída de leito carroçável";"Com Vítimas Feridas";"Pleno dia";"Crescente";"Chuva";"Dupla";"Reta";"Não";3;0;3;0;0;0;3;1;-17,087;-49,8474;"SR-GO";"DEL1/1";"UOP02/GO"
263373;2020-01-17;"sexta-feira";"08:00:00";"PA";222;242;"MARABA";"Falta de Atenção à Condução";"Colisão transversal";"Com Vítimas Feridas";"Pleno dia";"Crescente";"Céu Claro";"Simples";"Reta";"Sim";2;0;1;0;1;0;1;2;-5,331903;-49,08522;"SR-PA";"DEL19/3";"UOP01/PA"
263376;2020-01-17;"sexta-feira";"14:30:00";"RJ";101;413;"ITAGUAI";"Pista Escorregadia";"Engavetamento";"Sem Vítimas";"Pleno dia";"Decrescente";"Chuva";"Dupla";"Reta";"Sim";3;0;0;0;3;0;0;3;-22,89932;-43,86529;"SR-RJ";"DEL5/3";"UOP01/RJ"
263378;2020-01-17;"sexta-feira";"14:05:00";"RS";116;330,8;"BARRA DO RIBEIRO";"Falta de Atenção à Condução";"Colisão traseira";"Com Vítimas Feridas";"Pleno dia";"Crescente";"Céu Claro";"Simples";"Reta";"Não";7;0;2;0;5;0;2;4;-30,38115;-51,43197;"SR-RS";"DEL9/2";"UOP02/RS"
263379;2020-01-17;"sexta-feira";"15:05:00";"RJ";116;195,6;"QUEIMADOS";"Falta de Atenção à Condução";"Atropelamento de Pedestre";"Com Vítimas Fatais";"Pleno dia";"Crescente";"Nublado";"Dupla";"Reta";"Não";2;1;0;0;0;1;0;1;-22,73574;-43,5475;"SR-RJ";"DEL5/1";"UOP02/RJ"
263380;2020-01-17;"sexta-feira";"14:45:00";"SC";101;350;"JAGUARUNA";"Falta de Atenção à Condução";"Colisão lateral";"Com Vítimas Feridas";"Pleno dia";"Decrescente";"Céu Claro";"Dupla";"Não Informado";"Não";5;0;2;0;0;3;2;2;-28,58988;-49,04517;"SR-SC";"DEL8/2";"UOP01/SC"
263382;2020-01-17;"sexta-feira";"16:00:00";"PE";232;178,2;"BELO JARDIM";"Falta de Atenção do Pedestre";"Atropelamento de Pedestre";"Com Vítimas Feridas";"Pleno dia";"Decrescente";"Céu Claro";"Simples";"Reta";"Sim";3;0;0;1;2;0;1;1;-8,347448;-36,41182;"SR-PE";"DEL11/2";"UOP02/PE"
263383;2020-01-17;"sexta-feira";"13:45:00";"MG";381;422;"CAETE";"Desobediência às normas de trânsito pelo condutor";"Colisão frontal";"Com Vítimas Feridas";"Pleno dia";"Crescente";"Céu Claro";"Simples";"Reta";"Não";5;0;1;2;1;1;3;2;-19,74699;-43,6195;"SR-MG";"DEL4/1";"UOP01/MG"
263384;2020-01-17;"sexta-feira";"16:00:00";"RN";101;131,1;"SAO JOSE DE MIPIBU";"Falta de Atenção à Condução";"Saída de leito carroçável";"Com Vítimas Feridas";"Pleno dia";"Crescente";"Chuva";"Dupla";"Curva";"Não";2;0;1;1;0;0;2;1;-6,119429;-35,22935;"SR-RN";"DEL15/1";"UOP01/RN"
263385;2020-01-17;"sexta-feira";"15:00:00";"MT";163;658,7;"LUCAS DO RIO VERDE";"Defeito Mecânico no Veículo";"Incêndio";"Sem Vítimas";"Pleno dia";"Crescente";"Céu Claro";"Simples";"Reta";"Não";1;0;0;0;1;0;0;1;-13,41492;-56,08204;"SR-MT";"DEL2/6";"UOP01/MT"
263387;2020-01-17;"sexta-feira";"15:20:00";"RJ";101;431;"MANGARATIBA";"Velocidade Incompatível";"Capotamento";"Com Vítimas Feridas";"Pleno dia";"Decrescente";"Chuva";"Dupla";"Não Informado";"Não";1;0;1;0;0;0;1;1;-22,93295;-44,02007;"SR-RJ";"DEL5/3";"UOP01/RJ"
263388;2020-01-17;"sexta-feira";"16:40:00";"PE";104;64,9;"CARUARU";"Falta de Atenção à Condução";"Colisão traseira";"Sem Vítimas";"Pleno dia";"Crescente";"Céu Claro";"Simples";"Interseção de vias";"Sim";2;0;0;0;2;0;0;2;-8,2783;-35,9815;"SR-PE";"DEL11/2";"UOP01/PE"
263389;2020-01-17;"sexta-feira";"16:00:00";"RN";101;143;"GOIANINHA";"Pista Escorregadia";"Tombamento";"Sem Vítimas";"Pleno dia";"Crescente";"Chuva";"Dupla";"Desvio Temporário";"Não";2;0;0;0;2;0;0;2;-6,234497;-35,21638;"SR-RN";"DEL15/1";"UOP01/RN"
263391;2020-01-17;"sexta-feira";"07:10:00";"GO";153;366,1;"JARAGUA";"Defeito na Via";"Saída de leito carroçável";"Com Vítimas Feridas";"Pleno dia";"Decrescente";"Nublado";"Simples";"Não Informado";"Não";1;0;1;0;0;0;1;1;-15,79969;-49,30017;"SR-GO";"DEL1/2";"UOP02/GO"
263392;2020-01-17;"sexta-feira";"15:10:00";"GO";153;672,5;"PANAMA";"Falta de Atenção à Condução";"Saída de leito carroçável";"Com Vítimas Feridas";"Pleno dia";"Decrescente";"Garoa/Chuvisco";"Dupla";"Não Informado";"Não";1;0;1;0;0;0;1;1;-18,159;-49,2877;"SR-GO";"DEL1/3";"UOP02/GO"
263393;2020-01-17;"sexta-feira";"16:40:00";"RJ";116;138;"DUQUE DE CAXIAS";"Não guardar distância de segurança";"Colisão traseira";"Com Vítimas Feridas";"Pleno dia";"Decrescente";"Chuva";"Dupla";"Reta";"Sim";3;0;1;0;2;0;1;2;-22,64697;-43,19165;"SR-RJ";"DEL5/4";"UOP02/RJ"
263394;2020-01-17;"sexta-feira";"17:20:00";"SC";101;92;"BARRA VELHA";"Falta de Atenção à Condução";"Colisão lateral";"Com Vítimas Feridas";"Anoitecer";"Crescente";"Céu Claro";"Dupla";"Reta";"Não";3;0;1;0;2;0;1;3;-26,6806;-48,69315;"SR-SC";"DEL8/3";"UOP02/SC"
263395;2020-01-17;"sexta-feira";"17:15:00";"GO";153;416,5;"ANAPOLIS";"Defeito na Via";"Tombamento";"Com Vítimas Feridas";"Pleno dia";"Decrescente";"Nublado";"Simples";"Não Informado";"Não";2;0;2;0;0;0;2;1;-16,14229;-49,04686;"SR-GO";"DEL1/2";"UOP01/GO"
263396;2020-01-17;"sexta-feira";"16:10:00";"RO";364;710;"PORTO VELHO";"Desobediência às normas de trânsito pelo condutor";"Colisão lateral";"Com Vítimas Feridas";"Pleno dia";"Decrescente";"Sol";"Simples";"Interseção de vias";"Sim";2;0;0;1;1;0;1;2;-8,786216;-63,85713;"SR-RO";"DEL21/1";"UOP01/RO"
263397;2020-01-17;"sexta-feira";"17:00:00";"ES";101;360;"ANCHIETA";"Velocidade Incompatível";"Saída de leito carroçável";"Com Vítimas Feridas";"Pleno dia";"Crescente";"Chuva";"Simples";"Curva";"Não";2;0;2;0;0;0;2;1;-20,70436;-40,71735;"SR-ES";"DEL12/3";"UOP01/ES"
263398;2020-01-17;"sexta-feira";"16:30:00";"RJ";101;138;"CARAPEBUS";"Pista Escorregadia";"Saída de leito carroçável";"Com Vítimas Feridas";"Pleno dia";"Crescente";"Chuva";"Dupla";"Reta";"Não";2;0;2;0;0;0;2;1;-22,16284;-41,74187;"SR-RJ";"DEL5/2";"UOP03/RJ"
263399;2020-01-17;"sexta-feira";"15:20:00";"SC";101;125,7;"ITAJAI";"Falta de Atenção à Condução";"Colisão lateral";"Com Vítimas Feridas";"Pleno dia";"Crescente";"Céu Claro";"Dupla";"Reta";"Não";2;0;1;0;1;0;1;2;-26,94802;-48,68339;"SR-SC";"DEL8/4";"UOP04/SC"
263401;2020-01-17;"sexta-feira";"16:53:00";"SC";101;204,7;"SAO JOSE";"Falta de Atenção à Condução";"Colisão traseira";"Com Vítimas Feridas";"Pleno dia";"Crescente";"Nublado";"Múltipla";"Não Informado";"Sim";3;0;1;0;2;0;1;3;-27,57413;-48,61363;"SR-SC";"DEL8/1";"UOP01/SC"
263402;2020-01-17;"sexta-feira";"16:30:00";"MG";40;42,2;"PARACATU";"Desobediência às normas de trânsito pelo condutor";"Colisão transversal";"Com Vítimas Feridas";"Pleno dia";"Crescente";"Céu Claro";"Simples";"Não Informado";"Sim";3;0;1;0;2;0;1;2;-17,21884;-46,86668;"SR-MG";"DEL4/14";"UOP01/MG"
263403;2020-01-17;"sexta-feira";"17:00:00";"PB";230;20;"JOAO PESSOA";"Não guardar distância de segurança";"Colisão traseira";"Com Vítimas Feridas";"Pleno dia";"Decrescente";"Céu Claro";"Dupla";"Viaduto";"Não";2;0;1;0;1;0;1;2;-7,1337;-34,8544;"SR-PB";"DEL14/1";"UOP01/PB"
263404;2020-01-17;"sexta-feira";"17:00:00";"RJ";101;523;"ANGRA DOS REIS";"Velocidade Incompatível";"Colisão frontal";"Com Vítimas Feridas";"Pleno dia";"Crescente";"Chuva";"Simples";"Curva";"Não";3;0;1;1;1;0;2;3;-23,00283;-44,47363;"SR-RJ";"DEL5/3";"UOP03/RJ"
263405;2020-01-17;"sexta-feira";"16:35:00";"MS";262;395,2;"TERENOS";"Velocidade Incompatível";"Saída de leito carroçável";"Sem Vítimas";"Pleno dia";"Crescente";"Nublado";"Simples";"Reta";"Não";1;0;0;0;0;1;0;1;-20,4248;-54,97302;"SR-MS";"DEL3/1";"UOP03/MS"
263406;2020-01-17;"sexta-feira";"11:20:00";"MT";70;520;"VARZEA GRANDE";"Falta de Atenção do Pedestre";"Atropelamento de Pedestre";"Com Vítimas Feridas";"Pleno dia";"Crescente";"Céu Claro";"Simples";"Reta";"Sim";2;0;1;0;1;0;1;1;-15,6673;-56,18212;"SR-MT";"DEL2/4";"UOP02/MT"
263407;2020-01-17;"sexta-feira";"17:20:00";"TO";226;7,5;"PALMEIRAS DO TOCANTINS";"Falta de Atenção à Condução";"Colisão traseira";"Sem Vítimas";"Pleno dia";"Crescente";"Nublado";"Simples";"Reta";"Não";2;0;0;0;2;0;0;2;-6,580091;-47,5161;"SR-TO";"UOP05/TO";""
263408;2020-01-17;"sexta-feira";"17:30:00";"PA";230;110;"MARABA";"Desobediência às normas de trânsito pelo condutor";"Colisão transversal";"Com Vítimas Feridas";"Anoitecer";"Crescente";"Céu Claro";"Simples";"Reta";"Sim";5;0;5;0;0;0;5;2;-5,373427;-49,03127;"SR-PA";"DEL19/3";"UOP01/PA"
263409;2020-01-17;"sexta-feira";"17:30:00";"PR";163;293;"MARECHAL CANDIDO RONDON";"Não guardar distância de segurança";"Colisão traseira";"Com Vítimas Feridas";"Pleno dia";"Crescente";"Céu Claro";"Simples";"Curva";"Não";2;0;0;1;1;0;1;2;-24,5187;-54,11007;"SR-PR";"DEL7/6";"UOP04/PR"
263410;2020-01-17;"sexta-feira";"17:30:00";"PB";230;14,7;"CABEDELO";"Não guardar distância de segurança";"Colisão traseira";"Com Vítimas Feridas";"Anoitecer";"Crescente";"Céu Claro";"Dupla";"Reta";"Sim";3;0;2;0;1;0;2;2;-7,0844;-34,8488;"SR-PB";"DEL14/1";"UOP01/PB"
263411;2020-01-17;"sexta-feira";"18:10:00";"PR";376;4,1;"APUCARANA";"Desobediência às normas de trânsito pelo condutor";"Colisão transversal";"Com Vítimas Feridas";"Pleno dia";"Crescente";"Céu Claro";"Simples";"Reta";"Sim";5;0;4;0;1;0;4;2;-23,5513;-51,46127;"SR-PR";"DEL7/7";"UOP03/PR"
263412;2020-01-17;"sexta-feira";"16:15:00";"AC";364;122;"RIO BRANCO";"Falta de Atenção à Condução";"Colisão traseira";"Com Vítimas Feridas";"Pleno dia";"Decrescente";"Céu Claro";"Dupla";"Reta";"Sim";3;0;0;1;1;1;1;2;-10,01188;-67,77335;"SR-AC";"UOP01/AC";""
263413;2020-01-17;"sexta-feira";"17:40:00";"GO";153;509,3;"APARECIDA DE GOIANIA";"Não guardar distância de segurança";"Colisão traseira";"Com Vítimas Feridas";"Pleno dia";"Decrescente";"Garoa/Chuvisco";"Simples";"Reta";"Sim";2;0;1;0;1;0;1;2;-16,7888;-49,2379;"SR-GO";"DEL1/1";"UOP03/GO"
263416;2020-01-13;"segunda-feira";"10:55:00";"PI";343;346,9;"TERESINA";"Condutor Dormindo";"Queda de ocupante de veículo";"Com Vítimas Feridas";"Pleno dia";"Decrescente";"Céu Claro";"Dupla";"Desvio Temporário";"Sim";2;0;2;0;0;0;2;1;-5,114636;-42,77782;"SR-PI";"DEL17/1";"UOP01/PI"
263417;2020-01-17;"sexta-feira";"18:25:00";"BA";324;622;"SALVADOR";"Falta de Atenção à Condução";"Colisão lateral";"Sem Vítimas";"Anoitecer";"Decrescente";"Céu Claro";"Dupla";"Curva";"Sim";4;0;0;0;3;1;0;2;-12,91889;-38,46502;"SR-BA";"DEL10/1";"UOP01/BA"
263418;2020-01-17;"sexta-feira";"18:30:00";"SC";101;55,8;"JOINVILLE";"Não guardar distância de segurança";"Engavetamento";"Com Vítimas Feridas";"Anoitecer";"Crescente";"Nublado";"Dupla";"Não Informado";"Não";3;0;1;0;2;0;1;3;-26,42281;-48,82977;"SR-SC";"DEL8/3";"UOP01/SC"
263419;2020-01-17;"sexta-feira";"18:45:00";"SC";101;201,6;"SAO JOSE";"Mal Súbito";"Saída de leito carroçável";"Com Vítimas Feridas";"Pleno dia";"Crescente";"Céu Claro";"Múltipla";"Reta";"Sim";1;0;1;0;0;0;1;1;-27,54837;-48,61978;"SR-SC";"DEL8/1";"UOP01/SC"
263420;2020-01-17;"sexta-feira";"14:50:00";"MS";163;492,6;"CAMPO GRANDE";"Pista Escorregadia";"Tombamento";"Com Vítimas Feridas";"Pleno dia";"Crescente";"Chuva";"Simples";"Curva";"Sim";1;0;1;0;0;0;1;1;-20,38237;-54,5405;"SR-MS";"DEL3/1";"UOP02/MS"
263421;2020-01-17;"sexta-feira";"17:00:00";"GO";60;110,7;"GOIANAPOLIS";"Falta de Atenção à Condução";"Capotamento";"Com Vítimas Feridas";"Pleno dia";"Crescente";"Céu Claro";"Dupla";"Curva";"Não";1;0;1;0;0;0;1;1;-16,45;-49,0316;"SR-GO";"DEL1/1";"UOP01/GO"
263422;2020-01-17;"sexta-feira";"13:25:00";"MG";50;36,7;"ARAGUARI";"Pista Escorregadia";"Tombamento";"Com Vítimas Feridas";"Pleno dia";"Decrescente";"Céu Claro";"Dupla";"Reta";"Sim";1;0;1;0;0;0;1;1;-18,65754;-48,15322;"SR-MG";"DEL4/15";"UOP02/MG"
263423;2020-01-17;"sexta-feira";"17:45:00";"RS";386;320,2;"MARQUES DE SOUZA";"Objeto estático sobre o leito carroçável";"Tombamento";"Com Vítimas Feridas";"Pleno dia";"Crescente";"Céu Claro";"Simples";"Reta";"Não";1;0;1;0;0;0;1;1;-29,2836;-52,12674;"SR-RS";"DEL9/4";"UOP01/RS"
263424;2020-01-17;"sexta-feira";"15:20:00";"PR";163;139,7;"CAPITAO LEONIDAS MARQUES";"Defeito Mecânico no Veículo";"Colisão com objeto em movimento";"Com Vítimas Feridas";"Pleno dia";"Decrescente";"Céu Claro";"Simples";"Reta";"Não";2;0;1;0;1;0;1;2;-25,50498;-53,59385;"SR-PR";"DEL7/4";"UOP06/PR"
263425;2020-01-17;"sexta-feira";"18:00:00";"PB";104;130,4;"CAMPINA GRANDE";"Desobediência às normas de trânsito pelo condutor";"Colisão frontal";"Com Vítimas Feridas";"Anoitecer";"Decrescente";"Céu Claro";"Simples";"Reta";"Não";2;0;0;1;1;0;1;2;-7,285637;-35,88963;"SR-PB";"DEL14/2";"UOP01/PB"
263426;2020-01-17;"sexta-feira";"15:00:00";"SC";116;20,1;"MAFRA";"Condutor Dormindo";"Colisão frontal";"Com Vítimas Feridas";"Pleno dia";"Decrescente";"Céu Claro";"Simples";"Reta";"Não";7;0;4;1;2;0;5;2;-26,2415;-49,90271;"SR-SC";"DEL8/6";"UOP01/SC"
263428;2020-01-17;"sexta-feira";"17:00:00";"AC";317;286,7;"EPITACIOLANDIA";"Não guardar distância de segurança";"Colisão traseira";"Sem Vítimas";"Plena Noite";"Decrescente";"Céu Claro";"Simples";"Reta";"Sim";2;0;0;0;1;1;0;2;-11,02023;-68,67503;"SR-AC";"UOP02/AC";""
263430;2020-01-17;"sexta-feira";"19:20:00";"SP";116;204,8;"ARUJA";"Ingestão de Álcool";"Colisão traseira";"Sem Vítimas";"Plena Noite";"Decrescente";"Nublado";"Simples";"Reta";"Não";2;0;0;0;2;0;0;2;-23,41236;-46,35692;"SR-SP";"DEL6/1";"UOP01/SP"
263431;2020-01-17;"sexta-feira";"19:20:00";"GO";60;25;"ALEXANIA";"Avarias e/ou desgaste excessivo no pneu";"Queda de ocupante de veículo";"Com Vítimas Feridas";"Plena Noite";"Crescente";"Chuva";"Dupla";"Curva";"Não";1;0;0;1;0;0;1;1;-16,0963;-48,5202;"SR-DF";"UOP03/DF";""
263432;2020-01-17;"sexta-feira";"19:30:00";"DF";70;9;"BRASILIA";"Falta de Atenção à Condução";"Colisão lateral";"Com Vítimas Feridas";"Plena Noite";"Decrescente";"Nublado";"Dupla";"Reta";"Sim";2;0;1;0;1;0;1;2;-15,78462;-48,13202;"SR-DF";"UOP06/DF";""
263433;2020-01-17;"sexta-feira";"19:20:00";"PR";376;673,7;"GUARATUBA";"Defeito Mecânico no Veículo";"Engavetamento";"Com Vítimas Fatais";"Plena Noite";"Crescente";"Garoa/Chuvisco";"Dupla";"Desvio Temporário";"Não";15;1;3;0;11;0;3;6;-25,90092;-48,92572;"SR-PR";"DEL7/1";"UOP08/PR"
263434;2020-01-17;"sexta-feira";"19:00:00";"SP";381;88,6;"SAO PAULO";"Desobediência às normas de trânsito pelo condutor";"Colisão lateral";"Com Vítimas Feridas";"Plena Noite";"Decrescente";"Garoa/Chuvisco";"Múltipla";"Retorno Regulamentado";"Sim";3;0;1;0;2;0;1;3;-23,47469;-46,56113;"SR-SP";"DEL6/3";"UOP02/SP"
263435;2020-01-17;"sexta-feira";"16:30:00";"SC";282;156;"BOM RETIRO";"Falta de Atenção à Condução";"Colisão lateral";"Com Vítimas Feridas";"Pleno dia";"Decrescente";"Céu Claro";"Simples";"Reta";"Não";3;0;1;0;2;0;1;2;-27,74688;-49,71588;"SR-SC";"DEL8/5";"UOP01/SC"
263436;2020-01-17;"sexta-feira";"15:12:00";"MG";262;577,1;"CORREGO DANTA";"Mal Súbito";"Tombamento";"Com Vítimas Fatais";"Pleno dia";"Crescente";"Sol";"Simples";"Reta";"Não";1;1;0;0;0;0;0;1;-19,67731;-46,04342;"SR-MG";"PM/MG";""
263437;2020-01-17;"sexta-feira";"19:00:00";"PI";343;78,1;"CAXINGO";"Desobediência às normas de trânsito pelo condutor";"Colisão frontal";"Com Vítimas Feridas";"Plena Noite";"Crescente";"Nublado";"Simples";"Reta";"Não";3;0;1;1;0;1;2;2;-3,389163;-41,73723;"SR-PI";"DEL17/5";"UOP01/PI"
263439;2020-01-17;"sexta-feira";"19:40:00";"ES";101;297,9;"CARIACICA";"Falta de Atenção à Condução";"Engavetamento";"Sem Vítimas";"Plena Noite";"Decrescente";"Nublado";"Múltipla";"Não Informado";"Sim";3;0;0;0;2;1;0;3;-20,3453;-40,41027;"SR-ES";"DEL12/1";"UOP01/ES"
263440;2020-01-17;"sexta-feira";"19:15:00";"MG";262;755,5;"SACRAMENTO";"Falta de Atenção à Condução";"Colisão transversal";"Com Vítimas Feridas";"Plena Noite";"Crescente";"Céu Claro";"Simples";"Interseção de vias";"Não";3;0;1;1;1;0;2;2;-19,65377;-47,55485;"SR-MG";"DEL13";"UOP01/MG"
263441;2020-01-17;"sexta-feira";"17:45:00";"PR";116;101,5;"SAO JOSE DOS PINHAIS";"Velocidade Incompatível";"Engavetamento";"Sem Vítimas";"Pleno dia";"Crescente";"Nublado";"Dupla";"Reta";"Não";6;0;0;0;6;0;0;6;-25,54168;-49,15094;"SR-PR";"DEL7/1";"UOP01/PR"
263442;2020-01-17;"sexta-feira";"20:05:00";"RN";110;49,9;"MOSSORO";"Desobediência às normas de trânsito pelo condutor";"Colisão traseira";"Com Vítimas Fatais";"Plena Noite";"Crescente";"Chuva";"Dupla";"Reta";"Sim";3;1;0;0;2;0;0;2;-5,21646;-37,32927;"SR-RN";"DEL15/4";"UOP01/RN"
263445;2020-01-17;"sexta-feira";"17:25:00";"MG";40;610,8;"CONGONHAS";"Desobediência às normas de trânsito pelo condutor";"Engavetamento";"Sem Vítimas";"Pleno dia";"Crescente";"Garoa/Chuvisco";"Simples";"Curva";"Não";6;0;0;0;6;0;0;6;-20,51157;-43,84056;"SR-MG";"DEL5";"UOP02/MG"
263446;2020-01-17;"sexta-feira";"15:37:00";"RS";116;428,4;"CRISTAL";"Falta de Atenção à Condução";"Colisão traseira";"Com Vítimas Feridas";"Pleno dia";"Decrescente";"Sol";"Simples";"Reta";"Sim";2;0;0;1;1;0;1;2;-30,99599;-52,04704;"SR-RS";"DEL9/2";"UOP02/RS"
263447;2020-01-17;"sexta-feira";"20:00:00";"MG";116;653,9;"FERVEDOURO";"Restrição de Visibilidade";"Atropelamento de Pedestre";"Com Vítimas Feridas";"Plena Noite";"Crescente";"Garoa/Chuvisco";"Simples";"Reta";"Sim";2;0;1;0;1;0;1;1;-20,74346;-42,28633;"SR-MG";"DEL4/7";"UOP03/MG"
263448;2020-01-17;"sexta-feira";"17:45:00";"MT";174;4;"PONTES E LACERDA";"Ingestão de Álcool";"Colisão transversal";"Sem Vítimas";"Pleno dia";"Crescente";"Sol";"Simples";"Reta";"Sim";3;0;0;0;3;0;0;2;-15,23343;-59,34488;"SR-MT";"DEL2/7";"UOP01/MT"
263449;2020-01-17;"sexta-feira";"20:00:00";"MG";40;510;"RIBEIRAO DAS NEVES";"Falta de Atenção à Condução";"Colisão traseira";"Com Vítimas Feridas";"Plena Noite";"Decrescente";"Céu Claro";"Dupla";"Reta";"Sim";1;0;1;0;0;0;1;1;-19,77464;-44,12322;"SR-MG";"DEL4/1";"UOP02/MG"
263450;2020-01-17;"sexta-feira";"19:00:00";"RJ";116;249;"PIRAI";"Falta de Atenção à Condução";"Colisão lateral";"Sem Vítimas";"Plena Noite";"Crescente";"Nublado";"Simples";"Reta";"Não";2;0;0;0;2;0;0;2;-22,59967;-43,95006;"SR-RJ";"DEL5/7";"UOP01/RJ"
263451;2020-01-17;"sexta-feira";"19:30:00";"PB";230;56,2;"CRUZ DO ESPIRITO SANTO";"Falta de Atenção à Condução";"Colisão traseira";"Com Vítimas Feridas";"Plena Noite";"Decrescente";"Céu Claro";"Dupla";"Reta";"Não";2;0;0;1;0;1;1;2;-7,2028;-35,1125;"SR-PB";"DEL14/1";"UOP02/PB"