"id";"data_inversa";"dia_semana";"horario";"uf";"br";"km";"municipio";"causa_acidente";"tipo_acidente";"classificacao_acidente";"fase_dia";"sentido_via";"condicao_metereologica";"tipo_pista";"tracado_via";"uso_solo";"pessoas";"mortos";"feridos_leves";"feridos_graves";"ilesos";"ignorados";"feridos";"veiculos";"latitude";"longitude";"regional";"delegacia";"uop"
263823;2020-01-19;"domingo";"15:00:00";"MS";163;164;"JUTI";"Falta de Atenção à Condução";"Saída de leito carroçável";"Sem Vítimas";"Pleno dia";"Crescente";"Sol";"Simples";"Desvio Temporário";"Não";1;0;0;0;0;1;0;1;-22,90358;-54,5458;"SR-MS";"DEL3/09";"UOP01/MS"
263824;2020-01-19;"domingo";"15:28:00";"MT";163;637;"NOVA MUTUM";"Falta de Atenção à Condução";"Colisão frontal";"Com Vítimas Feridas";"Pleno dia";"Decrescente";"Chuva";"Simples";"Reta";"Não";4;0;0;1;3;0;1;4;-13,58449;-56,03039;"SR-MT";"DEL2/4";"UOP01/MT"
263825;2020-01-19;"domingo";"06:00:00";"MA";230;244;"SAO FELIX DE BALSAS";"Ingestão de Álcool";"Queda de ocupante de veículo";"Com Vítimas Fatais";"Pleno dia";"Crescente";"Céu Claro";"Simples";"Desvio Temporário";"Não";2;1;0;0;0;1;0;1;-6,809433;-44,89756;"SR-MA";"DEL18/5";"UOP01/MA"
263826;2020-01-19;"domingo";"15:15:00";"MG";40;518;"CONTAGEM";"Falta de Atenção à Condução";"Colisão frontal";"Com Vítimas Feridas";"Pleno dia";"Crescente";"Nublado";"Dupla";"Reta";"Sim";2;0;0;1;1;0;1;2;-19,83212;-44,08209;"SR-MG";"DEL4/1";"UOP02/MG"
263827;2020-01-19;"domingo";"17:00:00";"PI";343;2,8;"TERESINA";"Pista Escorregadia";"Tombamento";"Com Vítimas Feridas";"Pleno dia";"Crescente";"Chuva";"Múltipla";"Rotatória";"Sim";1;0;1;0;0;0;1;1;-5,089569;-42,80229;"SR-PI";"DEL17/1";"UOP01/PI"
263828;2020-01-19;"domingo";"14:25:00";"PR";153;472,9;"PORTO VITORIA";"Defeito na Via";"Tombamento";"Sem Vítimas";"Pleno dia";"Decrescente";"Céu Claro";"Simples";"Reta";"Não";1;0;0;0;1;0;0;1;-26,31665;-51,22079;"SR-PR";"DEL7/2";"UOP02/PR"
263829;2020-01-19;"domingo";"16:45:00";"BA";407;100;"JAGUARARI";"Desobediência às normas de trânsito pelo condutor";"Colisão transversal";"Com Vítimas Feridas";"Pleno dia";"Decrescente";"Céu Claro";"Simples";"Não Informado";"Sim";3;0;0;1;2;0;1;2;-10,23581;-40,20368;"SR-BA";"DEL10/4";"UOP01/BA"
263831;2020-01-19;"domingo";"15:50:00";"MT";364;205;"RONDONOPOLIS";"Ingestão de Álcool";"Colisão traseira";"Sem Vítimas";"Pleno dia";"Crescente";"Céu Claro";"Dupla";"Reta";"Sim";1;0;0;0;1;0;0;1;-16,45929;-54,66092;"SR-MT";"DEL2/2";"UOP01/MT"
263832;2020-01-19;"domingo";"17:20:00";"SC";101;81;"BARRA VELHA";"Defeito Mecânico no Veículo";"Colisão com objeto estático";"Com Vítimas Feridas";"Pleno dia";"Decrescente";"Nublado";"Dupla";"Curva";"Não";2;0;1;1;0;0;2;1;-26,60256;-48,72554;"SR-SC";"DEL8/3";"UOP02/SC"
263833;2020-01-19;"domingo";"17:35:00";"SC";101;215,6;"PALHOCA";"Não guardar distância de segurança";"Colisão lateral";"Com Vítimas Feridas";"Pleno dia";"Decrescente";"Céu Claro";"Múltipla";"Não Informado";"Sim";2;0;0;1;1;0;1;2;-27,65185;-48,67605;"SR-SC";"DEL8/1";"UOP02/SC"
263834;2020-01-19;"domingo";"17:00:00";"PA";230;124;"MARABA";"Falta de Atenção à Condução";"Colisão transversal";"Com Vítimas Feridas";"Pleno dia";"Decrescente";"Céu Claro";"Simples";"Reta";"Sim";3;0;0;1;1;1;1;2;-5,374071;-49,13576;"SR-PA";"DEL19/3";"UOP01/PA"
263835;2020-01-19;"domingo";"05:30:00";"RO";364;918;"PORTO VELHO";"Defeito na Via";"Tombamento";"Com Vítimas Feridas";"Amanhecer";"Decrescente";"Nublado";"Simples";"Reta";"Não";1;0;1;0;0;0;1;1;-9,730038;-65,24094;"SR-RO";"DEL01";"UOP04/RO"
263837;2020-01-19;"domingo";"17:50:00";"GO";50;257,3;"CATALAO";"Pista Escorregadia";"Saída de leito carroçável";"Com Vítimas Feridas";"Pleno dia";"Decrescente";"Chuva";"Dupla";"Reta";"Não";1;0;0;1;0;0;1;1;-18,02251;-47,81982;"SR-GO";"DEL1/6";"UOP01/GO"
263838;2020-01-19;"domingo";"16:30:00";"PE";232;80,8;"GRAVATA";"Falta de Atenção à Condução";"Colisão traseira";"Com Vítimas Feridas";"Pleno dia";"Decrescente";"Céu Claro";"Simples";"Desvio Temporário";"Sim";3;0;2;0;0;1;2;2;-8,195799;-35,56962;"SR-PE";"DEL11/1";"UOP04/PE"
263839;2020-01-19;"domingo";"18:00:00";"RN";101;103,9;"PARNAMIRIM";"Avarias e/ou desgaste excessivo no pneu";"Queda de ocupante de veículo";"Com Vítimas Feridas";"Plena Noite";"Crescente";"Céu Claro";"Dupla";"Curva";"Sim";2;0;2;0;0;0;2;1;-5,892745;-35,25722;"SR-RN";"DEL15/1";"UOP01/RN"
263840;2020-01-19;"domingo";"06:50:00";"GO";153;75;"PORANGATU";"Falta de Atenção à Condução";"Saída de leito carroçável";"Sem Vítimas";"Pleno dia";"Crescente";"Céu Claro";"Simples";"Reta";"Não";1;0;0;0;0;1;0;1;-13,49184;-49,13463;"SR-GO";"DEL1/7";"UOP01/GO"
263841;2020-01-19;"domingo";"18:30:00";"SP";116;209,2;"GUARULHOS";"Ingestão de Álcool";"Saída de leito carroçável";"Com Vítimas Feridas";"Anoitecer";"Decrescente";"Céu Claro";"Dupla";"Reta";"Sim";4;0;2;0;1;1;2;1;-23,42512;-46,40221;"SR-SP";"DEL6/1";"UOP01/SP"
263842;2020-01-19;"domingo";"18:10:00";"MG";459;62,3;"IPUIUNA";"Velocidade Incompatível";"Colisão com objeto estático";"Com Vítimas Feridas";"Pleno dia";"Decrescente";"Chuva";"Simples";"Não Informado";"Não";5;0;3;0;2;0;3;1;-22,10965;-46,17907;"SR-MG";"DEL09";"UOP04/MG"
263843;2020-01-19;"domingo";"16:45:00";"CE";304;6,3;"BEBERIBE";"Falta de Atenção à Condução";"Saída de leito carroçável";"Com Vítimas Feridas";"Pleno dia";"Decrescente";"Céu Claro";"Simples";"Reta";"Não";2;0;0;1;0;1;1;1;-4,588981;-38,1575;"SR-CE";"DEL16/3";"UOP03/CE"
263844;2020-01-19;"domingo";"17:50:00";"SP";116;106;"TAUBATE";"Velocidade Incompatível";"Colisão traseira";"Com Vítimas Feridas";"Anoitecer";"Crescente";"Chuva";"Dupla";"Reta";"Sim";3;0;0;2;1;0;2;2;-23,01251;-45,52256;"SR-SP";"DEL6";"UOP01/SP"
263845;2020-01-19;"domingo";"18:15:00";"GO";153;507,6;"APARECIDA DE GOIANIA";"Falta de Atenção à Condução";"Colisão lateral";"Com Vítimas Feridas";"Anoitecer";"Crescente";"Céu Claro";"Dupla";"Reta";"Não";2;0;0;1;1;0;1;2;-16,7715;-49,2387;"SR-GO";"DEL1/1";"UOP03/GO"
263846;2020-01-19;"domingo";"18:00:00";"MG";381;448,2;"SANTA LUZIA";"Ultrapassagem Indevida";"Tombamento";"Sem Vítimas";"Anoitecer";"Decrescente";"Nublado";"Simples";"Reta";"Sim";5;0;0;0;1;4;0;1;-19,82306;-43,82773;"SR-MG";"DEL4/1";"UOP01/MG"
263847;2020-01-19;"domingo";"18:00:00";"RN";101;84,4;"NATAL";"Falta de Atenção à Condução";"Colisão traseira";"Sem Vítimas";"Anoitecer";"Crescente";"Céu Claro";"Dupla";"Reta";"Sim";2;0;0;0;2;0;0;2;-5,774175;-35,2578;"SR-RN";"DEL15/2";"UOP01/RN"
263849;2020-01-19;"domingo";"18:45:00";"PE";101;44,9;"IGARASSU";"Falta de Atenção do Pedestre";"Atropelamento de Pedestre";"Com Vítimas Fatais";"Plena Noite";"Decrescente";"Céu Claro";"Múltipla";"Reta";"Sim";3;1;1;1;0;0;2;1;-7,85637;-34,90842;"SR-PE";"DEL11/1";"UOP02/PE"
263850;2020-01-19;"domingo";"16:13:00";"GO";251;13;"CRISTALINA";"Ultrapassagem Indevida";"Colisão frontal";"Com Vítimas Feridas";"Pleno dia";"Decrescente";"Céu Claro";"Simples";"Reta";"Não";8;0;5;3;0;0;8;2;-16,20275;-47,43909;"SR-DF";"UOP01/DF";""
263851;2020-01-19;"domingo";"17:50:00";"PB";230;335,2;"PATOS";"Desobediência às normas de trânsito pelo condutor";"Colisão traseira";"Com Vítimas Feridas";"Pleno dia";"Decrescente";"Céu Claro";"Simples";"Desvio Temporário";"Sim";3;0;1;0;0;2;1;2;-7,0128;-37,2644;"SR-PB";"DEL14/3";"UOP01/PB"
263852;2020-01-19;"domingo";"18:40:00";"TO";235;166,8;"TUPIRAMA";"Falta de Atenção à Condução";"Queda de ocupante de veículo";"Com Vítimas Feridas";"Anoitecer";"Crescente";"Nublado";"Simples";"Rotatória";"Não";2;0;2;0;0;0;2;1;-8,979316;-48,19732;"SR-TO";"UOP03/TO";""
263853;2020-01-19;"domingo";"18:40:00";"CE";222;5,3;"CAUCAIA";"Ingestão de Álcool";"Atropelamento de Pedestre";"Com Vítimas Feridas";"Plena Noite";"Decrescente";"Céu Claro";"Múltipla";"Reta";"Sim";2;0;1;1;0;0;2;1;-3,742969;-38,61331;"SR-CE";"DEL16/1";"UOP01/CE"
263854;2020-01-19;"domingo";"17:00:00";"PR";277;509,1;"GUARANIACU";"Defeito Mecânico no Veículo";"Queda de ocupante de veículo";"Com Vítimas Feridas";"Pleno dia";"Crescente";"Céu Claro";"Simples";"Reta";"Não";2;0;2;0;0;0;2;1;-25,12481;-52,74714;"SR-PR";"DEL7/4";"UOP02/PR"
263855;2020-01-19;"domingo";"17:30:00";"RS";285;563,9;"SAO LUIZ GONZAGA";"Desobediência às normas de trânsito pelo condutor";"Colisão transversal";"Com Vítimas Feridas";"Pleno dia";"Crescente";"Céu Claro";"Simples";"Interseção de vias";"Não";5;0;3;0;2;0;3;2;-28,41708;-54,93802;"SR-RS";"DEL9/10";"UOP01/RS"
263856;2020-01-19;"domingo";"19:15:00";"PB";230;25;"JOAO PESSOA";"Ingestão de Álcool";"Colisão com objeto estático";"Com Vítimas Feridas";"Plena Noite";"Crescente";"Céu Claro";"Múltipla";"Reta";"Sim";1;0;1;0;0;0;1;1;-7,1707;-34,8684;"SR-PB";"DEL14/1";"UOP01/PB"
263857;2020-01-19;"domingo";"17:00:00";"SC";470;269;"BRUNOPOLIS";"Velocidade Incompatível";"Tombamento";"Sem Vítimas";"Pleno dia";"Crescente";"Nublado";"Simples";"Curva";"Não";1;0;0;0;1;0;0;1;-27,31154;-50,74465;"SR-SC";"DEL8/5";"UOP03/SC"
263859;2020-01-19;"domingo";"16:40:00";"MG";40;508,8;"RIBEIRAO DAS NEVES";"Não guardar distância de segurança";"Engavetamento";"Com Vítimas Feridas";"Pleno dia";"Crescente";"Chuva";"Dupla";"Reta";"Sim";5;0;1;0;4;0;1;5;-19,76061;-44,13475;"SR-MG";"DEL4/1";"UOP02/MG"
263861;2020-01-19;"domingo";"19:40:00";"SP";101;48,9;"UBATUBA";"Ingestão de álcool e/ou substâncias psicoativas pelo pedestre";"Atropelamento de Pedestre";"Com Vítimas Feridas";"Plena Noite";"Decrescente";"Nublado";"Simples";"Reta";"Sim";2;0;2;0;0;0;2;1;-23,44622;-45,08154;"SR-SP";"DEL6";"UOP03/SP"
263862;2020-01-19;"domingo";"17:30:00";"MG";381;183,9;"GOVERNADOR VALADARES";"Falta de Atenção à Condução";"Tombamento";"Com Vítimas Feridas";"Pleno dia";"Decrescente";"Sol";"Simples";"Reta";"Não";1;0;0;1;0;0;1;1;-19,06289;-42,16283;"SR-MG";"DEL4/6";"UOP01/MG"
263863;2020-01-19;"domingo";"10:30:00";"MS";267;408;"MARACAJU";"Avarias e/ou desgaste excessivo no pneu";"Tombamento";"Com Vítimas Feridas";"Pleno dia";"Crescente";"Céu Claro";"Simples";"Reta";"Não";1;0;0;1;0;0;1;1;-21,63106;-55,54681;"SR-MS";"DEL3/5";"UOP01/MS"
263864;2020-01-19;"domingo";"18:00:00";"SC";280;30;"ARAQUARI";"Falta de Atenção à Condução";"Colisão traseira";"Com Vítimas Feridas";"Pleno dia";"Decrescente";"Céu Claro";"Simples";"Reta";"Sim";3;0;1;1;1;0;2;2;-26,41415;-48,76209;"SR-SC";"DEL8/3";"UOP03/SC"
263866;2020-01-19;"domingo";"19:00:00";"PE";101;51,1;"ABREU E LIMA";"Velocidade Incompatível";"Colisão transversal";"Com Vítimas Feridas";"Plena Noite";"Decrescente";"Céu Claro";"Múltipla";"Reta";"Sim";2;0;1;0;1;0;1;2;-7,916997;-34,89689;"SR-PE";"DEL11/1";"UOP02/PE"
263867;2020-01-19;"domingo";"11:30:00";"BA";101;623;"MASCOTE";"Velocidade Incompatível";"Colisão transversal";"Com Vítimas Fatais";"Pleno dia";"Crescente";"Chuva";"Simples";"Curva";"Não";4;1;1;2;0;0;3;2;-15,85878;-39,52039;"SR-BA";"DEL10/5";"UOP02/BA"
263868;2020-01-19;"domingo";"19:50:00";"PE";101;41;"IGARASSU";"Falta de Atenção do Pedestre";"Atropelamento de Pedestre";"Sem Vítimas";"Plena Noite";"Decrescente";"Céu Claro";"Simples";"Reta";"Sim";2;0;0;0;1;1;0;1;-7,830383;-34,91427;"SR-PE";"DEL11/1";"UOP02/PE"
263869;2020-01-19;"domingo";"19:35:00";"GO";60;117,7;"TEREZOPOLIS DE GOIAS";"Ingestão de Álcool";"Colisão traseira";"Com Vítimas Feridas";"Plena Noite";"Crescente";"Céu Claro";"Dupla";"Reta";"Sim";4;0;2;0;2;0;2;3;-16,4789;-49,0864;"SR-GO";"DEL1/1";"UOP01/GO"
263871;2020-01-19;"domingo";"17:15:00";"PB";230;437,6;"SAO DOMINGOS";"Desobediência às normas de trânsito pelo condutor";"Colisão transversal";"Sem Vítimas";"Anoitecer";"Decrescente";"Nublado";"Simples";"Reta";"Não";3;0;0;0;2;1;0;3;-6,7571;-38,0011;"SR-PB";"DEL14/3";"UOP02/PB"
263872;2020-01-19;"domingo";"19:40:00";"GO";153;428,9;"ANAPOLIS";"Pista Escorregadia";"Colisão traseira";"Com Vítimas Feridas";"Plena Noite";"Crescente";"Chuva";"Dupla";"Não Informado";"Não";8;0;4;0;4;0;4;2;-16,23743;-49,0055;"SR-GO";"DEL1/2";"UOP01/GO"
263873;2020-01-19;"domingo";"20:00:00";"PR";376;186,6;"MARIALVA";"Não guardar distância de segurança";"Colisão lateral";"Com Vítimas Feridas";"Plena Noite";"Decrescente";"Céu Claro";"Dupla";"Reta";"Não";2;0;0;1;0;1;1;2;-23,45644;-51,84511;"SR-PR";"DEL7/7";"UOP04/PR"
263875;2020-01-19;"domingo";"19:15:00";"CE";116;43;"HORIZONTE";"Desobediência às normas de trânsito pelo condutor";"Colisão transversal";"Com Vítimas Feridas";"Plena Noite";"Decrescente";"Céu Claro";"Dupla";"Interseção de vias";"Sim";3;0;1;0;2;0;1;2;-4,114048;-38,48954;"SR-CE";"DEL16/1";"UOP02/CE"
263876;2020-01-19;"domingo";"19:10:00";"SP";116;103,9;"TAUBATE";"Não guardar distância de segurança";"Colisão traseira";"Com Vítimas Feridas";"Plena Noite";"Crescente";"Céu Claro";"Dupla";"Não Informado";"Não";5;0;1;0;3;1;1;4;-22,99919;-45,49789;"SR-SP";"DEL6";"UOP01/SP"
263877;2020-01-19;"domingo";"20:10:00";"PI";343;347,7;"TERESINA";"Falta de Atenção à Condução";"Colisão traseira";"Sem Vítimas";"Plena Noite";"Decrescente";"Céu Claro";"Dupla";"Reta";"Sim";2;0;0;0;2;0;0;2;-5,114822;-42,77835;"SR-PI";"DEL17/1";"UOP01/PI"
263880;2020-01-19;"domingo";"19:30:00";"MG";153;104;"PRATA";"Velocidade Incompatível";"Saída de leito carroçável";"Com Vítimas Feridas";"Plena Noite";"Crescente";"Chuva";"Simples";"Não Informado";"Não";1;0;0;1;0;0;1;1;-19,26347;-48,9226;"SR-MG";"DEL4/15";"UOP03/MG"
263881;2020-01-19;"domingo";"20:00:00";"PE";101;60,3;"RECIFE";"Falta de Atenção à Condução";"Colisão traseira";"Com Vítimas Feridas";"Plena Noite";"Crescente";"Céu Claro";"Dupla";"Reta";"Sim";3;0;1;0;2;0;1;2;-7,986643;-34,93298;"SR-PE";"DEL11/1";"UOP02/PE"
263882;2020-01-19;"domingo";"19:30:00";"PR";376;179;"MARINGA";"Ingestão de Álcool";"Colisão traseira";"Sem Vítimas";"Plena Noite";"Crescente";"Ignorado";"Dupla";"Reta";"Sim";2;0;0;0;2;0;0;2;-23,42244;-51,9036;"SR-PR";"DEL7/7";"UOP04/PR"
263883;2020-01-19;"domingo";"20:00:00";"RJ";40;102;"DUQUE DE CAXIAS";"Falta de Atenção à Condução";"Colisão com objeto estático";"Sem Vítimas";"Plena Noite";"Decrescente";"Nublado";"Múltipla";"Reta";"Sim";1;0;0;0;1;0;0;1;-22,61089;-43,28656;"SR-RJ";"DEL5/1";"UOP01/RJ"
263884;2020-01-19;"domingo";"15:45:00";"PI";343;274;"CAMPO MAIOR";"Não guardar distância de segurança";"Colisão traseira";"Com Vítimas Feridas";"Pleno dia";"Decrescente";"Chuva";"Simples";"Reta";"Não";2;0;0;1;1;0;1;2;-4,879998;-42,22644;"SR-PI";"DEL17/1";"UOP03/PI"
263885;2020-01-19;"domingo";"18:30:00";"PA";155;342;"MARABA";"Ingestão de Álcool";"Colisão frontal";"Com Vítimas Feridas";"Anoitecer";"Decrescente";"Chuva";"Simples";"Reta";"Sim";2;0;1;0;1;0;1;2;-5,378519;-49,07675;"SR-PA";"DEL19/3";"UOP01/PA"
263886;2020-01-19;"domingo";"18:30:00";"BA";116;448;"ANTONIO CARDOSO";"Falta de Atenção à Condução";"Colisão transversal";"Com Vítimas Fatais";"Plena Noite";"Decrescente";"Céu Claro";"Dupla";"Reta";"Não";2;1;0;0;0;1;0;2;-12,36969;-39,11399;"SR-BA";"DEL10/2";"UOP01/BA"
263887;2020-01-19;"domingo";"20:45:00";"RS";116;252;"SAPUCAIA DO SUL";"Ingestão de Álcool";"Colisão com objeto estático";"Com Vítimas Feridas";"Plena Noite";"Crescente";"Céu Claro";"Dupla";"Reta";"Sim";1;0;0;1;0;0;1;1;-29,80913;-51,16753;"SR-RS";"DEL9/1";"UOP02/RS"
263888;2020-01-19;"domingo";"20:40:00";"PR";376;384,7;"IMBAU";"Falta de Atenção à Condução";"Colisão frontal";"Com Vítimas Fatais";"Plena Noite";"Crescente";"Céu Claro";"Dupla";"Reta";"Sim";2;1;0;0;0;1;0;2;-24,43905;-50,76285;"SR-PR";"DEL7/3";"UOP05/PR"
263890;2020-01-19;"domingo";"20:10:00";"MA";10;256;"IMPERATRIZ";"Falta de Atenção à Condução";"Colisão traseira";"Com Vítimas Feridas";"Plena Noite";"Decrescente";"Céu Claro";"Simples";"Não Informado";"Não";3;0;1;0;1;1;1;3;-5,499715;-47,47184;"SR-MA";"DEL18/4";"UOP01/MA"
263891;2020-01-19;"domingo";"19:15:00";"SC";470;122,1;"IBIRAMA";"Defeito na Via";"Tombamento";"Com Vítimas Feridas";"Plena Noite";"Decrescente";"Nublado";"Simples";"Reta";"Não";1;0;0;1;0;0;1;1;-27,09989;-49,52768;"SR-SC";"DEL8/4";"UOP02/SC"
263892;2020-01-19;"domingo";"17:30:00";"SC";101;54;"JOINVILLE";"Falta de Atenção à Condução";"Capotamento";"Com Vítimas Feridas";"Pleno dia";"Decrescente";"Céu Claro";"Dupla";"Reta";"Não";1;0;0;1;0;0;1;1;-26,4132;-48,83617;"SR-SC";"DEL8/3";"UOP01/SC"
263893;2020-01-19;"domingo";"21:10:00";"RN";405;180;"JOSE DA PENHA";"Desobediência às normas de trânsito pelo condutor";"Colisão traseira";"Com Vítimas Feridas";"Plena Noite";"Crescente";"Céu Claro";"Simples";"Reta";"Não";5;0;2;1;2;0;3;2;-6,350066;-38,29534;"SR-RN";"DEL15/4";"UOP02/RN"
263894;2020-01-19;"domingo";"20:45:00";"SE";101;85;"NOSSA SENHORA DO SOCORRO";"Falta de Atenção à Condução";"Colisão traseira";"Com Vítimas Feridas";"Plena Noite";"Crescente";"Céu Claro";"Dupla";"Reta";"Não";2;0;0;1;1;0;1;2;-10,84356;-37,13697;"SR-SE";"DEL20/1";"UOP01/SE"
263895;2020-01-19;"domingo";"21:10:00";"ES";101;32,7;"CONCEICAO DA BARRA";"Desobediência às normas de trânsito pelo condutor";"Colisão frontal";"Com Vítimas Fatais";"Plena Noite";"Crescente";"Nublado";"Simples";"Não Informado";"Sim";5;1;0;4;0;0;4;2;-18,4255;-39,93487;"SR-ES";"DEL12/4";"UOP02/ES"
263896;2020-01-19;"domingo";"20:50:00";"MG";50;84;"UBERLANDIA";"Falta de Atenção à Condução";"Colisão lateral";"Com Vítimas Feridas";"Plena Noite";"Crescente";"Vento";"Dupla";"Reta";"Sim";2;0;0;1;1;0;1;2;-18,9959;-48,21049;"SR-MG";"DEL4/15";"UOP01/MG"
263897;2020-01-19;"domingo";"21:40:00";"PE";101;75;"RECIFE";"Falta de Atenção do Pedestre";"Atropelamento de Pedestre";"Com Vítimas Fatais";"Plena Noite";"Decrescente";"Céu Claro";"Dupla";"Reta";"Sim";2;1;0;0;0;1;0;1;-8,109735;-34,9466;"SR-PE";"DEL11/1";"UOP01/PE"
263898;2020-01-19;"domingo";"15:30:00";"SC";101;329,8;"CAPIVARI DE BAIXO";"Não guardar distância de segurança";"Saída de leito carroçável";"Com Vítimas Feridas";"Pleno dia";"Decrescente";"Céu Claro";"Dupla";"Não Informado";"Não";3;0;1;1;1;0;2;1;-28,44405;-48,96611;"SR-SC";"DEL8/2";"UOP01/SC"
263899;2020-01-19;"domingo";"18:00:00";"PA";230;162;"ITUPIRANGA";"Desobediência às normas de trânsito pelo condutor";"Colisão frontal";"Com Vítimas Fatais";"Anoitecer";"Crescente";"Céu Claro";"Simples";"Reta";"Não";2;1;0;0;1;0;0;2;-5,194521;-49,3614;"SR-PA";"DEL19/3";"UOP01/PA"
263900;2020-01-19;"domingo";"21:10:00";"RJ";101;59;"CAMPOS DOS GOYTACAZES";"Falta de Atenção à Condução";"Colisão transversal";"Com Vítimas Feridas";"Plena Noite";"Decrescente";"Céu Claro";"Simples";"Reta";"Sim";2;0;1;0;1;0;1;2;-21,71366;-41,30862;"SR-RJ";"DEL5/8";"UOP01/RJ"
263901;2020-01-19;"domingo";"21:23:00";"PR";116;120;"CURITIBA";"Desobediência às normas de trânsito pelo condutor";"Atropelamento de Pedestre";"Com Vítimas Feridas";"Plena Noite";"Crescente";"Nublado";"Dupla";"Reta";"Sim";3;0;0;1;1;1;1;1;-25,55122;-49,30504;"SR-PR";"DEL7/1";"UOP03/PR"
263902;2020-01-19;"domingo";"20:50:00";"MS";163;648,2;"SAO GABRIEL DO OESTE";"Ingestão de Álcool";"Saída de leito carroçável";"Sem Vítimas";"Plena Noite";"Decrescente";"Céu Claro";"Simples";"Reta";"Não";1;0;0;0;1;0;0;1;-19,17643;-54,7544;"SR-MS";"DEL3/6";"UOP02/MS"
263903;2020-01-19;"domingo";"22:00:00";"RS";471;596;"SANTA VITORIA DO PALMAR";"Falta de Atenção à Condução";"Colisão lateral";"Com Vítimas Feridas";"Plena Noite";"Crescente";"Nublado";"Simples";"Reta";"Não";3;0;0;1;1;1;1;2;-33,14962;-52,97324;"SR-RS";"DEL9/7";"UOP04/RS"
263904;2020-01-19;"domingo";"21:50:00";"RJ";493;101;"SEROPEDICA";"Defeito na Via";"Saída de leito carroçável";"Com Vítimas Feridas";"Plena Noite";"Decrescente";"Céu Claro";"Dupla";"Reta";"Não";5;0;4;0;1;0;4;1;-22,7531;-43,71746;"SR-RJ";"DEL5/3";"UOP01/RJ"
263906;2020-01-19;"domingo";"16:40:00";"SC";101;313;"LAGUNA";"Falta de Atenção à Condução";"Queda de ocupante de veículo";"Com Vítimas Feridas";"Pleno dia";"Crescente";"Céu Claro";"Múltipla";"Reta";"Não";1;0;0;1;0;0;1;1;-28,44044;-48,81403;"SR-SC";"DEL8/2";"UOP01/SC"
263907;2020-01-19;"domingo";"20:15:00";"SC";101;317;"PESCARIA BRAVA";"Ingestão de Álcool";"Tombamento";"Com Vítimas Feridas";"Plena Noite";"Crescente";"Céu Claro";"Simples";"Não Informado";"Sim";2;0;2;0;0;0;2;1;-28,42708;-48,85212;"SR-SC";"DEL8/2";"UOP01/SC"
263908;2020-01-19;"domingo";"22:30:00";"MG";40;443,8;"PARAOPEBA";"Velocidade Incompatível";"Colisão com objeto estático";"Com Vítimas Feridas";"Plena Noite";"Decrescente";"Chuva";"Dupla";"Não Informado";"Sim";1;0;1;0;0;0;1;1;-19,28817;-44,4124;"SR-MG";"DEL4/2";"UOP01/MG"
263909;2020-01-19;"domingo";"18:10:00";"BA";324;518;"FEIRA DE SANTANA";"Ingestão de Álcool";"Queda de ocupante de veículo";"Com Vítimas Feridas";"Plena Noite";"Crescente";"Céu Claro";"Múltipla";"Viaduto";"Sim";2;0;0;1;0;1;1;2;-12,2582;-38,93218;"SR-BA";"DEL10/2";"UOP01/BA"
263910;2020-01-19;"domingo";"22:10:00";"DF";40;8;"BRASILIA";"Pista Escorregadia";"Queda de ocupante de veículo";"Com Vítimas Feridas";"Plena Noite";"Crescente";"Chuva";"Dupla";"Desvio Temporário";"Não";2;0;2;0;0;0;2;1;-16,03867;-47,97969;"SR-DF";"UOP01/DF";""
263911;2020-01-19;"domingo";"21:00:00";"PR";277;6;"PARANAGUA";"Falta de Atenção do Pedestre";"Atropelamento de Pedestre";"Com Vítimas Feridas";"Plena Noite";"Decrescente";"Chuva";"Dupla";"Reta";"Sim";2;0;0;1;1;0;1;1;-25,5158;-48,52386;"SR-PR";"DEL7/1";"UOP07/PR"
263913;2020-01-19;"domingo";"22:50:00";"SE";101;182,5;"UMBAUBA";"Falta de Atenção à Condução";"Colisão com objeto em movimento";"Com Vítimas Feridas";"Plena Noite";"Crescente";"Céu Claro";"Simples";"Reta";"Sim";2;0;1;0;0;1;1;1;-11,3739;-37,65552;"SR-SE";"DEL20/2";"UOP03/SE"
263914;2020-01-19;"domingo";"23:00:00";"MG";381;502,9;"BETIM";"Falta de Atenção do Pedestre";"Atropelamento de Pedestre";"Com Vítimas Feridas";"Plena Noite";"Crescente";"Céu Claro";"Simples";"Não Informado";"Sim";4;0;0;1;1;2;1;1;-20,0362;-44,24586;"SR-MG";"DEL4/1";"UOP03/MG"
263915;2020-01-19;"domingo";"23:12:00";"PR";469;15,4;"FOZ DO IGUACU";"Falta de Atenção à Condução";"Colisão traseira";"Sem Vítimas";"Plena Noite";"Crescente";"Céu Claro";"Simples";"Não Informado";"Sim";2;0;0;0;2;0;0;2;-25,58209;-54,5271;"SR-PR";"DEL7/5";"UOP04/PR"
263916;2020-01-19;"domingo";"23:20:00";"PR";376;655;"TIJUCAS DO SUL";"Pista Escorregadia";"Colisão traseira";"Com Vítimas Feridas";"Plena Noite";"Decrescente";"Chuva";"Dupla";"Curva";"Não";3;0;1;0;2;0;1;2;-25,84165;-49,04247;"SR-PR";"DEL7/1";"UOP08/PR"
263917;2020-01-19;"domingo";"21:20:00";"SC";282;542;"CHAPECO";"Ingestão de Álcool";"Colisão frontal";"Sem Vítimas";"Plena Noite";"Crescente";"Céu Claro";"Simples";"Reta";"Não";2;0;0;0;1;1;0;2;-27,0013;-52,70757;"SR-SC";"DEL7";"UOP01/SC"