"id";"data_inversa";"dia_semana";"horario";"uf";"br";"km";"municipio";"causa_acidente";"tipo_acidente";"classificacao_acidente";"fase_dia";"sentido_via";"condicao_metereologica";"tipo_pista";"tracado_via";"uso_solo";"pessoas";"mortos";"feridos_leves";"feridos_graves";"ilesos";"ignorados";"feridos";"veiculos";"latitude";"longitude";"regional";"delegacia";"uop"
263918;2020-01-19;"domingo";"21:30:00";"BA";324;3;"FEIRA DE SANTANA";"Ingestão de Álcool";"Colisão traseira";"Com Vítimas Feridas";"Plena Noite";"Crescente";"Céu Claro";"Dupla";"Não Informado";"Sim";3;0;2;0;0;1;2;2;-12,26711;-38,96699;"SR-BA";"DEL10/2";"UOP01/BA"
263919;2020-01-19;"domingo";"20:30:00";"PB";412;144,9;"MONTEIRO";"Desobediência às normas de trânsito pelo condutor";"Saída de leito carroçável";"Com Vítimas Feridas";"Plena Noite";"Crescente";"Céu Claro";"Simples";"Reta";"Sim";1;0;0;1;0;0;1;1;-7,891878;-37,11134;"SR-PB";"DEL14/2";"UOP02/PB"
263920;2020-01-19;"domingo";"22:00:00";"SC";163;87;"GUARACIABA";"Desobediência às normas de trânsito pelo condutor";"Colisão transversal";"Com Vítimas Feridas";"Plena Noite";"Decrescente";"Céu Claro";"Simples";"Reta";"Não";6;0;6;0;0;0;6;2;-26,59023;-53,51574;"SR-SC";"DEL7";"UOP03/SC"
263921;2020-01-19;"domingo";"22:45:00";"SC";101;101,7;"BALNEARIO PICARRAS";"Falta de Atenção à Condução";"Colisão traseira";"Com Vítimas Feridas";"Plena Noite";"Decrescente";"Nublado";"Simples";"Reta";"Sim";3;0;0;3;0;0;3;2;-26,77108;-48,68568;"SR-SC";"DEL8/3";"UOP02/SC"
263922;2020-01-19;"domingo";"23:15:00";"SC";101;57,7;"ARAQUARI";"Pista Escorregadia";"Saída de leito carroçável";"Com Vítimas Feridas";"Plena Noite";"Crescente";"Chuva";"Dupla";"Curva";"Não";2;0;0;1;1;0;1;1;-26,43915;-48,80283;"SR-SC";"DEL8/3";"UOP01/SC"
263923;2020-01-19;"domingo";"22:00:00";"MG";381;873,9;"ESTIVA";"Velocidade Incompatível";"Tombamento";"Com Vítimas Feridas";"Plena Noite";"Crescente";"Nublado";"Dupla";"Curva";"Não";2;0;2;0;0;0;2;2;-22,42067;-45,96539;"SR-MG";"DEL09";"UOP01/MG"
263924;2020-01-19;"domingo";"23:49:00";"SP";116;216;"GUARULHOS";"Falta de Atenção do Pedestre";"Atropelamento de Pedestre";"Com Vítimas Fatais";"Plena Noite";"Decrescente";"Céu Claro";"Múltipla";"Não Informado";"Sim";2;1;0;0;0;1;0;1;-23,45057;-46,46258;"SR-SP";"DEL6/1";"UOP01/SP"
263926;2020-01-19;"domingo";"23:25:00";"MG";381;452;"BELO HORIZONTE";"Desobediência às normas de trânsito pelo condutor";"Colisão frontal";"Com Vítimas Feridas";"Plena Noite";"Crescente";"Chuva";"Simples";"Não Informado";"Sim";2;0;0;1;1;0;1;2;-19,83437;-43,85936;"SR-MG";"DEL4/1";"UOP01/MG"
263927;2020-01-19;"domingo";"21:00:00";"MG";146;559,5;"CABO VERDE";"Desobediência às normas de trânsito pelo condutor";"Colisão frontal";"Com Vítimas Feridas";"Plena Noite";"Crescente";"Nublado";"Simples";"Reta";"Sim";2;0;1;0;1;0;1;2;-21,45793;-46,40839;"SR-MG";"DEL09";"UOP04/MG"
263928;2020-01-19;"domingo";"23:40:00";"RS";386;410,1;"TRIUNFO";"Condutor Dormindo";"Saída de leito carroçável";"Com Vítimas Feridas";"Plena Noite";"Crescente";"Céu Claro";"Simples";"Reta";"Não";1;0;1;0;0;0;1;1;-29,80068;-51,51841;"SR-RS";"DEL9/4";"UOP02/RS"
263929;2020-01-20;"segunda-feira";"00:20:00";"PR";376;7,2;"MARINGA";"Objeto estático sobre o leito carroçável";"Colisão com objeto estático";"Com Vítimas Fatais";"Plena Noite";"Crescente";"Céu Claro";"Dupla";"Não Informado";"Não";2;1;0;0;0;1;0;2;-23,4273;-51,9375;"SR-PR";"DEL7/7";"UOP04/PR"
263930;2020-01-19;"domingo";"22:40:00";"RJ";101;316;"SAO GONCALO";"Falta de Atenção à Condução";"Colisão com objeto estático";"Com Vítimas Feridas";"Plena Noite";"Crescente";"Céu Claro";"Dupla";"Reta";"Sim";1;0;0;1;0;0;1;1;-22,82836;-43,09209;"SR-RJ";"UOP01";"DEL02"
263931;2020-01-19;"domingo";"22:10:00";"SC";282;168,8;"BOCAINA DO SUL";"Objeto estático sobre o leito carroçável";"Colisão lateral";"Com Vítimas Feridas";"Plena Noite";"Crescente";"Céu Claro";"Simples";"Reta";"Não";2;0;1;0;1;0;1;2;-27,74321;-49,82416;"SR-SC";"DEL8/5";"UOP01/SC"
263932;2020-01-19;"domingo";"21:10:00";"MG";40;221;"JOAO PINHEIRO";"Objeto estático sobre o leito carroçável";"Saída de leito carroçável";"Com Vítimas Feridas";"Plena Noite";"Crescente";"Nublado";"Simples";"Reta";"Não";7;0;2;0;5;0;2;1;-17,96603;-45,64115;"SR-MG";"DEL4/14";"UOP02/MG"
263933;2020-01-20;"segunda-feira";"00:20:00";"SP";116;105,2;"TAUBATE";"Defeito Mecânico no Veículo";"Queda de ocupante de veículo";"Com Vítimas Feridas";"Plena Noite";"Crescente";"Nublado";"Múltipla";"Não Informado";"Sim";1;0;0;1;0;0;1;1;-23,00758;-45,51467;"SR-SP";"DEL6";"UOP01/SP"
263934;2020-01-20;"segunda-feira";"01:00:00";"RS";116;302;"GUAIBA";"Ingestão de Álcool";"Colisão transversal";"Com Vítimas Feridas";"Plena Noite";"Crescente";"Céu Claro";"Dupla";"Reta";"Não";4;0;1;0;3;0;1;2;-30,1397;-51,35943;"SR-RS";"DEL9/2";"UOP01/RS"
263935;2020-01-20;"segunda-feira";"00:30:00";"MT";163;840,1;"SINOP";"Ingestão de Álcool";"Capotamento";"Sem Vítimas";"Plena Noite";"Crescente";"Céu Claro";"Simples";"Reta";"Sim";1;0;0;0;1;0;0;1;-11,82327;-55,48556;"SR-MT";"DEL2/6";"UOP02/MT"
263936;2020-01-19;"domingo";"22:00:00";"BA";418;66;"NOVA VICOSA";"Falta de Atenção à Condução";"Colisão frontal";"Com Vítimas Fatais";"Plena Noite";"Crescente";"Céu Claro";"Simples";"Reta";"Não";5;2;1;2;0;0;3;2;-17,81344;-39,64715;"SR-BA";"DEL10/9";"UOP03/BA"
263937;2020-01-20;"segunda-feira";"02:00:00";"MG";381;345;"JOAO MONLEVADE";"Velocidade Incompatível";"Capotamento";"Com Vítimas Feridas";"Plena Noite";"Decrescente";"Chuva";"Simples";"Curva";"Não";3;0;1;0;2;0;1;1;-19,83813;-43,09478;"SR-MG";"DEL4/3";"UOP01/MG"
263938;2020-01-20;"segunda-feira";"01:30:00";"MG";381;712,6;"CARMO DA CACHOEIRA";"Velocidade Incompatível";"Tombamento";"Com Vítimas Feridas";"Plena Noite";"Crescente";"Chuva";"Dupla";"Curva";"Não";1;0;1;0;0;0;1;1;-21,39693;-45,20682;"SR-MG";"DEL4/4";"UOP02/MG"
263939;2020-01-20;"segunda-feira";"03:00:00";"PI";316;9,6;"TERESINA";"Carga excessiva e/ou mal acondicionada";"Tombamento";"Sem Vítimas";"Plena Noite";"Decrescente";"Nublado";"Múltipla";"Reta";"Sim";1;0;0;0;1;0;0;1;-5,173817;-42,76625;"SR-PI";"DEL17/1";"UOP02/PI"
263940;2020-01-20;"segunda-feira";"02:40:00";"BA";116;347;"SERRINHA";"Desobediência às normas de trânsito pelo condutor";"Colisão transversal";"Com Vítimas Feridas";"Plena Noite";"Crescente";"Céu Claro";"Simples";"Reta";"Não";2;0;1;0;1;0;1;2;-11,56452;-38,98882;"SR-BA";"DEL10/2";"UOP01/BA"
263941;2020-01-20;"segunda-feira";"01:50:00";"SC";116;31,4;"ITAIOPOLIS";"Velocidade Incompatível";"Saída de leito carroçável";"Com Vítimas Feridas";"Plena Noite";"Crescente";"Céu Claro";"Simples";"Reta";"Não";1;0;0;1;0;0;1;1;-26,31709;-49,97099;"SR-SC";"DEL8/6";"UOP01/SC"
263942;2020-01-19;"domingo";"20:45:00";"RS";472;558;"URUGUAIANA";"Ingestão de Álcool";"Capotamento";"Com Vítimas Feridas";"Plena Noite";"Crescente";"Céu Claro";"Simples";"Reta";"Não";2;0;1;0;1;0;1;1;-29,64075;-56,8844;"SR-RS";"DEL9/13";"UOP01/RS"
263943;2020-01-20;"segunda-feira";"03:10:00";"RJ";116;127;"MAGE";"Condutor Dormindo";"Colisão com objeto estático";"Com Vítimas Feridas";"Plena Noite";"Decrescente";"Nublado";"Simples";"Interseção de vias";"Sim";1;0;1;0;0;0;1;1;-22,66137;-43,09296;"SR-RJ";"DEL5/4";"UOP02/RJ"
263945;2020-01-20;"segunda-feira";"00:30:00";"PE";110;222,6;"PETROLANDIA";"Ingestão de Álcool";"Colisão frontal";"Com Vítimas Feridas";"Plena Noite";"Crescente";"Nublado";"Simples";"Reta";"Não";3;0;2;1;0;0;3;2;-9,015311;-38,23094;"SR-BA";"UOP01";"DEL07"
263946;2020-01-20;"segunda-feira";"03:15:00";"MG";50;54;"ARAGUARI";"Defeito Mecânico no Veículo";"Queda de ocupante de veículo";"Com Vítimas Feridas";"Plena Noite";"Crescente";"Nublado";"Dupla";"Curva";"Não";2;0;1;0;1;0;1;1;-18,76664;-48,24409;"SR-MG";"DEL4/15";"UOP02/MG"
263947;2020-01-20;"segunda-feira";"03:30:00";"MG";381;613,3;"OLIVEIRA";"Falta de Atenção à Condução";"Tombamento";"Sem Vítimas";"Plena Noite";"Decrescente";"Céu Claro";"Dupla";"Curva";"Não";1;0;0;0;1;0;0;1;-20,72759;-44,77177;"SR-MG";"DEL4/4";"UOP01/MG"
263948;2020-01-20;"segunda-feira";"02:10:00";"SC";470;242,5;"CURITIBANOS";"Ingestão de Álcool";"Saída de leito carroçável";"Com Vítimas Feridas";"Plena Noite";"Crescente";"Céu Claro";"Simples";"Rotatória";"Não";5;0;2;0;3;0;2;1;-27,31436;-50,51336;"SR-SC";"DEL8/5";"UOP03/SC"
263949;2020-01-20;"segunda-feira";"01:00:00";"MA";316;156;"NOVA OLINDA DO MARANHAO";"Defeito na Via";"Saída de leito carroçável";"Com Vítimas Feridas";"Plena Noite";"Crescente";"Nublado";"Simples";"Reta";"Não";5;0;3;1;1;0;4;1;-2,904285;-45,67808;"SR-MA";"DEL18/2";"UOP02/MA"
263950;2020-01-20;"segunda-feira";"05:05:00";"ES";262;6,2;"CARIACICA";"Falta de Atenção do Pedestre";"Atropelamento de Pedestre";"Com Vítimas Feridas";"Pleno dia";"Decrescente";"Céu Claro";"Múltipla";"Reta";"Sim";2;0;0;1;1;0;1;1;-20,34007;-40,39451;"SR-ES";"DEL12/1";"UOP01/ES"
263951;2020-01-20;"segunda-feira";"04:30:00";"PB";230;164,4;"CAMPINA GRANDE";"Desobediência às normas de trânsito pelo condutor";"Colisão traseira";"Sem Vítimas";"Amanhecer";"Decrescente";"Céu Claro";"Simples";"Não Informado";"Sim";2;0;0;0;1;1;0;2;-7,2128;-35,9499;"SR-PB";"DEL14/2";"UOP01/PB"
263952;2020-01-19;"domingo";"22:30:00";"BA";324;408,3;"NOVA FATIMA";"Falta de Atenção à Condução";"Colisão frontal";"Com Vítimas Fatais";"Plena Noite";"Crescente";"Céu Claro";"Simples";"Interseção de vias";"Não";2;1;0;0;1;0;0;2;-11,63059;-39,60527;"SR-BA";"DEL10/4";"UOP02/BA"
263953;2020-01-20;"segunda-feira";"06:10:00";"RS";290;66,5;"GRAVATAI";"Falta de Atenção do Pedestre";"Atropelamento de Pedestre";"Com Vítimas Feridas";"Pleno dia";"Decrescente";"Céu Claro";"Múltipla";"Reta";"Não";4;0;0;1;3;0;1;1;-29,94273;-50,92097;"SR-RS";"DEL9/3";"UOP01/RS"
263954;2020-01-20;"segunda-feira";"04:20:00";"SC";282;347;"CAMPOS NOVOS";"Condutor Dormindo";"Saída de leito carroçável";"Com Vítimas Feridas";"Amanhecer";"Crescente";"Céu Claro";"Simples";"Reta";"Não";1;0;0;1;0;0;1;1;-27,36521;-51,26392;"SR-SC";"DEL7";"UOP08/SC"
263955;2020-01-20;"segunda-feira";"05:50:00";"PB";101;82;"BAYEUX";"Defeito Mecânico no Veículo";"Colisão com objeto estático";"Com Vítimas Feridas";"Pleno dia";"Decrescente";"Céu Claro";"Dupla";"Viaduto";"Sim";1;0;1;0;0;0;1;1;-7,12911;-34,93714;"SR-PB";"DEL14/1";"UOP01/PB"
263956;2020-01-20;"segunda-feira";"05:45:00";"PB";230;148;"CAMPINA GRANDE";"Desobediência às normas de trânsito pelo condutor";"Colisão transversal";"Sem Vítimas";"Amanhecer";"Decrescente";"Céu Claro";"Dupla";"Rotatória";"Sim";2;0;0;0;2;0;0;2;-7,238;-35,8656;"SR-PB";"DEL14/2";"UOP01/PB"
263957;2020-01-20;"segunda-feira";"07:00:00";"GO";153;504;"APARECIDA DE GOIANIA";"Pista Escorregadia";"Queda de ocupante de veículo";"Com Vítimas Fatais";"Pleno dia";"Crescente";"Chuva";"Dupla";"Reta";"Sim";2;1;0;0;0;1;0;2;-16,7451;-49,2408;"SR-GO";"DEL1/1";"UOP01/GO"
263958;2020-01-20;"segunda-feira";"03:50:00";"GO";153;354;"JARAGUA";"Animais na Pista";"Atropelamento de Animal";"Com Vítimas Feridas";"Plena Noite";"Decrescente";"Céu Claro";"Simples";"Desvio Temporário";"Não";5;0;4;0;1;0;4;2;-15,69912;-49,33447;"SR-GO";"DEL1/2";"UOP02/GO"
263959;2020-01-19;"domingo";"17:35:00";"MG";381;507;"SAO JOAQUIM DE BICAS";"Velocidade Incompatível";"Colisão com objeto estático";"Sem Vítimas";"Pleno dia";"Crescente";"Sol";"Múltipla";"Curva";"Não";1;0;0;0;0;1;0;1;-20,05643;-44,28663;"SR-MG";"DEL4/1";"UOP03/MG"
263960;2020-01-20;"segunda-feira";"07:15:00";"BA";116;430;"FEIRA DE SANTANA";"Desobediência às normas de trânsito pelo condutor";"Colisão traseira";"Com Vítimas Feridas";"Pleno dia";"Decrescente";"Sol";"Dupla";"Curva";"Sim";1;0;0;1;0;0;1;1;-12,28317;-38,99866;"SR-BA";"DEL10/2";"UOP01/BA"
263961;2020-01-20;"segunda-feira";"03:40:00";"MT";364;261;"JACIARA";"Ingestão de álcool e/ou substâncias psicoativas pelo pedestre";"Tombamento";"Com Vítimas Feridas";"Plena Noite";"Decrescente";"Céu Claro";"Simples";"Não Informado";"Não";1;0;1;0;0;0;1;1;-16,03147;-54,89456;"SR-MT";"DEL2/1";"UOP02/MT"
263962;2020-01-08;"quarta-feira";"18:30:00";"SC";101;207,1;"SAO JOSE";"Falta de Atenção à Condução";"Colisão lateral";"Com Vítimas Feridas";"Anoitecer";"Decrescente";"Nublado";"Dupla";"Curva";"Sim";2;0;1;0;1;0;1;2;-27,60001;-48,62265;"SR-SC";"DEL8/1";"UOP01/SC"
263963;2020-01-20;"segunda-feira";"07:10:00";"RS";285;325,1;"PASSO FUNDO";"Condutor Dormindo";"Saída de leito carroçável";"Com Vítimas Feridas";"Pleno dia";"Crescente";"Sol";"Simples";"Curva";"Não";1;0;1;0;0;0;1;1;-28,26856;-52,66425;"SR-RS";"DEL08";"UOP03/RS"
263964;2020-01-20;"segunda-feira";"06:40:00";"CE";222;3;"FORTALEZA";"Não guardar distância de segurança";"Colisão lateral";"Com Vítimas Feridas";"Pleno dia";"Crescente";"Céu Claro";"Múltipla";"Reta";"Sim";3;0;1;0;2;0;1;3;-3,740377;-38,59569;"SR-CE";"DEL16/1";"UOP01/CE"
263965;2020-01-20;"segunda-feira";"07:40:00";"ES";101;292,5;"CARIACICA";"Falta de Atenção do Pedestre";"Atropelamento de Pedestre";"Com Vítimas Feridas";"Pleno dia";"Decrescente";"Sol";"Dupla";"Curva";"Sim";2;0;0;1;1;0;1;1;-20,30651;-40,39489;"SR-ES";"DEL12/1";"UOP01/ES"
263966;2020-01-20;"segunda-feira";"07:50:00";"SC";470;67;"INDAIAL";"Desobediência às normas de trânsito pelo condutor";"Colisão lateral";"Com Vítimas Feridas";"Pleno dia";"Crescente";"Nublado";"Simples";"Reta";"Sim";2;0;1;0;1;0;1;2;-26,87216;-49,23127;"SR-SC";"DEL8/4";"UOP01/SC"
263967;2020-01-20;"segunda-feira";"07:30:00";"SC";101;197,5;"BIGUACU";"Falta de Atenção à Condução";"Colisão traseira";"Com Vítimas Feridas";"Pleno dia";"Crescente";"Céu Claro";"Dupla";"Desvio Temporário";"Sim";2;0;1;0;1;0;1;2;-27,51844;-48,63848;"SR-SC";"DEL8/1";"UOP01/SC"
263968;2020-01-20;"segunda-feira";"07:10:00";"ES";101;296,4;"CARIACICA";"Falta de Atenção à Condução";"Colisão lateral";"Com Vítimas Feridas";"Pleno dia";"Decrescente";"Nublado";"Dupla";"Viaduto";"Sim";2;0;1;0;1;0;1;2;-20,3403;-40,40406;"SR-ES";"DEL12/1";"UOP01/ES"
263970;2020-01-20;"segunda-feira";"08:00:00";"PE";101;112,8;"IPOJUCA";"Velocidade Incompatível";"Capotamento";"Com Vítimas Feridas";"Pleno dia";"Decrescente";"Céu Claro";"Dupla";"Curva";"Não";1;0;0;1;0;0;1;1;-8,327892;-35,11924;"SR-PE";"DEL11/1";"UOP03/PE"
263971;2020-01-20;"segunda-feira";"07:30:00";"BA";324;612;"SIMOES FILHO";"Falta de Atenção à Condução";"Colisão traseira";"Com Vítimas Feridas";"Pleno dia";"Crescente";"Céu Claro";"Dupla";"Reta";"Sim";6;0;2;0;4;0;2;4;-12,84665;-38,41742;"SR-BA";"DEL10/1";"UOP01/BA"
263972;2020-01-20;"segunda-feira";"07:55:00";"PR";376;455;"TIBAGI";"Falta de Atenção à Condução";"Capotamento";"Com Vítimas Feridas";"Pleno dia";"Crescente";"Nublado";"Dupla";"Curva";"Não";3;0;2;1;0;0;3;1;-24,97197;-50,38259;"SR-PR";"DEL7/3";"UOP05/PR"
263973;2020-01-20;"segunda-feira";"08:20:00";"SC";280;6,3;"SAO FRANCISCO DO SUL";"Falta de Atenção à Condução";"Colisão transversal";"Com Vítimas Feridas";"Pleno dia";"Decrescente";"Sol";"Simples";"Reta";"Não";2;0;1;0;1;0;1;2;-26,26569;-48,63362;"SR-SC";"DEL8/3";"UOP03/SC"
263974;2020-01-20;"segunda-feira";"07:10:00";"SC";470;164,1;"POUSO REDONDO";"Defeito Mecânico no Veículo";"Incêndio";"Sem Vítimas";"Pleno dia";"Crescente";"Nevoeiro/Neblina";"Simples";"Reta";"Não";1;0;0;0;1;0;0;1;-27,27865;-49,83605;"SR-SC";"DEL8/4";"UOP02/SC"
263975;2020-01-20;"segunda-feira";"07:45:00";"SC";480;130;"CHAPECO";"Desobediência às normas de trânsito pelo condutor";"Colisão traseira";"Com Vítimas Feridas";"Pleno dia";"Crescente";"Sol";"Dupla";"Reta";"Sim";3;0;2;0;1;0;2;2;-27,05534;-52,63652;"SR-SC";"DEL7";"UOP01/SC"
263977;2020-01-20;"segunda-feira";"07:55:00";"SC";470;57,5;"BLUMENAU";"Desobediência às normas de trânsito pelo condutor";"Colisão transversal";"Com Vítimas Feridas";"Pleno dia";"Decrescente";"Nublado";"Simples";"Interseção de vias";"Sim";2;0;1;0;1;0;1;2;-26,88259;-49,14101;"SR-SC";"DEL8/4";"UOP01/SC"
263978;2020-01-20;"segunda-feira";"07:10:00";"PE";101;75;"RECIFE";"Agressão Externa";"Incêndio";"Sem Vítimas";"Pleno dia";"Crescente";"Nublado";"Dupla";"Reta";"Sim";1;0;0;0;1;0;0;1;-8,109735;-34,9466;"SR-PE";"DEL11/1";"UOP01/PE"
263979;2020-01-20;"segunda-feira";"08:20:00";"PR";467;82,4;"CASCAVEL";"Velocidade Incompatível";"Saída de leito carroçável";"Com Vítimas Feridas";"Pleno dia";"Decrescente";"Céu Claro";"Dupla";"Curva";"Não";2;0;2;0;0;0;2;1;-24,8057;-53,6718;"SR-PR";"DEL7/4";"UOP01/PR"
263980;2020-01-20;"segunda-feira";"08:30:00";"SC";101;119;"ITAJAI";"Não guardar distância de segurança";"Colisão lateral";"Com Vítimas Feridas";"Pleno dia";"Decrescente";"Céu Claro";"Dupla";"Reta";"Não";2;0;1;0;1;0;1;2;-26,90432;-48,71555;"SR-SC";"DEL8/4";"UOP04/SC"
263983;2020-01-20;"segunda-feira";"08:30:00";"PR";476;135;"CURITIBA";"Não guardar distância de segurança";"Colisão lateral";"Com Vítimas Feridas";"Pleno dia";"Decrescente";"Céu Claro";"Dupla";"Curva";"Sim";2;0;1;0;1;0;1;2;-25,48392;-49,26553;"SR-PR";"DEL7/1";"UOP03/PR"
263984;2020-01-20;"segunda-feira";"05:30:00";"RN";226;383;"SERRINHA DOS PINTOS";"Condutor Dormindo";"Colisão com objeto estático";"Com Vítimas Fatais";"Amanhecer";"Crescente";"Céu Claro";"Simples";"Reta";"Não";1;1;0;0;0;0;0;1;-6,191083;-37,98911;"SR-RN";"DEL15/4";"UOP02/RN"
263985;2020-01-20;"segunda-feira";"09:00:00";"PR";369;152,7;"LONDRINA";"Defeito Mecânico no Veículo";"Colisão traseira";"Sem Vítimas";"Pleno dia";"Decrescente";"Sol";"Dupla";"Não Informado";"Sim";3;0;0;0;3;0;0;2;-23,29375;-51,18754;"SR-PR";"DEL7/7";"UOP01/PR"
263986;2020-01-20;"segunda-feira";"07:00:00";"BA";116;422,3;"FEIRA DE SANTANA";"Não guardar distância de segurança";"Colisão traseira";"Com Vítimas Feridas";"Pleno dia";"Decrescente";"Sol";"Dupla";"Rotatória";"Sim";2;0;1;0;1;0;1;2;-12,22065;-38,96561;"SR-BA";"DEL10/2";"UOP01/BA"
263987;2020-01-20;"segunda-feira";"09:00:00";"RS";290;95,1;"PORTO ALEGRE";"Não guardar distância de segurança";"Tombamento";"Com Vítimas Feridas";"Pleno dia";"Crescente";"Céu Claro";"Múltipla";"Reta";"Sim";2;0;1;0;1;0;1;2;-29,98408;-51,20236;"SR-RS";"DEL9/1";"UOP01/RS"
263989;2020-01-20;"segunda-feira";"08:35:00";"SP";116;228,8;"SAO PAULO";"Desobediência às normas de trânsito pelo condutor";"Colisão traseira";"Com Vítimas Feridas";"Pleno dia";"Crescente";"Nublado";"Múltipla";"Reta";"Sim";2;0;1;0;1;0;1;2;-23,50343;-46,56639;"SR-SP";"DEL6/1";"UOP01/SP"
263990;2020-01-20;"segunda-feira";"09:00:00";"MG";116;782,5;"LEOPOLDINA";"Falta de Atenção à Condução";"Colisão frontal";"Com Vítimas Feridas";"Pleno dia";"Decrescente";"Nublado";"Simples";"Curva";"Não";2;0;1;0;1;0;1;2;-21,62704;-42,69997;"SR-MG";"DEL4/7";"UOP01/MG"
263991;2020-01-20;"segunda-feira";"09:25:00";"SP";101;49;"UBATUBA";"Falta de Atenção à Condução";"Colisão transversal";"Com Vítimas Feridas";"Pleno dia";"Crescente";"Nublado";"Simples";"Reta";"Sim";2;0;1;0;1;0;1;2;-23,44661;-45,08124;"SR-SP";"DEL6";"UOP03/SP"
263992;2020-01-20;"segunda-feira";"08:50:00";"MG";116;276,5;"TEOFILO OTONI";"Falta de Atenção à Condução";"Tombamento";"Com Vítimas Feridas";"Pleno dia";"Decrescente";"Céu Claro";"Dupla";"Reta";"Sim";2;0;0;1;0;1;1;1;-17,85106;-41,51454;"SR-MG";"DEL4/11";"UOP01/MG"
263993;2020-01-18;"sábado";"20:30:00";"PI";316;297,2;"PICOS";"Falta de Atenção à Condução";"Saída de leito carroçável";"Com Vítimas Fatais";"Plena Noite";"Decrescente";"Chuva";"Simples";"Curva";"Não";4;3;0;1;0;0;1;1;-7,021985;-41,5716;"SR-PI";"DEL17/4";"UOP01/PI"
263995;2020-01-20;"segunda-feira";"08:30:00";"RO";364;340;"JI-PARANA";"Falta de Atenção à Condução";"Colisão traseira";"Com Vítimas Feridas";"Pleno dia";"Decrescente";"Céu Claro";"Simples";"Reta";"Sim";2;0;1;0;1;0;1;2;-10,8988;-61,93046;"SR-RO";"DEL21/2";"UOP01/RO"
263996;2020-01-20;"segunda-feira";"07:30:00";"MG";40;584;"ITABIRITO";"Falta de Atenção à Condução";"Saída de leito carroçável";"Com Vítimas Feridas";"Pleno dia";"Decrescente";"Chuva";"Simples";"Reta";"Não";1;0;1;0;0;0;1;1;-20,32544;-43,92761;"SR-MG";"DEL4/1";"UOP02/MG"
263997;2020-01-20;"segunda-feira";"07:00:00";"RO";364;426;"JARU";"Desobediência às normas de trânsito pelo condutor";"Colisão frontal";"Com Vítimas Feridas";"Pleno dia";"Crescente";"Céu Claro";"Simples";"Reta";"Sim";2;0;2;0;0;0;2;2;-10,43244;-62,47958;"SR-RO";"DEL21/3";"UOP02/RO"
263999;2020-01-13;"segunda-feira";"13:15:00";"PA";222;123;"RONDON DO PARA";"Desobediência às normas de trânsito pelo condutor";"Colisão frontal";"Com Vítimas Feridas";"Pleno dia";"Crescente";"Céu Claro";"Simples";"Curva";"Não";10;0;3;7;0;0;10;2;-4,84679;-48,20327;"SR-PA";"DEL19/2";"UOP03/PA"
264000;2020-01-20;"segunda-feira";"09:45:00";"MG";153;10;"ARAPORA";"Falta de Atenção à Condução";"Saída de leito carroçável";"Com Vítimas Feridas";"Pleno dia";"Decrescente";"Sol";"Dupla";"Reta";"Não";2;0;2;0;0;0;2;1;-18,50603;-49,18897;"SR-MG";"DEL4/15";"UOP03/MG"
264001;2020-01-20;"segunda-feira";"07:30:00";"SC";282;345,1;"CAMPOS NOVOS";"Ultrapassagem Indevida";"Colisão frontal";"Com Vítimas Feridas";"Pleno dia";"Crescente";"Céu Claro";"Simples";"Reta";"Não";4;0;4;0;0;0;4;2;-27,37462;-51,24704;"SR-SC";"DEL7";"UOP08/SC"
264003;2020-01-20;"segunda-feira";"10:30:00";"CE";222;22;"CAUCAIA";"Defeito Mecânico no Veículo";"Colisão frontal";"Sem Vítimas";"Pleno dia";"Crescente";"Céu Claro";"Simples";"Reta";"Não";2;0;0;0;2;0;0;2;-3,733423;-38,75084;"SR-CE";"DEL16/1";"UOP01/CE"
264006;2020-01-20;"segunda-feira";"06:56:00";"MG";262;108,6;"SANTO ANTONIO DO GRAMA";"Pista Escorregadia";"Colisão frontal";"Com Vítimas Feridas";"Pleno dia";"Crescente";"Chuva";"Simples";"Curva";"Não";2;0;0;1;1;0;1;2;-20,26874;-42,56922;"SR-MG";"DEL4/3";"UOP03/MG"
264007;2020-01-20;"segunda-feira";"10:40:00";"PR";369;186,7;"ARAPONGAS";"Desobediência às normas de trânsito pelo condutor";"Tombamento";"Com Vítimas Feridas";"Pleno dia";"Crescente";"Céu Claro";"Simples";"Reta";"Sim";2;0;1;1;0;0;2;1;-23,42273;-51,42413;"SR-PR";"DEL7/7";"UOP03/PR"
264008;2020-01-20;"segunda-feira";"10:30:00";"PB";101;84;"BAYEUX";"Não guardar distância de segurança";"Engavetamento";"Com Vítimas Feridas";"Pleno dia";"Crescente";"Céu Claro";"Dupla";"Reta";"Sim";4;0;0;1;3;0;1;3;-7,139579;-34,92313;"SR-PB";"DEL14/1";"UOP01/PB"
264009;2020-01-20;"segunda-feira";"03:30:00";"PE";232;8;"RECIFE";"Velocidade Incompatível";"Colisão com objeto estático";"Sem Vítimas";"Plena Noite";"Decrescente";"Nublado";"Múltipla";"Reta";"Não";1;0;0;0;0;1;0;1;-8,075837;-34,97016;"SR-PE";"DEL11/1";"UOP01/PE"
264022;2020-01-20;"segunda-feira";"10:40:00";"CE";116;430;"IPAUMIRIM";"Desobediência às normas de trânsito pelo condutor";"Colisão transversal";"Com Vítimas Feridas";"Pleno dia";"Crescente";"Sol";"Simples";"Reta";"Não";4;0;0;4;0;0;4;2;-6,848714;-38,73779;"SR-CE";"DEL16/5";"UOP03/CE"