"id";"data_inversa";"dia_semana";"horario";"uf";"br";"km";"municipio";"causa_acidente";"tipo_acidente";"classificacao_acidente";"fase_dia";"sentido_via";"condicao_metereologica";"tipo_pista";"tracado_via";"uso_solo";"pessoas";"mortos";"feridos_leves";"feridos_graves";"ilesos";"ignorados";"feridos";"veiculos";"latitude";"longitude";"regional";"delegacia";"uop"
264297;2020-01-21;"terça-feira";"15:10:00";"MG";40;130,7;"JOAO PINHEIRO";"Avarias e/ou desgaste excessivo no pneu";"Tombamento";"Com Vítimas Feridas";"Pleno dia";"Decrescente";"Céu Claro";"Simples";"Reta";"Não";2;0;1;0;0;1;1;1;-17,70612;-46,28554;"SR-MG";"DEL4/14";"UOP01/MG"
264298;2020-01-09;"quinta-feira";"08:10:00";"MG";381;483,3;"BETIM";"Falta de Atenção à Condução";"Colisão lateral";"Com Vítimas Feridas";"Pleno dia";"Crescente";"Céu Claro";"Múltipla";"Não Informado";"Sim";2;0;1;0;1;0;1;2;-19,95594;-44,10722;"SR-MG";"DEL4/1";"UOP03/MG"
264299;2020-01-21;"terça-feira";"17:00:00";"RJ";101;302;"SAO GONCALO";"Não guardar distância de segurança";"Colisão traseira";"Com Vítimas Feridas";"Pleno dia";"Decrescente";"Céu Claro";"Dupla";"Reta";"Não";3;0;1;0;1;1;1;2;-22,78069;-42,96706;"SR-RJ";"DEL5/2";"UOP01/RJ"
264301;2020-01-21;"terça-feira";"18:00:00";"RS";290;64;"GRAVATAI";"Velocidade Incompatível";"Saída de leito carroçável";"Com Vítimas Feridas";"Plena Noite";"Crescente";"Chuva";"Múltipla";"Reta";"Não";4;0;1;0;3;0;1;1;-29,94045;-50,89553;"SR-RS";"DEL9/3";"UOP01/RS"
264302;2020-01-21;"terça-feira";"19:35:00";"RJ";40;109;"DUQUE DE CAXIAS";"Falta de Atenção à Condução";"Engavetamento";"Com Vítimas Feridas";"Plena Noite";"Decrescente";"Céu Claro";"Múltipla";"Reta";"Sim";4;0;1;0;3;0;1;3;-22,67375;-43,28638;"SR-RJ";"DEL5/1";"UOP01/RJ"
264304;2020-01-21;"terça-feira";"20:00:00";"RS";116;300,7;"GUAIBA";"Falta de Atenção do Pedestre";"Atropelamento de Pedestre";"Com Vítimas Feridas";"Plena Noite";"Crescente";"Chuva";"Simples";"Reta";"Sim";2;0;0;1;1;0;1;1;-30,12369;-51,34923;"SR-RS";"DEL9/2";"UOP01/RS"
264305;2020-01-21;"terça-feira";"18:15:00";"MT";163;834,5;"SINOP";"Falta de Atenção à Condução";"Colisão traseira";"Com Vítimas Feridas";"Plena Noite";"Decrescente";"Céu Claro";"Dupla";"Retorno Regulamentado";"Sim";3;0;2;0;1;0;2;2;-11,99586;-55,51709;"SR-MT";"DEL2/6";"UOP01/MT"
264306;2020-01-21;"terça-feira";"19:40:00";"PI";343;347;"TERESINA";"Objeto estático sobre o leito carroçável";"Colisão com objeto estático";"Com Vítimas Feridas";"Plena Noite";"Crescente";"Céu Claro";"Dupla";"Reta";"Sim";4;0;1;0;3;0;1;3;-5,114822;-42,77835;"SR-PI";"DEL17/1";"UOP01/PI"
264307;2020-01-21;"terça-feira";"19:30:00";"PE";101;48,8;"ABREU E LIMA";"Falta de Atenção do Pedestre";"Atropelamento de Pedestre";"Sem Vítimas";"Plena Noite";"Decrescente";"Céu Claro";"Múltipla";"Curva";"Sim";2;0;0;0;1;1;0;1;-7,891747;-34,90335;"SR-PE";"DEL11/1";"UOP02/PE"
264308;2020-01-21;"terça-feira";"20:20:00";"SC";101;348,2;"JAGUARUNA";"Falta de Atenção à Condução";"Colisão frontal";"Com Vítimas Feridas";"Plena Noite";"Crescente";"Nublado";"Múltipla";"Reta";"Sim";2;0;0;1;1;0;1;2;-28,57318;-49,05292;"SR-SC";"DEL8/2";"UOP01/SC"
264309;2020-01-21;"terça-feira";"19:20:00";"SC";280;140,3;"RIO NEGRINHO";"Falta de Atenção à Condução";"Atropelamento de Pedestre";"Com Vítimas Feridas";"Plena Noite";"Crescente";"Nublado";"Simples";"Reta";"Não";2;0;1;0;1;0;1;1;-26,25385;-49,61267;"SR-SC";"DEL8/6";"UOP03/SC"
264310;2020-01-21;"terça-feira";"20:45:00";"CE";222;70,6;"SAO GONCALO DO AMARANTE";"Animais na Pista";"Atropelamento de Animal";"Com Vítimas Feridas";"Plena Noite";"Crescente";"Céu Claro";"Simples";"Reta";"Não";1;0;0;1;0;0;1;1;-3,670583;-39,1702;"SR-CE";"DEL16/1";"UOP03/CE"
264311;2020-01-21;"terça-feira";"20:50:00";"MS";463;3,5;"DOURADOS";"Desobediência às normas de trânsito pelo condutor";"Colisão traseira";"Com Vítimas Feridas";"Plena Noite";"Decrescente";"Céu Claro";"Simples";"Reta";"Não";2;0;0;1;1;0;1;2;-22,25934;-54,8378;"SR-MS";"DEL3/4";"UOP01/MS"
264312;2020-01-21;"terça-feira";"21:15:00";"MG";381;815,4;"CAREACU";"Falta de Atenção à Condução";"Saída de leito carroçável";"Com Vítimas Fatais";"Plena Noite";"Decrescente";"Nublado";"Dupla";"Reta";"Não";3;1;2;0;0;0;2;1;-22,08771;-45,70503;"SR-MG";"DEL09";"UOP02/MG"
264313;2020-01-21;"terça-feira";"16:11:00";"RJ";101;309;"SAO GONCALO";"Agressão Externa";"Queda de ocupante de veículo";"Com Vítimas Feridas";"Pleno dia";"Decrescente";"Nublado";"Simples";"Desvio Temporário";"Não";1;0;1;0;0;0;1;1;-22,79499;-43,03446;"SR-RJ";"DEL5/2";"UOP01/RJ"
264314;2020-01-21;"terça-feira";"21:20:00";"RN";405;0,3;"MOSSORO";"Desobediência às normas de trânsito pelo condutor";"Colisão transversal";"Com Vítimas Feridas";"Plena Noite";"Crescente";"Céu Claro";"Simples";"Reta";"Sim";3;0;2;0;1;0;2;2;-5,191467;-37,35189;"SR-RN";"DEL15/4";"UOP02/RN"
264315;2020-01-21;"terça-feira";"19:30:00";"MT";70;289;"PRIMAVERA DO LESTE";"Falta de Atenção à Condução";"Colisão transversal";"Com Vítimas Feridas";"Plena Noite";"Decrescente";"Céu Claro";"Simples";"Rotatória";"Não";2;0;1;0;1;0;1;2;-15,5784;-54,394;"SR-MT";"DEL2/5";"UOP01/MT"
264316;2020-01-21;"terça-feira";"22:20:00";"PB";230;155,9;"CAMPINA GRANDE";"Falta de Atenção à Condução";"Colisão frontal";"Sem Vítimas";"Plena Noite";"Crescente";"Nublado";"Simples";"Reta";"Sim";3;0;0;0;3;0;0;3;-7,2693;-35,9138;"SR-PB";"DEL14/2";"UOP01/PB"
264318;2020-01-21;"terça-feira";"22:00:00";"PR";277;590,1;"CASCAVEL";"Desobediência às normas de trânsito pelo pedestre";"Atropelamento de Pedestre";"Com Vítimas Feridas";"Plena Noite";"Decrescente";"Céu Claro";"Simples";"Interseção de vias";"Sim";2;0;1;0;0;1;1;1;-24,98121;-53,45592;"SR-PR";"DEL7/4";"UOP01/PR"
264319;2020-01-21;"terça-feira";"22:35:00";"PR";476;140,5;"CURITIBA";"Falta de Atenção à Condução";"Colisão transversal";"Com Vítimas Feridas";"Plena Noite";"Crescente";"Nublado";"Dupla";"Reta";"Não";2;0;1;0;0;1;1;2;-25,52069;-49,29412;"SR-PR";"DEL7/1";"UOP03/PR"
264320;2020-01-21;"terça-feira";"18:21:00";"RJ";101;319;"SAO GONCALO";"Falta de Atenção à Condução";"Colisão traseira";"Com Vítimas Feridas";"Anoitecer";"Decrescente";"Nublado";"Dupla";"Reta";"Não";3;0;1;0;2;0;1;2;-22,85412;-43,1018;"SR-RJ";"UOP01";"DEL02"
264321;2020-01-21;"terça-feira";"19:30:00";"RS";290;100;"PORTO ALEGRE";"Defeito Mecânico no Veículo";"Incêndio";"Sem Vítimas";"Plena Noite";"Crescente";"Nublado";"Dupla";"Reta";"Não";1;0;0;0;1;0;0;1;-29,98865;-51,23655;"SR-RS";"DEL9/1";"UOP01/RS"
264322;2020-01-21;"terça-feira";"19:39:00";"MT";158;796,3;"BARRA DO GARCAS";"Fenômenos da Natureza";"Atropelamento de Pedestre";"Com Vítimas Feridas";"Plena Noite";"Crescente";"Chuva";"Simples";"Reta";"Sim";2;0;0;2;0;0;2;1;-15,83321;-52,30625;"SR-MT";"DEL2/8";"UOP01/MT"
264323;2020-01-21;"terça-feira";"22:00:00";"SC";163;69,2;"SAO MIGUEL DO OESTE";"Desobediência às normas de trânsito pelo condutor";"Atropelamento de Pedestre";"Com Vítimas Feridas";"Plena Noite";"Crescente";"Nublado";"Dupla";"Reta";"Sim";2;0;1;0;0;1;1;1;-26,74133;-53,50121;"SR-SC";"DEL7";"UOP03/SC"
264325;2020-01-21;"terça-feira";"22:50:00";"RJ";40;108;"DUQUE DE CAXIAS";"Defeito Mecânico no Veículo";"Colisão com objeto estático";"Com Vítimas Feridas";"Plena Noite";"Decrescente";"Nublado";"Dupla";"Reta";"Sim";2;0;1;0;1;0;1;1;-22,66477;-43,28495;"SR-RJ";"DEL5/1";"UOP01/RJ"
264326;2020-01-21;"terça-feira";"18:55:00";"RO";364;507;"ARIQUEMES";"Ultrapassagem Indevida";"Colisão frontal";"Sem Vítimas";"Plena Noite";"Crescente";"Ignorado";"Simples";"Reta";"Não";4;0;0;0;2;2;0;2;-9,983479;-63,02364;"SR-RO";"DEL21/3";"UOP01/RO"
264327;2020-01-21;"terça-feira";"23:35:00";"MG";262;414;"IGARATINGA";"Falta de Atenção do Pedestre";"Atropelamento de Pedestre";"Com Vítimas Fatais";"Plena Noite";"Crescente";"Nublado";"Dupla";"Reta";"Não";2;1;0;0;1;0;0;1;-19,9034;-44,66309;"SR-MG";"DEL4/8";"UOP03/MG"
264328;2020-01-22;"quarta-feira";"00:55:00";"PR";116;115;"CURITIBA";"Ingestão de Álcool";"Colisão traseira";"Com Vítimas Feridas";"Plena Noite";"Crescente";"Céu Claro";"Múltipla";"Reta";"Sim";2;0;1;0;1;0;1;2;-25,55953;-49,2656;"SR-PR";"DEL7/1";"UOP04/PR"
264329;2020-01-21;"terça-feira";"18:50:00";"BA";101;718;"EUNAPOLIS";"Falta de Atenção à Condução";"Colisão transversal";"Com Vítimas Feridas";"Plena Noite";"Decrescente";"Céu Claro";"Simples";"Reta";"Sim";2;0;0;1;1;0;1;2;-16,37285;-39,58099;"SR-BA";"DEL10/9";"UOP01/BA"
264330;2020-01-21;"terça-feira";"15:30:00";"BA";101;461,8;"ITACARE";"Falta de Atenção à Condução";"Colisão frontal";"Com Vítimas Feridas";"Pleno dia";"Decrescente";"Céu Claro";"Simples";"Reta";"Não";6;0;3;3;0;0;6;2;-14,45448;-39,32149;"SR-BA";"DEL10/5";"UOP01/BA"
264331;2020-01-21;"terça-feira";"17:00:00";"BA";30;659;"MARAU";"Velocidade Incompatível";"Colisão com objeto estático";"Com Vítimas Fatais";"Pleno dia";"Crescente";"Céu Claro";"Simples";"Reta";"Não";1;1;0;0;0;0;0;1;-14,23148;-39,10311;"SR-BA";"DEL10/5";"UOP01/BA"
264332;2020-01-22;"quarta-feira";"01:10:00";"MS";163;542,4;"BANDEIRANTES";"Condutor Dormindo";"Tombamento";"Com Vítimas Feridas";"Plena Noite";"Crescente";"Céu Claro";"Simples";"Não Informado";"Não";2;0;1;0;1;0;1;1;-19,97194;-54,38262;"SR-MS";"DEL3/1";"UOP02/MS"
264333;2020-01-22;"quarta-feira";"02:00:00";"PR";116;28;"CAMPINA GRANDE DO SUL";"Velocidade Incompatível";"Colisão traseira";"Com Vítimas Feridas";"Plena Noite";"Crescente";"Nublado";"Múltipla";"Reta";"Não";2;0;1;0;1;0;1;1;-25,1067;-48,80406;"SR-PR";"DEL7/1";"UOP02/PR"
264334;2020-01-22;"quarta-feira";"02:00:00";"MT";163;707,8;"SORRISO";"Velocidade Incompatível";"Capotamento";"Com Vítimas Feridas";"Plena Noite";"Decrescente";"Céu Claro";"Simples";"Reta";"Não";2;0;2;0;0;0;2;1;-12,91211;-55,85257;"SR-MT";"DEL2/6";"UOP01/MT"
264335;2020-01-22;"quarta-feira";"01:55:00";"CE";222;237,1;"SOBRAL";"Condutor Dormindo";"Colisão frontal";"Com Vítimas Feridas";"Plena Noite";"Crescente";"Céu Claro";"Simples";"Reta";"Não";2;0;1;0;1;0;1;2;-3,719317;-40,45243;"SR-CE";"DEL16/4";"UOP01/CE"
264336;2020-01-22;"quarta-feira";"03:00:00";"PI";316;54;"MONSENHOR GIL";"Defeito Mecânico no Veículo";"Incêndio";"Sem Vítimas";"Plena Noite";"Decrescente";"Nublado";"Simples";"Reta";"Não";1;0;0;0;1;0;0;1;-5,528536;-42,63503;"SR-PI";"DEL17/1";"UOP02/PI"
264337;2020-01-22;"quarta-feira";"04:05:00";"SC";101;337,4;"TUBARAO";"Ingestão de Álcool";"Saída de leito carroçável";"Com Vítimas Feridas";"Plena Noite";"Decrescente";"Céu Claro";"Dupla";"Não Informado";"Não";1;0;1;0;0;0;1;1;-28,49146;-49,03932;"SR-SC";"DEL8/2";"UOP01/SC"
264338;2020-01-22;"quarta-feira";"02:35:00";"MS";267;37;"BATAGUASSU";"Animais na Pista";"Tombamento";"Com Vítimas Feridas";"Plena Noite";"Decrescente";"Céu Claro";"Simples";"Reta";"Não";1;0;1;0;0;0;1;1;-21,75871;-52,48595;"SR-MS";"DEL2";"UOP04/MS"
264339;2020-01-22;"quarta-feira";"04:30:00";"MG";381;792,5;"SAO GONCALO DO SAPUCAI";"Condutor Dormindo";"Colisão com objeto estático";"Com Vítimas Feridas";"Amanhecer";"Crescente";"Céu Claro";"Dupla";"Reta";"Não";1;0;1;0;0;0;1;1;-21,91932;-45,59935;"SR-MG";"DEL09";"UOP02/MG"
264340;2020-01-22;"quarta-feira";"04:15:00";"MS";163;467,8;"CAMPO GRANDE";"Falta de Atenção à Condução";"Tombamento";"Com Vítimas Feridas";"Plena Noite";"Crescente";"Nublado";"Simples";"Reta";"Não";1;0;1;0;0;0;1;1;-20,57933;-54,57695;"SR-MS";"DEL3/1";"UOP01/MS"
264341;2020-01-22;"quarta-feira";"04:40:00";"SC";470;129,9;"LONTRAS";"Desobediência às normas de trânsito pelo condutor";"Colisão transversal";"Com Vítimas Feridas";"Amanhecer";"Decrescente";"Nublado";"Simples";"Retorno Regulamentado";"Sim";2;0;1;0;1;0;1;2;-27,1485;-49,55614;"SR-SC";"DEL8/4";"UOP02/SC"
264342;2020-01-22;"quarta-feira";"06:00:00";"PR";277;19;"MORRETES";"Defeito Mecânico no Veículo";"Saída de leito carroçável";"Sem Vítimas";"Amanhecer";"Decrescente";"Garoa/Chuvisco";"Dupla";"Reta";"Não";3;0;0;0;3;0;0;1;-25,53872;-48,69656;"SR-PR";"DEL7/1";"UOP07/PR"
264343;2020-01-22;"quarta-feira";"02:10:00";"MG";365;91,4;"JEQUITAI";"Velocidade Incompatível";"Saída de leito carroçável";"Com Vítimas Feridas";"Plena Noite";"Decrescente";"Garoa/Chuvisco";"Simples";"Curva";"Não";1;0;1;0;0;0;1;1;-17,21254;-44,44436;"SR-MG";"DEL4/12";"UOP01/MG"
264344;2020-01-21;"terça-feira";"15:20:00";"SP";116;148;"SAO JOSE DOS CAMPOS";"Não guardar distância de segurança";"Colisão traseira";"Com Vítimas Feridas";"Pleno dia";"Decrescente";"Céu Claro";"Múltipla";"Reta";"Sim";3;0;1;1;1;0;2;3;-23,20067;-45,8795;"SR-SP";"DEL6/2";"UOP01/SP"
264345;2020-01-21;"terça-feira";"21:45:00";"BA";242;553;"OLIVEIRA DOS BREJINHOS";"Falta de Atenção à Condução";"Tombamento";"Com Vítimas Feridas";"Plena Noite";"Crescente";"Céu Claro";"Simples";"Reta";"Não";1;0;1;0;0;0;1;1;-12,14695;-42,87015;"SR-BA";"DEL 10/10";"UOP02/BA"
264346;2020-01-22;"quarta-feira";"06:40:00";"TO";153;792;"TALISMA";"Pista Escorregadia";"Colisão com objeto estático";"Com Vítimas Feridas";"Pleno dia";"Decrescente";"Chuva";"Simples";"Reta";"Não";4;0;3;0;1;0;3;1;-12,74532;-49,08261;"SR-TO";"UOP01/TO";""
264347;2020-01-22;"quarta-feira";"06:10:00";"RJ";356;49,5;"ITAPERUNA";"Falta de Atenção à Condução";"Tombamento";"Com Vítimas Feridas";"Amanhecer";"Crescente";"Céu Claro";"Simples";"Curva";"Não";1;0;1;0;0;0;1;1;-21,25282;-41,78336;"SR-RJ";"DEL5/8";"UOP03/RJ"
264348;2020-01-22;"quarta-feira";"06:55:00";"PR";376;2,9;"APUCARANA";"Animais na Pista";"Atropelamento de Animal";"Com Vítimas Feridas";"Amanhecer";"Crescente";"Céu Claro";"Dupla";"Desvio Temporário";"Sim";2;0;2;0;0;0;2;1;-23,55963;-51,43567;"SR-PR";"DEL7/7";"UOP03/PR"
264349;2020-01-22;"quarta-feira";"07:10:00";"CE";116;2;"FORTALEZA";"Desobediência às normas de trânsito pelo condutor";"Colisão traseira";"Com Vítimas Feridas";"Pleno dia";"Decrescente";"Céu Claro";"Múltipla";"Reta";"Sim";3;0;1;0;2;0;1;3;-3,770198;-38,51725;"SR-CE";"DEL16/1";"UOP02/CE"
264350;2020-01-22;"quarta-feira";"07:00:00";"SC";282;222,6;"LAGES";"Carga excessiva e/ou mal acondicionada";"Colisão lateral";"Com Vítimas Feridas";"Pleno dia";"Decrescente";"Chuva";"Dupla";"Curva";"Sim";4;0;2;0;2;0;2;2;-27,79774;-50,35341;"SR-SC";"DEL8/5";"UOP01/SC"
264351;2020-01-22;"quarta-feira";"05:30:00";"PE";116;73;"CABROBO";"Condutor Dormindo";"Colisão lateral";"Com Vítimas Feridas";"Pleno dia";"Crescente";"Céu Claro";"Simples";"Reta";"Não";2;0;1;0;1;0;1;2;-8,465946;-39,19734;"SR-PE";"DEL11/5";"UOP03/PE"
264352;2020-01-22;"quarta-feira";"07:45:00";"PE";101;70;"RECIFE";"Falta de Atenção à Condução";"Colisão traseira";"Sem Vítimas";"Pleno dia";"Crescente";"Chuva";"Dupla";"Reta";"Sim";3;0;0;0;3;0;0;3;-8,076599;-34,93561;"SR-PE";"DEL11/1";"UOP01/PE"
264353;2020-01-22;"quarta-feira";"06:50:00";"RS";448;22;"PORTO ALEGRE";"Pista Escorregadia";"Colisão com objeto estático";"Com Vítimas Feridas";"Pleno dia";"Crescente";"Garoa/Chuvisco";"Simples";"Curva";"Sim";2;0;1;0;1;0;1;1;-29,97221;-51,19914;"SR-RS";"DEL9/1";"UOP01/RS"
264354;2020-01-22;"quarta-feira";"05:25:00";"RS";386;360,4;"ESTRELA";"Velocidade Incompatível";"Saída de leito carroçável";"Com Vítimas Feridas";"Amanhecer";"Crescente";"Chuva";"Dupla";"Curva";"Não";1;0;1;0;0;0;1;1;-29,5476;-51,90814;"SR-RS";"DEL9/4";"UOP02/RS"
264355;2020-01-22;"quarta-feira";"07:00:00";"MG";40;455,6;"CAETANOPOLIS";"Pista Escorregadia";"Saída de leito carroçável";"Com Vítimas Feridas";"Pleno dia";"Decrescente";"Garoa/Chuvisco";"Dupla";"Curva";"Sim";3;0;2;1;0;0;3;1;-19,35768;-44,34736;"SR-MG";"DEL4/2";"UOP01/MG"
264356;2020-01-22;"quarta-feira";"07:00:00";"BA";367;60,8;"PORTO SEGURO";"Falta de Atenção à Condução";"Colisão traseira";"Com Vítimas Feridas";"Pleno dia";"Crescente";"Céu Claro";"Simples";"Reta";"Não";5;0;1;0;2;2;1;3;-16,38901;-39,38363;"SR-BA";"DEL10/9";"UOP01/BA"
264357;2020-01-22;"quarta-feira";"07:25:00";"DF";40;5,9;"BRASILIA";"Falta de Atenção à Condução";"Colisão transversal";"Com Vítimas Feridas";"Pleno dia";"Decrescente";"Nublado";"Dupla";"Reta";"Não";3;0;1;0;2;0;1;2;-16,0209;-47,98054;"SR-DF";"UOP01/DF";""
264358;2020-01-22;"quarta-feira";"07:40:00";"PR";476;142;"CURITIBA";"Não guardar distância de segurança";"Colisão traseira";"Com Vítimas Feridas";"Pleno dia";"Decrescente";"Nublado";"Dupla";"Viaduto";"Sim";2;0;0;1;1;0;1;2;-25,53716;-49,30163;"SR-PR";"DEL7/1";"UOP03/PR"
264359;2020-01-22;"quarta-feira";"07:30:00";"PR";277;98;"CURITIBA";"Velocidade Incompatível";"Colisão traseira";"Com Vítimas Feridas";"Pleno dia";"Decrescente";"Nublado";"Dupla";"Reta";"Não";3;0;1;0;2;0;1;2;-25,43095;-49,35561;"SR-PR";"DEL7/1";"UOP04/PR"
264361;2020-01-22;"quarta-feira";"07:35:00";"PR";158;538;"PATO BRANCO";"Ingestão de Álcool";"Tombamento";"Com Vítimas Feridas";"Pleno dia";"Decrescente";"Céu Claro";"Simples";"Curva";"Não";1;0;0;1;0;0;1;1;-26,25603;-52,70878;"SR-PR";"DEL7/2";"UOP01/PR"
264362;2020-01-22;"quarta-feira";"04:00:00";"PI";407;455;"JAICOS";"Animais na Pista";"Capotamento";"Sem Vítimas";"Pleno dia";"Crescente";"Céu Claro";"Simples";"Reta";"Não";1;0;0;0;0;1;0;1;-7,268988;-41,21595;"SR-PI";"DEL17/4";"UOP01/PI"
264363;2020-01-22;"quarta-feira";"08:34:00";"DF";70;7,4;"BRASILIA";"Não guardar distância de segurança";"Colisão traseira";"Sem Vítimas";"Pleno dia";"Crescente";"Nublado";"Dupla";"Não Informado";"Sim";2;0;0;0;2;0;0;2;-15,78665;-48,11777;"SR-DF";"UOP06/DF";""
264364;2020-01-22;"quarta-feira";"08:40:00";"SC";470;195;"POUSO REDONDO";"Não guardar distância de segurança";"Engavetamento";"Com Vítimas Feridas";"Pleno dia";"Crescente";"Chuva";"Simples";"Reta";"Não";7;0;2;0;5;0;2;6;-27,30372;-50,08884;"SR-SC";"DEL8/4";"UOP02/SC"
264365;2020-01-22;"quarta-feira";"08:30:00";"BA";242;704;"CRISTOPOLIS";"Falta de Atenção à Condução";"Colisão frontal";"Com Vítimas Fatais";"Pleno dia";"Decrescente";"Céu Claro";"Simples";"Reta";"Não";2;1;0;0;0;1;0;2;-12,22264;-44,24457;"SR-BA";"DEL 10/10";"UOP02/BA"
264366;2020-01-22;"quarta-feira";"09:00:00";"CE";116;500,9;"BREJO SANTO";"Falta de Atenção à Condução";"Colisão transversal";"Com Vítimas Feridas";"Pleno dia";"Crescente";"Nublado";"Simples";"Não Informado";"Sim";5;0;1;0;4;0;1;2;-7,477746;-38,9809;"SR-CE";"DEL16/5";"UOP03/CE"
264367;2020-01-22;"quarta-feira";"09:30:00";"PR";376;351;"ORTIGUEIRA";"Falta de Atenção à Condução";"Queda de ocupante de veículo";"Com Vítimas Feridas";"Pleno dia";"Decrescente";"Nublado";"Dupla";"Reta";"Não";2;0;2;0;0;0;2;1;-24,24967;-50,90424;"SR-PR";"DEL7/3";"UOP05/PR"
264368;2020-01-22;"quarta-feira";"08:15:00";"PR";373;446,7;"CHOPINZINHO";"Velocidade Incompatível";"Colisão frontal";"Com Vítimas Feridas";"Pleno dia";"Decrescente";"Chuva";"Simples";"Curva";"Não";2;0;0;1;1;0;1;2;-25,84854;-52,32758;"SR-PR";"DEL7/2";"UOP01/PR"
264370;2020-01-22;"quarta-feira";"05:50:00";"MT";70;348;"CAMPO VERDE";"Condutor Dormindo";"Colisão frontal";"Com Vítimas Feridas";"Pleno dia";"Decrescente";"Céu Claro";"Simples";"Reta";"Não";2;0;1;0;1;0;1;2;-15,51349;-54,86026;"SR-MT";"DEL2/5";"UOP01/MT"
264371;2020-01-22;"quarta-feira";"07:20:00";"RJ";40;101;"DUQUE DE CAXIAS";"Defeito na Via";"Tombamento";"Com Vítimas Feridas";"Pleno dia";"Crescente";"Céu Claro";"Dupla";"Reta";"Sim";1;0;1;0;0;0;1;1;-22,60246;-43,28381;"SR-RJ";"DEL5/1";"UOP01/RJ"
264372;2020-01-22;"quarta-feira";"09:20:00";"RS";386;31,4;"FREDERICO WESTPHALEN";"Falta de Atenção à Condução";"Danos eventuais";"Sem Vítimas";"Pleno dia";"Crescente";"Chuva";"Simples";"Reta";"Sim";1;0;0;0;1;0;0;1;-27,33426;-53,38177;"SR-RS";"DEL08";"UOP02/RS"
264373;2020-01-22;"quarta-feira";"09:00:00";"RS";480;72,4;"ERECHIM";"Falta de Atenção à Condução";"Colisão com objeto estático";"Com Vítimas Feridas";"Pleno dia";"Decrescente";"Chuva";"Simples";"Interseção de vias";"Não";1;0;1;0;0;0;1;1;-27,6405;-52,30282;"SR-RS";"DEL08";"UOP04/RS"
264374;2020-01-22;"quarta-feira";"09:00:00";"RN";110;49,6;"MOSSORO";"Falta de Atenção do Pedestre";"Atropelamento de Pedestre";"Com Vítimas Feridas";"Pleno dia";"Decrescente";"Céu Claro";"Dupla";"Reta";"Sim";2;0;2;0;0;0;2;1;-5,21646;-37,32927;"SR-RN";"DEL15/4";"UOP01/RN"
264375;2020-01-22;"quarta-feira";"09:45:00";"PR";376;178,6;"MARINGA";"Falta de Atenção à Condução";"Colisão lateral";"Com Vítimas Feridas";"Pleno dia";"Crescente";"Céu Claro";"Dupla";"Interseção de vias";"Sim";2;0;1;0;1;0;1;2;-23,42129;-51,90739;"SR-PR";"DEL7/7";"UOP04/PR"
264376;2020-01-22;"quarta-feira";"10:00:00";"MG";262;842,7;"CONCEICAO DAS ALAGOAS";"Velocidade Incompatível";"Capotamento";"Sem Vítimas";"Pleno dia";"Crescente";"Nublado";"Dupla";"Reta";"Não";1;0;0;0;0;1;0;1;-19,75606;-48,28045;"SR-MG";"DEL13";"UOP01/MG"
264377;2020-01-22;"quarta-feira";"10:00:00";"SC";101;33,5;"JOINVILLE";"Falta de Atenção à Condução";"Colisão lateral";"Com Vítimas Feridas";"Pleno dia";"Decrescente";"Nublado";"Dupla";"Reta";"Sim";2;0;1;0;1;0;1;2;-26,23201;-48,91678;"SR-SC";"DEL8/3";"UOP01/SC"
264378;2020-01-22;"quarta-feira";"08:50:00";"SP";116;514;"CAJATI";"Defeito Mecânico no Veículo";"Capotamento";"Com Vítimas Fatais";"Pleno dia";"Decrescente";"Nublado";"Dupla";"Curva";"Não";3;1;0;0;2;0;0;2;-24,85874;-48,21731;"SR-SP";"DEL6/5";"UOP03/SP"
264379;2020-01-22;"quarta-feira";"10:00:00";"GO";153;508,5;"GOIANIA";"Defeito Mecânico no Veículo";"Colisão lateral";"Com Vítimas Feridas";"Pleno dia";"Crescente";"Nublado";"Dupla";"Curva";"Sim";4;0;4;0;0;0;4;2;-16,7804;-49,2371;"SR-GO";"DEL1/1";"UOP03/GO"
264380;2020-01-22;"quarta-feira";"10:00:00";"SC";282;79;"RANCHO QUEIMADO";"Velocidade Incompatível";"Saída de leito carroçável";"Com Vítimas Feridas";"Pleno dia";"Crescente";"Chuva";"Simples";"Curva";"Não";4;0;1;0;3;0;1;1;-27,6707;-49,15576;"SR-SC";"DEL8/1";"UOP03/SC"
264381;2020-01-22;"quarta-feira";"09:30:00";"MS";163;835;"SONORA";"Pista Escorregadia";"Colisão frontal";"Com Vítimas Fatais";"Pleno dia";"Decrescente";"Chuva";"Simples";"Reta";"Não";2;1;0;1;0;0;1;2;-17,61833;-54,74417;"SR-MS";"DEL3/6";"UOP01/MS"
264382;2020-01-22;"quarta-feira";"04:50:00";"BA";324;548;"AMELIA RODRIGUES";"Falta de Atenção à Condução";"Tombamento";"Com Vítimas Feridas";"Pleno dia";"Crescente";"Chuva";"Dupla";"Reta";"Não";3;0;1;0;2;0;1;1;-12,4257;-38,73746;"SR-BA";"DEL10/1";"UOP01/BA"
264383;2020-01-22;"quarta-feira";"08:15:00";"MT";163;746,6;"SORRISO";"Não guardar distância de segurança";"Colisão lateral";"Com Vítimas Feridas";"Pleno dia";"Decrescente";"Chuva";"Dupla";"Reta";"Sim";2;0;1;0;1;0;1;2;-12,56951;-55,72536;"SR-MT";"DEL2/6";"UOP01/MT"