"id";"data_inversa";"dia_semana";"horario";"uf";"br";"km";"municipio";"causa_acidente";"tipo_acidente";"classificacao_acidente";"fase_dia";"sentido_via";"condicao_metereologica";"tipo_pista";"tracado_via";"uso_solo";"pessoas";"mortos";"feridos_leves";"feridos_graves";"ilesos";"ignorados";"feridos";"veiculos";"latitude";"longitude";"regional";"delegacia";"uop"
264384;2020-01-22;"quarta-feira";"11:15:00";"AP";210;2,5;"MACAPA";"Falta de Atenção à Condução";"Colisão transversal";"Com Vítimas Feridas";"Pleno dia";"Decrescente";"Céu Claro";"Simples";"Reta";"Sim";2;0;1;0;1;0;1;2;0,08282017;-51,07776;"SR-AP";"UOP01/AP";""
264385;2020-01-22;"quarta-feira";"10:25:00";"MA";135;22;"SAO LUIS";"Falta de Atenção à Condução";"Colisão transversal";"Com Vítimas Feridas";"Pleno dia";"Decrescente";"Céu Claro";"Dupla";"Reta";"Sim";2;0;1;0;0;1;1;2;-2,595319;-44,33292;"SR-MA";"DEL18/1";"UOP01/MA"
264386;2020-01-22;"quarta-feira";"10:30:00";"BA";101;222;"CRUZ DAS ALMAS";"Pista Escorregadia";"Saída de leito carroçável";"Com Vítimas Feridas";"Pleno dia";"Crescente";"Chuva";"Simples";"Reta";"Não";4;0;1;0;3;0;1;1;-12,67255;-39,13418;"SR-BA";"DEL10/1";"UOP02/BA"
264387;2020-01-22;"quarta-feira";"11:20:00";"RS";392;67;"PELOTAS";"Falta de Atenção à Condução";"Colisão com objeto estático";"Sem Vítimas";"Pleno dia";"Crescente";"Céu Claro";"Simples";"Reta";"Não";1;0;0;0;1;0;0;1;-31,7571;-52,39981;"SR-RS";"DEL9/7";"UOP01/RS"
264388;2020-01-22;"quarta-feira";"11:20:00";"SP";116;227,3;"SAO PAULO";"Não guardar distância de segurança";"Colisão lateral";"Com Vítimas Feridas";"Pleno dia";"Crescente";"Nublado";"Múltipla";"Reta";"Não";2;0;1;0;1;0;1;2;-23,49659;-46,55649;"SR-SP";"DEL6/1";"UOP01/SP"
264391;2020-01-21;"terça-feira";"23:35:00";"CE";222;117,5;"ITAPAJE";"Defeito Mecânico no Veículo";"Colisão com objeto estático";"Sem Vítimas";"Plena Noite";"Decrescente";"Céu Claro";"Simples";"Não Informado";"Não";1;0;0;0;1;0;0;1;-3,735455;-39,55009;"SR-CE";"DEL16/4";"UOP03/CE"
264392;2020-01-22;"quarta-feira";"11:50:00";"PR";369;183,2;"ARAPONGAS";"Falta de Atenção à Condução";"Colisão transversal";"Com Vítimas Feridas";"Pleno dia";"Decrescente";"Sol";"Dupla";"Não Informado";"Não";3;0;1;1;1;0;2;2;-23,39387;-51,42393;"SR-PR";"DEL7/7";"UOP03/PR"
264393;2020-01-22;"quarta-feira";"12:10:00";"BA";20;43,3;"CORRENTINA";"Desobediência às normas de trânsito pelo condutor";"Colisão lateral";"Com Vítimas Feridas";"Pleno dia";"Decrescente";"Nublado";"Simples";"Reta";"Não";5;0;3;0;2;0;3;2;-13,57387;-46,11469;"SR-BA";"DEL10/10";"UOP01/BA"
264394;2020-01-22;"quarta-feira";"12:15:00";"PI";316;290;"DOM EXPEDITO LOPES";"Falta de Atenção à Condução";"Colisão traseira";"Com Vítimas Feridas";"Pleno dia";"Decrescente";"Céu Claro";"Simples";"Reta";"Não";2;0;1;0;1;0;1;2;-6,996812;-41,61968;"SR-PI";"DEL17/4";"UOP01/PI"
264396;2020-01-22;"quarta-feira";"11:20:00";"PI";343;306,2;"ALTOS";"Falta de Atenção à Condução";"Colisão lateral";"Com Vítimas Feridas";"Pleno dia";"Decrescente";"Céu Claro";"Simples";"Reta";"Sim";3;0;1;0;2;0;1;2;-5,03444;-42,44338;"SR-PI";"DEL17/1";"UOP01/PI"
264397;2020-01-22;"quarta-feira";"10:15:00";"MT";70;590;"POCONE";"Condutor Dormindo";"Colisão lateral";"Com Vítimas Feridas";"Pleno dia";"Crescente";"Nublado";"Simples";"Reta";"Não";3;0;3;0;0;0;3;2;-15,78942;-56,64802;"SR-MT";"DEL2/3";"UOP02/MT"
264398;2020-01-22;"quarta-feira";"12:20:00";"PR";476;128;"CURITIBA";"Não guardar distância de segurança";"Colisão lateral";"Com Vítimas Feridas";"Pleno dia";"Crescente";"Chuva";"Múltipla";"Reta";"Sim";5;0;1;0;3;1;1;4;-25,43305;-49,23156;"SR-PR";"DEL7/1";"UOP06/PR"
264399;2020-01-22;"quarta-feira";"12:50:00";"PE";232;102,9;"BEZERROS";"Sinalização da via insuficiente ou inadequada";"Colisão traseira";"Com Vítimas Feridas";"Pleno dia";"Decrescente";"Nublado";"Dupla";"Curva";"Sim";3;0;1;2;0;0;3;2;-8,255314;-35,77428;"SR-PE";"DEL11/2";"UOP02/PE"
264400;2020-01-22;"quarta-feira";"13:00:00";"RJ";NA;NA;"TRES RIOS";"Falta de Atenção à Condução";"Colisão transversal";"Sem Vítimas";"Pleno dia";"Não Informado";"Sol";"Dupla";"Reta";"Não";4;0;0;0;4;0;0;2;-22,11424;-43,15859;"SR-RJ";"DEL5/6";"UOP01/RJ"
264401;2020-01-22;"quarta-feira";"13:00:00";"SC";101;150;"ITAPEMA";"Não guardar distância de segurança";"Tombamento";"Com Vítimas Feridas";"Pleno dia";"Decrescente";"Chuva";"Simples";"Reta";"Sim";1;0;1;0;0;0;1;1;-27,11745;-48,60941;"SR-SC";"DEL8/4";"UOP03/SC"
264403;2020-01-22;"quarta-feira";"13:30:00";"SC";101;193;"BIGUACU";"Pista Escorregadia";"Saída de leito carroçável";"Com Vítimas Feridas";"Pleno dia";"Decrescente";"Chuva";"Múltipla";"Curva";"Não";1;0;1;0;0;0;1;1;-27,48957;-48,65591;"SR-SC";"DEL8/1";"UOP01/SC"
264405;2020-01-22;"quarta-feira";"12:15:00";"RO";364;20;"VILHENA";"Falta de Atenção à Condução";"Colisão lateral";"Com Vítimas Feridas";"Pleno dia";"Crescente";"Chuva";"Simples";"Reta";"Não";3;0;1;1;1;0;2;2;-12,72596;-60,19277;"SR-RO";"DEL21/4";"UOP01/RO"
264406;2020-01-22;"quarta-feira";"13:40:00";"CE";116;470,9;"MILAGRES";"Desobediência às normas de trânsito pelo condutor";"Colisão traseira";"Com Vítimas Feridas";"Pleno dia";"Crescente";"Céu Claro";"Simples";"Reta";"Não";6;0;1;0;5;0;1;2;-7,251678;-38,84126;"SR-CE";"DEL16/5";"UOP03/CE"
264407;2020-01-22;"quarta-feira";"11:40:00";"SC";282;55;"AGUAS MORNAS";"Velocidade Incompatível";"Colisão transversal";"Com Vítimas Feridas";"Pleno dia";"Decrescente";"Chuva";"Simples";"Curva";"Não";12;0;3;5;3;1;8;2;-27,6858;-48,97451;"SR-SC";"DEL8/1";"UOP03/SC"
264408;2020-01-22;"quarta-feira";"13:40:00";"RJ";101;487,8;"ANGRA DOS REIS";"Desobediência às normas de trânsito pelo condutor";"Colisão lateral";"Com Vítimas Feridas";"Pleno dia";"Crescente";"Céu Claro";"Dupla";"Reta";"Sim";3;0;2;0;1;0;2;2;-22,96829;-44,29865;"SR-RJ";"DEL5/3";"UOP02/RJ"
264409;2020-01-22;"quarta-feira";"09:10:00";"SC";282;305;"VARGEM";"Pista Escorregadia";"Saída de leito carroçável";"Com Vítimas Feridas";"Pleno dia";"Decrescente";"Chuva";"Simples";"Curva";"Não";2;0;1;0;1;0;1;1;-27,49639;-50,95287;"SR-SC";"DEL7";"UOP08/SC"
264410;2020-01-22;"quarta-feira";"14:00:00";"SC";101;193;"BIGUACU";"Falta de Atenção à Condução";"Colisão transversal";"Com Vítimas Feridas";"Pleno dia";"Decrescente";"Chuva";"Dupla";"Reta";"Sim";2;0;1;0;1;0;1;2;-27,48957;-48,65591;"SR-SC";"DEL8/1";"UOP01/SC"
264411;2020-01-22;"quarta-feira";"14:08:00";"GO";153;499;"GOIANIA";"Falta de Atenção à Condução";"Colisão traseira";"Com Vítimas Feridas";"Pleno dia";"Decrescente";"Nublado";"Dupla";"Reta";"Sim";2;0;0;1;1;0;1;2;-16,7033;-49,2311;"SR-GO";"DEL1/1";"UOP01/GO"
264412;2020-01-22;"quarta-feira";"09:30:00";"RN";304;72,3;"MOSSORO";"Falta de Atenção à Condução";"Tombamento";"Com Vítimas Feridas";"Pleno dia";"Decrescente";"Nublado";"Simples";"Reta";"Não";2;0;1;0;0;1;1;2;-5,416357;-37,21467;"SR-RN";"DEL15/4";"UOP01/RN"
264413;2020-01-22;"quarta-feira";"13:30:00";"RJ";101;236;"SILVA JARDIM";"Desobediência às normas de trânsito pelo condutor";"Colisão transversal";"Sem Vítimas";"Pleno dia";"Decrescente";"Nublado";"Simples";"Não Informado";"Sim";3;0;0;0;3;0;0;2;-22,61014;-42,40427;"SR-RJ";"DEL5/2";"UOP02/RJ"
264414;2020-01-22;"quarta-feira";"14:00:00";"PR";116;23;"ANTONINA";"Desobediência às normas de trânsito pelo condutor";"Saída de leito carroçável";"Com Vítimas Feridas";"Pleno dia";"Decrescente";"Chuva";"Dupla";"Curva";"Não";1;0;1;0;0;0;1;1;-25,11048;-48,75592;"SR-PR";"DEL7/1";"UOP02/PR"
264415;2020-01-22;"quarta-feira";"14:25:00";"GO";414;393,6;"CORUMBA DE GOIAS";"Deficiência ou não Acionamento do Sistema de Iluminação/Sinalização do Veículo";"Colisão lateral";"Com Vítimas Feridas";"Pleno dia";"Crescente";"Céu Claro";"Dupla";"Reta";"Sim";2;0;1;0;1;0;1;2;-15,91926;-48,80882;"SR-GO";"DEL1/2";"UOP01/GO"
264416;2020-01-22;"quarta-feira";"13:40:00";"SE";101;92;"NOSSA SENHORA DO SOCORRO";"Não guardar distância de segurança";"Tombamento";"Com Vítimas Feridas";"Pleno dia";"Decrescente";"Nublado";"Múltipla";"Reta";"Sim";2;0;1;0;0;1;1;1;-10,90169;-37,13619;"SR-SE";"DEL20/1";"UOP01/SE"
264417;2020-01-22;"quarta-feira";"14:20:00";"DF";40;2,1;"BRASILIA";"Falta de Atenção à Condução";"Colisão traseira";"Com Vítimas Feridas";"Pleno dia";"Crescente";"Chuva";"Dupla";"Reta";"Sim";2;0;1;0;1;0;1;2;-15,99435;-47,98595;"SR-DF";"UOP01/DF";""
264419;2020-01-22;"quarta-feira";"14:00:00";"GO";364;200,5;"JATAI";"Velocidade Incompatível";"Colisão com objeto estático";"Sem Vítimas";"Pleno dia";"Crescente";"Chuva";"Simples";"Reta";"Não";1;0;0;0;1;0;0;1;-17,91516;-51,76302;"SR-GO";"DEL1/5";"UOP01/GO"
264420;2020-01-22;"quarta-feira";"14:00:00";"PR";277;35,5;"MORRETES";"Falta de Atenção à Condução";"Colisão traseira";"Com Vítimas Feridas";"Pleno dia";"Decrescente";"Chuva";"Dupla";"Reta";"Sim";3;0;0;1;2;0;1;3;-25,55225;-48,79893;"SR-PR";"DEL7/1";"UOP07/PR"
264421;2020-01-22;"quarta-feira";"11:40:00";"MG";40;532;"BELO HORIZONTE";"Falta de Atenção à Condução";"Colisão transversal";"Com Vítimas Feridas";"Pleno dia";"Decrescente";"Nublado";"Dupla";"Reta";"Sim";2;0;1;0;1;0;1;2;-19,92373;-44,01701;"SR-MG";"DEL4/1";"UOP02/MG"
264422;2020-01-22;"quarta-feira";"14:00:00";"MG";381;444;"SABARA";"Velocidade Incompatível";"Colisão traseira";"Com Vítimas Feridas";"Pleno dia";"Crescente";"Nublado";"Simples";"Reta";"Sim";4;0;3;0;1;0;3;2;-19,8236;-43,82539;"SR-MG";"DEL4/1";"UOP01/MG"
264423;2020-01-22;"quarta-feira";"15:10:00";"PE";232;10,9;"JABOATAO DOS GUARARAPES";"Não guardar distância de segurança";"Colisão traseira";"Com Vítimas Feridas";"Pleno dia";"Crescente";"Sol";"Dupla";"Curva";"Sim";2;0;1;0;1;0;1;2;-8,079172;-34,98719;"SR-PE";"DEL11/1";"UOP01/PE"
264424;2020-01-22;"quarta-feira";"14:10:00";"BA";101;876;"TEIXEIRA DE FREITAS";"Não guardar distância de segurança";"Colisão traseira";"Sem Vítimas";"Pleno dia";"Crescente";"Nublado";"Simples";"Reta";"Sim";2;0;0;0;2;0;0;2;-17,5362;-39,71424;"SR-BA";"DEL10/9";"UOP03/BA"
264425;2020-01-22;"quarta-feira";"14:45:00";"GO";70;1,3;"AGUAS LINDAS DE GOIAS";"Objeto estático sobre o leito carroçável";"Colisão com objeto estático";"Com Vítimas Feridas";"Pleno dia";"Crescente";"Nublado";"Dupla";"Não Informado";"Sim";2;0;0;1;1;0;1;2;-15,77579;-48,23259;"SR-DF";"UOP06/DF";""
264426;2020-01-22;"quarta-feira";"14:45:00";"MG";40;545;"NOVA LIMA";"Falta de Atenção à Condução";"Queda de ocupante de veículo";"Com Vítimas Feridas";"Pleno dia";"Crescente";"Nublado";"Dupla";"Viaduto";"Sim";1;0;1;0;0;0;1;1;-20,00878;-43,96529;"SR-MG";"DEL4/1";"UOP02/MG"
264427;2020-01-22;"quarta-feira";"13:50:00";"BA";101;138;"TEODORO SAMPAIO";"Condutor Dormindo";"Colisão traseira";"Com Vítimas Fatais";"Pleno dia";"Decrescente";"Nublado";"Simples";"Reta";"Não";2;1;0;0;1;0;0;2;-12,26782;-38,67195;"SR-BA";"DEL10/1";"UOP04/BA"
264428;2020-01-22;"quarta-feira";"11:00:00";"MG";364;8,8;"FRUTAL";"Falta de Atenção à Condução";"Saída de leito carroçável";"Com Vítimas Feridas";"Pleno dia";"Crescente";"Nublado";"Simples";"Reta";"Não";2;0;1;0;0;1;1;1;-20,02519;-48,94096;"SR-MG";"DEL13";"UOP02/MG"
264429;2020-01-22;"quarta-feira";"10:30:00";"MG";116;682,8;"MURIAE";"Ultrapassagem Indevida";"Colisão frontal";"Com Vítimas Fatais";"Pleno dia";"Crescente";"Sol";"Simples";"Reta";"Não";6;1;3;2;0;0;5;2;-20,95667;-42,34993;"SR-MG";"DEL4/7";"UOP02/MG"
264430;2020-01-22;"quarta-feira";"14:00:00";"PR";376;126,6;"ALTO PARANA";"Mal Súbito";"Saída de leito carroçável";"Com Vítimas Fatais";"Pleno dia";"Decrescente";"Nublado";"Dupla";"Reta";"Não";3;1;1;1;0;0;2;1;-23,1528;-52,27042;"SR-PR";"DEL7/7";"UOP05/PR"
264431;2020-01-22;"quarta-feira";"12:00:00";"RO";364;375;"OURO PRETO DO OESTE";"Desobediência às normas de trânsito pelo condutor";"Colisão transversal";"Com Vítimas Feridas";"Pleno dia";"Crescente";"Chuva";"Múltipla";"Curva";"Não";3;0;0;1;2;0;1;2;-10,7395;-62,18556;"SR-RO";"DEL21/2";"UOP01/RO"
264432;2020-01-22;"quarta-feira";"11:15:00";"RO";364;427;"JARU";"Falta de Atenção à Condução";"Colisão transversal";"Com Vítimas Feridas";"Pleno dia";"Crescente";"Céu Claro";"Simples";"Interseção de vias";"Sim";3;0;2;0;1;0;2;2;-10,42731;-62,48745;"SR-RO";"DEL21/3";"UOP02/RO"
264433;2020-01-22;"quarta-feira";"15:50:00";"BA";324;605;"SIMOES FILHO";"Falta de Atenção do Pedestre";"Atropelamento de Pedestre";"Com Vítimas Feridas";"Pleno dia";"Decrescente";"Garoa/Chuvisco";"Simples";"Reta";"Não";2;0;0;1;1;0;1;1;-12,80195;-38,40371;"SR-BA";"DEL10/1";"UOP01/BA"
264434;2020-01-22;"quarta-feira";"09:30:00";"SC";282;308;"VARGEM";"Velocidade Incompatível";"Tombamento";"Com Vítimas Feridas";"Pleno dia";"Crescente";"Chuva";"Simples";"Curva";"Não";4;0;3;0;1;0;3;1;-27,49292;-50,97197;"SR-SC";"DEL7";"UOP08/SC"
264435;2020-01-22;"quarta-feira";"15:20:00";"SP";116;489;"CAJATI";"Falta de Atenção à Condução";"Capotamento";"Com Vítimas Feridas";"Pleno dia";"Crescente";"Chuva";"Dupla";"Curva";"Sim";4;0;3;1;0;0;4;1;-24,73034;-48,10761;"SR-SP";"DEL6/5";"UOP03/SP"
264436;2020-01-22;"quarta-feira";"15:55:00";"MG";40;649,1;"CRISTIANO OTONI";"Falta de Atenção à Condução";"Colisão lateral";"Com Vítimas Feridas";"Pleno dia";"Crescente";"Sol";"Simples";"Reta";"Não";34;0;3;2;29;0;5;2;-20,82226;-43,81103;"SR-MG";"DEL5";"UOP02/MG"
264437;2020-01-22;"quarta-feira";"12:45:00";"SC";282;514,3;"XAXIM";"Objeto estático sobre o leito carroçável";"Saída de leito carroçável";"Com Vítimas Feridas";"Pleno dia";"Crescente";"Nublado";"Simples";"Reta";"Não";2;0;2;0;0;0;2;1;-26,91608;-52,49052;"SR-SC";"DEL7";"UOP01/SC"
264438;2020-01-11;"sábado";"15:20:00";"SC";282;426;"VARGEM BONITA";"Falta de Atenção à Condução";"Colisão frontal";"Com Vítimas Feridas";"Pleno dia";"Decrescente";"Céu Claro";"Simples";"Reta";"Não";2;0;1;0;1;0;1;2;-26,97442;-51,76167;"SR-SC";"DEL7";"UOP07/SC"
264439;2020-01-12;"domingo";"18:54:00";"MS";267;364;"MARACAJU";"Desobediência às normas de trânsito pelo condutor";"Colisão frontal";"Com Vítimas Feridas";"Anoitecer";"Crescente";"Céu Claro";"Dupla";"Reta";"Não";2;0;0;1;1;0;1;2;-21,64094;-55,14255;"SR-MS";"DEL2";"UOP02/MS"
264441;2020-01-22;"quarta-feira";"07:30:00";"MT";163;632;"NOVA MUTUM";"Falta de Atenção à Condução";"Engavetamento";"Com Vítimas Feridas";"Pleno dia";"Decrescente";"Chuva";"Simples";"Reta";"Não";9;0;1;0;5;3;1;4;-13,62913;-56,03406;"SR-MT";"DEL2/4";"UOP01/MT"
264442;2020-01-22;"quarta-feira";"15:45:00";"PI";135;417;"REDENCAO DO GURGUEIA";"Pista Escorregadia";"Saída de leito carroçável";"Com Vítimas Feridas";"Pleno dia";"Crescente";"Chuva";"Simples";"Reta";"Não";5;0;3;0;1;1;3;1;-9,469261;-44,67934;"SR-PI";"DEL17/3";"UOP02/PI"
264445;2020-01-22;"quarta-feira";"16:00:00";"RJ";116;139,9;"DUQUE DE CAXIAS";"Falta de Atenção à Condução";"Colisão frontal";"Com Vítimas Feridas";"Pleno dia";"Crescente";"Sol";"Simples";"Curva";"Sim";2;0;0;1;1;0;1;2;-22,64655;-43,20139;"SR-RJ";"DEL5/4";"UOP02/RJ"
264446;2020-01-22;"quarta-feira";"16:30:00";"PE";101;70,1;"RECIFE";"Velocidade Incompatível";"Atropelamento de Pedestre";"Com Vítimas Feridas";"Pleno dia";"Decrescente";"Céu Claro";"Simples";"Curva";"Sim";2;0;1;1;0;0;2;1;-8,067761;-34,94265;"SR-PE";"DEL11/1";"UOP01/PE"
264447;2020-01-22;"quarta-feira";"16:00:00";"PR";116;126;"FAZENDA RIO GRANDE";"Falta de Atenção à Condução";"Colisão traseira";"Com Vítimas Feridas";"Pleno dia";"Crescente";"Nublado";"Dupla";"Reta";"Sim";5;0;1;0;4;0;1;4;-25,6039;-49,31824;"SR-PR";"DEL7/1";"UOP03/PR"
264448;2020-01-22;"quarta-feira";"16:30:00";"MG";40;501,5;"ESMERALDAS";"Desobediência às normas de trânsito pelo pedestre";"Atropelamento de Pedestre";"Com Vítimas Feridas";"Pleno dia";"Decrescente";"Nublado";"Dupla";"Reta";"Não";2;0;1;0;0;1;1;1;-19,70736;-44,16737;"SR-MG";"DEL4/2";"UOP01/MG"
264449;2020-01-22;"quarta-feira";"11:00:00";"MG";381;686;"LAVRAS";"Defeito Mecânico no Veículo";"Queda de ocupante de veículo";"Com Vítimas Feridas";"Pleno dia";"Crescente";"Nublado";"Dupla";"Curva";"Não";2;0;2;0;0;0;2;1;-21,20031;-45,11944;"SR-MG";"DEL4/4";"UOP02/MG"
264450;2020-01-22;"quarta-feira";"17:00:00";"PR";277;307,2;"GUARAPUAVA";"Velocidade Incompatível";"Colisão lateral";"Com Vítimas Fatais";"Pleno dia";"Decrescente";"Garoa/Chuvisco";"Simples";"Curva";"Não";6;3;0;3;0;0;3;3;-25,31709;-51,19514;"SR-PR";"DEL7/3";"UOP02/PR"
264452;2020-01-22;"quarta-feira";"16:50:00";"SP";116;107,5;"TAUBATE";"Não guardar distância de segurança";"Colisão traseira";"Com Vítimas Feridas";"Pleno dia";"Crescente";"Chuva";"Dupla";"Reta";"Não";2;0;1;0;1;0;1;2;-23,01791;-45,53009;"SR-SP";"DEL6";"UOP01/SP"
264453;2020-01-22;"quarta-feira";"17:00:00";"RJ";101;563;"PARATY";"Falta de Atenção à Condução";"Colisão traseira";"Com Vítimas Feridas";"Pleno dia";"Crescente";"Nublado";"Simples";"Reta";"Não";2;0;1;0;1;0;1;2;-23,13694;-44,70219;"SR-RJ";"DEL5/3";"UOP04/RJ"
264455;2020-01-22;"quarta-feira";"17:00:00";"SC";101;133,8;"BALNEARIO CAMBORIU";"Falta de Atenção à Condução";"Colisão lateral";"Com Vítimas Feridas";"Pleno dia";"Crescente";"Nublado";"Simples";"Não Informado";"Sim";2;0;1;0;0;1;1;2;-26,99936;-48,64609;"SR-SC";"DEL8/4";"UOP03/SC"
264456;2020-01-22;"quarta-feira";"15:50:00";"SC";158;134;"PALMITOS";"Pista Escorregadia";"Saída de leito carroçável";"Com Vítimas Feridas";"Pleno dia";"Crescente";"Garoa/Chuvisco";"Simples";"Interseção de vias";"Não";1;0;1;0;0;0;1;1;-27,0704;-53,23003;"SR-SC";"DEL7";"UOP02/SC"
264457;2020-01-22;"quarta-feira";"17:40:00";"RJ";116;178;"NOVA IGUACU";"Falta de Atenção à Condução";"Queda de ocupante de veículo";"Com Vítimas Feridas";"Pleno dia";"Crescente";"Céu Claro";"Múltipla";"Reta";"Sim";2;0;2;0;0;0;2;1;-22,77496;-43,40081;"SR-RJ";"DEL5/1";"UOP02/RJ"
264458;2020-01-22;"quarta-feira";"17:45:00";"PR";369;73,5;"SANTA MARIANA";"Ingestão de Álcool";"Atropelamento de Pedestre";"Com Vítimas Feridas";"Pleno dia";"Decrescente";"Nublado";"Simples";"Reta";"Sim";3;0;1;1;0;1;2;1;-23,15334;-50,52217;"SR-PR";"DEL7/7";"UOP06/PR"
264459;2020-01-22;"quarta-feira";"14:00:00";"PI";135;166,9;"MANOEL EMIDIO";"Velocidade Incompatível";"Saída de leito carroçável";"Com Vítimas Fatais";"Pleno dia";"Crescente";"Céu Claro";"Simples";"Curva";"Não";2;1;1;0;0;0;1;1;-7,942569;-43,82046;"SR-PI";"DEL17/3";"UOP01/PI"
264460;2020-01-22;"quarta-feira";"17:55:00";"MG";50;68;"UBERLANDIA";"Desobediência às normas de trânsito pelo condutor";"Colisão lateral";"Com Vítimas Feridas";"Pleno dia";"Crescente";"Céu Claro";"Simples";"Interseção de vias";"Sim";2;0;1;0;1;0;1;2;-18,8514;-48,25346;"SR-MG";"DEL4/15";"UOP01/MG"
264461;2020-01-22;"quarta-feira";"16:50:00";"ES";101;137,6;"LINHARES";"Falta de Atenção à Condução";"Queda de ocupante de veículo";"Com Vítimas Feridas";"Anoitecer";"Decrescente";"Céu Claro";"Simples";"Reta";"Não";1;0;0;1;0;0;1;1;-19,29308;-40,08592;"SR-ES";"DEL12/4";"UOP01/ES"
264463;2020-01-22;"quarta-feira";"16:40:00";"SC";101;259,2;"PAULO LOPES";"Pista Escorregadia";"Saída de leito carroçável";"Com Vítimas Feridas";"Pleno dia";"Crescente";"Chuva";"Dupla";"Curva";"Não";2;0;1;0;1;0;1;1;-28,01306;-48,69515;"SR-SC";"DEL8/2";"UOP03/SC"
264464;2020-01-22;"quarta-feira";"18:00:00";"PE";232;113,1;"BEZERROS";"Falta de Atenção do Pedestre";"Atropelamento de Pedestre";"Com Vítimas Fatais";"Anoitecer";"Decrescente";"Chuva";"Dupla";"Reta";"Sim";2;1;0;0;1;0;0;1;-8,299065;-35,84022;"SR-PE";"DEL11/2";"UOP02/PE"
264465;2020-01-22;"quarta-feira";"17:00:00";"RO";319;63,8;"PORTO VELHO";"Falta de Atenção à Condução";"Atropelamento de Pedestre";"Sem Vítimas";"Pleno dia";"Crescente";"Sol";"Dupla";"Reta";"Sim";2;0;0;0;2;0;0;1;-8,766093;-63,88419;"SR-RO";"DEL21/1";"UOP01/RO"
264467;2020-01-22;"quarta-feira";"18:30:00";"PR";376;474,3;"PONTA GROSSA";"Velocidade Incompatível";"Saída de leito carroçável";"Com Vítimas Fatais";"Anoitecer";"Decrescente";"Chuva";"Dupla";"Curva";"Não";2;2;0;0;0;0;0;1;-25,04135;-50,242;"SR-PR";"DEL7/3";"UOP01/PR"
264469;2020-01-22;"quarta-feira";"17:10:00";"RS";471;153,5;"SANTA CRUZ DO SUL";"Ultrapassagem Indevida";"Colisão frontal";"Sem Vítimas";"Pleno dia";"Crescente";"Céu Claro";"Simples";"Reta";"Não";8;0;0;0;6;2;0;2;-29,8128;-52,40444;"SR-RS";"DEL9/2";"UOP03/RS"
264470;2020-01-22;"quarta-feira";"16:30:00";"SP";116;447;"REGISTRO";"Falta de Atenção à Condução";"Queda de ocupante de veículo";"Com Vítimas Feridas";"Plena Noite";"Crescente";"Nublado";"Dupla";"Reta";"Não";1;0;1;0;0;0;1;1;-24,51285;-47,85055;"SR-SP";"DEL6/5";"UOP01/SP"
264471;2020-01-22;"quarta-feira";"10:10:00";"PR";476;249;"LAPA";"Pista Escorregadia";"Queda de ocupante de veículo";"Com Vítimas Feridas";"Pleno dia";"Crescente";"Chuva";"Simples";"Curva";"Não";1;0;1;0;0;0;1;1;-25,86795;-50,14973;"SR-PR";"DEL7/2";"UOP03/PR"
264472;2020-01-22;"quarta-feira";"18:30:00";"BA";116;586;"BREJOES";"Falta de Atenção à Condução";"Colisão traseira";"Com Vítimas Feridas";"Plena Noite";"Crescente";"Nublado";"Simples";"Reta";"Não";4;0;1;0;3;0;1;2;-13,10965;-39,99425;"SR-BA";"DEL10/3";"UOP02/BA"
264473;2020-01-22;"quarta-feira";"17:30:00";"SC";282;303,2;"VARGEM";"Falta de Atenção à Condução";"Saída de leito carroçável";"Sem Vítimas";"Pleno dia";"Decrescente";"Chuva";"Simples";"Curva";"Não";3;0;0;0;3;0;0;1;-27,49877;-50,93105;"SR-SC";"DEL7";"UOP08/SC"
264474;2020-01-22;"quarta-feira";"17:15:00";"MT";70;513;"VARZEA GRANDE";"Desobediência às normas de trânsito pelo condutor";"Colisão transversal";"Sem Vítimas";"Plena Noite";"Decrescente";"Céu Claro";"Múltipla";"Interseção de vias";"Não";2;0;0;0;2;0;0;2;-15,70617;-56,13244;"SR-MT";"DEL2/4";"UOP02/MT"
264475;2020-01-22;"quarta-feira";"17:40:00";"DF";40;3,8;"BRASILIA";"Desobediência às normas de trânsito pelo condutor";"Atropelamento de Pedestre";"Com Vítimas Feridas";"Pleno dia";"Crescente";"Nublado";"Dupla";"Reta";"Sim";2;0;0;1;1;0;1;1;-16,00314;-47,98394;"SR-DF";"UOP01/DF";""
264476;2020-01-22;"quarta-feira";"18:36:00";"GO";50;269,6;"CATALAO";"Falta de Atenção à Condução";"Colisão traseira";"Com Vítimas Feridas";"Anoitecer";"Decrescente";"Ignorado";"Dupla";"Reta";"Não";5;0;0;1;4;0;1;2;-18,1013;-47,8817;"SR-GO";"DEL1/6";"UOP01/GO"
264477;2020-01-22;"quarta-feira";"17:30:00";"SC";470;119;"IBIRAMA";"Velocidade Incompatível";"Capotamento";"Com Vítimas Feridas";"Pleno dia";"Crescente";"Chuva";"Simples";"Não Informado";"Não";2;0;2;0;0;0;2;1;-27,08155;-49,52021;"SR-SC";"DEL8/4";"UOP02/SC"
264478;2020-01-22;"quarta-feira";"18:25:00";"ES";101;257;"SERRA";"Pista Escorregadia";"Colisão com objeto estático";"Sem Vítimas";"Plena Noite";"Decrescente";"Chuva";"Dupla";"Reta";"Não";1;0;0;0;0;1;0;1;-20,12455;-40,30332;"SR-ES";"DEL12/2";"UOP01/ES"