"id";"data_inversa";"dia_semana";"horario";"uf";"br";"km";"municipio";"causa_acidente";"tipo_acidente";"classificacao_acidente";"fase_dia";"sentido_via";"condicao_metereologica";"tipo_pista";"tracado_via";"uso_solo";"pessoas";"mortos";"feridos_leves";"feridos_graves";"ilesos";"ignorados";"feridos";"veiculos";"latitude";"longitude";"regional";"delegacia";"uop"
264572;2020-01-23;"quinta-feira";"08:00:00";"PR";116;0,5;"CAMPINA GRANDE DO SUL";"Pista Escorregadia";"Colisão com objeto estático";"Com Vítimas Feridas";"Pleno dia";"Crescente";"Garoa/Chuvisco";"Múltipla";"Curva";"Não";4;0;3;0;1;0;3;1;-25,0604;-48,56297;"SR-PR";"DEL7/1";"UOP02/PR"
264574;2020-01-23;"quinta-feira";"09:20:00";"ES";101;102,8;"SOORETAMA";"Falta de Atenção à Condução";"Colisão frontal";"Com Vítimas Feridas";"Pleno dia";"Crescente";"Céu Claro";"Simples";"Reta";"Não";3;0;1;1;1;0;2;2;-18,99656;-40,00319;"SR-ES";"DEL12/4";"UOP01/ES"
264575;2020-01-23;"quinta-feira";"09:40:00";"RJ";101;432;"MANGARATIBA";"Velocidade Incompatível";"Colisão com objeto estático";"Com Vítimas Feridas";"Pleno dia";"Decrescente";"Chuva";"Simples";"Não Informado";"Não";1;0;0;1;0;0;1;1;-22,935;-44,0278;"SR-RJ";"DEL5/3";"UOP01/RJ"
264576;2020-01-05;"domingo";"08:30:00";"GO";60;37,2;"GOIANIA";"Velocidade Incompatível";"Tombamento";"Sem Vítimas";"Pleno dia";"Crescente";"Nublado";"Dupla";"Rotatória";"Sim";1;0;0;0;0;1;0;1;-16,7394;-49,34614;"SR-GO";"DEL1/1";"UOP02/GO"
264577;2020-01-23;"quinta-feira";"10:20:00";"MG";381;697,4;"LAVRAS";"Velocidade Incompatível";"Saída de leito carroçável";"Com Vítimas Fatais";"Pleno dia";"Crescente";"Chuva";"Dupla";"Curva";"Não";2;2;0;0;0;0;0;1;-21,29043;-45,14792;"SR-MG";"DEL4/4";"UOP02/MG"
264580;2020-01-23;"quinta-feira";"10:30:00";"BA";116;446,7;"ANTONIO CARDOSO";"Desobediência às normas de trânsito pelo condutor";"Colisão traseira";"Com Vítimas Feridas";"Pleno dia";"Crescente";"Nublado";"Dupla";"Reta";"Não";40;0;2;1;37;0;3;2;-12,381;-39,129;"SR-BA";"DEL10/2";"UOP01/BA"
264583;2020-01-23;"quinta-feira";"10:00:00";"ES";482;57,2;"JERONIMO MONTEIRO";"Defeito Mecânico no Veículo";"Incêndio";"Sem Vítimas";"Pleno dia";"Crescente";"Chuva";"Simples";"Reta";"Não";1;0;0;0;1;0;0;1;-20,79023;-41,3402;"SR-ES";"DEL12/3";"UOP02/ES"
264586;2020-01-23;"quinta-feira";"08:00:00";"MG";381;937,3;"EXTREMA";"Velocidade Incompatível";"Colisão com objeto estático";"Com Vítimas Feridas";"Pleno dia";"Crescente";"Chuva";"Dupla";"Curva";"Não";4;0;1;0;3;0;1;1;-22,8121;-46,28668;"SR-MG";"DEL09";"UOP03/MG"
264588;2020-01-23;"quinta-feira";"11:00:00";"SC";101;198;"BIGUACU";"Velocidade Incompatível";"Tombamento";"Com Vítimas Feridas";"Pleno dia";"Crescente";"Chuva";"Múltipla";"Reta";"Sim";1;0;1;0;0;0;1;1;-27,52659;-48,63506;"SR-SC";"DEL8/1";"UOP01/SC"
264589;2020-01-23;"quinta-feira";"11:00:00";"SC";101;209;"SAO JOSE";"Falta de Atenção à Condução";"Queda de ocupante de veículo";"Com Vítimas Feridas";"Pleno dia";"Decrescente";"Nublado";"Múltipla";"Reta";"Não";3;0;1;0;2;0;1;3;-27,61001;-48,63895;"SR-SC";"DEL8/1";"UOP01/SC"
264590;2020-01-23;"quinta-feira";"11:00:00";"CE";20;317;"CANINDE";"Fenômenos da Natureza";"Saída de leito carroçável";"Com Vítimas Feridas";"Pleno dia";"Crescente";"Chuva";"Simples";"Curva";"Não";1;0;1;0;0;0;1;1;-4,291215;-39,24975;"SR-CE";"DEL16/2";"UOP01/CE"
264591;2020-01-23;"quinta-feira";"11:00:00";"SE";101;63,1;"ROSARIO DO CATETE";"Falta de Atenção à Condução";"Colisão frontal";"Com Vítimas Feridas";"Pleno dia";"Crescente";"Nublado";"Simples";"Reta";"Sim";6;0;1;0;5;0;1;4;-10,69193;-37,04082;"SR-SE";"DEL20/2";"UOP02/SE"
264592;2020-01-23;"quinta-feira";"10:40:00";"RJ";40;116;"DUQUE DE CAXIAS";"Falta de Atenção à Condução";"Colisão lateral";"Com Vítimas Feridas";"Pleno dia";"Crescente";"Chuva";"Dupla";"Reta";"Sim";4;0;1;0;3;0;1;4;-22,73662;-43,28859;"SR-RJ";"DEL5/1";"UOP01/RJ"
264593;2020-01-23;"quinta-feira";"09:15:00";"SC";280;99,5;"SAO BENTO DO SUL";"Velocidade Incompatível";"Colisão frontal";"Com Vítimas Feridas";"Pleno dia";"Decrescente";"Nublado";"Simples";"Não Informado";"Não";2;0;0;1;1;0;1;2;-26,37136;-49,3264;"SR-SC";"DEL8/6";"UOP03/SC"
264594;2020-01-23;"quinta-feira";"11:30:00";"BA";407;9,3;"JUAZEIRO";"Animais na Pista";"Colisão traseira";"Com Vítimas Feridas";"Pleno dia";"Crescente";"Céu Claro";"Simples";"Reta";"Não";2;0;1;0;1;0;1;2;-9,480187;-40,47501;"SR-PE";"DEL11/6";"UOP01/PE"
264595;2020-01-23;"quinta-feira";"12:05:00";"MG";40;679,8;"RESSAQUINHA";"Pista Escorregadia";"Saída de leito carroçável";"Com Vítimas Feridas";"Pleno dia";"Decrescente";"Chuva";"Dupla";"Curva";"Não";2;0;1;0;1;0;1;1;-21,03304;-43,7767;"SR-MG";"DEL5";"UOP02/MG"
264596;2020-01-23;"quinta-feira";"12:00:00";"GO";20;8;"FORMOSA";"Falta de Atenção à Condução";"Colisão traseira";"Sem Vítimas";"Pleno dia";"Decrescente";"Nublado";"Simples";"Reta";"Sim";1;0;0;0;1;0;0;1;-15,55115;-47,28325;"SR-DF";"UOP01/DEL02/DF";""
264597;2020-01-23;"quinta-feira";"11:40:00";"SC";282;606,9;"MARAVILHA";"Desobediência às normas de trânsito pelo condutor";"Colisão transversal";"Com Vítimas Feridas";"Pleno dia";"Decrescente";"Céu Claro";"Simples";"Interseção de vias";"Sim";2;0;1;0;1;0;1;2;-26,77864;-53,19869;"SR-SC";"DEL7";"UOP02/SC"
264598;2020-01-23;"quinta-feira";"12:20:00";"CE";222;55,9;"SAO GONCALO DO AMARANTE";"Falta de Atenção à Condução";"Saída de leito carroçável";"Com Vítimas Fatais";"Pleno dia";"Crescente";"Céu Claro";"Simples";"Reta";"Não";1;1;0;0;0;0;0;1;-3,669763;-39,04883;"SR-CE";"DEL16/1";"UOP03/CE"
264599;2020-01-23;"quinta-feira";"12:05:00";"MG";262;547,8;"CORREGO DANTA";"Velocidade Incompatível";"Colisão frontal";"Com Vítimas Feridas";"Pleno dia";"Crescente";"Chuva";"Simples";"Curva";"Não";5;0;3;0;2;0;3;3;-19,74019;-45,86035;"SR-MG";"DEL4/8";"UOP02/MG"
264600;2020-01-23;"quinta-feira";"12:30:00";"SP";116;65;"GUARATINGUETA";"Pista Escorregadia";"Colisão com objeto estático";"Com Vítimas Feridas";"Pleno dia";"Crescente";"Chuva";"Dupla";"Não Informado";"Sim";1;0;1;0;0;0;1;1;-22,82287;-45,19273;"SR-SP";"DEL6/8";"UOP02/SP"
264601;2020-01-23;"quinta-feira";"12:00:00";"PR";116;14;"CAMPINA GRANDE DO SUL";"Velocidade Incompatível";"Saída de leito carroçável";"Com Vítimas Feridas";"Pleno dia";"Crescente";"Garoa/Chuvisco";"Dupla";"Curva";"Sim";2;0;1;0;1;0;1;1;-25,09836;-48,67392;"SR-PR";"DEL7/1";"UOP02/PR"
264602;2020-01-23;"quinta-feira";"08:25:00";"SC";470;199,5;"PONTE ALTA";"Desobediência às normas de trânsito pelo condutor";"Colisão transversal";"Com Vítimas Feridas";"Pleno dia";"Crescente";"Chuva";"Simples";"Interseção de vias";"Não";2;0;1;0;1;0;1;2;-27,30965;-50,12821;"SR-SC";"DEL8/5";"UOP03/SC"
264603;2020-01-23;"quinta-feira";"12:45:00";"RS";386;353,9;"ESTRELA";"Velocidade Incompatível";"Saída de leito carroçável";"Com Vítimas Feridas";"Pleno dia";"Decrescente";"Sol";"Dupla";"Reta";"Sim";1;0;0;1;0;0;1;1;-29,50377;-51,94521;"SR-RS";"DEL9/4";"UOP02/RS"
264604;2020-01-23;"quinta-feira";"12:50:00";"SC";101;209,2;"SAO JOSE";"Falta de Atenção à Condução";"Engavetamento";"Com Vítimas Feridas";"Pleno dia";"Decrescente";"Chuva";"Dupla";"Reta";"Sim";3;0;1;0;2;0;1;3;-27,61001;-48,63895;"SR-SC";"DEL8/1";"UOP01/SC"
264605;2020-01-23;"quinta-feira";"12:40:00";"SC";101;120;"ITAJAI";"Velocidade Incompatível";"Colisão traseira";"Com Vítimas Feridas";"Pleno dia";"Decrescente";"Nublado";"Dupla";"Reta";"Sim";2;0;1;0;1;0;1;2;-26,91276;-48,712;"SR-SC";"DEL8/4";"UOP04/SC"
264606;2020-01-23;"quinta-feira";"12:50:00";"BA";242;797;"BARREIRAS";"Pista Escorregadia";"Engavetamento";"Sem Vítimas";"Pleno dia";"Crescente";"Chuva";"Simples";"Reta";"Não";7;0;0;0;7;0;0;3;-12,16483;-44,85908;"SR-BA";"DEL10/10";"UOP01/BA"
264607;2020-01-23;"quinta-feira";"13:15:00";"MG";40;558,9;"NOVA LIMA";"Avarias e/ou desgaste excessivo no pneu";"Saída de leito carroçável";"Com Vítimas Feridas";"Pleno dia";"Crescente";"Chuva";"Dupla";"Reta";"Sim";1;0;1;0;0;0;1;1;-20,11083;-43,97222;"SR-MG";"DEL4/1";"UOP02/MG"
264608;2020-01-23;"quinta-feira";"12:10:00";"RJ";101;517;"ANGRA DOS REIS";"Pista Escorregadia";"Colisão frontal";"Com Vítimas Fatais";"Pleno dia";"Decrescente";"Chuva";"Simples";"Curva";"Não";2;1;1;0;0;0;1;2;-22,99647;-44,44633;"SR-RJ";"DEL5/3";"UOP03/RJ"
264609;2020-01-23;"quinta-feira";"07:45:00";"MG";262;37,5;"MANHUACU";"Falta de Atenção à Condução";"Colisão transversal";"Com Vítimas Feridas";"Pleno dia";"Decrescente";"Chuva";"Simples";"Reta";"Sim";2;0;0;1;1;0;1;2;-20,25749;-42,03049;"SR-MG";"DEL4/6";"UOP04/MG"
264610;2020-01-23;"quinta-feira";"13:25:00";"MG";381;704,1;"LAVRAS";"Falta de Atenção à Condução";"Colisão com objeto estático";"Com Vítimas Feridas";"Pleno dia";"Decrescente";"Garoa/Chuvisco";"Dupla";"Curva";"Não";1;0;1;0;0;0;1;1;-21,3097;-45,16184;"SR-MG";"DEL4/4";"UOP02/MG"
264611;2020-01-23;"quinta-feira";"11:30:00";"PB";230;124,8;"RIACHAO DO BACAMARTE";"Falta de Atenção à Condução";"Capotamento";"Com Vítimas Feridas";"Pleno dia";"Decrescente";"Chuva";"Dupla";"Curva";"Não";2;0;1;0;1;0;1;1;-7,2465;-35,6751;"SR-PB";"DEL14/2";"UOP01/PB"
264613;2020-01-23;"quinta-feira";"12:55:00";"RN";304;249;"SANTA MARIA";"Desobediência às normas de trânsito pelo condutor";"Colisão traseira";"Sem Vítimas";"Pleno dia";"Decrescente";"Céu Claro";"Simples";"Interseção de vias";"Não";2;0;0;0;2;0;0;2;-5,828882;-35,76258;"SR-RN";"DEL15/1";"UOP02/RN"
264614;2020-01-23;"quinta-feira";"14:20:00";"SC";280;83,7;"CORUPA";"Pista Escorregadia";"Tombamento";"Com Vítimas Feridas";"Pleno dia";"Crescente";"Garoa/Chuvisco";"Simples";"Rotatória";"Sim";1;0;1;0;0;0;1;1;-26,43798;-49,23478;"SR-SC";"DEL8/6";"UOP03/SC"
264615;2020-01-23;"quinta-feira";"14:15:00";"SP";116;70;"APARECIDA";"Pista Escorregadia";"Colisão com objeto estático";"Com Vítimas Fatais";"Pleno dia";"Crescente";"Chuva";"Dupla";"Não Informado";"Sim";6;1;3;2;0;0;5;3;-22,84811;-45,22726;"SR-SP";"DEL6/8";"UOP02/SP"
264616;2020-01-23;"quinta-feira";"14:35:00";"PR";116;151,2;"MANDIRITUBA";"Desobediência às normas de trânsito pelo condutor";"Colisão frontal";"Com Vítimas Feridas";"Pleno dia";"Crescente";"Chuva";"Simples";"Não Informado";"Não";2;0;0;1;1;0;1;2;-25,82348;-49,33548;"SR-PR";"DEL7/1";"UOP03/PR"
264617;2020-01-23;"quinta-feira";"13:00:00";"MT";364;357;"SANTO ANTONIO DO LEVERGER";"Velocidade Incompatível";"Saída de leito carroçável";"Com Vítimas Feridas";"Pleno dia";"Decrescente";"Sol";"Dupla";"Não Informado";"Não";1;0;1;0;0;0;1;1;-15,7849;-55,60856;"SR-MT";"DEL2/1";"UOP01/MT"
264618;2020-01-23;"quinta-feira";"14:40:00";"MG";381;838,5;"SAO SEBASTIAO DA BELA VISTA";"Velocidade Incompatível";"Saída de leito carroçável";"Com Vítimas Feridas";"Pleno dia";"Crescente";"Chuva";"Dupla";"Curva";"Não";5;0;3;0;2;0;3;2;-22,19253;-45,84776;"SR-MG";"DEL09";"UOP01/MG"
264619;2020-01-15;"quarta-feira";"11:40:00";"SC";470;136,7;"RIO DO SUL";"Desobediência às normas de trânsito pelo condutor";"Colisão traseira";"Com Vítimas Feridas";"Pleno dia";"Decrescente";"Nublado";"Múltipla";"Interseção de vias";"Sim";2;0;1;0;1;0;1;2;-27,19432;-49,62455;"SR-SC";"DEL8/4";"UOP02/SC"
264620;2020-01-23;"quinta-feira";"13:40:00";"MT";364;209;"RONDONOPOLIS";"Velocidade Incompatível";"Tombamento";"Sem Vítimas";"Pleno dia";"Decrescente";"Nublado";"Dupla";"Reta";"Sim";1;0;0;0;1;0;0;1;-16,42895;-54,69338;"SR-MT";"DEL2/2";"UOP01/MT"
264621;2020-01-23;"quinta-feira";"14:10:00";"RS";101;80,5;"OSORIO";"Falta de Atenção à Condução";"Colisão lateral";"Com Vítimas Feridas";"Pleno dia";"Crescente";"Sol";"Dupla";"Reta";"Não";3;0;2;0;1;0;2;2;-29,82635;-50,24826;"SR-RS";"DEL9/3";"UOP01/RS"
264622;2020-01-19;"domingo";"17:00:00";"SC";470;124,4;"IBIRAMA";"Velocidade Incompatível";"Saída de leito carroçável";"Com Vítimas Feridas";"Pleno dia";"Crescente";"Céu Claro";"Simples";"Curva";"Não";2;0;1;1;0;0;2;1;-27,11319;-49,52916;"SR-SC";"DEL8/4";"UOP02/SC"
264623;2020-01-23;"quinta-feira";"15:05:00";"SP";116;218;"GUARULHOS";"Falta de Atenção à Condução";"Engavetamento";"Com Vítimas Feridas";"Pleno dia";"Crescente";"Nublado";"Múltipla";"Reta";"Sim";7;0;3;0;4;0;3;5;-23,45797;-46,47993;"SR-SP";"DEL6/1";"UOP01/SP"
264624;2020-01-23;"quinta-feira";"08:40:00";"SC";470;95,6;"APIUNA";"Condutor Dormindo";"Saída de leito carroçável";"Com Vítimas Feridas";"Pleno dia";"Crescente";"Nublado";"Simples";"Curva";"Não";4;0;0;4;0;0;4;1;-27,01893;-49,37067;"SR-SC";"DEL8/4";"UOP01/SC"
264625;2020-01-23;"quinta-feira";"13:00:00";"MG";459;105,2;"POUSO ALEGRE";"Velocidade Incompatível";"Colisão com objeto estático";"Sem Vítimas";"Pleno dia";"Crescente";"Chuva";"Dupla";"Curva";"Não";1;0;0;0;0;1;0;1;-22,23973;-45,88679;"SR-MG";"DEL09";"UOP01/MG"
264626;2020-01-23;"quinta-feira";"15:00:00";"RJ";40;115;"DUQUE DE CAXIAS";"Falta de Atenção à Condução";"Colisão com objeto estático";"Com Vítimas Feridas";"Pleno dia";"Crescente";"Chuva";"Múltipla";"Reta";"Sim";3;0;0;1;2;0;1;2;-22,72757;-43,28916;"SR-RJ";"DEL5/1";"UOP01/RJ"
264627;2020-01-23;"quinta-feira";"14:00:00";"MS";158;8,2;"CASSILANDIA";"Não guardar distância de segurança";"Colisão traseira";"Com Vítimas Feridas";"Pleno dia";"Crescente";"Chuva";"Simples";"Reta";"Não";2;0;1;0;1;0;1;2;-19,14051;-51,69106;"SR-MS";"DEL3/8";"UOP01/MS"
264628;2020-01-23;"quinta-feira";"14:40:00";"AL";101;132,5;"SAO MIGUEL DOS CAMPOS";"Falta de Atenção à Condução";"Colisão lateral";"Com Vítimas Feridas";"Pleno dia";"Decrescente";"Céu Claro";"Simples";"Curva";"Não";2;0;0;1;0;1;1;2;-9,770472;-36,08833;"SR-AL";"DEL13/2";"UOP01/AL"
264629;2020-01-23;"quinta-feira";"15:20:00";"SC";101;238;"PALHOCA";"Falta de Atenção à Condução";"Colisão traseira";"Com Vítimas Feridas";"Pleno dia";"Decrescente";"Chuva";"Dupla";"Não Informado";"Sim";2;0;1;0;1;0;1;2;-27,84294;-48,63472;"SR-SC";"DEL8/1";"UOP02/SC"
264630;2020-01-23;"quinta-feira";"15:30:00";"PR";376;674,7;"GUARATUBA";"Pista Escorregadia";"Saída de leito carroçável";"Sem Vítimas";"Pleno dia";"Crescente";"Garoa/Chuvisco";"Dupla";"Não Informado";"Não";1;0;0;0;1;0;0;1;-25,90851;-48,92071;"SR-PR";"DEL7/1";"UOP08/PR"
264631;2020-01-23;"quinta-feira";"15:30:00";"GO";80;150;"SANTA RITA DO NOVO DESTINO";"Velocidade Incompatível";"Saída de leito carroçável";"Com Vítimas Feridas";"Pleno dia";"Crescente";"Chuva";"Simples";"Curva";"Não";5;0;5;0;0;0;5;1;-14,85533;-49,02316;"SR-GO";"DEL1/7";"UOP01/GO"
264633;2020-01-23;"quinta-feira";"10:50:00";"SC";282;79,7;"RANCHO QUEIMADO";"Velocidade Incompatível";"Colisão frontal";"Com Vítimas Fatais";"Pleno dia";"Decrescente";"Chuva";"Simples";"Curva";"Não";7;2;4;0;1;0;4;3;-27,6707;-49,15576;"SR-SC";"DEL8/1";"UOP03/SC"
264634;2020-01-23;"quinta-feira";"15:00:00";"RJ";101;430,3;"MANGARATIBA";"Velocidade Incompatível";"Colisão com objeto estático";"Sem Vítimas";"Pleno dia";"Decrescente";"Chuva";"Simples";"Curva";"Não";1;0;0;0;1;0;0;1;-22,93737;-44,01458;"SR-RJ";"DEL5/3";"UOP01/RJ"
264635;2020-01-23;"quinta-feira";"16:30:00";"MG";262;127,9;"RIO CASCA";"Velocidade Incompatível";"Colisão frontal";"Com Vítimas Feridas";"Pleno dia";"Crescente";"Chuva";"Simples";"Curva";"Não";3;0;2;1;0;0;3;2;-20,1809;-42,69777;"SR-MG";"DEL4/3";"UOP03/MG"
264636;2020-01-23;"quinta-feira";"16:40:00";"ES";101;294,6;"CARIACICA";"Falta de Atenção à Condução";"Colisão lateral";"Com Vítimas Feridas";"Pleno dia";"Crescente";"Céu Claro";"Dupla";"Reta";"Sim";2;0;1;0;1;0;1;2;-20,32416;-40,39529;"SR-ES";"DEL12/1";"UOP01/ES"
264639;2020-01-23;"quinta-feira";"16:42:00";"TO";153;334;"GUARAI";"Falta de Atenção à Condução";"Colisão traseira";"Com Vítimas Feridas";"Pleno dia";"Crescente";"Garoa/Chuvisco";"Simples";"Reta";"Sim";3;0;1;0;1;1;1;2;-8,835718;-48,51212;"SR-TO";"UOP03/TO";""
264640;2020-01-23;"quinta-feira";"14:10:00";"RJ";116;177,5;"NOVA IGUACU";"Falta de Atenção à Condução";"Queda de ocupante de veículo";"Com Vítimas Feridas";"Pleno dia";"Crescente";"Chuva";"Dupla";"Reta";"Sim";1;0;1;0;0;0;1;1;-22,75076;-43,43975;"SR-RJ";"DEL5/1";"UOP02/RJ"
264641;2020-01-23;"quinta-feira";"16:55:00";"SP";116;417;"JUQUIA";"Pista Escorregadia";"Saída de leito carroçável";"Com Vítimas Feridas";"Pleno dia";"Decrescente";"Chuva";"Dupla";"Reta";"Não";3;0;1;0;2;0;1;1;-24,34887;-47,65148;"SR-SP";"DEL6/5";"UOP01/SP"
264642;2020-01-23;"quinta-feira";"13:00:00";"MT";364;490;"JANGADA";"Falta de Atenção à Condução";"Colisão traseira";"Com Vítimas Feridas";"Pleno dia";"Crescente";"Céu Claro";"Simples";"Reta";"Não";2;0;1;0;1;0;1;2;-15,32587;-56,42697;"SR-MT";"DEL2/4";"UOP02/MT"
264643;2020-01-23;"quinta-feira";"16:28:00";"PE";232;269;"SERTANIA";"Pista Escorregadia";"Saída de leito carroçável";"Sem Vítimas";"Pleno dia";"Decrescente";"Chuva";"Simples";"Curva";"Não";1;0;0;0;1;0;0;1;-8,405207;-37,20955;"SR-PE";"DEL11/3";"UOP02/PE"
264644;2020-01-23;"quinta-feira";"09:20:00";"MG";381;250;"SANTANA DO PARAISO";"Desobediência às normas de trânsito pelo condutor";"Colisão transversal";"Com Vítimas Feridas";"Pleno dia";"Decrescente";"Chuva";"Simples";"Reta";"Sim";5;0;2;0;1;2;2;2;-19,48378;-42,55378;"SR-MG";"DEL4/6";"UOP01/MG"
264645;2020-01-23;"quinta-feira";"17:10:00";"SC";470;71,1;"INDAIAL";"Falta de Atenção à Condução";"Colisão transversal";"Com Vítimas Feridas";"Pleno dia";"Decrescente";"Céu Claro";"Simples";"Reta";"Não";2;0;1;0;1;0;1;2;-26,89524;-49,2621;"SR-SC";"DEL8/4";"UOP01/SC"
264646;2020-01-23;"quinta-feira";"17:00:00";"SP";381;60,5;"MAIRIPORA";"Pista Escorregadia";"Colisão com objeto estático";"Com Vítimas Feridas";"Anoitecer";"Crescente";"Chuva";"Dupla";"Curva";"Sim";2;0;1;0;1;0;1;1;-23,28958;-46,5873;"SR-SP";"DEL6/3";"UOP02/SP"
264647;2020-01-23;"quinta-feira";"09:00:00";"MG";40;177,8;"JOAO PINHEIRO";"Pista Escorregadia";"Saída de leito carroçável";"Com Vítimas Feridas";"Pleno dia";"Decrescente";"Chuva";"Simples";"Reta";"Não";3;0;0;1;2;0;1;1;-17,96439;-46,00614;"SR-MG";"DEL4/14";"UOP02/MG"
264648;2020-01-23;"quinta-feira";"16:45:00";"SP";116;219;"GUARULHOS";"Não guardar distância de segurança";"Queda de ocupante de veículo";"Com Vítimas Feridas";"Pleno dia";"Crescente";"Garoa/Chuvisco";"Múltipla";"Reta";"Sim";2;0;0;1;1;0;1;2;-23,46144;-46,48885;"SR-SP";"DEL6/1";"UOP01/SP"
264649;2020-01-23;"quinta-feira";"16:40:00";"PR";369;102,9;"URAI";"Falta de Atenção à Condução";"Colisão frontal";"Com Vítimas Feridas";"Pleno dia";"Decrescente";"Nublado";"Simples";"Não Informado";"Não";4;0;0;3;1;0;3;2;-23,24729;-50,74238;"SR-PR";"DEL7/7";"UOP06/PR"
264650;2020-01-23;"quinta-feira";"17:00:00";"MG";381;905,2;"CAMBUI";"Velocidade Incompatível";"Colisão com objeto estático";"Com Vítimas Feridas";"Pleno dia";"Decrescente";"Chuva";"Dupla";"Não Informado";"Não";1;0;1;0;0;0;1;1;-22,66142;-46,08856;"SR-MG";"DEL09";"UOP03/MG"
264651;2020-01-23;"quinta-feira";"17:10:00";"CE";222;21;"CAUCAIA";"Defeito Mecânico no Veículo";"Tombamento";"Sem Vítimas";"Anoitecer";"Crescente";"Céu Claro";"Simples";"Curva";"Não";2;0;0;0;2;0;0;2;-3,737153;-38,74294;"SR-CE";"DEL16/1";"UOP01/CE"
264652;2020-01-23;"quinta-feira";"14:30:00";"MG";381;491;"BETIM";"Falta de Atenção à Condução";"Colisão lateral";"Com Vítimas Feridas";"Pleno dia";"Crescente";"Chuva";"Dupla";"Reta";"Sim";3;0;1;0;2;0;1;2;-19,96812;-44,17641;"SR-MG";"DEL4/1";"UOP03/MG"
264654;2020-01-23;"quinta-feira";"17:00:00";"MG";381;646;"SANTO ANTONIO DO AMPARO";"Falta de Atenção à Condução";"Saída de leito carroçável";"Com Vítimas Feridas";"Pleno dia";"Crescente";"Nublado";"Dupla";"Curva";"Não";4;0;4;0;0;0;4;1;-20,94499;-44,88112;"SR-MG";"DEL4/4";"UOP01/MG"
264655;2020-01-23;"quinta-feira";"17:00:00";"MG";262;369;"JUATUBA";"Pista Escorregadia";"Colisão com objeto estático";"Com Vítimas Feridas";"Pleno dia";"Decrescente";"Chuva";"Dupla";"Reta";"Não";2;0;1;0;1;0;1;1;-19,97081;-44,28988;"SR-MG";"DEL4/1";"UOP03/MG"
264656;2020-01-23;"quinta-feira";"18:00:00";"SC";101;208,3;"SAO JOSE";"Falta de Atenção à Condução";"Tombamento";"Com Vítimas Feridas";"Pleno dia";"Crescente";"Nublado";"Múltipla";"Não Informado";"Sim";2;0;2;0;0;0;2;1;-27,60333;-48,63215;"SR-SC";"DEL8/1";"UOP01/SC"
264657;2020-01-23;"quinta-feira";"16:30:00";"MG";40;510;"RIBEIRAO DAS NEVES";"Avarias e/ou desgaste excessivo no pneu";"Saída de leito carroçável";"Sem Vítimas";"Pleno dia";"Decrescente";"Chuva";"Dupla";"Reta";"Sim";1;0;0;0;1;0;0;1;-19,77464;-44,12322;"SR-MG";"DEL4/1";"UOP02/MG"
264658;2020-01-23;"quinta-feira";"17:30:00";"CE";116;4,7;"FORTALEZA";"Desobediência às normas de trânsito pelo condutor";"Colisão traseira";"Com Vítimas Feridas";"Anoitecer";"Crescente";"Nublado";"Múltipla";"Reta";"Sim";2;0;2;0;0;0;2;2;-3,792564;-38,50891;"SR-CE";"DEL16/1";"UOP02/CE"
264659;2020-01-23;"quinta-feira";"17:20:00";"MG";40;716;"BARBACENA";"Velocidade Incompatível";"Saída de leito carroçável";"Com Vítimas Feridas";"Pleno dia";"Crescente";"Garoa/Chuvisco";"Dupla";"Viaduto";"Não";3;0;3;0;0;0;3;1;-21,27017;-43,64989;"SR-MG";"DEL5";"UOP01/MG"
264661;2020-01-23;"quinta-feira";"17:05:00";"PE";232;9,1;"RECIFE";"Falta de Atenção à Condução";"Engavetamento";"Sem Vítimas";"Anoitecer";"Decrescente";"Céu Claro";"Dupla";"Reta";"Não";6;0;0;0;6;0;0;6;-8,077644;-34,97864;"SR-PE";"DEL11/1";"UOP01/PE"
264662;2020-01-23;"quinta-feira";"17:54:00";"PR";476;132;"CURITIBA";"Falta de Atenção à Condução";"Colisão lateral";"Com Vítimas Feridas";"Pleno dia";"Crescente";"Céu Claro";"Múltipla";"Reta";"Sim";2;0;1;0;1;0;1;2;-25,46072;-49,25049;"SR-PR";"DEL7/1";"UOP03/PR"
264663;2020-01-23;"quinta-feira";"11:50:00";"MG";40;618;"CONGONHAS";"Desobediência às normas de trânsito pelo condutor";"Colisão transversal";"Com Vítimas Feridas";"Pleno dia";"Crescente";"Chuva";"Simples";"Reta";"Não";2;0;1;0;1;0;1;2;-20,56159;-43,81227;"SR-MG";"DEL5";"UOP02/MG"
264664;2020-01-23;"quinta-feira";"17:30:00";"RJ";116;328;"RESENDE";"Fenômenos da Natureza";"Colisão lateral";"Sem Vítimas";"Pleno dia";"Crescente";"Chuva";"Dupla";"Curva";"Não";2;0;0;0;2;0;0;2;-22,5048;-44,59685;"SR-RJ";"DEL5/7";"UOP02/RJ"
264665;2020-01-23;"quinta-feira";"17:50:00";"PE";104;76,5;"CARUARU";"Falta de Atenção à Condução";"Colisão lateral";"Com Vítimas Feridas";"Anoitecer";"Crescente";"Nublado";"Simples";"Curva";"Não";2;0;1;0;1;0;1;2;-8,367286;-35,98515;"SR-PE";"DEL11/2";"UOP01/PE"
264667;2020-01-23;"quinta-feira";"17:15:00";"RS";468;92;"TRES PASSOS";"Defeito Mecânico no Veículo";"Tombamento";"Com Vítimas Feridas";"Pleno dia";"Decrescente";"Céu Claro";"Simples";"Reta";"Não";2;0;2;0;0;0;2;1;-27,52687;-53,87549;"SR-RS";"DEL08";"UOP02/RS"