"id";"data_inversa";"dia_semana";"horario";"uf";"br";"km";"municipio";"causa_acidente";"tipo_acidente";"classificacao_acidente";"fase_dia";"sentido_via";"condicao_metereologica";"tipo_pista";"tracado_via";"uso_solo";"pessoas";"mortos";"feridos_leves";"feridos_graves";"ilesos";"ignorados";"feridos";"veiculos";"latitude";"longitude";"regional";"delegacia";"uop"
264856;2020-01-24;"sexta-feira";"16:20:00";"MG";116;415;"GOVERNADOR VALADARES";"Animais na Pista";"Atropelamento de Animal";"Com Vítimas Feridas";"Pleno dia";"Decrescente";"Nublado";"Simples";"Reta";"Sim";3;0;1;0;1;1;1;1;-18,88401;-41,94924;"SR-MG";"DEL4/6";"UOP01/MG"
264857;2020-01-24;"sexta-feira";"15:40:00";"MG";459;26,6;"CALDAS";"Velocidade Incompatível";"Tombamento";"Com Vítimas Feridas";"Pleno dia";"Crescente";"Céu Claro";"Simples";"Rotatória";"Não";1;0;1;0;0;0;1;1;-21,8924;-46,38743;"SR-MG";"DEL09";"UOP04/MG"
264858;2020-01-24;"sexta-feira";"14:00:00";"PR";153;1;"JACAREZINHO";"Falta de Atenção à Condução";"Tombamento";"Com Vítimas Feridas";"Pleno dia";"Decrescente";"Céu Claro";"Simples";"Curva";"Sim";1;0;0;1;0;0;1;1;-23,0029;-49,90833;"SR-PR";"DEL7/7";"UOP07/PR"
264860;2020-01-24;"sexta-feira";"15:20:00";"SC";470;266,6;"CURITIBANOS";"Defeito Mecânico no Veículo";"Incêndio";"Sem Vítimas";"Pleno dia";"Crescente";"Nublado";"Dupla";"Curva";"Não";1;0;0;0;1;0;0;1;-27,31154;-50,72959;"SR-SC";"DEL8/5";"UOP03/SC"
264862;2020-01-24;"sexta-feira";"17:35:00";"CE";304;53;"ARACATI";"Restrição de Visibilidade";"Colisão transversal";"Com Vítimas Feridas";"Anoitecer";"Crescente";"Céu Claro";"Simples";"Reta";"Não";3;0;2;0;1;0;2;2;-4,574024;-37,73636;"SR-CE";"DEL16/3";"UOP03/CE"
264863;2020-01-24;"sexta-feira";"17:30:00";"MG";40;768,4;"JUIZ DE FORA";"Pista Escorregadia";"Colisão frontal";"Com Vítimas Fatais";"Pleno dia";"Crescente";"Chuva";"Simples";"Curva";"Não";8;2;0;6;0;0;6;2;-21,5824;-43,46596;"SR-MG";"DEL5";"UOP01/MG"
264865;2020-01-24;"sexta-feira";"17:00:00";"ES";101;144,7;"LINHARES";"Animais na Pista";"Colisão lateral";"Com Vítimas Feridas";"Pleno dia";"Decrescente";"Chuva";"Dupla";"Reta";"Não";1;0;1;0;0;0;1;1;-19,35188;-40,06367;"SR-ES";"DEL12/4";"UOP01/ES"
264866;2020-01-24;"sexta-feira";"17:33:00";"MT";70;289;"PRIMAVERA DO LESTE";"Desobediência às normas de trânsito pelo condutor";"Colisão transversal";"Sem Vítimas";"Anoitecer";"Decrescente";"Céu Claro";"Simples";"Interseção de vias";"Não";4;0;0;0;4;0;0;2;-15,57724;-54,37705;"SR-MT";"DEL2/5";"UOP01/MT"
264867;2020-01-24;"sexta-feira";"18:00:00";"RS";287;292,3;"SAO PEDRO DO SUL";"Falta de Atenção à Condução";"Saída de leito carroçável";"Com Vítimas Feridas";"Pleno dia";"Decrescente";"Céu Claro";"Simples";"Não Informado";"Não";2;0;0;2;0;0;2;1;-29,63674;-54,29649;"SR-RS";"DEL9/9";"UOP01/RS"
264868;2020-01-24;"sexta-feira";"15:30:00";"MA";135;7,8;"SAO LUIS";"Defeito Mecânico no Veículo";"Colisão traseira";"Com Vítimas Feridas";"Pleno dia";"Decrescente";"Céu Claro";"Dupla";"Reta";"Sim";2;0;0;1;1;0;1;2;-2,636088;-44,26849;"SR-MA";"DEL18/1";"UOP01/MA"
264869;2020-01-24;"sexta-feira";"18:30:00";"SP";116;230;"SAO PAULO";"Falta de Atenção à Condução";"Colisão lateral";"Com Vítimas Feridas";"Anoitecer";"Decrescente";"Nublado";"Múltipla";"Reta";"Sim";2;0;1;0;1;0;1;2;-23,51512;-46,57831;"SR-SP";"DEL6/1";"UOP01/SP"
264870;2020-01-24;"sexta-feira";"19:10:00";"DF";60;25,1;"BRASILIA";"Pista Escorregadia";"Saída de leito carroçável";"Com Vítimas Feridas";"Plena Noite";"Decrescente";"Garoa/Chuvisco";"Dupla";"Não Informado";"Não";1;0;1;0;0;0;1;1;-15,99638;-48,24003;"SR-DF";"UOP03/DF";""
264871;2020-01-24;"sexta-feira";"18:45:00";"PB";230;105,9;"INGA";"Defeito na Via";"Tombamento";"Com Vítimas Fatais";"Plena Noite";"Crescente";"Céu Claro";"Dupla";"Curva";"Não";4;1;0;1;2;0;1;2;-7,2083;-35,5318;"SR-PB";"DEL14/1";"UOP02/PB"
264872;2020-01-24;"sexta-feira";"16:30:00";"BA";101;329;"PRESIDENTE TANCREDO NEVES";"Falta de Atenção à Condução";"Colisão traseira";"Com Vítimas Feridas";"Pleno dia";"Crescente";"Nublado";"Simples";"Reta";"Sim";2;0;0;1;1;0;1;2;-13,4716;-39,41826;"SR-BA";"DEL10/5";"UOP03/BA"
264873;2020-01-24;"sexta-feira";"19:35:00";"SP";116;221,5;"GUARULHOS";"Não guardar distância de segurança";"Colisão lateral";"Com Vítimas Feridas";"Plena Noite";"Decrescente";"Nublado";"Múltipla";"Reta";"Sim";4;0;1;0;3;0;1;2;-23,46802;-46,50705;"SR-SP";"DEL6/1";"UOP01/SP"
264874;2020-01-24;"sexta-feira";"18:18:00";"MG";153;130;"PRATA";"Velocidade Incompatível";"Colisão lateral";"Com Vítimas Feridas";"Pleno dia";"Crescente";"Nublado";"Simples";"Reta";"Não";3;0;1;0;1;1;1;2;-19,48467;-48,86193;"SR-MG";"DEL4/15";"UOP03/MG"
264875;2020-01-24;"sexta-feira";"17:30:00";"MA";135;22;"SAO LUIS";"Falta de Atenção à Condução";"Colisão lateral";"Sem Vítimas";"Anoitecer";"Crescente";"Céu Claro";"Dupla";"Reta";"Sim";2;0;0;0;2;0;0;2;-2,745967;-44,34234;"SR-MA";"DEL18/1";"UOP01/MA"
264877;2020-01-24;"sexta-feira";"19:45:00";"PR";116;126;"FAZENDA RIO GRANDE";"Desobediência às normas de trânsito pelo condutor";"Colisão transversal";"Sem Vítimas";"Plena Noite";"Crescente";"Nublado";"Dupla";"Interseção de vias";"Sim";4;0;0;0;4;0;0;2;-25,6039;-49,31824;"SR-PR";"DEL7/1";"UOP03/PR"
264878;2020-01-24;"sexta-feira";"20:10:00";"GO";60;101;"ANAPOLIS";"Falta de Atenção à Condução";"Colisão lateral";"Com Vítimas Feridas";"Plena Noite";"Crescente";"Céu Claro";"Dupla";"Reta";"Sim";2;0;1;0;1;0;1;2;-16,4022;-48,9745;"SR-GO";"DEL1/2";"UOP01/GO"
264880;2020-01-24;"sexta-feira";"18:20:00";"RJ";40;78;"PETROPOLIS";"Pista Escorregadia";"Saída de leito carroçável";"Com Vítimas Feridas";"Anoitecer";"Crescente";"Chuva";"Dupla";"Curva";"Não";1;0;1;0;0;0;1;1;-22,48501;-43,22745;"SR-RJ";"DEL5/6";"UOP03/RJ"
264882;2020-01-24;"sexta-feira";"20:20:00";"PR";476;213,7;"LAPA";"Falta de Atenção à Condução";"Colisão frontal";"Com Vítimas Fatais";"Plena Noite";"Crescente";"Nublado";"Simples";"Curva";"Não";2;1;0;0;1;0;0;2;-25,77931;-49,87555;"SR-PR";"DEL7/2";"UOP03/PR"
264883;2020-01-24;"sexta-feira";"19:50:00";"RJ";101;86;"CAMPOS DOS GOYTACAZES";"Pista Escorregadia";"Saída de leito carroçável";"Com Vítimas Feridas";"Plena Noite";"Decrescente";"Chuva";"Dupla";"Não Informado";"Não";3;0;1;0;2;0;1;1;-21,82667;-41,48737;"SR-RJ";"DEL5/8";"UOP02/RJ"
264884;2020-01-24;"sexta-feira";"20:00:00";"SP";116;230;"SAO PAULO";"Falta de Atenção à Condução";"Colisão traseira";"Com Vítimas Feridas";"Plena Noite";"Decrescente";"Garoa/Chuvisco";"Múltipla";"Reta";"Sim";2;0;1;0;1;0;1;2;-23,51789;-46,58101;"SR-SP";"DEL6/1";"UOP01/SP"
264885;2020-01-24;"sexta-feira";"19:20:00";"MG";381;343;"BELA VISTA DE MINAS";"Ingestão de Álcool";"Colisão frontal";"Sem Vítimas";"Pleno dia";"Crescente";"Chuva";"Simples";"Não Informado";"Não";3;0;0;0;2;1;0;2;-19,85664;-43,10917;"SR-MG";"DEL4/3";"UOP01/MG"
264887;2020-01-24;"sexta-feira";"19:15:00";"MS";163;491,2;"CAMPO GRANDE";"Falta de Atenção do Pedestre";"Atropelamento de Pedestre";"Com Vítimas Feridas";"Plena Noite";"Crescente";"Céu Claro";"Dupla";"Reta";"Sim";3;0;1;0;2;0;1;1;-20,39062;-54,5529;"SR-MS";"DEL3/1";"UOP02/MS"
264888;2020-01-24;"sexta-feira";"20:00:00";"SC";101;209;"SAO JOSE";"Não guardar distância de segurança";"Colisão lateral";"Com Vítimas Feridas";"Plena Noite";"Decrescente";"Nublado";"Dupla";"Reta";"Sim";5;0;1;0;4;0;1;2;-27,61001;-48,63895;"SR-SC";"DEL8/1";"UOP01/SC"
264889;2020-01-24;"sexta-feira";"20:00:00";"RS";285;342;"CARAZINHO";"Ingestão de Álcool";"Colisão lateral";"Com Vítimas Feridas";"Anoitecer";"Crescente";"Céu Claro";"Simples";"Reta";"Não";3;0;1;1;1;0;2;2;-28,31854;-52,81699;"SR-RS";"DEL08";"UOP03/RS"
264890;2020-01-24;"sexta-feira";"21:00:00";"RN";101;112;"SAO JOSE DE MIPIBU";"Animais na Pista";"Atropelamento de Animal";"Com Vítimas Feridas";"Plena Noite";"Crescente";"Garoa/Chuvisco";"Dupla";"Desvio Temporário";"Não";2;0;2;0;0;0;2;1;-5,96429;-35,26488;"SR-RN";"DEL15/1";"UOP01/RN"
264891;2020-01-24;"sexta-feira";"21:15:00";"SC";470;41,6;"GASPAR";"Desobediência às normas de trânsito pelo condutor";"Colisão lateral";"Com Vítimas Feridas";"Plena Noite";"Decrescente";"Nublado";"Simples";"Curva";"Sim";3;0;1;1;1;0;2;2;-26,88234;-48,99697;"SR-SC";"DEL8/4";"UOP01/SC"
264892;2020-01-24;"sexta-feira";"19:37:00";"RJ";493;69;"NOVA IGUACU";"Desobediência às normas de trânsito pelo condutor";"Colisão transversal";"Com Vítimas Feridas";"Plena Noite";"Crescente";"Céu Claro";"Dupla";"Curva";"Não";7;0;0;1;5;1;1;2;-22,66122;-43,35514;"SR-RJ";"DEL5/1";"UOP03/RJ"
264893;2020-01-24;"sexta-feira";"20:20:00";"MG";146;559,5;"CABO VERDE";"Falta de Atenção à Condução";"Colisão lateral";"Com Vítimas Feridas";"Plena Noite";"Crescente";"Nublado";"Simples";"Reta";"Não";2;0;1;0;1;0;1;2;-21,466;-46,40398;"SR-MG";"DEL09";"UOP04/MG"
264894;2020-01-24;"sexta-feira";"20:30:00";"SP";116;51;"LORENA";"Desobediência às normas de trânsito pelo pedestre";"Atropelamento de Pedestre";"Com Vítimas Fatais";"Plena Noite";"Crescente";"Céu Claro";"Dupla";"Reta";"Não";2;1;0;0;1;0;0;1;-22,74158;-45,09206;"SR-SP";"DEL6/8";"UOP02/SP"
264895;2020-01-24;"sexta-feira";"18:00:00";"GO";158;267,5;"JATAI";"Falta de Atenção à Condução";"Colisão traseira";"Com Vítimas Feridas";"Pleno dia";"Crescente";"Céu Claro";"Dupla";"Reta";"Sim";2;0;1;0;1;0;1;2;-17,84376;-51,74495;"SR-GO";"DEL1/5";"UOP01/GO"
264896;2020-01-24;"sexta-feira";"21:45:00";"GO";40;4,9;"VALPARAISO DE GOIAS";"Falta de Atenção à Condução";"Colisão lateral";"Com Vítimas Feridas";"Plena Noite";"Decrescente";"Ignorado";"Dupla";"Retorno Regulamentado";"Sim";2;0;1;0;1;0;1;2;-16,09313;-47,98224;"SR-DF";"UOP01/DF";""
264897;2020-01-24;"sexta-feira";"21:30:00";"SC";280;58;"GUARAMIRIM";"Falta de Atenção à Condução";"Colisão transversal";"Sem Vítimas";"Plena Noite";"Crescente";"Nublado";"Simples";"Reta";"Sim";2;0;0;0;2;0;0;2;-26,47429;-49,02367;"SR-SC";"DEL8/3";"UOP03/SC"
264898;2020-01-24;"sexta-feira";"21:20:00";"GO";153;504;"APARECIDA DE GOIANIA";"Defeito na Via";"Queda de ocupante de veículo";"Com Vítimas Feridas";"Plena Noite";"Crescente";"Nublado";"Dupla";"Reta";"Sim";2;0;2;0;0;0;2;1;-16,7451;-49,2408;"SR-GO";"DEL1/1";"UOP01/GO"
264899;2020-01-24;"sexta-feira";"19:00:00";"CE";20;409;"CAUCAIA";"Defeito na Via";"Tombamento";"Sem Vítimas";"Plena Noite";"Decrescente";"Céu Claro";"Múltipla";"Reta";"Não";3;0;0;0;3;0;0;1;-3,76999;-38,67006;"SR-CE";"DEL16/1";"UOP01/CE"
264900;2020-01-24;"sexta-feira";"20:30:00";"AP";210;104;"PORTO GRANDE";"Falta de Atenção à Condução";"Colisão traseira";"Com Vítimas Feridas";"Plena Noite";"Decrescente";"Céu Claro";"Simples";"Reta";"Sim";3;0;1;1;1;0;2;2;0,6985633;-51,39692;"SR-AP";"UOP01/AP";""
264901;2020-01-24;"sexta-feira";"22:10:00";"SC";470;56;"BLUMENAU";"Falta de Atenção à Condução";"Colisão transversal";"Com Vítimas Feridas";"Plena Noite";"Crescente";"Ignorado";"Simples";"Não Informado";"Sim";2;0;0;1;1;0;1;2;-26,87674;-49,12774;"SR-SC";"DEL8/4";"UOP01/SC"
264902;2020-01-24;"sexta-feira";"21:20:00";"RS";386;350,7;"ESTRELA";"Não guardar distância de segurança";"Saída de leito carroçável";"Com Vítimas Feridas";"Plena Noite";"Decrescente";"Céu Claro";"Dupla";"Não Informado";"Sim";2;0;2;0;0;0;2;1;-29,4816;-51,95435;"SR-RS";"DEL9/4";"UOP02/RS"
264903;2020-01-24;"sexta-feira";"22:30:00";"RJ";101;511;"ANGRA DOS REIS";"Desobediência às normas de trânsito pelo pedestre";"Atropelamento de Pedestre";"Com Vítimas Feridas";"Plena Noite";"Decrescente";"Nevoeiro/Neblina";"Simples";"Reta";"Sim";4;0;1;0;2;1;1;1;-22,96091;-44,4383;"SR-RJ";"DEL5/3";"UOP03/RJ"
264904;2020-01-24;"sexta-feira";"22:45:00";"SP";116;123;"CACAPAVA";"Defeito Mecânico no Veículo";"Incêndio";"Sem Vítimas";"Plena Noite";"Crescente";"Céu Claro";"Dupla";"Reta";"Não";1;0;0;0;1;0;0;1;-23,08754;-45,6697;"SR-SP";"DEL6";"UOP01/SP"
264905;2020-01-24;"sexta-feira";"21:50:00";"MT";163;592;"NOVA MUTUM";"Defeito na Via";"Tombamento";"Com Vítimas Feridas";"Plena Noite";"Crescente";"Céu Claro";"Simples";"Reta";"Não";2;0;0;1;1;0;1;1;-13,9788;-56,09915;"SR-MT";"DEL2/4";"UOP01/MT"
264906;2020-01-24;"sexta-feira";"22:10:00";"SC";280;124;"RIO NEGRINHO";"Falta de Atenção à Condução";"Colisão traseira";"Com Vítimas Feridas";"Plena Noite";"Decrescente";"Céu Claro";"Simples";"Reta";"Não";2;0;1;0;1;0;1;2;-26,23735;-49,48625;"SR-SC";"DEL8/6";"UOP03/SC"
264907;2020-01-24;"sexta-feira";"22:00:00";"MG";50;172;"UBERABA";"Falta de Atenção à Condução";"Colisão lateral";"Com Vítimas Feridas";"Plena Noite";"Decrescente";"Nublado";"Dupla";"Reta";"Sim";1;0;1;0;0;0;1;1;-19,75403;-47,98052;"SR-MG";"DEL13";"UOP01/MG"
264908;2020-01-24;"sexta-feira";"23:00:00";"SP";116;394,9;"MIRACATU";"Falta de Atenção do Pedestre";"Atropelamento de Pedestre";"Com Vítimas Fatais";"Plena Noite";"Decrescente";"Chuva";"Dupla";"Reta";"Não";2;1;0;0;1;0;0;1;-24,28717;-47,45144;"SR-SP";"DEL6/4";"UOP03/SP"
264909;2020-01-24;"sexta-feira";"20:20:00";"MT";174;257;"VALE DE SAO DOMINGOS";"Falta de Atenção à Condução";"Colisão traseira";"Com Vítimas Feridas";"Plena Noite";"Decrescente";"Céu Claro";"Simples";"Reta";"Não";2;0;1;0;1;0;1;2;-15,44938;-59,10164;"SR-MT";"DEL2/7";"UOP01/MT"
264910;2020-01-25;"sábado";"00:00:00";"RS";470;213;"BENTO GONCALVES";"Desobediência às normas de trânsito pelo condutor";"Colisão transversal";"Com Vítimas Feridas";"Plena Noite";"Crescente";"Céu Claro";"Múltipla";"Reta";"Sim";5;0;1;2;2;0;3;2;-29,1387;-51,54271;"SR-RS";"DEL9/6";"UOP01/RS"
264912;2020-01-24;"sexta-feira";"20:00:00";"MG";116;610,2;"SAO JOAO DO MANHUACU";"Desobediência às normas de trânsito pelo condutor";"Colisão frontal";"Com Vítimas Feridas";"Plena Noite";"Crescente";"Chuva";"Simples";"Reta";"Sim";4;0;2;1;1;0;3;2;-20,41401;-42,15263;"SR-MG";"DEL4/7";"UOP03/MG"
264913;2020-01-25;"sábado";"00:55:00";"PE";232;111,2;"BEZERROS";"Falta de Atenção à Condução";"Saída de leito carroçável";"Com Vítimas Feridas";"Plena Noite";"Decrescente";"Céu Claro";"Dupla";"Reta";"Não";1;0;1;0;0;0;1;1;-8,292297;-35,8242;"SR-PE";"DEL11/2";"UOP02/PE"
264915;2020-01-24;"sexta-feira";"20:00:00";"GO";452;172,2;"ITUMBIARA";"Falta de Atenção à Condução";"Colisão frontal";"Com Vítimas Fatais";"Plena Noite";"Crescente";"Chuva";"Simples";"Não Informado";"Não";2;1;0;0;1;0;0;2;-18,34455;-49,41176;"SR-GO";"DEL1/3";"UOP02/GO"
264916;2020-01-24;"sexta-feira";"23:00:00";"BA";116;645;"JAGUAQUARA";"Desobediência às normas de trânsito pelo pedestre";"Atropelamento de Pedestre";"Com Vítimas Fatais";"Plena Noite";"Crescente";"Chuva";"Simples";"Reta";"Não";2;1;0;0;1;0;0;1;-13,6167;-40,0917;"SR-BA";"DEL10/3";"UOP01/BA"
264917;2020-01-25;"sábado";"01:30:00";"SE";101;111,2;"ITAPORANGA DAJUDA";"Falta de Atenção à Condução";"Saída de leito carroçável";"Com Vítimas Feridas";"Plena Noite";"Crescente";"Céu Claro";"Dupla";"Desvio Temporário";"Não";2;0;2;0;0;0;2;1;-10,9766;-37,28528;"SR-SE";"DEL20/2";"UOP01/SE"
264919;2020-01-24;"sexta-feira";"20:40:00";"MS";262;77,7;"TRES LAGOAS";"Falta de Atenção à Condução";"Colisão lateral";"Com Vítimas Feridas";"Plena Noite";"Crescente";"Céu Claro";"Simples";"Reta";"Não";2;0;1;0;1;0;1;2;-20,65255;-52,29542;"SR-MS";"DEL3/7";"UOP02/MS"
264920;2020-01-24;"sexta-feira";"23:25:00";"BA";101;878;"IBIRAPUA";"Falta de Atenção à Condução";"Colisão transversal";"Com Vítimas Fatais";"Plena Noite";"Decrescente";"Céu Claro";"Simples";"Reta";"Sim";2;1;0;0;1;0;0;2;-17,75175;-39,76518;"SR-BA";"DEL10/9";"UOP03/BA"
264921;2020-01-24;"sexta-feira";"23:00:00";"BA";116;921,6;"ENCRUZILHADA";"Velocidade Incompatível";"Colisão com objeto estático";"Com Vítimas Feridas";"Plena Noite";"Decrescente";"Nublado";"Simples";"Curva";"Não";2;0;2;0;0;0;2;1;-15,51879;-41,24123;"SR-BA";"DEL10/8";"UOP03/BA"
264922;2020-01-25;"sábado";"02:00:00";"PR";376;496,3;"PONTA GROSSA";"Animais na Pista";"Atropelamento de Animal";"Com Vítimas Fatais";"Plena Noite";"Decrescente";"Céu Claro";"Dupla";"Não Informado";"Sim";1;1;0;0;0;0;0;1;-25,14314;-50,15615;"SR-PR";"DEL7/3";"UOP03/PR"
264923;2020-01-25;"sábado";"01:20:00";"ES";447;12,5;"VILA VELHA";"Falta de Atenção à Condução";"Colisão transversal";"Com Vítimas Feridas";"Plena Noite";"Crescente";"Chuva";"Dupla";"Reta";"Sim";2;0;0;1;1;0;1;2;-20,35784;-40,33283;"SR-ES";"DEL12/1";"UOP01/ES"
264924;2020-01-25;"sábado";"01:00:00";"MA";222;674;"ACAILANDIA";"Falta de Atenção à Condução";"Colisão transversal";"Com Vítimas Feridas";"Plena Noite";"Crescente";"Céu Claro";"Simples";"Não Informado";"Sim";3;0;2;0;1;0;2;2;-4,934126;-47,45359;"SR-MA";"DEL18/4";"UOP03/MA"
264926;2020-01-25;"sábado";"02:00:00";"RJ";101;265;"RIO BONITO";"Falta de Atenção à Condução";"Colisão com objeto estático";"Com Vítimas Feridas";"Plena Noite";"Decrescente";"Garoa/Chuvisco";"Dupla";"Curva";"Sim";2;0;2;0;0;0;2;1;-22,7136;-42,64391;"SR-RJ";"DEL5/2";"UOP02/RJ"
264927;2020-01-25;"sábado";"00:05:00";"PR";469;16;"FOZ DO IGUACU";"Falta de Atenção à Condução";"Queda de ocupante de veículo";"Com Vítimas Feridas";"Plena Noite";"Decrescente";"Céu Claro";"Simples";"Reta";"Sim";1;0;1;0;0;0;1;1;-25,5844;-54,5245;"SR-PR";"DEL7/5";"UOP04/PR"
264928;2020-01-25;"sábado";"02:50:00";"RJ";116;179;"NOVA IGUACU";"Desobediência às normas de trânsito pelo condutor";"Colisão com objeto em movimento";"Sem Vítimas";"Plena Noite";"Decrescente";"Céu Claro";"Dupla";"Reta";"Não";3;0;0;0;2;1;0;2;-22,7699;-43,40804;"SR-RJ";"DEL5/1";"UOP02/RJ"
264929;2020-01-25;"sábado";"01:40:00";"SC";101;374,3;"ICARA";"Defeito Mecânico no Veículo";"Incêndio";"Sem Vítimas";"Plena Noite";"Decrescente";"Céu Claro";"Dupla";"Reta";"Não";3;0;0;0;3;0;0;1;-28,71534;-49,22723;"SR-SC";"DEL8/2";"UOP01/SC"
264930;2020-01-25;"sábado";"01:00:00";"AC";364;136,9;"RIO BRANCO";"Defeito na Via";"Colisão com objeto estático";"Sem Vítimas";"Plena Noite";"Decrescente";"Céu Claro";"Dupla";"Não Informado";"Sim";1;0;0;0;1;0;0;1;-9,977578;-67,8489;"SR-AC";"UOP01/AC";""
264931;2020-01-25;"sábado";"02:00:00";"PR";116;0,3;"CAMPINA GRANDE DO SUL";"Pista Escorregadia";"Colisão com objeto estático";"Com Vítimas Feridas";"Plena Noite";"Crescente";"Garoa/Chuvisco";"Dupla";"Curva";"Não";1;0;1;0;0;0;1;1;-25,0604;-48,56297;"SR-PR";"DEL7/1";"UOP02/PR"
264932;2020-01-25;"sábado";"01:30:00";"PR";376;615;"SAO JOSE DOS PINHAIS";"Defeito Mecânico no Veículo";"Incêndio";"Com Vítimas Feridas";"Plena Noite";"Crescente";"Nublado";"Dupla";"Desvio Temporário";"Não";1;0;0;1;0;0;1;1;-25,56924;-49,18373;"SR-PR";"DEL7/1";"UOP04/PR"
264933;2020-01-25;"sábado";"03:20:00";"SC";101;215,5;"PALHOCA";"Ingestão de Álcool";"Colisão com objeto estático";"Sem Vítimas";"Plena Noite";"Crescente";"Nublado";"Dupla";"Viaduto";"Sim";1;0;0;0;1;0;0;1;-27,65185;-48,67605;"SR-SC";"DEL8/1";"UOP02/SC"
264934;2020-01-25;"sábado";"04:45:00";"GO";60;119;"TEREZOPOLIS DE GOIAS";"Ingestão de Álcool";"Colisão traseira";"Sem Vítimas";"Plena Noite";"Decrescente";"Chuva";"Dupla";"Reta";"Sim";2;0;0;0;2;0;0;2;-16,4914;-49,0999;"SR-GO";"DEL1/1";"UOP01/GO"
264935;2020-01-25;"sábado";"05:00:00";"SP";116;113;"TAUBATE";"Falta de Atenção à Condução";"Saída de leito carroçável";"Sem Vítimas";"Amanhecer";"Decrescente";"Nublado";"Dupla";"Reta";"Sim";1;0;0;0;1;0;0;1;-23,04408;-45,58041;"SR-SP";"DEL6";"UOP01/SP"
264936;2020-01-25;"sábado";"04:20:00";"MG";50;171,8;"UBERABA";"Defeito na Via";"Tombamento";"Com Vítimas Feridas";"Plena Noite";"Crescente";"Céu Claro";"Dupla";"Reta";"Sim";1;0;1;0;0;0;1;1;-19,74555;-47,98382;"SR-MG";"DEL13";"UOP01/MG"
264946;2020-01-25;"sábado";"05:00:00";"SC";101;464,6;"PASSO DE TORRES";"Desobediência às normas de trânsito pelo condutor";"Saída de leito carroçável";"Com Vítimas Feridas";"Amanhecer";"Decrescente";"Céu Claro";"Dupla";"Reta";"Não";1;0;0;1;0;0;1;1;-29,29207;-49,76148;"SR-RS";"DEL9/3";"UOP02/RS"
264947;2020-01-25;"sábado";"04:30:00";"PA";316;81;"SAO FRANCISCO DO PARA";"Falta de Atenção do Pedestre";"Atropelamento de Pedestre";"Com Vítimas Feridas";"Plena Noite";"Crescente";"Nublado";"Simples";"Reta";"Não";2;0;0;1;0;1;1;1;-1,30556;-47,77095;"SR-PA";"DEL19/1";"UOP02/PA"
264948;2020-01-25;"sábado";"05:00:00";"PI";343;348,3;"TERESINA";"Condutor Dormindo";"Colisão traseira";"Com Vítimas Feridas";"Amanhecer";"Crescente";"Céu Claro";"Simples";"Reta";"Sim";2;0;1;0;1;0;1;2;-5,118706;-42,78641;"SR-PI";"DEL17/1";"UOP01/PI"
264949;2020-01-25;"sábado";"02:20:00";"RS";116;382,1;"CAMAQUA";"Falta de Atenção à Condução";"Saída de leito carroçável";"Com Vítimas Feridas";"Plena Noite";"Crescente";"Céu Claro";"Dupla";"Reta";"Não";1;0;1;0;0;0;1;1;-30,78156;-51,66243;"SR-RS";"DEL9/2";"UOP02/RS"
264951;2020-01-25;"sábado";"04:13:00";"ES";101;81;"SAO MATEUS";"Ingestão de Álcool";"Capotamento";"Com Vítimas Feridas";"Plena Noite";"Decrescente";"Chuva";"Simples";"Reta";"Não";2;0;2;0;0;0;2;1;-18,82883;-39,91226;"SR-ES";"DEL12/4";"UOP02/ES"
264952;2020-01-25;"sábado";"06:40:00";"GO";153;591;"PIRACANJUBA";"Velocidade Incompatível";"Capotamento";"Com Vítimas Feridas";"Amanhecer";"Crescente";"Chuva";"Dupla";"Não Informado";"Não";1;0;0;1;0;0;1;1;-17,4751;-49,2138;"SR-GO";"DEL1/3";"UOP01/GO"
264953;2020-01-25;"sábado";"05:30:00";"PR";116;102;"SAO JOSE DOS PINHAIS";"Falta de Atenção à Condução";"Colisão traseira";"Com Vítimas Feridas";"Amanhecer";"Crescente";"Sol";"Dupla";"Reta";"Não";2;0;0;1;1;0;1;2;-25,55064;-49,15025;"SR-PR";"DEL7/1";"UOP01/PR"
264955;2020-01-25;"sábado";"06:10:00";"CE";222;4,4;"CAUCAIA";"Desobediência às normas de trânsito pelo condutor";"Colisão lateral";"Com Vítimas Feridas";"Pleno dia";"Crescente";"Céu Claro";"Múltipla";"Reta";"Sim";3;0;1;0;0;2;1;2;-3,741648;-38,6045;"SR-CE";"DEL16/1";"UOP01/CE"
264956;2020-01-25;"sábado";"06:30:00";"PB";230;19;"JOAO PESSOA";"Ingestão de Álcool";"Colisão lateral";"Sem Vítimas";"Pleno dia";"Decrescente";"Sol";"Dupla";"Curva";"Sim";3;0;0;0;3;0;0;3;-7,1281;-34,8466;"SR-PB";"DEL14/1";"UOP01/PB"
264957;2020-01-25;"sábado";"05:00:00";"MA";10;245;"IMPERATRIZ";"Ingestão de Álcool";"Saída de leito carroçável";"Sem Vítimas";"Amanhecer";"Decrescente";"Céu Claro";"Simples";"Reta";"Não";1;0;0;0;1;0;0;1;-5,588685;-47,43386;"SR-MA";"DEL18/4";"UOP01/MA"
264959;2020-01-25;"sábado";"07:25:00";"PB";230;20,2;"JOAO PESSOA";"Pista Escorregadia";"Tombamento";"Com Vítimas Feridas";"Pleno dia";"Decrescente";"Nublado";"Dupla";"Reta";"Sim";2;0;2;0;0;0;2;1;-7,1415;-34,8519;"SR-PB";"DEL14/1";"UOP01/PB"
264961;2020-01-25;"sábado";"06:00:00";"MS";262;765;"CORUMBA";"Falta de Atenção à Condução";"Colisão transversal";"Com Vítimas Feridas";"Pleno dia";"Decrescente";"Céu Claro";"Simples";"Reta";"Sim";3;0;2;0;1;0;2;2;-19,10069;-57,62252;"SR-MS";"DEL3/3";"UOP03/MS"