"id";"data_inversa";"dia_semana";"horario";"uf";"br";"km";"municipio";"causa_acidente";"tipo_acidente";"classificacao_acidente";"fase_dia";"sentido_via";"condicao_metereologica";"tipo_pista";"tracado_via";"uso_solo";"pessoas";"mortos";"feridos_leves";"feridos_graves";"ilesos";"ignorados";"feridos";"veiculos";"latitude";"longitude";"regional";"delegacia";"uop"
264962;2020-01-25;"sábado";"03:50:00";"RO";174;13;"VILHENA";"Velocidade Incompatível";"Saída de leito carroçável";"Sem Vítimas";"Plena Noite";"Decrescente";"Garoa/Chuvisco";"Dupla";"Rotatória";"Não";2;0;0;0;2;0;0;1;-12,74065;-60,13229;"SR-RO";"DEL21/4";"UOP01/RO"
264963;2020-01-25;"sábado";"07:20:00";"RS";116;243,9;"SAO LEOPOLDO";"Falta de Atenção à Condução";"Colisão lateral";"Com Vítimas Feridas";"Pleno dia";"Decrescente";"Céu Claro";"Dupla";"Curva";"Sim";2;0;0;1;0;1;1;2;-29,73196;-51,14952;"SR-RS";"DEL9/1";"UOP02/RS"
264964;2020-01-25;"sábado";"07:30:00";"DF";20;34;"BRASILIA";"Pista Escorregadia";"Saída de leito carroçável";"Sem Vítimas";"Pleno dia";"Decrescente";"Chuva";"Dupla";"Reta";"Não";1;0;0;0;1;0;0;1;-15,58502;-47,56809;"SR-DF";"UOP01/DEL02/DF";""
264965;2020-01-25;"sábado";"07:45:00";"SC";101;433,9;"SOMBRIO";"Falta de Atenção à Condução";"Colisão traseira";"Com Vítimas Feridas";"Pleno dia";"Crescente";"Sol";"Dupla";"Reta";"Não";2;0;1;0;1;0;1;2;-29,09394;-49,63307;"SR-SC";"DEL8/2";"UOP02/SC"
264966;2020-01-25;"sábado";"07:30:00";"MA";135;6,8;"SAO LUIS";"Animais na Pista";"Atropelamento de Animal";"Com Vítimas Feridas";"Pleno dia";"Crescente";"Nublado";"Dupla";"Reta";"Sim";2;0;2;0;0;0;2;1;-2,62878;-44,26322;"SR-MA";"DEL18/1";"UOP01/MA"
264967;2020-01-17;"sexta-feira";"22:40:00";"MA";316;597;"TIMON";"Ingestão de Álcool";"Colisão frontal";"Com Vítimas Fatais";"Plena Noite";"Crescente";"Ignorado";"Simples";"Reta";"Não";2;1;0;0;0;1;0;2;-5,019753;-42,98064;"SR-MA";"DEL18/3";"UOP02/MA"
264968;2020-01-25;"sábado";"08:00:00";"MG";381;829,9;"SAO SEBASTIAO DA BELA VISTA";"Falta de Atenção à Condução";"Queda de ocupante de veículo";"Com Vítimas Feridas";"Pleno dia";"Decrescente";"Céu Claro";"Dupla";"Reta";"Não";1;0;1;0;0;0;1;1;-22,13939;-45,81344;"SR-MG";"DEL09";"UOP01/MG"
264969;2020-01-25;"sábado";"07:45:00";"GO";60;442,6;"JATAI";"Velocidade Incompatível";"Saída de leito carroçável";"Com Vítimas Feridas";"Pleno dia";"Decrescente";"Garoa/Chuvisco";"Dupla";"Retorno Regulamentado";"Não";1;0;1;0;0;0;1;1;-17,8421;-51,4504;"SR-GO";"DEL1/5";"UOP01/GO"
264970;2020-01-25;"sábado";"05:00:00";"SC";163;67;"SAO MIGUEL DO OESTE";"Ingestão de Álcool";"Saída de leito carroçável";"Sem Vítimas";"Plena Noite";"Decrescente";"Céu Claro";"Dupla";"Reta";"Sim";1;0;0;0;0;1;0;1;-26,75944;-53,50055;"SR-SC";"DEL7";"UOP03/SC"
264972;2020-01-25;"sábado";"06:20:00";"BA";116;822,3;"VITORIA DA CONQUISTA";"Desobediência às normas de trânsito pelo condutor";"Colisão transversal";"Com Vítimas Feridas";"Pleno dia";"Crescente";"Nublado";"Dupla";"Reta";"Sim";2;0;1;0;0;1;1;2;-14,85092;-40,84879;"SR-BA";"DEL10/8";"UOP01/BA"
264973;2020-01-25;"sábado";"07:50:00";"SC";101;441,7;"SANTA ROSA DO SUL";"Falta de Atenção à Condução";"Colisão traseira";"Sem Vítimas";"Pleno dia";"Crescente";"Céu Claro";"Dupla";"Desvio Temporário";"Não";2;0;0;0;2;0;0;2;-29,12677;-49,67703;"SR-SC";"DEL8/2";"UOP02/SC"
264974;2020-01-25;"sábado";"08:25:00";"CE";20;417;"MARACANAU";"Falta de Atenção à Condução";"Colisão lateral";"Com Vítimas Feridas";"Pleno dia";"Crescente";"Sol";"Dupla";"Reta";"Sim";2;0;1;0;0;1;1;2;-3,76999;-38,67006;"SR-CE";"DEL16/1";"UOP02/CE"
264975;2020-01-24;"sexta-feira";"12:00:00";"RJ";40;77;"PETROPOLIS";"Velocidade Incompatível";"Saída de leito carroçável";"Com Vítimas Feridas";"Pleno dia";"Crescente";"Chuva";"Simples";"Curva";"Não";3;0;3;0;0;0;3;1;-22,48006;-43,23544;"SR-RJ";"DEL5/6";"UOP03/RJ"
264977;2020-01-25;"sábado";"07:15:00";"MS";262;556,3;"MIRANDA";"Defeito Mecânico no Veículo";"Colisão com objeto estático";"Sem Vítimas";"Pleno dia";"Crescente";"Sol";"Simples";"Não Informado";"Sim";2;0;0;0;2;0;0;1;-20,24532;-56,36023;"SR-MS";"DEL3/3";"UOP02/MS"
264978;2020-01-25;"sábado";"08:50:00";"GO";60;79,7;"ANAPOLIS";"Defeito Mecânico no Veículo";"Saída de leito carroçável";"Com Vítimas Feridas";"Pleno dia";"Crescente";"Chuva";"Dupla";"Curva";"Não";2;0;1;0;1;0;1;1;-16,3007;-48,8128;"SR-GO";"DEL1/2";"UOP01/GO"
264979;2020-01-25;"sábado";"06:45:00";"PR";369;162,3;"CAMBE";"Falta de Atenção à Condução";"Saída de leito carroçável";"Com Vítimas Feridas";"Pleno dia";"Crescente";"Céu Claro";"Dupla";"Reta";"Não";1;0;1;0;0;0;1;1;-23,29485;-51,27041;"SR-PR";"DEL7/7";"UOP01/PR"
264980;2020-01-25;"sábado";"07:20:00";"AC";317;90;"SENADOR GUIOMARD";"Falta de Atenção à Condução";"Colisão transversal";"Com Vítimas Feridas";"Pleno dia";"Decrescente";"Céu Claro";"Simples";"Reta";"Não";2;0;2;0;0;0;2;2;-10,15111;-67,71131;"SR-AC";"UOP01/AC";""
264981;2020-01-25;"sábado";"08:45:00";"RJ";116;168;"SAO JOAO DE MERITI";"Ingestão de Álcool";"Colisão traseira";"Com Vítimas Feridas";"Pleno dia";"Decrescente";"Céu Claro";"Dupla";"Reta";"Sim";3;0;1;0;2;0;1;3;-22,81997;-43,315;"SR-RJ";"DEL5/1";"UOP02/RJ"
264983;2020-01-25;"sábado";"05:30:00";"MG";116;504,5;"INHAPIM";"Desobediência às normas de trânsito pelo condutor";"Colisão frontal";"Com Vítimas Feridas";"Pleno dia";"Decrescente";"Chuva";"Simples";"Curva";"Não";3;0;0;2;1;0;2;2;-19,59445;-42,11241;"SR-MG";"DEL4/6";"UOP02/MG"
264984;2020-01-25;"sábado";"09:00:00";"ES";101;14,6;"PEDRO CANARIO";"Falta de Atenção do Pedestre";"Atropelamento de Pedestre";"Com Vítimas Feridas";"Pleno dia";"Decrescente";"Nublado";"Simples";"Curva";"Não";2;0;0;1;1;0;1;1;-18,28229;-39,95688;"SR-ES";"DEL12/4";"UOP02/ES"
264985;2020-01-25;"sábado";"09:40:00";"GO";60;185,2;"ABADIA DE GOIAS";"Avarias e/ou desgaste excessivo no pneu";"Saída de leito carroçável";"Com Vítimas Feridas";"Pleno dia";"Decrescente";"Chuva";"Dupla";"Não Informado";"Não";3;0;2;0;1;0;2;1;-16,7956;-49,51;"SR-GO";"DEL1/1";"UOP02/GO"
264986;2020-01-25;"sábado";"09:40:00";"RN";406;169,7;"SAO GONCALO DO AMARANTE";"Falta de Atenção à Condução";"Colisão transversal";"Com Vítimas Feridas";"Pleno dia";"Crescente";"Céu Claro";"Dupla";"Interseção de vias";"Sim";4;0;3;1;0;0;4;2;-5,755701;-35,30729;"SR-RN";"DEL15/2";"UOP01/RN"
264987;2020-01-25;"sábado";"09:30:00";"PA";316;22;"BENEVIDES";"Animais na Pista";"Atropelamento de Animal";"Com Vítimas Feridas";"Pleno dia";"Decrescente";"Sol";"Dupla";"Reta";"Sim";1;0;0;1;0;0;1;1;-1,353446;-48,25703;"SR-PA";"DEL19/1";"UOP01/PA"
264988;2020-01-25;"sábado";"10:10:00";"PE";101;67,2;"RECIFE";"Falta de Atenção à Condução";"Colisão traseira";"Com Vítimas Feridas";"Pleno dia";"Crescente";"Céu Claro";"Múltipla";"Reta";"Sim";2;0;1;0;1;0;1;2;-8,044054;-34,94397;"SR-PE";"DEL11/1";"UOP01/PE"
264989;2020-01-25;"sábado";"09:15:00";"GO";364;194;"JATAI";"Velocidade Incompatível";"Danos eventuais";"Sem Vítimas";"Pleno dia";"Crescente";"Garoa/Chuvisco";"Dupla";"Retorno Regulamentado";"Sim";1;0;0;0;1;0;0;1;-17,92217;-51,70408;"SR-GO";"DEL1/5";"UOP01/GO"
264990;2020-01-25;"sábado";"09:40:00";"RS";285;278;"MATO CASTELHANO";"Defeito Mecânico no Veículo";"Danos eventuais";"Com Vítimas Feridas";"Pleno dia";"Decrescente";"Sol";"Simples";"Reta";"Não";1;0;0;1;0;0;1;1;-28,25768;-52,23491;"SR-RS";"DEL08";"UOP03/RS"
264991;2020-01-25;"sábado";"09:50:00";"BA";324;564;"SAO SEBASTIAO DO PASSE";"Velocidade Incompatível";"Capotamento";"Com Vítimas Feridas";"Pleno dia";"Decrescente";"Sol";"Dupla";"Não Informado";"Não";2;0;1;0;1;0;1;1;-12,52369;-38,61121;"SR-BA";"DEL10/1";"UOP01/BA"
264994;2020-01-25;"sábado";"10:30:00";"MG";262;364,5;"JUATUBA";"Desobediência às normas de trânsito pelo condutor";"Tombamento";"Com Vítimas Feridas";"Pleno dia";"Decrescente";"Nublado";"Dupla";"Reta";"Não";2;0;2;0;0;0;2;1;-19,98291;-44,24493;"SR-MG";"DEL4/1";"UOP03/MG"
264995;2020-01-25;"sábado";"10:10:00";"SC";101;126,2;"ITAJAI";"Não guardar distância de segurança";"Engavetamento";"Com Vítimas Feridas";"Pleno dia";"Crescente";"Sol";"Dupla";"Não Informado";"Não";4;0;1;0;3;0;1;3;-26,95564;-48,67978;"SR-SC";"DEL8/4";"UOP04/SC"
264996;2020-01-25;"sábado";"10:50:00";"MG";40;523;"CONTAGEM";"Não guardar distância de segurança";"Colisão traseira";"Com Vítimas Feridas";"Pleno dia";"Decrescente";"Nublado";"Dupla";"Reta";"Sim";3;0;0;1;1;1;1;2;-19,86875;-44,05962;"SR-MG";"DEL4/1";"UOP02/MG"
264997;2020-01-25;"sábado";"10:30:00";"PR";277;104;"CAMPO LARGO";"Falta de Atenção à Condução";"Colisão traseira";"Com Vítimas Feridas";"Pleno dia";"Crescente";"Céu Claro";"Dupla";"Reta";"Sim";2;0;0;1;1;0;1;2;-25,43414;-49,40996;"SR-PR";"DEL7/1";"UOP04/PR"
264998;2020-01-25;"sábado";"10:45:00";"RN";101;84,9;"SAO GONCALO DO AMARANTE";"Falta de Atenção à Condução";"Colisão lateral";"Com Vítimas Feridas";"Pleno dia";"Crescente";"Céu Claro";"Dupla";"Reta";"Sim";1;0;1;0;0;0;1;1;-5,774175;-35,2578;"SR-RN";"DEL15/2";"UOP01/RN"
264999;2020-01-25;"sábado";"11:00:00";"MG";381;752,8;"TRES CORACOES";"Falta de Atenção à Condução";"Queda de ocupante de veículo";"Com Vítimas Feridas";"Pleno dia";"Decrescente";"Céu Claro";"Dupla";"Reta";"Não";1;0;1;0;0;0;1;1;-21,67247;-45,3343;"SR-MG";"DEL09";"UOP02/MG"
265001;2020-01-25;"sábado";"10:50:00";"MG";381;664,8;"PERDOES";"Falta de Atenção à Condução";"Colisão lateral";"Sem Vítimas";"Pleno dia";"Crescente";"Céu Claro";"Dupla";"Retorno Regulamentado";"Não";1;0;0;0;1;0;0;1;-21,05494;-45,03104;"SR-MG";"DEL4/4";"UOP02/MG"
265002;2020-01-25;"sábado";"10:30:00";"SC";101;208;"SAO JOSE";"Falta de Atenção à Condução";"Colisão traseira";"Com Vítimas Feridas";"Pleno dia";"Decrescente";"Céu Claro";"Dupla";"Reta";"Sim";4;0;1;0;3;0;1;3;-27,60328;-48,63202;"SR-SC";"DEL8/1";"UOP01/SC"
265003;2020-01-25;"sábado";"09:50:00";"SP";153;68,6;"SAO JOSE DO RIO PRETO";"Falta de Atenção à Condução";"Capotamento";"Sem Vítimas";"Pleno dia";"Decrescente";"Céu Claro";"Dupla";"Reta";"Não";3;0;0;0;3;0;0;2;-20,85058;-49,38379;"SR-SP";"DEL6/9";"UOP01/SP"
265004;2020-01-25;"sábado";"09:00:00";"GO";20;20;"FORMOSA";"Pista Escorregadia";"Saída de leito carroçável";"Com Vítimas Feridas";"Pleno dia";"Crescente";"Céu Claro";"Simples";"Reta";"Não";1;0;1;0;0;0;1;1;-15,55115;-47,17836;"SR-DF";"UOP01/DEL02/DF";""
265005;2020-01-25;"sábado";"10:50:00";"RJ";116;144;"DUQUE DE CAXIAS";"Não guardar distância de segurança";"Colisão lateral";"Com Vítimas Fatais";"Pleno dia";"Decrescente";"Céu Claro";"Dupla";"Curva";"Sim";2;1;0;0;1;0;0;2;-22,67295;-43,28201;"SR-RJ";"DEL5/4";"UOP02/RJ"
265006;2020-01-25;"sábado";"11:20:00";"MA";135;19,8;"SAO LUIS";"Ingestão de Álcool";"Colisão lateral";"Sem Vítimas";"Pleno dia";"Decrescente";"Céu Claro";"Dupla";"Reta";"Sim";2;0;0;0;2;0;0;2;-2,565726;-44,33154;"SR-MA";"DEL18/1";"UOP01/MA"
265007;2020-01-25;"sábado";"10:00:00";"BA";116;792;"PLANALTO";"Não guardar distância de segurança";"Engavetamento";"Sem Vítimas";"Pleno dia";"Crescente";"Nublado";"Dupla";"Reta";"Não";3;0;0;0;3;0;0;3;-14,68275;-40,53254;"SR-BA";"DEL10/8";"UOP02/BA"
265008;2020-01-25;"sábado";"10:25:00";"RO";364;343,2;"JI-PARANA";"Não guardar distância de segurança";"Colisão traseira";"Com Vítimas Feridas";"Pleno dia";"Crescente";"Céu Claro";"Simples";"Interseção de vias";"Sim";1;0;1;0;0;0;1;1;-10,8777;-61,94667;"SR-RO";"DEL21/2";"UOP01/RO"
265009;2020-01-25;"sábado";"11:00:00";"DF";70;16,3;"BRASILIA";"Desobediência às normas de trânsito pelo condutor";"Colisão transversal";"Sem Vítimas";"Pleno dia";"Crescente";"Chuva";"Dupla";"Interseção de vias";"Sim";3;0;0;0;3;0;0;2;-15,79614;-48,19423;"SR-DF";"UOP06/DF";""
265010;2020-01-25;"sábado";"11:20:00";"SP";116;113;"TAUBATE";"Não guardar distância de segurança";"Colisão lateral";"Com Vítimas Feridas";"Pleno dia";"Decrescente";"Nublado";"Dupla";"Reta";"Não";2;0;1;0;1;0;1;2;-23,04408;-45,58041;"SR-SP";"DEL6";"UOP01/SP"
265011;2020-01-25;"sábado";"11:25:00";"RJ";101;74,7;"CAMPOS DOS GOYTACAZES";"Falta de Atenção à Condução";"Colisão transversal";"Com Vítimas Feridas";"Pleno dia";"Decrescente";"Garoa/Chuvisco";"Simples";"Reta";"Sim";2;0;1;0;1;0;1;2;-21,81382;-41,39664;"SR-RJ";"DEL5/8";"UOP02/RJ"
265012;2020-01-25;"sábado";"08:30:00";"RO";364;394;"OURO PRETO DO OESTE";"Falta de Atenção à Condução";"Saída de leito carroçável";"Com Vítimas Feridas";"Pleno dia";"Decrescente";"Sol";"Simples";"Reta";"Não";1;0;0;1;0;0;1;1;-10,64531;-62,30855;"SR-RO";"DEL21/3";"UOP02/RO"
265014;2020-01-25;"sábado";"12:15:00";"PE";232;180,6;"BELO JARDIM";"Não guardar distância de segurança";"Colisão traseira";"Com Vítimas Feridas";"Pleno dia";"Crescente";"Nublado";"Simples";"Reta";"Sim";2;0;1;0;1;0;1;2;-8,345308;-36,43384;"SR-PE";"DEL11/2";"UOP02/PE"
265015;2020-01-25;"sábado";"11:50:00";"MG";40;616;"CONGONHAS";"Defeito Mecânico no Veículo";"Colisão lateral";"Com Vítimas Feridas";"Pleno dia";"Crescente";"Chuva";"Simples";"Curva";"Não";2;0;1;0;1;0;1;2;-20,54606;-43,8199;"SR-MG";"DEL5";"UOP02/MG"
265016;2020-01-25;"sábado";"12:20:00";"PE";101;68;"RECIFE";"Falta de Atenção à Condução";"Colisão lateral";"Com Vítimas Feridas";"Pleno dia";"Decrescente";"Sol";"Dupla";"Rotatória";"Sim";3;0;2;0;0;1;2;2;-8,050743;-34,94581;"SR-PE";"DEL11/1";"UOP01/PE"
265017;2020-01-25;"sábado";"11:15:00";"PB";230;139;"CAMPINA GRANDE";"Falta de Atenção à Condução";"Colisão com objeto estático";"Com Vítimas Feridas";"Pleno dia";"Crescente";"Nublado";"Dupla";"Curva";"Não";2;0;1;0;1;0;1;1;-7,268471;-35,79728;"SR-PB";"DEL14/2";"UOP01/PB"
265018;2020-01-25;"sábado";"12:30:00";"RS";116;261;"CANOAS";"Falta de Atenção à Condução";"Colisão lateral";"Com Vítimas Feridas";"Pleno dia";"Decrescente";"Céu Claro";"Múltipla";"Reta";"Sim";2;0;1;0;1;0;1;2;-29,88798;-51,17901;"SR-RS";"DEL9/1";"UOP01/RS"
265020;2020-01-25;"sábado";"12:45:00";"SC";101;148;"ITAPEMA";"Falta de Atenção à Condução";"Colisão frontal";"Com Vítimas Feridas";"Pleno dia";"Crescente";"Sol";"Dupla";"Reta";"Sim";2;0;1;0;1;0;1;2;-27,10124;-48,61808;"SR-SC";"DEL8/4";"UOP03/SC"
265021;2020-01-25;"sábado";"11:05:00";"SC";470;69,9;"INDAIAL";"Desobediência às normas de trânsito pelo condutor";"Colisão transversal";"Com Vítimas Feridas";"Pleno dia";"Decrescente";"Sol";"Simples";"Reta";"Sim";2;0;1;0;1;0;1;2;-26,88375;-49,2467;"SR-SC";"DEL8/4";"UOP01/SC"
265022;2020-01-25;"sábado";"09:30:00";"PB";361;23,7;"SANTA TERESINHA";"Desobediência às normas de trânsito pelo condutor";"Colisão frontal";"Com Vítimas Fatais";"Pleno dia";"Decrescente";"Nublado";"Simples";"Viaduto";"Não";3;1;0;0;2;0;0;2;-7,085148;-37,44811;"SR-PB";"DEL14/3";"UOP01/PB"
265023;2020-01-25;"sábado";"13:35:00";"RJ";40;109;"DUQUE DE CAXIAS";"Falta de Atenção à Condução";"Colisão traseira";"Com Vítimas Feridas";"Pleno dia";"Decrescente";"Céu Claro";"Múltipla";"Reta";"Sim";3;0;1;0;2;0;1;3;-22,67375;-43,28638;"SR-RJ";"DEL5/1";"UOP01/RJ"
265024;2020-01-25;"sábado";"12:45:00";"SC";101;358,8;"SANGAO";"Defeito Mecânico no Veículo";"Incêndio";"Sem Vítimas";"Pleno dia";"Decrescente";"Céu Claro";"Múltipla";"Reta";"Não";1;0;0;0;1;0;0;1;-28,65921;-49,11025;"SR-SC";"DEL8/2";"UOP01/SC"
265025;2020-01-25;"sábado";"14:07:00";"RS";386;66,8;"SEBERI";"Falta de Atenção à Condução";"Colisão lateral";"Com Vítimas Feridas";"Pleno dia";"Crescente";"Céu Claro";"Simples";"Curva";"Não";2;0;0;1;1;0;1;2;-27,63568;-53,33418;"SR-RS";"DEL08";"UOP02/RS"
265027;2020-01-25;"sábado";"09:00:00";"BA";116;761,1;"POCOES";"Pista Escorregadia";"Saída de leito carroçável";"Com Vítimas Feridas";"Pleno dia";"Crescente";"Nevoeiro/Neblina";"Simples";"Desvio Temporário";"Não";5;0;3;1;0;1;4;1;-14,49941;-40,35265;"SR-BA";"DEL10/8";"UOP02/BA"
265028;2020-01-25;"sábado";"14:20:00";"PE";424;20,4;"PEDRA";"Ingestão de Álcool";"Colisão traseira";"Com Vítimas Feridas";"Pleno dia";"Decrescente";"Céu Claro";"Simples";"Reta";"Não";3;0;2;0;1;0;2;2;-8,510249;-36,92902;"SR-PE";"DEL11/3";"UOP02/PE"
265030;2020-01-25;"sábado";"13:50:00";"RS";116;229,5;"DOIS IRMAOS";"Falta de Atenção à Condução";"Colisão transversal";"Com Vítimas Feridas";"Pleno dia";"Crescente";"Céu Claro";"Simples";"Reta";"Sim";2;0;1;1;0;0;2;2;-29,61889;-51,12162;"SR-RS";"DEL9/1";"UOP02/RS"
265031;2020-01-25;"sábado";"13:30:00";"MG";116;415;"GOVERNADOR VALADARES";"Desobediência às normas de trânsito pelo condutor";"Engavetamento";"Com Vítimas Feridas";"Pleno dia";"Crescente";"Céu Claro";"Simples";"Ponte";"Sim";8;0;2;0;6;0;2;5;-18,88401;-41,94924;"SR-MG";"DEL4/6";"UOP01/MG"
265032;2020-01-25;"sábado";"13:00:00";"GO";60;100;"ANAPOLIS";"Defeito na Via";"Saída de leito carroçável";"Sem Vítimas";"Pleno dia";"Decrescente";"Chuva";"Dupla";"Não Informado";"Sim";2;0;0;0;2;0;0;1;-16,3979;-48,9664;"SR-GO";"DEL1/2";"UOP01/GO"
265033;2020-01-25;"sábado";"13:17:00";"GO";60;100;"ANAPOLIS";"Defeito na Via";"Saída de leito carroçável";"Sem Vítimas";"Pleno dia";"Decrescente";"Chuva";"Dupla";"Não Informado";"Sim";5;0;0;0;5;0;0;1;-16,3979;-48,9664;"SR-GO";"DEL1/2";"UOP01/GO"
265034;2020-01-25;"sábado";"13:20:00";"PB";101;7,9;"MAMANGUAPE";"Desobediência às normas de trânsito pelo condutor";"Colisão com objeto estático";"Com Vítimas Feridas";"Pleno dia";"Decrescente";"Céu Claro";"Dupla";"Reta";"Não";1;0;0;1;0;0;1;1;-6,559946;-35,1358;"SR-PB";"DEL14/1";"UOP03/PB"
265035;2020-01-25;"sábado";"12:20:00";"MT";163;694;"LUCAS DO RIO VERDE";"Restrição de Visibilidade";"Colisão traseira";"Com Vítimas Feridas";"Pleno dia";"Decrescente";"Chuva";"Simples";"Reta";"Não";2;0;1;0;0;1;1;2;-12,97965;-55,87858;"SR-MT";"DEL2/6";"UOP01/MT"
265036;2020-01-25;"sábado";"13:40:00";"SC";280;32;"ARAQUARI";"Falta de Atenção à Condução";"Colisão traseira";"Com Vítimas Feridas";"Pleno dia";"Decrescente";"Céu Claro";"Simples";"Reta";"Não";4;0;1;0;3;0;1;3;-26,42062;-48,77934;"SR-SC";"DEL8/3";"UOP03/SC"
265037;2020-01-25;"sábado";"14:35:00";"SC";101;242;"PALHOCA";"Falta de Atenção à Condução";"Colisão transversal";"Com Vítimas Feridas";"Pleno dia";"Crescente";"Sol";"Simples";"Reta";"Não";3;0;1;0;2;0;1;2;-27,87546;-48,64678;"SR-SC";"DEL8/1";"UOP02/SC"
265038;2020-01-25;"sábado";"15:25:00";"PR";376;215,9;"JANDAIA DO SUL";"Desobediência às normas de trânsito pelo condutor";"Colisão transversal";"Com Vítimas Feridas";"Pleno dia";"Crescente";"Céu Claro";"Simples";"Não Informado";"Não";3;0;1;0;2;0;1;2;-23,59538;-51,64222;"SR-PR";"DEL7/7";"UOP03/PR"
265040;2020-01-25;"sábado";"13:12:00";"RS";290;8;"OSORIO";"Falta de Atenção do Pedestre";"Atropelamento de Pedestre";"Com Vítimas Feridas";"Pleno dia";"Decrescente";"Céu Claro";"Dupla";"Reta";"Não";4;0;0;1;2;1;1;1;-29,89323;-50,35335;"SR-RS";"DEL9/3";"UOP01/RS"
265041;2020-01-17;"sexta-feira";"17:45:00";"MG";365;371,8;"PATOS DE MINAS";"Pista Escorregadia";"Incêndio";"Com Vítimas Feridas";"Pleno dia";"Decrescente";"Nublado";"Simples";"Curva";"Não";3;0;1;1;1;0;2;3;-18,51644;-46,13976;"SR-MG";"DEL4/10";"UOP01/MG"
265042;2020-01-25;"sábado";"11:50:00";"RO";364;343;"JI-PARANA";"Falta de Atenção à Condução";"Colisão traseira";"Com Vítimas Feridas";"Pleno dia";"Decrescente";"Céu Claro";"Múltipla";"Reta";"Sim";5;0;1;0;4;0;1;3;-10,87879;-61,94499;"SR-RO";"DEL21/2";"UOP01/RO"
265044;2020-01-25;"sábado";"12:20:00";"RO";435;122,8;"CEREJEIRAS";"Falta de Atenção à Condução";"Colisão transversal";"Com Vítimas Feridas";"Pleno dia";"Decrescente";"Sol";"Dupla";"Não Informado";"Sim";2;0;2;0;0;0;2;2;-13,18776;-60,79987;"SR-RO";"DEL21/4";"UOP02/RO"
265045;2020-01-25;"sábado";"15:45:00";"RS";116;300,9;"GUAIBA";"Falta de Atenção à Condução";"Colisão transversal";"Com Vítimas Feridas";"Pleno dia";"Crescente";"Céu Claro";"Simples";"Reta";"Sim";2;0;1;0;1;0;1;2;-30,13119;-51,35338;"SR-RS";"DEL9/2";"UOP01/RS"
265046;2020-01-25;"sábado";"14:30:00";"SC";101;276,7;"IMBITUBA";"Falta de Atenção à Condução";"Colisão frontal";"Com Vítimas Feridas";"Pleno dia";"Crescente";"Céu Claro";"Dupla";"Interseção de vias";"Não";3;0;2;0;1;0;2;2;-28,14645;-48,69205;"SR-SC";"DEL8/2";"UOP03/SC"
265048;2020-01-25;"sábado";"15:40:00";"RJ";101;279;"ITABORAI";"Falta de Atenção à Condução";"Queda de ocupante de veículo";"Com Vítimas Feridas";"Pleno dia";"Decrescente";"Céu Claro";"Dupla";"Reta";"Não";2;0;1;0;1;0;1;1;-22,73837;-42,76745;"SR-RJ";"DEL5/2";"UOP02/RJ"
265049;2020-01-25;"sábado";"16:10:00";"MG";381;936;"EXTREMA";"Desobediência às normas de trânsito pelo condutor";"Queda de ocupante de veículo";"Com Vítimas Feridas";"Pleno dia";"Decrescente";"Nublado";"Dupla";"Retorno Regulamentado";"Não";2;0;1;0;0;1;1;1;-22,82915;-46,3147;"SR-MG";"DEL09";"UOP03/MG"
265050;2020-01-25;"sábado";"12:15:00";"CE";222;126,5;"ITAPAJE";"Falta de Atenção à Condução";"Colisão transversal";"Com Vítimas Feridas";"Pleno dia";"Crescente";"Céu Claro";"Simples";"Desvio Temporário";"Sim";4;0;1;0;3;0;1;2;-3,696131;-39,60076;"SR-CE";"DEL16/4";"UOP03/CE"
265051;2020-01-25;"sábado";"15:45:00";"SP";153;160;"PROMISSAO";"Defeito Mecânico no Veículo";"Danos eventuais";"Com Vítimas Feridas";"Pleno dia";"Decrescente";"Céu Claro";"Simples";"Reta";"Não";3;0;1;0;2;0;1;1;-21,50732;-49,78042;"SR-SP";"DEL6/07";"UOP01/SP"
265052;2020-01-25;"sábado";"16:20:00";"RS";116;295;"GUAIBA";"Falta de Atenção à Condução";"Saída de leito carroçável";"Com Vítimas Feridas";"Pleno dia";"Crescente";"Céu Claro";"Dupla";"Reta";"Não";1;0;1;0;0;0;1;1;-30,07969;-51,34155;"SR-RS";"DEL9/2";"UOP01/RS"
265053;2020-01-25;"sábado";"16:10:00";"RJ";356;164;"SAO JOAO DA BARRA";"Desobediência às normas de trânsito pelo condutor";"Colisão lateral";"Com Vítimas Feridas";"Pleno dia";"Crescente";"Nublado";"Simples";"Reta";"Não";4;0;3;0;1;0;3;2;-21,71093;-41,14584;"SR-RJ";"DEL5/8";"UOP02/RJ"
265054;2020-01-25;"sábado";"16:20:00";"MG";381;481,4;"BETIM";"Falta de Atenção à Condução";"Colisão traseira";"Sem Vítimas";"Pleno dia";"Crescente";"Nublado";"Dupla";"Reta";"Sim";3;0;0;0;3;0;0;3;-19,95932;-44,08826;"SR-MG";"DEL4/1";"UOP03/MG"
265055;2020-01-25;"sábado";"15:30:00";"PR";467;78,1;"TOLEDO";"Falta de Atenção à Condução";"Colisão traseira";"Com Vítimas Feridas";"Pleno dia";"Decrescente";"Céu Claro";"Dupla";"Não Informado";"Não";5;0;3;0;2;0;3;2;-24,7717;-53,6844;"SR-PR";"DEL7/4";"UOP01/PR"
265056;2020-01-25;"sábado";"16:10:00";"CE";304;48,9;"ARACATI";"Falta de Atenção à Condução";"Colisão transversal";"Com Vítimas Feridas";"Pleno dia";"Crescente";"Céu Claro";"Dupla";"Reta";"Sim";2;0;1;0;1;0;1;2;-4,578634;-37,77997;"SR-CE";"DEL16/3";"UOP03/CE"