"id";"data_inversa";"dia_semana";"horario";"uf";"br";"km";"municipio";"causa_acidente";"tipo_acidente";"classificacao_acidente";"fase_dia";"sentido_via";"condicao_metereologica";"tipo_pista";"tracado_via";"uso_solo";"pessoas";"mortos";"feridos_leves";"feridos_graves";"ilesos";"ignorados";"feridos";"veiculos";"latitude";"longitude";"regional";"delegacia";"uop"
265057;2020-01-25;"sábado";"15:30:00";"RS";287;249;"SANTA MARIA";"Falta de Atenção à Condução";"Colisão traseira";"Com Vítimas Feridas";"Pleno dia";"Crescente";"Sol";"Simples";"Reta";"Não";4;0;1;0;3;0;1;3;-29,69401;-53,861;"SR-RS";"DEL9/9";"UOP01/RS"
265058;2020-01-25;"sábado";"16:10:00";"PR";277;104;"CAMPO LARGO";"Falta de Atenção à Condução";"Colisão transversal";"Com Vítimas Feridas";"Pleno dia";"Crescente";"Sol";"Múltipla";"Interseção de vias";"Não";2;0;1;0;0;1;1;2;-25,49679;-49,34265;"SR-PR";"DEL7/1";"UOP04/PR"
265059;2020-01-25;"sábado";"17:15:00";"SC";101;119,1;"ITAJAI";"Falta de Atenção à Condução";"Colisão com objeto estático";"Com Vítimas Feridas";"Pleno dia";"Crescente";"Céu Claro";"Dupla";"Reta";"Sim";1;0;0;1;0;0;1;1;-26,9056;-48,71514;"SR-SC";"DEL8/4";"UOP04/SC"
265060;2020-01-25;"sábado";"15:45:00";"RS";290;138,5;"ELDORADO DO SUL";"Não guardar distância de segurança";"Colisão traseira";"Com Vítimas Feridas";"Pleno dia";"Crescente";"Sol";"Simples";"Reta";"Não";5;0;3;0;2;0;3;2;-30,07512;-51,59038;"SR-RS";"DEL9/2";"UOP01/RS"
265061;2020-01-25;"sábado";"16:00:00";"MT";364;168,7;"PEDRA PRETA";"Avarias e/ou desgaste excessivo no pneu";"Saída de leito carroçável";"Com Vítimas Fatais";"Pleno dia";"Crescente";"Céu Claro";"Simples";"Reta";"Não";2;1;1;0;0;0;1;1;-16,6489;-54,396;"SR-MT";"DEL2/2";"UOP01/MT"
265062;2020-01-25;"sábado";"16:20:00";"SC";101;331,6;"TUBARAO";"Falta de Atenção à Condução";"Colisão traseira";"Com Vítimas Feridas";"Pleno dia";"Crescente";"Céu Claro";"Simples";"Não Informado";"Sim";5;0;1;0;4;0;1;2;-28,46596;-48,99575;"SR-SC";"DEL8/2";"UOP01/SC"
265063;2020-01-25;"sábado";"14:40:00";"MT";364;579;"NOBRES";"Desobediência às normas de trânsito pelo condutor";"Danos eventuais";"Com Vítimas Feridas";"Pleno dia";"Decrescente";"Céu Claro";"Múltipla";"Reta";"Não";4;0;1;1;2;0;2;2;-14,66299;-56,29937;"SR-MT";"DEL2/4";"UOP01/MT"
265064;2020-01-25;"sábado";"16:30:00";"MG";365;393,3;"LAGOA FORMOSA";"Velocidade Incompatível";"Tombamento";"Com Vítimas Fatais";"Pleno dia";"Crescente";"Nublado";"Simples";"Curva";"Não";4;1;0;2;0;1;2;1;-18,63528;-46,36139;"SR-MG";"DEL4/10";"UOP01/MG"
265065;2020-01-25;"sábado";"16:20:00";"AL";316;106,5;"DOIS RIACHOS";"Animais na Pista";"Atropelamento de Animal";"Sem Vítimas";"Pleno dia";"Crescente";"Céu Claro";"Simples";"Reta";"Não";2;0;0;0;2;0;0;1;-9,386103;-37,06235;"SR-AL";"DEL13/3";"UOP01/AL"
265066;2020-01-25;"sábado";"16:37:00";"MS";163;475,5;"CAMPO GRANDE";"Velocidade Incompatível";"Tombamento";"Com Vítimas Feridas";"Pleno dia";"Crescente";"Céu Claro";"Simples";"Reta";"Sim";2;0;1;0;1;0;1;2;-20,51838;-54,56659;"SR-MS";"DEL3/1";"UOP01/MS"
265068;2020-01-25;"sábado";"15:00:00";"RJ";116;40;"TERESOPOLIS";"Ingestão de Álcool";"Colisão transversal";"Sem Vítimas";"Pleno dia";"Crescente";"Sol";"Simples";"Não Informado";"Sim";3;0;0;0;3;0;0;3;-22,13343;-42,77952;"SR-RJ";"DEL5/6";"UOP02/RJ"
265069;2020-01-25;"sábado";"17:10:00";"BA";242;214;"ITABERABA";"Falta de Atenção à Condução";"Saída de leito carroçável";"Com Vítimas Feridas";"Pleno dia";"Decrescente";"Céu Claro";"Simples";"Curva";"Não";1;0;1;0;0;0;1;1;-12,52492;-40,37344;"SR-BA";"DEL10/6";"UOP02/BA"
265070;2020-01-25;"sábado";"17:00:00";"MG";40;70,8;"PARACATU";"Velocidade Incompatível";"Saída de leito carroçável";"Com Vítimas Feridas";"Pleno dia";"Crescente";"Chuva";"Simples";"Reta";"Não";3;0;3;0;0;0;3;1;-17,40084;-46,72759;"SR-MG";"DEL4/14";"UOP01/MG"
265071;2020-01-25;"sábado";"18:00:00";"MG";381;512,6;"IGARAPE";"Falta de Atenção à Condução";"Colisão traseira";"Com Vítimas Feridas";"Anoitecer";"Crescente";"Nublado";"Dupla";"Reta";"Sim";2;0;1;0;1;0;1;2;-20,0924;-44,31458;"SR-MG";"DEL4/1";"UOP03/MG"
265072;2020-01-25;"sábado";"18:40:00";"SC";101;52;"JOINVILLE";"Desobediência às normas de trânsito pelo condutor";"Colisão lateral";"Com Vítimas Feridas";"Anoitecer";"Decrescente";"Céu Claro";"Dupla";"Reta";"Sim";2;0;1;0;1;0;1;2;-26,39112;-48,83984;"SR-SC";"DEL8/3";"UOP01/SC"
265073;2020-01-25;"sábado";"18:00:00";"PR";376;493;"PONTA GROSSA";"Desobediência às normas de trânsito pelo condutor";"Saída de leito carroçável";"Sem Vítimas";"Pleno dia";"Crescente";"Céu Claro";"Dupla";"Não Informado";"Sim";1;0;0;0;1;0;0;1;-25,16001;-50,12437;"SR-PR";"DEL7/3";"UOP03/PR"
265074;2020-01-25;"sábado";"18:05:00";"PR";277;126,8;"BALSA NOVA";"Falta de Atenção à Condução";"Colisão traseira";"Com Vítimas Feridas";"Pleno dia";"Crescente";"Céu Claro";"Dupla";"Reta";"Não";3;0;1;0;2;0;1;3;-25,44952;-49,61008;"SR-PR";"DEL7/1";"UOP05/PR"
265075;2020-01-25;"sábado";"15:20:00";"MG";40;4,1;"PARACATU";"Pista Escorregadia";"Saída de leito carroçável";"Com Vítimas Feridas";"Pleno dia";"Crescente";"Chuva";"Simples";"Curva";"Não";3;0;2;0;1;0;2;1;-17,05641;-47,13046;"SR-MG";"DEL4/14";"UOP01/MG"
265077;2020-01-25;"sábado";"19:10:00";"SP";101;35,5;"UBATUBA";"Falta de Atenção à Condução";"Colisão transversal";"Com Vítimas Feridas";"Plena Noite";"Decrescente";"Nublado";"Simples";"Reta";"Sim";3;0;1;0;2;0;1;2;-23,3956;-45,01489;"SR-SP";"DEL6";"UOP03/SP"
265078;2020-01-25;"sábado";"18:00:00";"PR";476;118;"COLOMBO";"Falta de Atenção à Condução";"Colisão lateral";"Com Vítimas Feridas";"Anoitecer";"Crescente";"Céu Claro";"Dupla";"Reta";"Sim";2;0;0;1;0;1;1;2;-25,35634;-49,18083;"SR-PR";"DEL7/1";"UOP06/PR"
265079;2020-01-25;"sábado";"18:10:00";"PR";277;3,5;"FOZ DO IGUACU";"Velocidade Incompatível";"Queda de ocupante de veículo";"Com Vítimas Feridas";"Anoitecer";"Crescente";"Céu Claro";"Dupla";"Reta";"Sim";1;0;1;0;0;0;1;1;-25,4845;-54,58317;"SR-PR";"DEL7/5";"UOP03/PR"
265080;2020-01-25;"sábado";"18:35:00";"PR";277;696,2;"SAO MIGUEL DO IGUACU";"Falta de Atenção à Condução";"Saída de leito carroçável";"Com Vítimas Feridas";"Pleno dia";"Decrescente";"Céu Claro";"Dupla";"Reta";"Não";1;0;0;1;0;0;1;1;-25,38684;-54,29509;"SR-PR";"DEL7/5";"UOP01/PR"
265081;2020-01-25;"sábado";"17:30:00";"SP";116;155,5;"SAO JOSE DOS CAMPOS";"Condutor Dormindo";"Colisão com objeto estático";"Com Vítimas Feridas";"Anoitecer";"Crescente";"Céu Claro";"Múltipla";"Reta";"Sim";1;0;1;0;0;0;1;1;-23,24524;-45,92773;"SR-SP";"DEL6/2";"UOP01/SP"
265082;2020-01-25;"sábado";"18:20:00";"PR";277;166;"PALMEIRA";"Velocidade Incompatível";"Saída de leito carroçável";"Com Vítimas Feridas";"Plena Noite";"Crescente";"Nublado";"Simples";"Curva";"Não";2;0;2;0;0;0;2;1;-25,47289;-49,89596;"SR-PR";"DEL7/1";"UOP05/PR"
265083;2020-01-25;"sábado";"19:30:00";"GO";153;529;"HIDROLANDIA";"Falta de Atenção à Condução";"Colisão traseira";"Com Vítimas Feridas";"Plena Noite";"Decrescente";"Nublado";"Dupla";"Reta";"Não";2;0;0;1;1;0;1;2;-16,9603;-49,2384;"SR-GO";"DEL1/1";"UOP03/GO"
265084;2020-01-25;"sábado";"17:50:00";"MG";116;467;"TARUMIRIM";"Falta de Atenção à Condução";"Colisão transversal";"Com Vítimas Feridas";"Pleno dia";"Decrescente";"Chuva";"Simples";"Reta";"Não";2;0;1;0;1;0;1;2;-19,29348;-42,07682;"SR-MG";"DEL4/6";"UOP02/MG"
265085;2020-01-25;"sábado";"19:16:00";"SC";470;249,2;"CURITIBANOS";"Desobediência às normas de trânsito pelo condutor";"Colisão transversal";"Com Vítimas Feridas";"Anoitecer";"Decrescente";"Nublado";"Simples";"Rotatória";"Sim";4;0;1;0;2;1;1;2;-27,3128;-50,56168;"SR-SC";"DEL8/5";"UOP03/SC"
265086;2020-01-25;"sábado";"19:30:00";"PA";10;18;"DOM ELISEU";"Desobediência às normas de trânsito pelo condutor";"Colisão transversal";"Com Vítimas Feridas";"Plena Noite";"Crescente";"Céu Claro";"Simples";"Reta";"Sim";2;0;1;0;1;0;1;2;-4,293095;-47,5569;"SR-PA";"DEL19/2";"UOP03/PA"
265087;2020-01-25;"sábado";"20:00:00";"RJ";40;47,8;"PETROPOLIS";"Falta de Atenção do Pedestre";"Atropelamento de Pedestre";"Com Vítimas Fatais";"Plena Noite";"Crescente";"Nublado";"Simples";"Curva";"Não";5;1;0;0;3;1;0;1;-22,2917;-43,12798;"SR-RJ";"DEL5/6";"UOP03/RJ"
265088;2020-01-25;"sábado";"19:05:00";"SC";282;504,5;"XANXERE";"Velocidade Incompatível";"Saída de leito carroçável";"Com Vítimas Feridas";"Anoitecer";"Decrescente";"Céu Claro";"Dupla";"Reta";"Sim";1;0;1;0;0;0;1;1;-26,88428;-52,40847;"SR-SC";"DEL7";"UOP01/SC"
265089;2020-01-25;"sábado";"17:40:00";"CE";222;230,1;"SOBRAL";"Defeito Mecânico no Veículo";"Colisão com objeto em movimento";"Sem Vítimas";"Anoitecer";"Crescente";"Céu Claro";"Simples";"Reta";"Não";5;0;0;0;5;0;0;2;-3,70054;-40,3925;"SR-CE";"DEL16/4";"UOP01/CE"
265090;2020-01-25;"sábado";"19:40:00";"MG";50;74;"UBERLANDIA";"Defeito na Via";"Queda de ocupante de veículo";"Com Vítimas Feridas";"Plena Noite";"Crescente";"Nublado";"Dupla";"Reta";"Sim";2;0;1;1;0;0;2;1;-18,8514;-48,25346;"SR-MG";"DEL4/15";"UOP01/MG"
265091;2020-01-25;"sábado";"19:10:00";"PB";230;334;"PATOS";"Desobediência às normas de trânsito pelo condutor";"Colisão traseira";"Com Vítimas Feridas";"Plena Noite";"Decrescente";"Céu Claro";"Dupla";"Rotatória";"Não";2;0;1;0;1;0;1;2;-7,018;-37,2589;"SR-PB";"DEL14/3";"UOP01/PB"
265092;2020-01-25;"sábado";"20:30:00";"RJ";116;106;"GUAPIMIRIM";"Falta de Atenção à Condução";"Colisão frontal";"Com Vítimas Feridas";"Plena Noite";"Decrescente";"Céu Claro";"Dupla";"Curva";"Sim";2;0;1;0;1;0;1;2;-22,54728;-42,9875;"SR-RJ";"DEL5/4";"UOP02/RJ"
265093;2020-01-25;"sábado";"18:15:00";"SC";101;291,1;"IMBITUBA";"Falta de Atenção à Condução";"Tombamento";"Com Vítimas Feridas";"Anoitecer";"Crescente";"Sol";"Dupla";"Reta";"Sim";1;0;1;0;0;0;1;1;-28,26981;-48,70082;"SR-SC";"DEL8/2";"UOP03/SC"
265094;2020-01-25;"sábado";"20:30:00";"RS";158;321;"SANTA MARIA";"Falta de Atenção à Condução";"Colisão lateral";"Com Vítimas Feridas";"Anoitecer";"Crescente";"Céu Claro";"Simples";"Interseção de vias";"Sim";3;0;1;0;2;0;1;2;-29,68409;-53,77857;"SR-RS";"DEL9/9";"UOP01/RS"
265095;2020-01-25;"sábado";"20:10:00";"TO";153;491,5;"PARAISO DO TOCANTINS";"Velocidade Incompatível";"Engavetamento";"Sem Vítimas";"Plena Noite";"Crescente";"Nublado";"Simples";"Não Informado";"Não";3;0;0;0;3;0;0;3;-10,13266;-48,88877;"SR-TO";"UOP02/TO";""
265096;2020-01-25;"sábado";"20:40:00";"RJ";465;1;"SEROPEDICA";"Falta de Atenção à Condução";"Colisão transversal";"Com Vítimas Feridas";"Plena Noite";"Crescente";"Nublado";"Múltipla";"Retorno Regulamentado";"Sim";3;0;1;0;2;0;1;2;-22,71695;-43,72838;"SR-RJ";"DEL5/1";"UOP03/RJ"
265097;2020-01-25;"sábado";"21:00:00";"MG";40;470,5;"SETE LAGOAS";"Animais na Pista";"Atropelamento de Animal";"Com Vítimas Feridas";"Plena Noite";"Decrescente";"Chuva";"Dupla";"Reta";"Não";3;0;1;0;2;0;1;1;-19,46787;-44,29556;"SR-MG";"DEL4/2";"UOP01/MG"
265098;2020-01-25;"sábado";"21:09:00";"GO";20;2;"FORMOSA";"Não guardar distância de segurança";"Colisão traseira";"Sem Vítimas";"Plena Noite";"Decrescente";"Chuva";"Simples";"Reta";"Sim";2;0;0;0;1;1;0;2;-15,57387;-47,32749;"SR-DF";"UOP01/DEL02/DF";""
265099;2020-01-25;"sábado";"19:00:00";"MG";381;525;"BRUMADINHO";"Velocidade Incompatível";"Saída de leito carroçável";"Com Vítimas Feridas";"Plena Noite";"Crescente";"Nublado";"Dupla";"Curva";"Não";1;0;0;1;0;0;1;1;-20,16711;-44,33422;"SR-MG";"DEL4/4";"UOP03/MG"
265100;2020-01-25;"sábado";"16:00:00";"MG";365;76,8;"JEQUITAI";"Defeito Mecânico no Veículo";"Incêndio";"Sem Vítimas";"Pleno dia";"Decrescente";"Nublado";"Simples";"Reta";"Não";1;0;0;0;1;0;0;1;-17,13361;-44,35524;"SR-MG";"DEL4/12";"UOP01/MG"
265101;2020-01-25;"sábado";"20:35:00";"PR";153;39,7;"SANTO ANTONIO DA PLATINA";"Defeito na Via";"Queda de ocupante de veículo";"Com Vítimas Feridas";"Plena Noite";"Decrescente";"Céu Claro";"Simples";"Interseção de vias";"Não";2;0;1;0;1;0;1;2;-23,27232;-50,05734;"SR-PR";"DEL7/7";"UOP07/PR"
265103;2020-01-25;"sábado";"20:30:00";"MT";364;235,8;"RONDONOPOLIS";"Ingestão de Álcool";"Colisão traseira";"Com Vítimas Feridas";"Plena Noite";"Crescente";"Céu Claro";"Dupla";"Reta";"Sim";2;0;1;0;1;0;1;2;-16,22249;-54,77953;"SR-MT";"DEL2/2";"UOP01/MT"
265104;2020-01-25;"sábado";"16:30:00";"MG";116;545,7;"SANTA BARBARA DO LESTE";"Velocidade Incompatível";"Colisão frontal";"Com Vítimas Fatais";"Anoitecer";"Decrescente";"Chuva";"Simples";"Reta";"Não";6;2;3;0;1;0;3;2;-19,92261;-42,13141;"SR-MG";"DEL4/6";"UOP02/MG"
265105;2020-01-25;"sábado";"21:40:00";"PR";277;0,5;"PARANAGUA";"Falta de Atenção à Condução";"Queda de ocupante de veículo";"Com Vítimas Feridas";"Plena Noite";"Crescente";"Nublado";"Dupla";"Reta";"Sim";1;0;1;0;0;0;1;1;-25,55615;-48,5624;"SR-PR";"DEL7/1";"UOP07/PR"
265106;2020-01-25;"sábado";"20:45:00";"RJ";116;140;"DUQUE DE CAXIAS";"Defeito Mecânico no Veículo";"Tombamento";"Com Vítimas Feridas";"Plena Noite";"Decrescente";"Céu Claro";"Dupla";"Reta";"Sim";2;0;1;0;1;0;1;1;-22,66283;-43,25602;"SR-RJ";"DEL5/4";"UOP02/RJ"
265107;2020-01-25;"sábado";"22:00:00";"ES";101;284;"CARIACICA";"Falta de Atenção à Condução";"Capotamento";"Com Vítimas Feridas";"Plena Noite";"Decrescente";"Chuva";"Múltipla";"Reta";"Não";1;0;1;0;0;0;1;1;-20,24335;-40,36969;"SR-ES";"DEL12/1";"UOP01/ES"
265108;2020-01-25;"sábado";"21:30:00";"CE";20;83,5;"TAUA";"Mal Súbito";"Colisão frontal";"Com Vítimas Feridas";"Plena Noite";"Crescente";"Ignorado";"Simples";"Reta";"Não";2;0;0;2;0;0;2;2;-6,007603;-40,28675;"SR-CE";"DEL16/2";"UOP02/CE"
265109;2020-01-25;"sábado";"21:00:00";"SC";101;132,8;"BALNEARIO CAMBORIU";"Falta de Atenção à Condução";"Colisão lateral";"Com Vítimas Feridas";"Plena Noite";"Decrescente";"Céu Claro";"Múltipla";"Reta";"Sim";3;0;2;0;1;0;2;2;-26,99654;-48,65565;"SR-SC";"DEL8/4";"UOP03/SC"
265110;2020-01-25;"sábado";"15:40:00";"GO";153;260;"SAO LUIZ DO NORTE";"Desobediência às normas de trânsito pelo condutor";"Colisão frontal";"Sem Vítimas";"Pleno dia";"Decrescente";"Chuva";"Simples";"Reta";"Não";4;0;0;0;3;1;0;4;-14,99346;-49,40645;"SR-GO";"DEL1/7";"UOP01/GO"
265111;2020-01-25;"sábado";"22:10:00";"PE";232;129;"CARUARU";"Ingestão de Álcool";"Colisão traseira";"Sem Vítimas";"Plena Noite";"Crescente";"Céu Claro";"Dupla";"Reta";"Sim";2;0;0;0;2;0;0;2;-8,301935;-35,98092;"SR-PE";"DEL11/2";"UOP02/PE"
265112;2020-01-25;"sábado";"21:20:00";"PE";316;81;"OURICURI";"Ingestão de Álcool";"Saída de leito carroçável";"Com Vítimas Feridas";"Plena Noite";"Crescente";"Céu Claro";"Simples";"Curva";"Não";1;0;1;0;0;0;1;1;-7,867515;-40,10183;"SR-PE";"DEL11/5";"UOP02/PE"
265113;2020-01-25;"sábado";"22:00:00";"SP";116;225;"GUARULHOS";"Não guardar distância de segurança";"Colisão traseira";"Com Vítimas Feridas";"Plena Noite";"Crescente";"Céu Claro";"Múltipla";"Reta";"Sim";3;0;1;0;2;0;1;3;-23,48587;-46,54075;"SR-SP";"DEL6/1";"UOP01/SP"
265114;2020-01-25;"sábado";"22:45:00";"PR";476;153,9;"ARAUCARIA";"Falta de Atenção à Condução";"Queda de ocupante de veículo";"Com Vítimas Feridas";"Plena Noite";"Crescente";"Nublado";"Dupla";"Reta";"Sim";2;0;2;0;0;0;2;1;-25,58474;-49,40219;"SR-PR";"DEL7/1";"UOP04/PR"
265115;2020-01-25;"sábado";"22:40:00";"GO";40;1;"VALPARAISO DE GOIAS";"Falta de Atenção à Condução";"Colisão traseira";"Sem Vítimas";"Plena Noite";"Crescente";"Chuva";"Dupla";"Desvio Temporário";"Sim";3;0;0;0;3;0;0;2;-16,05824;-47,98282;"SR-DF";"UOP01/DF";""
265116;2020-01-25;"sábado";"22:40:00";"RS";392;131;"CANGUCU";"Ingestão de Álcool";"Colisão frontal";"Com Vítimas Feridas";"Plena Noite";"Crescente";"Céu Claro";"Simples";"Reta";"Não";3;0;1;0;2;0;1;3;-31,32068;-52,76038;"SR-RS";"DEL9/7";"UOP01/RS"
265117;2020-01-25;"sábado";"21:45:00";"PR";487;126;"TUNEIRAS DO OESTE";"Avarias e/ou desgaste excessivo no pneu";"Colisão com objeto em movimento";"Com Vítimas Feridas";"Pleno dia";"Decrescente";"Céu Claro";"Simples";"Reta";"Não";1;0;1;0;0;0;1;1;-23,86957;-52,86852;"SR-PR";"DEL7/4";"UOP05/PR"
265118;2020-01-25;"sábado";"20:02:00";"SC";470;70,1;"INDAIAL";"Falta de Atenção do Pedestre";"Atropelamento de Pedestre";"Com Vítimas Feridas";"Plena Noite";"Decrescente";"Céu Claro";"Simples";"Reta";"Não";2;0;0;1;0;1;1;1;-26,88937;-49,25448;"SR-SC";"DEL8/4";"UOP01/SC"
265119;2020-01-25;"sábado";"22:20:00";"PR";476;145;"ARAUCARIA";"Agressão Externa";"Capotamento";"Com Vítimas Feridas";"Plena Noite";"Decrescente";"Céu Claro";"Dupla";"Reta";"Sim";1;0;1;0;0;0;1;1;-25,54775;-49,32095;"SR-PR";"DEL7/1";"UOP04/PR"
265120;2020-01-25;"sábado";"23:30:00";"BA";101;226;"CRUZ DAS ALMAS";"Falta de Atenção à Condução";"Colisão traseira";"Com Vítimas Fatais";"Plena Noite";"Decrescente";"Céu Claro";"Simples";"Reta";"Não";2;1;0;0;1;0;0;2;-12,70319;-39,1563;"SR-BA";"DEL10/1";"UOP02/BA"
265121;2020-01-25;"sábado";"21:17:00";"MG";381;505;"BETIM";"Falta de Atenção à Condução";"Colisão lateral";"Com Vítimas Feridas";"Plena Noite";"Crescente";"Céu Claro";"Dupla";"Reta";"Não";3;0;1;0;0;2;1;2;-20,04478;-44,27276;"SR-MG";"DEL4/1";"UOP03/MG"
265122;2020-01-25;"sábado";"21:10:00";"PE";232;211,8;"PESQUEIRA";"Desobediência às normas de trânsito pelo condutor";"Colisão frontal";"Com Vítimas Feridas";"Plena Noite";"Decrescente";"Vento";"Simples";"Reta";"Sim";3;0;0;2;0;1;2;2;-8,368995;-36,70579;"SR-PE";"DEL11/2";"UOP02/PE"
265123;2020-01-25;"sábado";"16:00:00";"RS";116;62,7;"CAMPESTRE DA SERRA";"Velocidade Incompatível";"Saída de leito carroçável";"Com Vítimas Feridas";"Pleno dia";"Crescente";"Céu Claro";"Simples";"Curva";"Não";1;0;1;0;0;0;1;1;-28,65952;-51,05913;"SR-RS";"DEL9/5";"UOP03/RS"
265124;2020-01-25;"sábado";"21:50:00";"PE";101;67,3;"RECIFE";"Falta de Atenção à Condução";"Colisão com objeto estático";"Sem Vítimas";"Plena Noite";"Crescente";"Nublado";"Dupla";"Reta";"Sim";1;0;0;0;0;1;0;1;-8,044697;-34,94432;"SR-PE";"DEL11/1";"UOP01/PE"
265125;2020-01-25;"sábado";"17:00:00";"RS";116;62,7;"CAMPESTRE DA SERRA";"Ingestão de Álcool";"Colisão traseira";"Sem Vítimas";"Pleno dia";"Crescente";"Sol";"Simples";"Curva";"Não";2;0;0;0;2;0;0;2;-28,66047;-51,05917;"SR-RS";"DEL9/5";"UOP03/RS"
265126;2020-01-25;"sábado";"23:00:00";"PR";376;3;"SAO JOSE DOS PINHAIS";"Não guardar distância de segurança";"Colisão traseira";"Com Vítimas Feridas";"Plena Noite";"Crescente";"Céu Claro";"Dupla";"Reta";"Sim";4;0;2;0;2;0;2;2;-25,53998;-49,19153;"SR-PR";"DEL7/1";"UOP01/PR"
265127;2020-01-25;"sábado";"23:30:00";"MA";316;553;"CAXIAS";"Desobediência às normas de trânsito pelo condutor";"Queda de ocupante de veículo";"Com Vítimas Feridas";"Plena Noite";"Crescente";"Céu Claro";"Dupla";"Reta";"Sim";1;0;0;1;0;0;1;1;-4,883924;-43,34686;"SR-MA";"DEL18/3";"UOP02/MA"
265128;2020-01-25;"sábado";"23:10:00";"RS";290;79;"GRAVATAI";"Ingestão de Álcool";"Saída de leito carroçável";"Sem Vítimas";"Plena Noite";"Decrescente";"Céu Claro";"Dupla";"Reta";"Não";1;0;0;0;1;0;0;1;-29,95291;-51,04805;"SR-RS";"DEL9/1";"UOP01/RS"
265129;2020-01-25;"sábado";"21:30:00";"PB";230;406,7;"POMBAL";"Desobediência às normas de trânsito pelo condutor";"Colisão frontal";"Com Vítimas Feridas";"Plena Noite";"Crescente";"Céu Claro";"Simples";"Interseção de vias";"Sim";2;0;2;0;0;0;2;2;-6,7842;-37,7987;"SR-PB";"DEL14/3";"UOP02/PB"
265130;2020-01-25;"sábado";"19:30:00";"MG";251;350,6;"PADRE CARVALHO";"Velocidade Incompatível";"Tombamento";"Sem Vítimas";"Plena Noite";"Decrescente";"Chuva";"Simples";"Não Informado";"Não";1;0;0;0;1;0;0;1;-16,28127;-42,53473;"SR-MG";"DEL4/12";"UOP01/MG"
265131;2020-01-25;"sábado";"22:50:00";"MG";381;849,5;"POUSO ALEGRE";"Velocidade Incompatível";"Saída de leito carroçável";"Com Vítimas Feridas";"Plena Noite";"Decrescente";"Céu Claro";"Dupla";"Curva";"Não";5;0;1;0;4;0;1;1;-22,26991;-45,89241;"SR-MG";"DEL09";"UOP01/MG"
265132;2020-01-25;"sábado";"23:10:00";"RO";364;710;"PORTO VELHO";"Restrição de Visibilidade";"Colisão lateral";"Com Vítimas Feridas";"Plena Noite";"Decrescente";"Céu Claro";"Dupla";"Reta";"Sim";3;0;2;1;0;0;3;1;-8,786216;-63,85713;"SR-RO";"DEL21/1";"UOP01/RO"
265133;2020-01-25;"sábado";"21:50:00";"RS";470;232;"CARLOS BARBOSA";"Ingestão de Álcool";"Queda de ocupante de veículo";"Com Vítimas Feridas";"Plena Noite";"Crescente";"Céu Claro";"Simples";"Reta";"Não";1;0;1;0;0;0;1;1;-29,23579;-51,51193;"SR-RS";"DEL9/6";"UOP01/RS"
265134;2020-01-25;"sábado";"06:00:00";"MG";116;519,9;"UBAPORANGA";"Defeito na Via";"Saída de leito carroçável";"Com Vítimas Feridas";"Amanhecer";"Crescente";"Chuva";"Simples";"Curva";"Não";2;0;1;0;1;0;1;2;-19,71798;-42,12831;"SR-MG";"DEL4/6";"UOP02/MG"
265135;2020-01-26;"domingo";"00:10:00";"SC";282;16;"PALHOCA";"Desobediência às normas de trânsito pelo condutor";"Colisão transversal";"Com Vítimas Feridas";"Plena Noite";"Decrescente";"Céu Claro";"Simples";"Reta";"Não";2;0;1;0;1;0;1;2;-27,65861;-48,68185;"SR-SC";"DEL8/1";"UOP02/SC"
265136;2020-01-26;"domingo";"00:30:00";"SP";116;206,7;"GUARULHOS";"Falta de Atenção à Condução";"Colisão traseira";"Sem Vítimas";"Plena Noite";"Crescente";"Céu Claro";"Dupla";"Reta";"Sim";2;0;0;0;2;0;0;2;-23,41854;-46,38058;"SR-SP";"DEL6/1";"UOP01/SP"
265137;2020-01-25;"sábado";"23:30:00";"CE";20;421;"MARACANAU";"Restrição de Visibilidade";"Saída de leito carroçável";"Com Vítimas Feridas";"Plena Noite";"Decrescente";"Céu Claro";"Dupla";"Reta";"Sim";2;0;1;0;0;1;1;1;-3,76999;-38,67006;"SR-CE";"DEL16/1";"UOP02/CE"
265138;2020-01-25;"sábado";"23:25:00";"PR";277;120;"CAMPO LARGO";"Ingestão de Álcool";"Capotamento";"Sem Vítimas";"Plena Noite";"Decrescente";"Nublado";"Dupla";"Reta";"Não";1;0;0;0;0;1;0;1;-25,45257;-49,54898;"SR-PR";"DEL7/1";"UOP05/PR"
265139;2020-01-25;"sábado";"23:25:00";"SP";116;155,5;"SAO JOSE DOS CAMPOS";"Falta de Atenção à Condução";"Capotamento";"Com Vítimas Feridas";"Plena Noite";"Crescente";"Céu Claro";"Dupla";"Não Informado";"Sim";1;0;1;0;0;0;1;1;-23,24524;-45,92773;"SR-SP";"DEL6/2";"UOP01/SP"
265140;2020-01-25;"sábado";"22:10:00";"GO";158;268;"JATAI";"Ingestão de Álcool";"Colisão lateral";"Sem Vítimas";"Plena Noite";"Decrescente";"Nublado";"Dupla";"Reta";"Sim";2;0;0;0;2;0;0;2;-17,84668;-51,73598;"SR-GO";"DEL1/5";"UOP01/GO"
265141;2020-01-26;"domingo";"01:10:00";"PA";230;121;"MARABA";"Desobediência às normas de trânsito pelo condutor";"Colisão transversal";"Sem Vítimas";"Plena Noite";"Decrescente";"Garoa/Chuvisco";"Dupla";"Interseção de vias";"Sim";2;0;0;0;1;1;0;2;-5,352974;-49,12144;"SR-PA";"DEL19/3";"UOP01/PA"
265142;2020-01-26;"domingo";"01:25:00";"RJ";101;66;"CAMPOS DOS GOYTACAZES";"Ingestão de Álcool";"Atropelamento de Pedestre";"Com Vítimas Feridas";"Plena Noite";"Decrescente";"Nublado";"Simples";"Curva";"Sim";2;0;1;0;1;0;1;1;-21,7609;-41,34789;"SR-RJ";"DEL5/8";"UOP02/RJ"