"id";"data_inversa";"dia_semana";"horario";"uf";"br";"km";"municipio";"causa_acidente";"tipo_acidente";"classificacao_acidente";"fase_dia";"sentido_via";"condicao_metereologica";"tipo_pista";"tracado_via";"uso_solo";"pessoas";"mortos";"feridos_leves";"feridos_graves";"ilesos";"ignorados";"feridos";"veiculos";"latitude";"longitude";"regional";"delegacia";"uop"
265710;2020-01-28;"terça-feira";"15:00:00";"BA";324;528;"FEIRA DE SANTANA";"Falta de Atenção à Condução";"Queda de ocupante de veículo";"Com Vítimas Feridas";"Pleno dia";"Crescente";"Sol";"Dupla";"Reta";"Não";2;0;1;0;1;0;1;1;-12,31728;-38,87612;"SR-BA";"DEL10/1";"UOP01/BA"
265711;2020-01-28;"terça-feira";"16:05:00";"RS";116;168,5;"CAXIAS DO SUL";"Ultrapassagem Indevida";"Tombamento";"Com Vítimas Feridas";"Pleno dia";"Decrescente";"Céu Claro";"Simples";"Curva";"Não";4;0;1;0;0;3;1;2;-29,28313;-51,16252;"SR-RS";"DEL9/5";"UOP02/RS"
265713;2020-01-28;"terça-feira";"16:00:00";"MG";381;364;"SAO GONCALO DO RIO ABAIXO";"Velocidade Incompatível";"Tombamento";"Com Vítimas Feridas";"Pleno dia";"Crescente";"Céu Claro";"Simples";"Curva";"Não";1;0;0;1;0;0;1;1;-19,84956;-43,25425;"SR-MG";"DEL4/3";"UOP01/MG"
265714;2020-01-28;"terça-feira";"18:19:00";"PI";343;349;"TERESINA";"Ultrapassagem Indevida";"Colisão lateral";"Com Vítimas Fatais";"Plena Noite";"Crescente";"Nublado";"Dupla";"Reta";"Sim";7;3;0;1;1;2;1;3;-5,122447;-42,79448;"SR-PI";"DEL17/1";"UOP01/PI"
265715;2020-01-28;"terça-feira";"19:00:00";"PE";232;7,8;"RECIFE";"Falta de Atenção à Condução";"Colisão com objeto estático";"Com Vítimas Feridas";"Plena Noite";"Decrescente";"Céu Claro";"Dupla";"Reta";"Sim";2;0;2;0;0;0;2;1;-8,073335;-34,96184;"SR-PE";"DEL11/1";"UOP01/PE"
265716;2020-01-28;"terça-feira";"18:00:00";"PR";376;182;"MARINGA";"Falta de Atenção à Condução";"Colisão traseira";"Com Vítimas Feridas";"Anoitecer";"Crescente";"Céu Claro";"Dupla";"Reta";"Sim";4;0;1;0;3;0;1;3;-23,43684;-51,87881;"SR-PR";"DEL7/7";"UOP04/PR"
265717;2020-01-28;"terça-feira";"19:30:00";"PR";116;119;"CURITIBA";"Falta de Atenção à Condução";"Colisão lateral";"Com Vítimas Feridas";"Plena Noite";"Crescente";"Chuva";"Dupla";"Reta";"Sim";2;0;0;1;1;0;1;2;-25,54456;-49,30146;"SR-PR";"DEL7/1";"UOP03/PR"
265718;2020-01-28;"terça-feira";"18:25:00";"SP";101;49;"UBATUBA";"Desobediência às normas de trânsito pelo condutor";"Colisão frontal";"Com Vítimas Feridas";"Pleno dia";"Decrescente";"Céu Claro";"Simples";"Reta";"Sim";2;0;0;1;1;0;1;2;-23,44411;-45,08376;"SR-SP";"DEL6";"UOP03/SP"
265719;2020-01-28;"terça-feira";"16:22:00";"MT";364;348;"SANTO ANTONIO DO LEVERGER";"Defeito Mecânico no Veículo";"Saída de leito carroçável";"Com Vítimas Feridas";"Pleno dia";"Crescente";"Céu Claro";"Simples";"Curva";"Não";1;0;0;1;0;0;1;1;-15,80417;-55,5543;"SR-MT";"DEL2/1";"UOP01/MT"
265720;2020-01-28;"terça-feira";"20:27:00";"GO";40;41;"LUZIANIA";"Pista Escorregadia";"Saída de leito carroçável";"Com Vítimas Feridas";"Plena Noite";"Crescente";"Chuva";"Simples";"Curva";"Não";1;0;0;1;0;0;1;1;-16,3678;-47,82697;"SR-DF";"UOP02/DF";""
265721;2020-01-28;"terça-feira";"18:10:00";"GO";153;108;"SANTA TEREZA DE GOIAS";"Defeito Mecânico no Veículo";"Tombamento";"Com Vítimas Feridas";"Anoitecer";"Decrescente";"Céu Claro";"Simples";"Desvio Temporário";"Não";7;0;1;2;0;4;3;3;-13,77892;-49,03207;"SR-GO";"DEL1/7";"UOP01/GO"
265722;2020-01-28;"terça-feira";"17:20:00";"PR";153;50,5;"SANTO ANTONIO DA PLATINA";"Defeito Mecânico no Veículo";"Colisão com objeto em movimento";"Com Vítimas Feridas";"Pleno dia";"Crescente";"Céu Claro";"Simples";"Não Informado";"Não";3;0;0;2;1;0;2;2;-23,3629;-50,06503;"SR-PR";"DEL7/7";"UOP07/PR"
265723;2020-01-28;"terça-feira";"20:50:00";"PE";408;82,1;"PAUDALHO";"Falta de Atenção do Pedestre";"Atropelamento de Pedestre";"Com Vítimas Feridas";"Plena Noite";"Decrescente";"Céu Claro";"Dupla";"Reta";"Sim";2;0;0;1;1;0;1;1;-7,941141;-35,1237;"SR-PE";"DEL11/1";"UOP01/PE"
265724;2020-01-28;"terça-feira";"17:40:00";"PR";476;205;"LAPA";"Pista Escorregadia";"Tombamento";"Com Vítimas Feridas";"Anoitecer";"Decrescente";"Chuva";"Simples";"Curva";"Não";2;0;2;0;0;0;2;1;-25,7795;-49,80429;"SR-PR";"DEL7/2";"UOP03/PR"
265725;2020-01-28;"terça-feira";"19:20:00";"RO";364;436,5;"JARU";"Defeito Mecânico no Veículo";"Queda de ocupante de veículo";"Com Vítimas Feridas";"Plena Noite";"Decrescente";"Chuva";"Simples";"Desvio Temporário";"Não";1;0;1;0;0;0;1;1;-10,3774;-62,55303;"SR-RO";"DEL21/3";"UOP02/RO"
265726;2020-01-28;"terça-feira";"20:30:00";"SC";101;85;"BARRA VELHA";"Desobediência às normas de trânsito pelo condutor";"Colisão transversal";"Com Vítimas Feridas";"Plena Noite";"Decrescente";"Nublado";"Simples";"Interseção de vias";"Não";2;0;1;0;1;0;1;2;-26,62841;-48,70814;"SR-SC";"DEL8/3";"UOP02/SC"
265727;2020-01-28;"terça-feira";"19:30:00";"PI";343;1,8;"TERESINA";"Falta de Atenção à Condução";"Colisão lateral";"Com Vítimas Feridas";"Plena Noite";"Decrescente";"Céu Claro";"Múltipla";"Interseção de vias";"Sim";2;0;1;0;1;0;1;2;-5,081558;-42,76594;"SR-PI";"DEL17/1";"UOP01/PI"
265728;2020-01-28;"terça-feira";"21:00:00";"PR";476;152;"ARAUCARIA";"Falta de Atenção à Condução";"Colisão frontal";"Com Vítimas Feridas";"Plena Noite";"Decrescente";"Garoa/Chuvisco";"Dupla";"Interseção de vias";"Sim";2;0;1;0;1;0;1;2;-25,57004;-49,38419;"SR-PR";"DEL7/1";"UOP04/PR"
265729;2020-01-28;"terça-feira";"21:15:00";"ES";101;109,7;"SOORETAMA";"Ingestão de Álcool";"Colisão frontal";"Com Vítimas Feridas";"Plena Noite";"Decrescente";"Céu Claro";"Simples";"Reta";"Não";2;0;2;0;0;0;2;2;-19,05398;-40,03082;"SR-ES";"DEL12/4";"UOP01/ES"
265730;2020-01-28;"terça-feira";"21:15:00";"MG";116;117;"ITAOBIM";"Falta de Atenção à Condução";"Colisão transversal";"Sem Vítimas";"Plena Noite";"Decrescente";"Nublado";"Simples";"Interseção de vias";"Sim";3;0;0;0;2;1;0;2;-16,57411;-41,50497;"SR-MG";"DEL4/11";"UOP02/MG"
265731;2020-01-28;"terça-feira";"22:15:00";"PR";376;176,9;"MARINGA";"Falta de Atenção à Condução";"Colisão traseira";"Com Vítimas Feridas";"Plena Noite";"Crescente";"Céu Claro";"Dupla";"Reta";"Sim";2;0;1;0;1;0;1;2;-23,41269;-51,93158;"SR-PR";"DEL7/7";"UOP04/PR"
265732;2020-01-28;"terça-feira";"16:05:00";"SC";282;561,1;"NOVA ITABERABA";"Velocidade Incompatível";"Tombamento";"Com Vítimas Feridas";"Pleno dia";"Crescente";"Sol";"Simples";"Não Informado";"Não";1;0;0;1;0;0;1;1;-26,92582;-52,85673;"SR-SC";"DEL7";"UOP02/SC"
265733;2020-01-28;"terça-feira";"16:30:00";"MG";153;47;"MONTE ALEGRE DE MINAS";"Defeito Mecânico no Veículo";"Saída de leito carroçável";"Sem Vítimas";"Pleno dia";"Decrescente";"Céu Claro";"Dupla";"Reta";"Não";1;0;0;0;1;0;0;1;-18,7962;-49,08248;"SR-MG";"DEL4/15";"UOP03/MG"
265734;2020-01-28;"terça-feira";"23:00:00";"MG";262;478,9;"BOM DESPACHO";"Falta de Atenção à Condução";"Saída de leito carroçável";"Com Vítimas Feridas";"Plena Noite";"Decrescente";"Chuva";"Simples";"Reta";"Sim";1;0;1;0;0;0;1;1;-19,78768;-45,22989;"SR-MG";"DEL4/8";"UOP03/MG"
265735;2020-01-29;"quarta-feira";"00:00:00";"PR";476;129;"CURITIBA";"Condutor Dormindo";"Saída de leito carroçável";"Sem Vítimas";"Plena Noite";"Crescente";"Chuva";"Múltipla";"Curva";"Sim";1;0;0;0;0;1;0;1;-25,44098;-49,23371;"SR-PR";"DEL7/1";"UOP06/PR"
265736;2020-01-28;"terça-feira";"18:00:00";"RO";364;400,4;"OURO PRETO DO OESTE";"Pista Escorregadia";"Colisão lateral";"Com Vítimas Feridas";"Anoitecer";"Crescente";"Chuva";"Simples";"Reta";"Não";3;0;0;2;1;0;2;2;-10,60374;-62,34299;"SR-RO";"DEL21/3";"UOP02/RO"
265737;2020-01-28;"terça-feira";"23:30:00";"PR";153;483,7;"GENERAL CARNEIRO";"Ingestão de Álcool";"Colisão traseira";"Com Vítimas Feridas";"Plena Noite";"Decrescente";"Garoa/Chuvisco";"Simples";"Curva";"Não";2;0;1;0;1;0;1;2;-26,38457;-51,26833;"SR-PR";"DEL7/2";"UOP02/PR"
265738;2020-01-28;"terça-feira";"21:47:00";"RO";364;577;"ITAPUA DO OESTE";"Falta de Atenção à Condução";"Colisão traseira";"Sem Vítimas";"Plena Noite";"Decrescente";"Céu Claro";"Simples";"Reta";"Sim";22;0;0;0;22;0;0;2;-9,422219;-63,11595;"SR-RO";"DEL21/3";"UOP03/RO"
265739;2020-01-28;"terça-feira";"22:00:00";"MT";163;550;"DIAMANTINO";"Defeito na Via";"Tombamento";"Sem Vítimas";"Plena Noite";"Decrescente";"Céu Claro";"Simples";"Reta";"Não";1;0;0;0;1;0;0;1;-14,30773;-56,13892;"SR-MT";"DEL2/4";"UOP01/MT"
265740;2020-01-29;"quarta-feira";"00:50:00";"MG";262;481,2;"BOM DESPACHO";"Falta de Atenção à Condução";"Colisão frontal";"Com Vítimas Feridas";"Plena Noite";"Crescente";"Nublado";"Simples";"Não Informado";"Não";2;0;0;1;1;0;1;2;-19,78606;-45,29394;"SR-MG";"DEL4/8";"UOP03/MG"
265741;2020-01-29;"quarta-feira";"02:10:00";"PR";277;113;"CAMPO LARGO";"Ingestão de Álcool";"Saída de leito carroçável";"Sem Vítimas";"Plena Noite";"Crescente";"Garoa/Chuvisco";"Dupla";"Reta";"Sim";1;0;0;0;1;0;0;1;-25,4297;-49,37851;"SR-PR";"DEL7/1";"UOP05/PR"
265742;2020-01-25;"sábado";"15:50:00";"GO";50;280;"CATALAO";"Falta de Atenção à Condução";"Colisão lateral";"Com Vítimas Feridas";"Pleno dia";"Crescente";"Nublado";"Simples";"Interseção de vias";"Sim";2;0;1;0;1;0;1;2;-18,1784;-47,9362;"SR-GO";"DEL1/6";"UOP01/GO"
265743;2020-01-29;"quarta-feira";"02:15:00";"PR";476;227,1;"LAPA";"Falta de Atenção à Condução";"Saída de leito carroçável";"Sem Vítimas";"Plena Noite";"Crescente";"Nevoeiro/Neblina";"Simples";"Reta";"Não";1;0;0;0;1;0;0;1;-25,85486;-49,96146;"SR-PR";"DEL7/2";"UOP03/PR"
265744;2020-01-29;"quarta-feira";"03:15:00";"MG";365;592;"UBERLANDIA";"Pista Escorregadia";"Saída de leito carroçável";"Com Vítimas Feridas";"Plena Noite";"Crescente";"Chuva";"Simples";"Reta";"Não";3;0;3;0;0;0;3;1;-18,87951;-48,06157;"SR-MG";"DEL4/15";"UOP02/MG"
265745;2020-01-28;"terça-feira";"18:15:00";"RJ";101;322;"NITEROI";"Falta de Atenção à Condução";"Colisão lateral";"Com Vítimas Feridas";"Plena Noite";"Decrescente";"Céu Claro";"Múltipla";"Reta";"Não";2;0;1;0;1;0;1;2;-22,87892;-43,11068;"SR-RJ";"UOP01";"DEL02"
265747;2020-01-29;"quarta-feira";"05:45:00";"MG";381;540,6;"ITATIAIUCU";"Falta de Atenção à Condução";"Saída de leito carroçável";"Com Vítimas Feridas";"Amanhecer";"Decrescente";"Nevoeiro/Neblina";"Dupla";"Reta";"Não";1;0;0;1;0;0;1;1;-20,25146;-44,41136;"SR-MG";"DEL4/4";"UOP03/MG"
265748;2020-01-29;"quarta-feira";"03:30:00";"PI";343;175,6;"PIRIPIRI";"Desobediência às normas de trânsito pelo condutor";"Colisão lateral";"Com Vítimas Feridas";"Plena Noite";"Crescente";"Céu Claro";"Simples";"Reta";"Não";7;0;3;0;4;0;3;2;-4,202044;-41,78147;"SR-PI";"DEL17/2";"UOP01/PI"
265752;2020-01-29;"quarta-feira";"07:00:00";"DF";20;18,5;"BRASILIA";"Defeito Mecânico no Veículo";"Atropelamento de Pedestre";"Com Vítimas Feridas";"Pleno dia";"Crescente";"Céu Claro";"Dupla";"Não Informado";"Não";2;0;1;0;1;0;1;1;-15,6169;-47,70893;"SR-DF";"UOP01/DEL02/DF";""
265753;2020-01-29;"quarta-feira";"07:27:00";"SP";101;32;"UBATUBA";"Avarias e/ou desgaste excessivo no pneu";"Tombamento";"Com Vítimas Feridas";"Pleno dia";"Crescente";"Céu Claro";"Simples";"Curva";"Sim";2;0;2;0;0;0;2;1;-23,3879;-44,98069;"SR-SP";"DEL6";"UOP03/SP"
265754;2020-01-28;"terça-feira";"10:31:00";"SC";101;286,5;"IMBITUBA";"Defeito Mecânico no Veículo";"Incêndio";"Sem Vítimas";"Pleno dia";"Crescente";"Nublado";"Dupla";"Reta";"Não";1;0;0;0;1;0;0;1;-28,22948;-48,70164;"SR-SC";"DEL8/2";"UOP03/SC"
265755;2020-01-29;"quarta-feira";"06:30:00";"DF";60;2;"BRASILIA";"Velocidade Incompatível";"Saída de leito carroçável";"Com Vítimas Feridas";"Pleno dia";"Decrescente";"Céu Claro";"Simples";"Reta";"Sim";1;0;1;0;0;0;1;1;-15,88738;-48,07799;"SR-DF";"UOP03/DF";""
265756;2020-01-29;"quarta-feira";"07:00:00";"RJ";116;168;"SAO JOAO DE MERITI";"Falta de Atenção à Condução";"Colisão transversal";"Com Vítimas Feridas";"Pleno dia";"Decrescente";"Céu Claro";"Dupla";"Reta";"Sim";3;0;1;0;2;0;1;3;-22,81997;-43,315;"SR-RJ";"DEL5/1";"UOP02/RJ"
265757;2020-01-29;"quarta-feira";"07:30:00";"DF";20;18;"BRASILIA";"Não guardar distância de segurança";"Engavetamento";"Sem Vítimas";"Pleno dia";"Crescente";"Céu Claro";"Dupla";"Desvio Temporário";"Não";3;0;0;0;3;0;0;3;-15,6169;-47,70893;"SR-DF";"UOP01/DEL02/DF";""
265758;2020-01-29;"quarta-feira";"06:10:00";"GO";20;4;"FORMOSA";"Desobediência às normas de trânsito pelo condutor";"Colisão traseira";"Com Vítimas Feridas";"Pleno dia";"Decrescente";"Céu Claro";"Simples";"Reta";"Sim";2;0;1;0;1;0;1;2;-15,56139;-47,3137;"SR-DF";"UOP01/DEL02/DF";""
265759;2020-01-29;"quarta-feira";"06:40:00";"MG";381;477,6;"CONTAGEM";"Falta de Atenção à Condução";"Colisão lateral";"Com Vítimas Feridas";"Pleno dia";"Decrescente";"Céu Claro";"Dupla";"Reta";"Sim";2;0;1;0;1;0;1;2;-19,96007;-44,03474;"SR-MG";"DEL4/1";"UOP03/MG"
265760;2020-01-29;"quarta-feira";"06:30:00";"RN";101;102;"PARNAMIRIM";"Falta de Atenção à Condução";"Colisão traseira";"Com Vítimas Feridas";"Pleno dia";"Decrescente";"Céu Claro";"Múltipla";"Reta";"Sim";2;0;2;0;0;0;2;2;-5,888582;-35,24019;"SR-RN";"DEL15/1";"UOP01/RN"
265762;2020-01-28;"terça-feira";"16:20:00";"MG";381;375;"SAO GONCALO DO RIO ABAIXO";"Falta de Atenção à Condução";"Saída de leito carroçável";"Com Vítimas Feridas";"Pleno dia";"Decrescente";"Nublado";"Simples";"Curva";"Não";1;0;1;0;0;0;1;1;-19,83666;-43,33682;"SR-MG";"DEL4/1";"UOP01/MG"
265763;2020-01-29;"quarta-feira";"07:30:00";"RN";101;83,9;"SAO GONCALO DO AMARANTE";"Não guardar distância de segurança";"Colisão traseira";"Sem Vítimas";"Pleno dia";"Crescente";"Céu Claro";"Dupla";"Reta";"Não";4;0;0;0;4;0;0;4;-5,771045;-35,26617;"SR-RN";"DEL15/2";"UOP01/RN"
265766;2020-01-29;"quarta-feira";"07:30:00";"GO";60;92;"ANAPOLIS";"Desobediência às normas de trânsito pelo condutor";"Colisão traseira";"Com Vítimas Feridas";"Pleno dia";"Crescente";"Nublado";"Dupla";"Não Informado";"Sim";2;0;1;0;1;0;1;2;-16,353;-48,9178;"SR-GO";"DEL1/2";"UOP01/GO"
265767;2020-01-28;"terça-feira";"10:40:00";"BA";110;396;"SAO SEBASTIAO DO PASSE";"Falta de Atenção à Condução";"Saída de leito carroçável";"Com Vítimas Feridas";"Pleno dia";"Decrescente";"Céu Claro";"Simples";"Curva";"Não";1;0;1;0;0;0;1;1;-12,50766;-38,49627;"SR-BA";"DEL10/1";"UOP01/BA"
265770;2020-01-29;"quarta-feira";"08:10:00";"RN";101;105;"PARNAMIRIM";"Falta de Atenção à Condução";"Colisão lateral";"Com Vítimas Feridas";"Pleno dia";"Decrescente";"Céu Claro";"Dupla";"Interseção de vias";"Sim";2;0;0;1;1;0;1;2;-5,906724;-35,26019;"SR-RN";"DEL15/1";"UOP01/RN"
265771;2020-01-29;"quarta-feira";"06:42:00";"BA";324;518;"FEIRA DE SANTANA";"Falta de Atenção à Condução";"Colisão traseira";"Com Vítimas Feridas";"Pleno dia";"Crescente";"Nublado";"Dupla";"Reta";"Sim";3;0;2;0;1;0;2;2;-12,2582;-38,93218;"SR-BA";"DEL10/2";"UOP01/BA"
265773;2020-01-29;"quarta-feira";"06:40:00";"SC";470;26,7;"ILHOTA";"Falta de Atenção à Condução";"Colisão traseira";"Com Vítimas Feridas";"Pleno dia";"Crescente";"Céu Claro";"Simples";"Reta";"Não";3;0;1;1;1;0;2;2;-26,89101;-48,88441;"SR-SC";"DEL8/4";"UOP04/SC"
265774;2020-01-29;"quarta-feira";"08:00:00";"MG";40;494,3;"ESMERALDAS";"Falta de Atenção à Condução";"Tombamento";"Com Vítimas Feridas";"Pleno dia";"Decrescente";"Chuva";"Dupla";"Curva";"Não";1;0;1;0;0;0;1;1;-19,65391;-44,19841;"SR-MG";"DEL4/2";"UOP01/MG"
265775;2020-01-29;"quarta-feira";"08:15:00";"PB";230;20;"JOAO PESSOA";"Falta de Atenção à Condução";"Queda de ocupante de veículo";"Com Vítimas Feridas";"Pleno dia";"Decrescente";"Nublado";"Dupla";"Interseção de vias";"Sim";2;0;1;0;0;1;1;1;-7,1337;-34,8544;"SR-PB";"DEL14/1";"UOP01/PB"
265776;2020-01-29;"quarta-feira";"07:45:00";"SP";116;56,7;"LORENA";"Mal Súbito";"Saída de leito carroçável";"Com Vítimas Feridas";"Pleno dia";"Decrescente";"Sol";"Dupla";"Reta";"Não";1;0;0;1;0;0;1;1;-22,77302;-45,13578;"SR-SP";"DEL6/8";"UOP02/SP"
265777;2020-01-29;"quarta-feira";"08:10:00";"SC";101;348;"TREZE DE MAIO";"Desobediência às normas de trânsito pelo condutor";"Colisão transversal";"Com Vítimas Feridas";"Pleno dia";"Crescente";"Nublado";"Simples";"Interseção de vias";"Sim";2;0;1;0;1;0;1;2;-28,57864;-49,05275;"SR-SC";"DEL8/2";"UOP01/SC"
265778;2020-01-29;"quarta-feira";"08:30:00";"RS";392;83,5;"PELOTAS";"Desobediência às normas de trânsito pelo condutor";"Colisão lateral";"Com Vítimas Feridas";"Pleno dia";"Decrescente";"Céu Claro";"Simples";"Reta";"Não";2;0;1;0;0;1;1;2;-31,65203;-52,47272;"SR-RS";"DEL9/7";"UOP01/RS"
265780;2020-01-29;"quarta-feira";"07:00:00";"MS";163;259;"DOURADOS";"Falta de Atenção à Condução";"Colisão lateral";"Com Vítimas Feridas";"Pleno dia";"Decrescente";"Nublado";"Dupla";"Reta";"Não";3;0;2;0;1;0;2;2;-22,25258;-54,77697;"SR-MS";"DEL3/4";"UOP01/MS"
265781;2020-01-28;"terça-feira";"22:45:00";"MT";163;549;"DIAMANTINO";"Falta de Atenção à Condução";"Colisão traseira";"Com Vítimas Feridas";"Plena Noite";"Crescente";"Nublado";"Simples";"Reta";"Não";3;0;1;0;2;0;1;2;-14,31638;-56,14115;"SR-MT";"DEL2/4";"UOP01/MT"
265782;2020-01-29;"quarta-feira";"09:00:00";"PA";163;985;"SANTAREM";"Falta de Atenção à Condução";"Colisão transversal";"Com Vítimas Feridas";"Pleno dia";"Decrescente";"Garoa/Chuvisco";"Simples";"Reta";"Sim";3;0;0;1;2;0;1;2;-2,601709;-54,71932;"SR-PA";"DEL19/5";"UOP01/PA"
265783;2020-01-29;"quarta-feira";"09:00:00";"RS";290;380;"VILA NOVA DO SUL";"Condutor Dormindo";"Saída de leito carroçável";"Com Vítimas Feridas";"Pleno dia";"Decrescente";"Nublado";"Simples";"Reta";"Não";4;0;3;1;0;0;4;1;-30,35426;-53,95511;"SR-RS";"DEL9/9";"UOP02/RS"
265784;2020-01-29;"quarta-feira";"09:15:00";"GO";40;1,9;"VALPARAISO DE GOIAS";"Não guardar distância de segurança";"Colisão traseira";"Com Vítimas Feridas";"Pleno dia";"Decrescente";"Céu Claro";"Dupla";"Retorno Regulamentado";"Sim";2;0;1;0;1;0;1;2;-16,05824;-47,98282;"SR-DF";"UOP01/DF";""
265786;2020-01-29;"quarta-feira";"08:20:00";"RJ";101;307;"SAO GONCALO";"Falta de Atenção à Condução";"Colisão com objeto estático";"Sem Vítimas";"Pleno dia";"Decrescente";"Céu Claro";"Dupla";"Reta";"Sim";1;0;0;0;1;0;0;1;-22,79116;-43,01514;"SR-RJ";"DEL5/2";"UOP01/RJ"
265787;2020-01-29;"quarta-feira";"08:50:00";"GO";40;6,9;"VALPARAISO DE GOIAS";"Falta de Atenção à Condução";"Colisão lateral";"Com Vítimas Feridas";"Pleno dia";"Decrescente";"Céu Claro";"Dupla";"Não Informado";"Sim";2;0;1;0;1;0;1;2;-16,10081;-47,97735;"SR-DF";"UOP01/DF";""
265788;2020-01-24;"sexta-feira";"16:30:00";"TO";153;614;"ALIANCA DO TOCANTINS";"Avarias e/ou desgaste excessivo no pneu";"Saída de leito carroçável";"Com Vítimas Feridas";"Pleno dia";"Crescente";"Chuva";"Simples";"Reta";"Não";4;0;1;0;3;0;1;1;-11,22049;-48,93221;"SR-TO";"UOP01/TO";""
265789;2020-01-29;"quarta-feira";"07:20:00";"MT";364;401;"CUIABA";"Falta de Atenção à Condução";"Colisão transversal";"Com Vítimas Feridas";"Pleno dia";"Crescente";"Céu Claro";"Dupla";"Reta";"Sim";2;0;1;0;1;0;1;2;-15,6721;-55,94649;"SR-MT";"DEL2/1";"UOP01/MT"
265790;2020-01-29;"quarta-feira";"08:00:00";"MA";10;252;"IMPERATRIZ";"Não guardar distância de segurança";"Colisão frontal";"Com Vítimas Feridas";"Pleno dia";"Crescente";"Céu Claro";"Simples";"Reta";"Não";2;0;0;1;1;0;1;2;-5,53562;-47,46959;"SR-MA";"DEL18/4";"UOP01/MA"
265791;2020-01-29;"quarta-feira";"08:18:00";"SE";235;1,8;"ARACAJU";"Não guardar distância de segurança";"Colisão traseira";"Sem Vítimas";"Pleno dia";"Decrescente";"Céu Claro";"Dupla";"Desvio Temporário";"Sim";3;0;0;0;3;0;0;3;-10,9073;-37,0947;"SR-SE";"DEL20/1";"UOP01/SE"
265792;2020-01-29;"quarta-feira";"09:30:00";"PR";277;2,7;"PARANAGUA";"Falta de Atenção à Condução";"Engavetamento";"Com Vítimas Feridas";"Pleno dia";"Crescente";"Céu Claro";"Dupla";"Reta";"Sim";5;0;2;0;3;0;2;3;-25,54445;-48,54165;"SR-PR";"DEL7/1";"UOP07/PR"
265793;2020-01-29;"quarta-feira";"09:30:00";"GO";153;94;"SANTA TEREZA DE GOIAS";"Defeito na Via";"Danos eventuais";"Com Vítimas Feridas";"Pleno dia";"Decrescente";"Céu Claro";"Simples";"Reta";"Sim";5;0;4;1;0;0;5;1;-13,60455;-49,04205;"SR-GO";"DEL1/7";"UOP01/GO"
265794;2020-01-29;"quarta-feira";"09:50:00";"MG";381;355;"JOAO MONLEVADE";"Defeito Mecânico no Veículo";"Colisão com objeto em movimento";"Com Vítimas Feridas";"Pleno dia";"Crescente";"Nublado";"Simples";"Curva";"Não";6;0;3;0;2;1;3;3;-19,84112;-43,19939;"SR-MG";"DEL4/3";"UOP01/MG"
265795;2020-01-24;"sexta-feira";"09:45:00";"MG";116;750,5;"LEOPOLDINA";"Falta de Atenção à Condução";"Colisão transversal";"Sem Vítimas";"Pleno dia";"Decrescente";"Sol";"Simples";"Reta";"Não";2;0;0;0;1;1;0;2;-21,44929;-42,54849;"SR-MG";"DEL4/7";"UOP01/MG"
265796;2020-01-29;"quarta-feira";"09:57:00";"PR";376;312,3;"ORTIGUEIRA";"Velocidade Incompatível";"Capotamento";"Com Vítimas Feridas";"Pleno dia";"Decrescente";"Nublado";"Simples";"Curva";"Não";1;0;1;0;0;0;1;1;-24,03662;-51,08399;"SR-PR";"DEL7/7";"UOP02/PR"
265797;2020-01-29;"quarta-feira";"10:35:00";"SP";153;91;"JACI";"Mal Súbito";"Saída de leito carroçável";"Com Vítimas Feridas";"Pleno dia";"Crescente";"Sol";"Simples";"Não Informado";"Não";1;0;1;0;0;0;1;1;-20,96278;-49,56806;"SR-SP";"DEL6/9";"UOP01/SP"
265800;2020-01-29;"quarta-feira";"10:30:00";"MA";10;256;"IMPERATRIZ";"Desobediência às normas de trânsito pelo condutor";"Colisão transversal";"Com Vítimas Feridas";"Pleno dia";"Crescente";"Sol";"Simples";"Reta";"Sim";2;0;2;0;0;0;2;2;-5,490634;-47,47197;"SR-MA";"DEL18/4";"UOP01/MA"
265802;2020-01-29;"quarta-feira";"09:40:00";"PR";272;435,9;"GOIOERE";"Desobediência às normas de trânsito pelo condutor";"Atropelamento de Pedestre";"Com Vítimas Feridas";"Pleno dia";"Crescente";"Nublado";"Simples";"Reta";"Sim";2;0;0;1;0;1;1;1;-24,17964;-53,00869;"SR-PR";"DEL7/4";"UOP05/PR"
265803;2020-01-29;"quarta-feira";"09:45:00";"RS";116;361,5;"SENTINELA DO SUL";"Pista Escorregadia";"Tombamento";"Com Vítimas Feridas";"Pleno dia";"Crescente";"Nublado";"Simples";"Rotatória";"Sim";2;0;2;0;0;0;2;1;-30,63713;-51,55365;"SR-RS";"DEL9/2";"UOP02/RS"
265804;2020-01-29;"quarta-feira";"09:00:00";"MG";262;384,5;"MATEUS LEME";"Velocidade Incompatível";"Saída de leito carroçável";"Sem Vítimas";"Pleno dia";"Decrescente";"Chuva";"Dupla";"Curva";"Não";1;0;0;0;0;1;0;1;-19,93074;-44,41149;"SR-MG";"DEL4/1";"UOP03/MG"
265805;2020-01-29;"quarta-feira";"11:35:00";"SC";101;196;"BIGUACU";"Desobediência às normas de trânsito pelo condutor";"Colisão frontal";"Com Vítimas Feridas";"Pleno dia";"Decrescente";"Nublado";"Dupla";"Reta";"Sim";2;0;1;0;1;0;1;2;-27,51101;-48,64322;"SR-SC";"DEL8/1";"UOP01/SC"
265806;2020-01-29;"quarta-feira";"11:30:00";"GO";364;193;"JATAI";"Falta de Atenção à Condução";"Queda de ocupante de veículo";"Com Vítimas Feridas";"Pleno dia";"Crescente";"Céu Claro";"Dupla";"Curva";"Não";1;0;1;0;0;0;1;1;-17,91782;-51,69627;"SR-GO";"DEL1/5";"UOP01/GO"