"id";"data_inversa";"dia_semana";"horario";"uf";"br";"km";"municipio";"causa_acidente";"tipo_acidente";"classificacao_acidente";"fase_dia";"sentido_via";"condicao_metereologica";"tipo_pista";"tracado_via";"uso_solo";"pessoas";"mortos";"feridos_leves";"feridos_graves";"ilesos";"ignorados";"feridos";"veiculos";"latitude";"longitude";"regional";"delegacia";"uop"
265807;2020-01-29;"quarta-feira";"11:30:00";"RS";448;22;"PORTO ALEGRE";"Não guardar distância de segurança";"Colisão traseira";"Com Vítimas Feridas";"Pleno dia";"Crescente";"Garoa/Chuvisco";"Múltipla";"Curva";"Sim";6;0;4;0;2;0;4;3;-29,97353;-51,19962;"SR-RS";"DEL9/1";"UOP01/RS"
265809;2020-01-29;"quarta-feira";"12:00:00";"SC";282;16;"PALHOCA";"Falta de Atenção à Condução";"Colisão transversal";"Com Vítimas Feridas";"Pleno dia";"Decrescente";"Nublado";"Simples";"Reta";"Sim";2;0;1;0;1;0;1;2;-27,65861;-48,68185;"SR-SC";"DEL8/1";"UOP02/SC"
265810;2020-01-29;"quarta-feira";"12:05:00";"RS";386;138,3;"SARANDI";"Falta de Atenção à Condução";"Colisão lateral";"Com Vítimas Feridas";"Pleno dia";"Crescente";"Chuva";"Simples";"Curva";"Sim";4;0;2;1;1;0;3;3;-27,97665;-52,90469;"SR-RS";"DEL08";"UOP01/RS"
265811;2020-01-29;"quarta-feira";"11:39:00";"PR";153;40;"SANTO ANTONIO DA PLATINA";"Defeito Mecânico no Veículo";"Tombamento";"Com Vítimas Feridas";"Pleno dia";"Crescente";"Céu Claro";"Simples";"Não Informado";"Não";2;0;1;0;0;1;1;1;-23,28048;-50,05593;"SR-PR";"DEL7/7";"UOP07/PR"
265812;2020-01-29;"quarta-feira";"11:30:00";"MT";163;711;"SORRISO";"Não guardar distância de segurança";"Colisão lateral";"Com Vítimas Feridas";"Pleno dia";"Decrescente";"Nublado";"Simples";"Reta";"Não";2;0;1;0;1;0;1;2;-12,99609;-55,8851;"SR-MT";"DEL2/6";"UOP01/MT"
265813;2020-01-29;"quarta-feira";"12:50:00";"PI";343;2,1;"TERESINA";"Ultrapassagem Indevida";"Colisão lateral";"Com Vítimas Feridas";"Pleno dia";"Decrescente";"Céu Claro";"Dupla";"Reta";"Sim";2;0;1;0;1;0;1;2;-5,056774;-42,68429;"SR-PI";"DEL17/5";"UOP01/PI"
265814;2020-01-29;"quarta-feira";"12:05:00";"PE";232;161,3;"TACAIMBO";"Avarias e/ou desgaste excessivo no pneu";"Queda de ocupante de veículo";"Com Vítimas Feridas";"Pleno dia";"Decrescente";"Céu Claro";"Simples";"Reta";"Não";2;0;2;0;0;0;2;1;-8,332228;-36,26249;"SR-PE";"DEL11/2";"UOP02/PE"
265815;2020-01-29;"quarta-feira";"13:00:00";"MG";50;140;"UBERABA";"Pista Escorregadia";"Saída de leito carroçável";"Com Vítimas Feridas";"Pleno dia";"Crescente";"Céu Claro";"Dupla";"Não Informado";"Não";4;0;4;0;0;0;4;1;-19,47658;-48,05333;"SR-MG";"DEL13";"UOP01/MG"
265816;2020-01-29;"quarta-feira";"10:40:00";"PE";316;317;"FLORESTA";"Condutor Dormindo";"Colisão frontal";"Com Vítimas Fatais";"Pleno dia";"Crescente";"Céu Claro";"Simples";"Reta";"Não";2;1;0;1;0;0;1;2;-8,704971;-38,51526;"SR-PE";"DEL11/4";"UOP02/PE"
265817;2020-01-29;"quarta-feira";"13:30:00";"BA";116;783,3;"PLANALTO";"Mal Súbito";"Colisão com objeto estático";"Com Vítimas Feridas";"Pleno dia";"Decrescente";"Céu Claro";"Simples";"Interseção de vias";"Não";3;0;1;2;0;0;3;1;-14,65786;-40,46029;"SR-BA";"DEL10/8";"UOP02/BA"
265818;2020-01-29;"quarta-feira";"10:45:00";"PE";423;159,2;"AGUAS BELAS";"Falta de Atenção à Condução";"Colisão lateral";"Com Vítimas Feridas";"Pleno dia";"Crescente";"Sol";"Simples";"Reta";"Não";4;0;0;1;2;1;1;3;-9,083893;-36,96897;"SR-PE";"DEL11/3";"UOP01/PE"
265819;2020-01-29;"quarta-feira";"12:30:00";"PE";428;185,8;"PETROLINA";"Falta de Atenção do Pedestre";"Atropelamento de Pedestre";"Com Vítimas Fatais";"Pleno dia";"Decrescente";"Sol";"Simples";"Reta";"Sim";4;1;0;0;1;2;0;1;-9,359495;-40,48023;"SR-PE";"DEL11/6";"UOP01/PE"
265820;2020-01-29;"quarta-feira";"13:40:00";"BA";242;785;"BARREIRAS";"Pista Escorregadia";"Capotamento";"Com Vítimas Feridas";"Pleno dia";"Crescente";"Chuva";"Simples";"Reta";"Não";1;0;1;0;0;0;1;1;-12,13745;-44,93273;"SR-BA";"DEL10/10";"UOP01/BA"
265821;2020-01-29;"quarta-feira";"13:00:00";"SP";381;34;"ATIBAIA";"Falta de Atenção à Condução";"Colisão com objeto estático";"Com Vítimas Feridas";"Pleno dia";"Decrescente";"Céu Claro";"Dupla";"Curva";"Não";1;0;1;0;0;0;1;1;-23,07994;-46,56986;"SR-SP";"DEL6/3";"UOP02/SP"
265823;2020-01-29;"quarta-feira";"14:10:00";"MG";40;560;"NOVA LIMA";"Avarias e/ou desgaste excessivo no pneu";"Saída de leito carroçável";"Com Vítimas Feridas";"Pleno dia";"Crescente";"Nublado";"Dupla";"Reta";"Sim";1;0;0;1;0;0;1;1;-20,12725;-43,96512;"SR-MG";"DEL4/1";"UOP02/MG"
265824;2020-01-18;"sábado";"21:10:00";"MS";262;367;"TERENOS";"Animais na Pista";"Atropelamento de Animal";"Com Vítimas Feridas";"Plena Noite";"Crescente";"Céu Claro";"Simples";"Reta";"Não";2;0;2;0;0;0;2;1;-20,48359;-54,79293;"SR-MS";"DEL3/1";"UOP03/MS"
265827;2020-01-29;"quarta-feira";"13:00:00";"RJ";465;6;"SEROPEDICA";"Desobediência às normas de trânsito pelo condutor";"Colisão traseira";"Com Vítimas Feridas";"Pleno dia";"Decrescente";"Nublado";"Simples";"Reta";"Sim";2;0;1;0;1;0;1;2;-22,75431;-43,69288;"SR-RJ";"DEL5/1";"UOP03/RJ"
265828;2020-01-29;"quarta-feira";"11:55:00";"RO";364;1040;"PORTO VELHO";"Falta de Atenção à Condução";"Colisão transversal";"Com Vítimas Feridas";"Pleno dia";"Decrescente";"Sol";"Simples";"Reta";"Não";2;0;0;1;1;0;1;2;-9,767037;-66,30237;"SR-RO";"DEL01";"UOP04/RO"
265829;2020-01-29;"quarta-feira";"11:45:00";"RN";101;82,9;"SAO GONCALO DO AMARANTE";"Falta de Atenção à Condução";"Colisão traseira";"Sem Vítimas";"Pleno dia";"Crescente";"Céu Claro";"Dupla";"Interseção de vias";"Sim";2;0;0;0;2;0;0;2;-5,767915;-35,27456;"SR-RN";"DEL15/2";"UOP01/RN"
265830;2020-01-28;"terça-feira";"09:00:00";"PA";10;277;"MAE DO RIO";"Defeito na Via";"Capotamento";"Com Vítimas Feridas";"Pleno dia";"Crescente";"Nublado";"Simples";"Reta";"Não";4;0;3;0;1;0;3;1;-2,01082;-47,53573;"SR-PA";"DEL19/2";"UOP02/PA"
265831;2020-01-29;"quarta-feira";"14:40:00";"MG";116;14,4;"CACHOEIRA DE PAJEU";"Falta de Atenção à Condução";"Colisão frontal";"Com Vítimas Fatais";"Pleno dia";"Crescente";"Céu Claro";"Simples";"Curva";"Não";2;1;1;0;0;0;1;2;-15,80521;-41,36362;"SR-BA";"DEL10/8";"UOP03/BA"
265832;2020-01-29;"quarta-feira";"14:35:00";"SC";101;215,7;"PALHOCA";"Falta de Atenção à Condução";"Colisão lateral";"Com Vítimas Feridas";"Pleno dia";"Decrescente";"Chuva";"Dupla";"Não Informado";"Não";2;0;1;0;1;0;1;2;-27,65185;-48,67605;"SR-SC";"DEL8/1";"UOP02/SC"
265833;2020-01-29;"quarta-feira";"13:10:00";"BA";116;11,6;"VITORIA DA CONQUISTA";"Falta de Atenção à Condução";"Colisão transversal";"Com Vítimas Feridas";"Pleno dia";"Decrescente";"Sol";"Simples";"Interseção de vias";"Sim";2;0;1;0;1;0;1;2;-14,873;-40,87146;"SR-BA";"DEL10/8";"UOP01/BA"
265834;2020-01-29;"quarta-feira";"14:20:00";"PR";277;115;"CAMPO LARGO";"Não guardar distância de segurança";"Colisão traseira";"Com Vítimas Feridas";"Pleno dia";"Crescente";"Sol";"Dupla";"Reta";"Não";2;0;0;1;1;0;1;2;-25,44422;-49,50317;"SR-PR";"DEL7/1";"UOP05/PR"
265835;2020-01-29;"quarta-feira";"13:00:00";"RS";285;644;"SANTO ANTONIO DAS MISSOES";"Pista Escorregadia";"Saída de leito carroçável";"Com Vítimas Feridas";"Pleno dia";"Crescente";"Chuva";"Simples";"Curva";"Não";2;0;2;0;0;0;2;1;-28,60668;-55,70379;"SR-RS";"DEL9/12";"UOP01/RS"
265837;2020-01-29;"quarta-feira";"14:50:00";"SP";116;175;"GUARAREMA";"Defeito Mecânico no Veículo";"Colisão com objeto estático";"Com Vítimas Feridas";"Pleno dia";"Decrescente";"Céu Claro";"Dupla";"Não Informado";"Sim";3;0;3;0;0;0;3;1;-23,32174;-46,10035;"SR-SP";"DEL6/2";"UOP01/SP"
265838;2020-01-29;"quarta-feira";"08:00:00";"MG";356;276,2;"EUGENOPOLIS";"Mal Súbito";"Tombamento";"Com Vítimas Feridas";"Pleno dia";"Crescente";"Nublado";"Simples";"Curva";"Não";1;0;1;0;0;0;1;1;-21,12457;-42,28179;"SR-MG";"DEL4/7";"UOP02/MG"
265841;2020-01-25;"sábado";"22:40:00";"PR";476;183;"LAPA";"Falta de Atenção à Condução";"Atropelamento de Pedestre";"Sem Vítimas";"Plena Noite";"Decrescente";"Céu Claro";"Simples";"Reta";"Não";2;0;0;0;1;1;0;1;-25,71596;-49,61725;"SR-PR";"DEL7/1";"UOP04/PR"
265842;2020-01-29;"quarta-feira";"15:20:00";"PR";277;83;"CURITIBA";"Falta de Atenção à Condução";"Engavetamento";"Com Vítimas Feridas";"Pleno dia";"Decrescente";"Sol";"Dupla";"Reta";"Sim";4;0;1;0;3;0;1;3;-25,56894;-49,18198;"SR-PR";"DEL7/1";"UOP04/PR"
265843;2020-01-29;"quarta-feira";"14:20:00";"MG";40;695,5;"ALFREDO VASCONCELOS";"Pista Escorregadia";"Saída de leito carroçável";"Com Vítimas Feridas";"Pleno dia";"Crescente";"Nublado";"Simples";"Curva";"Não";1;0;0;1;0;0;1;1;-21,16776;-43,75717;"SR-MG";"DEL5";"UOP02/MG"
265844;2020-01-29;"quarta-feira";"14:45:00";"RJ";40;94;"DUQUE DE CAXIAS";"Falta de Atenção à Condução";"Tombamento";"Com Vítimas Feridas";"Pleno dia";"Crescente";"Nublado";"Simples";"Curva";"Não";2;0;1;0;1;0;1;2;-22,55763;-43,26574;"SR-RJ";"DEL5/1";"UOP01/RJ"
265845;2020-01-29;"quarta-feira";"15:40:00";"SC";101;185;"BIGUACU";"Falta de Atenção à Condução";"Queda de ocupante de veículo";"Com Vítimas Feridas";"Pleno dia";"Crescente";"Chuva";"Dupla";"Retorno Regulamentado";"Sim";2;0;1;0;1;0;1;2;-27,42537;-48,62466;"SR-SC";"DEL8/1";"UOP01/SC"
265846;2020-01-29;"quarta-feira";"15:30:00";"MG";365;660;"MONTE ALEGRE DE MINAS";"Velocidade Incompatível";"Saída de leito carroçável";"Com Vítimas Feridas";"Pleno dia";"Crescente";"Chuva";"Dupla";"Reta";"Não";1;0;1;0;0;0;1;1;-18,89246;-48,64286;"SR-MG";"DEL4/15";"UOP01/MG"
265847;2020-01-29;"quarta-feira";"15:30:00";"PR";116;37;"CAMPINA GRANDE DO SUL";"Desobediência às normas de trânsito pelo condutor";"Saída de leito carroçável";"Com Vítimas Feridas";"Pleno dia";"Crescente";"Chuva";"Dupla";"Curva";"Não";2;0;2;0;0;0;2;1;-25,13989;-48,85619;"SR-PR";"DEL7/1";"UOP02/PR"
265848;2020-01-29;"quarta-feira";"13:00:00";"MG";381;642;"SANTO ANTONIO DO AMPARO";"Velocidade Incompatível";"Saída de leito carroçável";"Com Vítimas Feridas";"Pleno dia";"Decrescente";"Chuva";"Dupla";"Reta";"Não";1;0;1;0;0;0;1;1;-20,93718;-44,87533;"SR-MG";"DEL4/4";"UOP01/MG"
265850;2020-01-29;"quarta-feira";"11:35:00";"RS";470;165,9;"VILA FLORES";"Avarias e/ou desgaste excessivo no pneu";"Saída de leito carroçável";"Com Vítimas Feridas";"Pleno dia";"Crescente";"Chuva";"Simples";"Reta";"Sim";1;0;1;0;0;0;1;1;-28,84716;-51,57022;"SR-RS";"DEL9/6";"UOP02/RS"
265851;2020-01-29;"quarta-feira";"12:55:00";"SC";158;139;"PALMITOS";"Condutor Dormindo";"Tombamento";"Com Vítimas Feridas";"Pleno dia";"Decrescente";"Céu Claro";"Simples";"Reta";"Não";1;0;1;0;0;0;1;1;-27,11706;-53,21544;"SR-SC";"DEL7";"UOP02/SC"
265852;2020-01-29;"quarta-feira";"08:40:00";"MG";354;754,9;"ITAMONTE";"Falta de Atenção à Condução";"Colisão lateral";"Com Vítimas Feridas";"Pleno dia";"Decrescente";"Nublado";"Simples";"Reta";"Sim";3;0;1;0;2;0;1;2;-22,29361;-44,86349;"SR-MG";"DEL5";"UOP03/MG"
265854;2020-01-29;"quarta-feira";"17:00:00";"PR";376;476,3;"PONTA GROSSA";"Falta de Atenção à Condução";"Colisão transversal";"Com Vítimas Feridas";"Pleno dia";"Crescente";"Céu Claro";"Simples";"Interseção de vias";"Não";4;0;3;0;1;0;3;2;-25,03949;-50,27819;"SR-PR";"DEL7/3";"UOP01/PR"
265855;2020-01-29;"quarta-feira";"16:30:00";"MG";381;929,9;"ITAPEVA";"Velocidade Incompatível";"Colisão com objeto estático";"Com Vítimas Feridas";"Pleno dia";"Crescente";"Chuva";"Dupla";"Curva";"Não";1;0;1;0;0;0;1;1;-22,79911;-46,26124;"SR-MG";"DEL09";"UOP03/MG"
265856;2020-01-29;"quarta-feira";"15:50:00";"MT";70;517;"VARZEA GRANDE";"Desobediência às normas de trânsito pelo condutor";"Colisão lateral";"Sem Vítimas";"Pleno dia";"Crescente";"Céu Claro";"Simples";"Interseção de vias";"Sim";2;0;0;0;2;0;0;2;-15,70142;-56,15962;"SR-MT";"DEL2/4";"UOP02/MT"
265858;2020-01-29;"quarta-feira";"14:55:00";"PE";232;15,7;"JABOATAO DOS GUARARAPES";"Defeito na Via";"Saída de leito carroçável";"Com Vítimas Feridas";"Pleno dia";"Decrescente";"Sol";"Dupla";"Reta";"Sim";2;0;2;0;0;0;2;1;-8,091377;-35,02918;"SR-PE";"DEL11/1";"UOP01/PE"
265859;2020-01-29;"quarta-feira";"16:40:00";"RS";290;182;"MINAS DO LEAO";"Falta de Atenção à Condução";"Colisão transversal";"Com Vítimas Feridas";"Pleno dia";"Crescente";"Céu Claro";"Simples";"Rotatória";"Sim";2;0;1;0;1;0;1;2;-30,1439;-52,04578;"SR-RS";"DEL9/2";"UOP03/RS"
265860;2020-01-29;"quarta-feira";"17:10:00";"PE";232;94;"SAIRE";"Falta de Atenção à Condução";"Colisão traseira";"Sem Vítimas";"Pleno dia";"Crescente";"Sol";"Dupla";"Reta";"Não";3;0;0;0;3;0;0;2;-8,224733;-35,69082;"SR-PE";"DEL11/1";"UOP04/PE"
265861;2020-01-29;"quarta-feira";"16:45:00";"ES";101;271;"SERRA";"Falta de Atenção à Condução";"Colisão traseira";"Com Vítimas Feridas";"Pleno dia";"Crescente";"Nublado";"Dupla";"Reta";"Sim";2;0;1;0;1;0;1;2;-20,23267;-40,27658;"SR-ES";"DEL12/2";"UOP01/ES"
265862;2020-01-29;"quarta-feira";"17:00:00";"RJ";356;28;"ITAPERUNA";"Ultrapassagem Indevida";"Capotamento";"Com Vítimas Feridas";"Pleno dia";"Decrescente";"Céu Claro";"Simples";"Reta";"Não";3;0;2;0;1;0;2;2;-21,18452;-41,9363;"SR-RJ";"DEL5/8";"UOP03/RJ"
265863;2020-01-29;"quarta-feira";"12:00:00";"RS";285;663;"SAO BORJA";"Pista Escorregadia";"Colisão frontal";"Com Vítimas Fatais";"Pleno dia";"Crescente";"Chuva";"Simples";"Reta";"Não";4;1;0;2;0;1;2;2;-28,65382;-55,88998;"SR-RS";"DEL9/12";"UOP01/RS"
265864;2020-01-29;"quarta-feira";"17:00:00";"SP";153;100,1;"JOSE BONIFACIO";"Falta de Atenção à Condução";"Colisão lateral";"Com Vítimas Feridas";"Pleno dia";"Decrescente";"Sol";"Simples";"Reta";"Não";2;0;1;0;1;0;1;2;-21,00659;-49,63431;"SR-SP";"DEL6/9";"UOP01/SP"
265865;2020-01-29;"quarta-feira";"17:00:00";"PR";369;139;"IBIPORA";"Desobediência às normas de trânsito pelo condutor";"Colisão transversal";"Com Vítimas Feridas";"Pleno dia";"Decrescente";"Nublado";"Simples";"Interseção de vias";"Sim";2;0;1;0;1;0;1;2;-23,27463;-51,05845;"SR-PR";"DEL7/7";"UOP01/PR"
265866;2020-01-29;"quarta-feira";"17:30:00";"MG";262;386;"MATEUS LEME";"Velocidade Incompatível";"Derramamento de carga";"Sem Vítimas";"Pleno dia";"Decrescente";"Céu Claro";"Dupla";"Reta";"Não";1;0;0;0;1;0;0;1;-19,93408;-44,42856;"SR-MG";"DEL4/1";"UOP03/MG"
265867;2020-01-29;"quarta-feira";"14:10:00";"SC";116;14,3;"MAFRA";"Falta de Atenção à Condução";"Colisão frontal";"Com Vítimas Feridas";"Pleno dia";"Crescente";"Chuva";"Simples";"Reta";"Não";5;0;2;3;0;0;5;2;-26,19271;-49,87729;"SR-SC";"DEL8/6";"UOP01/SC"
265868;2020-01-29;"quarta-feira";"14:50:00";"PR";376;176,8;"MARINGA";"Falta de Atenção à Condução";"Atropelamento de Pedestre";"Com Vítimas Feridas";"Pleno dia";"Decrescente";"Céu Claro";"Dupla";"Reta";"Sim";2;0;1;0;1;0;1;1;-23,41269;-51,93158;"SR-PR";"DEL7/7";"UOP04/PR"
265869;2020-01-29;"quarta-feira";"14:25:00";"SC";101;255,4;"PAULO LOPES";"Velocidade Incompatível";"Saída de leito carroçável";"Com Vítimas Feridas";"Pleno dia";"Decrescente";"Chuva";"Simples";"Reta";"Não";2;0;1;0;1;0;1;1;-27,98242;-48,67898;"SR-SC";"DEL8/2";"UOP03/SC"
265870;2020-01-25;"sábado";"06:40:00";"MG";381;455,3;"BELO HORIZONTE";"Desobediência às normas de trânsito pelo condutor";"Colisão transversal";"Com Vítimas Feridas";"Pleno dia";"Crescente";"Nublado";"Simples";"Reta";"Sim";2;0;2;0;0;0;2;2;-19,84055;-43,87527;"SR-MG";"DEL4/1";"UOP01/MG"
265871;2020-01-29;"quarta-feira";"17:10:00";"MG";116;275,8;"TEOFILO OTONI";"Não guardar distância de segurança";"Colisão traseira";"Com Vítimas Feridas";"Pleno dia";"Decrescente";"Céu Claro";"Simples";"Reta";"Sim";2;0;1;0;1;0;1;2;-17,84235;-41,5141;"SR-MG";"DEL4/11";"UOP01/MG"
265872;2020-01-29;"quarta-feira";"16:15:00";"RJ";40;92,9;"PETROPOLIS";"Defeito Mecânico no Veículo";"Saída de leito carroçável";"Com Vítimas Feridas";"Pleno dia";"Crescente";"Céu Claro";"Dupla";"Desvio Temporário";"Não";3;0;1;0;2;0;1;1;-22,55517;-43,25599;"SR-RJ";"DEL5/1";"UOP01/RJ"
265874;2020-01-29;"quarta-feira";"17:50:00";"SP";116;149,2;"SAO JOSE DOS CAMPOS";"Desobediência às normas de trânsito pelo condutor";"Colisão lateral";"Com Vítimas Feridas";"Pleno dia";"Crescente";"Céu Claro";"Simples";"Não Informado";"Sim";2;0;1;0;1;0;1;2;-23,207;-45,88627;"SR-SP";"DEL6/2";"UOP01/SP"
265875;2020-01-29;"quarta-feira";"17:40:00";"PA";316;67;"CASTANHAL";"Falta de Atenção à Condução";"Colisão lateral";"Com Vítimas Feridas";"Anoitecer";"Decrescente";"Céu Claro";"Simples";"Reta";"Sim";2;0;1;0;1;0;1;2;-1,294879;-47,89281;"SR-PA";"DEL19/1";"UOP01/PA"
265876;2020-01-29;"quarta-feira";"12:50:00";"GO";60;431;"RIO VERDE";"Falta de Atenção à Condução";"Capotamento";"Com Vítimas Feridas";"Pleno dia";"Decrescente";"Sol";"Dupla";"Reta";"Não";3;0;2;0;1;0;2;1;-17,8266;-51,3385;"SR-GO";"DEL1/4";"UOP01/GO"
265877;2020-01-29;"quarta-feira";"16:50:00";"RS";386;262,6;"FONTOURA XAVIER";"Velocidade Incompatível";"Colisão traseira";"Com Vítimas Feridas";"Pleno dia";"Decrescente";"Nublado";"Simples";"Reta";"Não";5;0;1;0;4;0;1;2;-28,90555;-52,39658;"SR-RS";"DEL9/4";"UOP03/RS"
265878;2020-01-29;"quarta-feira";"18:00:00";"SP";116;173,3;"JACAREI";"Agressão Externa";"Colisão com objeto estático";"Com Vítimas Fatais";"Anoitecer";"Decrescente";"Céu Claro";"Dupla";"Desvio Temporário";"Sim";1;1;0;0;0;0;0;1;-23,3171;-46,08179;"SR-SP";"DEL6/2";"UOP01/SP"
265879;2020-01-29;"quarta-feira";"16:10:00";"BA";116;728;"BOA NOVA";"Ultrapassagem Indevida";"Colisão lateral";"Com Vítimas Feridas";"Pleno dia";"Crescente";"Céu Claro";"Simples";"Não Informado";"Não";3;0;2;0;1;0;2;2;-14,263;-40,28865;"SR-BA";"DEL10/8";"UOP02/BA"
265880;2020-01-29;"quarta-feira";"17:40:00";"MG";116;416;"GOVERNADOR VALADARES";"Falta de Atenção à Condução";"Colisão traseira";"Sem Vítimas";"Pleno dia";"Decrescente";"Sol";"Simples";"Reta";"Sim";3;0;0;0;3;0;0;2;-18,89215;-41,947;"SR-MG";"DEL4/6";"UOP01/MG"
265881;2020-01-29;"quarta-feira";"18:40:00";"SP";381;63,8;"MAIRIPORA";"Defeito Mecânico no Veículo";"Colisão traseira";"Com Vítimas Feridas";"Pleno dia";"Crescente";"Céu Claro";"Dupla";"Desvio Temporário";"Não";4;0;1;0;3;0;1;3;-23,3028;-46,57277;"SR-SP";"DEL6/3";"UOP02/SP"
265882;2020-01-29;"quarta-feira";"17:15:00";"RJ";40;40;"TRES RIOS";"Pista Escorregadia";"Saída de leito carroçável";"Sem Vítimas";"Anoitecer";"Decrescente";"Chuva";"Dupla";"Curva";"Não";1;0;0;0;1;0;0;1;-22,23902;-43,10808;"SR-RJ";"DEL5/6";"UOP01/RJ"
265884;2020-01-29;"quarta-feira";"13:40:00";"PR";277;652;"MATELANDIA";"Desobediência às normas de trânsito pelo condutor";"Colisão transversal";"Com Vítimas Feridas";"Pleno dia";"Crescente";"Céu Claro";"Simples";"Reta";"Não";3;0;2;0;1;0;2;2;-25,20467;-53,94913;"SR-PR";"DEL7/5";"UOP02/PR"
265885;2020-01-29;"quarta-feira";"18:50:00";"CE";116;331,9;"JAGUARIBE";"Animais na Pista";"Atropelamento de Animal";"Com Vítimas Feridas";"Plena Noite";"Decrescente";"Céu Claro";"Simples";"Reta";"Não";2;0;0;1;1;0;1;2;-6,083972;-38,65385;"SR-CE";"DEL16/5";"UOP02/CE"
265886;2020-01-29;"quarta-feira";"16:30:00";"SP";116;422;"JUQUIA";"Falta de Atenção à Condução";"Saída de leito carroçável";"Com Vítimas Feridas";"Pleno dia";"Crescente";"Nublado";"Dupla";"Reta";"Não";1;0;1;0;0;0;1;1;-24,36454;-47,69203;"SR-SP";"DEL6/5";"UOP01/SP"
265887;2020-01-29;"quarta-feira";"18:00:00";"PR";158;539;"PATO BRANCO";"Velocidade Incompatível";"Saída de leito carroçável";"Com Vítimas Feridas";"Pleno dia";"Decrescente";"Garoa/Chuvisco";"Simples";"Reta";"Sim";1;0;1;0;0;0;1;1;-26,26491;-52,70754;"SR-PR";"DEL7/2";"UOP01/PR"
265888;2020-01-29;"quarta-feira";"13:20:00";"GO";158;1,5;"ARAGARCAS";"Falta de Atenção à Condução";"Colisão lateral";"Com Vítimas Feridas";"Pleno dia";"Decrescente";"Céu Claro";"Dupla";"Retorno Regulamentado";"Sim";3;0;1;0;1;1;1;2;-15,89642;-52,24356;"SR-GO";"DEL1/4";"UOP01/GO"
265889;2020-01-29;"quarta-feira";"19:05:00";"TO";153;701,1;"CARIRI DO TOCANTINS";"Falta de Atenção à Condução";"Colisão transversal";"Com Vítimas Feridas";"Plena Noite";"Crescente";"Nublado";"Simples";"Interseção de vias";"Não";3;0;1;1;1;0;2;2;-11,9609;-49,19948;"SR-TO";"UOP01/TO";""
265890;2020-01-29;"quarta-feira";"18:40:00";"RN";NA;NA;"SANTA CRUZ";"Desobediência às normas de trânsito pelo condutor";"Colisão frontal";"Com Vítimas Feridas";"Plena Noite";"Não Informado";"Céu Claro";"Simples";"Reta";"Sim";4;0;1;0;3;0;1;2;-6,228419;-36,01775;"SR-RN";"DEL15/3";"UOP02/RN"
265891;2020-01-29;"quarta-feira";"18:30:00";"SP";116;290,1;"ITAPECERICA DA SERRA";"Falta de Atenção à Condução";"Colisão lateral";"Com Vítimas Feridas";"Anoitecer";"Crescente";"Nublado";"Dupla";"Reta";"Sim";2;0;1;0;1;0;1;2;-23,73033;-46,89426;"SR-SP";"DEL6/4";"UOP01/SP"
265892;2020-01-29;"quarta-feira";"19:00:00";"PE";316;34;"ARARIPINA";"Desobediência às normas de trânsito pelo condutor";"Colisão lateral";"Com Vítimas Fatais";"Plena Noite";"Crescente";"Céu Claro";"Simples";"Reta";"Não";4;1;3;0;0;0;3;2;-7,639466;-40,42957;"SR-PE";"DEL11/5";"UOP02/PE"
265893;2020-01-29;"quarta-feira";"19:05:00";"PR";277;1;"FOZ DO IGUACU";"Pista Escorregadia";"Queda de ocupante de veículo";"Com Vítimas Feridas";"Pleno dia";"Crescente";"Nublado";"Dupla";"Reta";"Sim";1;0;1;0;0;0;1;1;-25,50215;-54,5839;"SR-PR";"DEL7/5";"UOP03/PR"
265894;2020-01-29;"quarta-feira";"18:00:00";"AL";316;187;"TANQUE DARCA";"Defeito Mecânico no Veículo";"Colisão com objeto estático";"Sem Vítimas";"Plena Noite";"Crescente";"Céu Claro";"Simples";"Reta";"Não";1;0;0;0;1;0;0;1;-9,585728;-36,42838;"SR-AL";"DEL13/3";"UOP01/AL"
265895;2020-01-29;"quarta-feira";"17:20:00";"MG";381;908,5;"CAMBUI";"Falta de Atenção à Condução";"Capotamento";"Com Vítimas Feridas";"Pleno dia";"Crescente";"Chuva";"Dupla";"Curva";"Não";3;0;3;0;0;0;3;1;-22,71744;-46,12652;"SR-MG";"DEL09";"UOP03/MG"
265896;2020-01-29;"quarta-feira";"19:15:00";"RN";101;97;"NATAL";"Falta de Atenção à Condução";"Colisão lateral";"Com Vítimas Feridas";"Plena Noite";"Decrescente";"Céu Claro";"Dupla";"Reta";"Sim";2;0;1;0;0;1;1;2;-5,857589;-35,21271;"SR-RN";"DEL15/1";"UOP01/RN"
265897;2020-01-29;"quarta-feira";"17:00:00";"PI";316;66;"MONSENHOR GIL";"Pista Escorregadia";"Saída de leito carroçável";"Sem Vítimas";"Anoitecer";"Decrescente";"Chuva";"Simples";"Curva";"Não";1;0;0;0;0;1;0;1;-5,624312;-42,59848;"SR-PI";"DEL17/1";"UOP02/PI"
265898;2020-01-29;"quarta-feira";"19:30:00";"PR";376;178,3;"MARINGA";"Falta de Atenção à Condução";"Colisão lateral";"Com Vítimas Feridas";"Plena Noite";"Decrescente";"Céu Claro";"Dupla";"Interseção de vias";"Sim";2;0;1;0;1;0;1;2;-23,41745;-51,91803;"SR-PR";"DEL7/7";"UOP04/PR"