"id";"data_inversa";"dia_semana";"horario";"uf";"br";"km";"municipio";"causa_acidente";"tipo_acidente";"classificacao_acidente";"fase_dia";"sentido_via";"condicao_metereologica";"tipo_pista";"tracado_via";"uso_solo";"pessoas";"mortos";"feridos_leves";"feridos_graves";"ilesos";"ignorados";"feridos";"veiculos";"latitude";"longitude";"regional";"delegacia";"uop"
266191;2020-01-31;"sexta-feira";"15:20:00";"RJ";101;327;"NITEROI";"Não guardar distância de segurança";"Colisão traseira";"Com Vítimas Feridas";"Pleno dia";"Crescente";"Céu Claro";"Dupla";"Reta";"Não";2;0;1;0;1;0;1;2;-22,87117;-43,15595;"SR-RJ";"UOP01";"DEL02"
266192;2020-01-31;"sexta-feira";"14:15:00";"MA";10;253;"IMPERATRIZ";"Não guardar distância de segurança";"Colisão traseira";"Com Vítimas Feridas";"Pleno dia";"Crescente";"Céu Claro";"Simples";"Reta";"Não";4;0;1;0;3;0;1;2;-5,530637;-47,47115;"SR-MA";"DEL18/4";"UOP01/MA"
266193;2020-01-31;"sexta-feira";"16:50:00";"SC";101;214,3;"PALHOCA";"Ingestão de Álcool";"Queda de ocupante de veículo";"Com Vítimas Feridas";"Pleno dia";"Crescente";"Nublado";"Dupla";"Reta";"Sim";1;0;1;0;0;0;1;1;-27,64443;-48,67057;"SR-SC";"DEL8/1";"UOP02/SC"
266194;2020-01-31;"sexta-feira";"13:45:00";"PI";316;8;"TERESINA";"Falta de Atenção à Condução";"Colisão lateral";"Com Vítimas Feridas";"Pleno dia";"Decrescente";"Nublado";"Múltipla";"Reta";"Sim";2;0;1;0;1;0;1;2;-5,164834;-42,769;"SR-PI";"DEL17/1";"UOP02/PI"
266195;2020-01-31;"sexta-feira";"13:00:00";"BA";235;60,1;"JEREMOABO";"Defeito na Via";"Colisão com objeto estático";"Com Vítimas Feridas";"Pleno dia";"Crescente";"Céu Claro";"Simples";"Curva";"Não";1;0;1;0;0;0;1;1;-10,08929;-38,18274;"SR-SE";"DEL20/1";"UOP02/SE"
266196;2020-01-31;"sexta-feira";"16:55:00";"SC";470;50,3;"BLUMENAU";"Desobediência às normas de trânsito pelo condutor";"Colisão lateral";"Com Vítimas Feridas";"Pleno dia";"Decrescente";"Céu Claro";"Simples";"Não Informado";"Sim";2;0;1;0;1;0;1;2;-26,85977;-49,07449;"SR-SC";"DEL8/4";"UOP01/SC"
266197;2020-01-31;"sexta-feira";"15:45:00";"SP";381;75,4;"SAO PAULO";"Velocidade Incompatível";"Saída de leito carroçável";"Sem Vítimas";"Pleno dia";"Decrescente";"Céu Claro";"Dupla";"Curva";"Não";1;0;0;0;1;0;0;1;-23,3766;-46,5641;"SR-SP";"DEL6/3";"UOP02/SP"
266198;2020-01-26;"domingo";"12:05:00";"PA";10;49;"ULIANOPOLIS";"Defeito Mecânico no Veículo";"Saída de leito carroçável";"Sem Vítimas";"Pleno dia";"Crescente";"Céu Claro";"Simples";"Desvio Temporário";"Não";1;0;0;0;1;0;0;1;-4,01928;-47,54442;"SR-PA";"DEL19/2";"UOP03/PA"
266199;2020-01-31;"sexta-feira";"08:00:00";"MT";174;315,7;"PONTES E LACERDA";"Defeito na Via";"Saída de leito carroçável";"Com Vítimas Feridas";"Pleno dia";"Crescente";"Céu Claro";"Simples";"Não Informado";"Não";1;0;1;0;0;0;1;1;-15,00705;-59,28722;"SR-MT";"DEL2/7";"UOP01/MT"
266200;2020-01-31;"sexta-feira";"16:30:00";"PR";476;137;"CURITIBA";"Falta de Atenção à Condução";"Colisão lateral";"Com Vítimas Feridas";"Pleno dia";"Crescente";"Céu Claro";"Dupla";"Curva";"Sim";4;0;3;0;1;0;3;2;-25,4983;-49,27755;"SR-PR";"DEL7/1";"UOP03/PR"
266201;2020-01-31;"sexta-feira";"16:45:00";"PI";135;404;"REDENCAO DO GURGUEIA";"Desobediência às normas de trânsito pelo condutor";"Colisão lateral";"Com Vítimas Feridas";"Pleno dia";"Crescente";"Céu Claro";"Simples";"Reta";"Não";6;0;2;0;2;2;2;2;-9,436741;-44,59787;"SR-PI";"DEL17/3";"UOP02/PI"
266202;2020-01-31;"sexta-feira";"16:40:00";"PR";163;328;"GUAIRA";"Defeito na Via";"Tombamento";"Sem Vítimas";"Pleno dia";"Decrescente";"Céu Claro";"Simples";"Curva";"Não";1;0;0;0;1;0;0;1;-24,2772;-54,17569;"SR-PR";"DEL7/6";"UOP01/PR"
266203;2020-01-31;"sexta-feira";"17:20:00";"SP";116;219,8;"GUARULHOS";"Não guardar distância de segurança";"Colisão traseira";"Com Vítimas Feridas";"Anoitecer";"Crescente";"Céu Claro";"Simples";"Reta";"Não";3;0;1;0;2;0;1;2;-23,46144;-46,48885;"SR-SP";"DEL6/1";"UOP01/SP"
266204;2020-01-27;"segunda-feira";"08:50:00";"BA";110;251,9;"OLINDINA";"Defeito Mecânico no Veículo";"Saída de leito carroçável";"Sem Vítimas";"Pleno dia";"Crescente";"Céu Claro";"Simples";"Reta";"Não";1;0;0;0;1;0;0;1;-11,47849;-38,2975;"SR-BA";"DEL10/1";"UOP04/BA"
266206;2020-01-31;"sexta-feira";"12:36:00";"RJ";40;123;"DUQUE DE CAXIAS";"Falta de Atenção à Condução";"Colisão traseira";"Com Vítimas Feridas";"Pleno dia";"Decrescente";"Céu Claro";"Múltipla";"Reta";"Sim";2;0;1;0;1;0;1;2;-22,79908;-43,29016;"SR-RJ";"DEL5/1";"UOP01/RJ"
266207;2020-01-31;"sexta-feira";"17:23:00";"ES";101;298;"VIANA";"Desobediência às normas de trânsito pelo condutor";"Colisão lateral";"Com Vítimas Feridas";"Pleno dia";"Crescente";"Céu Claro";"Dupla";"Interseção de vias";"Sim";2;0;1;0;1;0;1;2;-20,35374;-40,41564;"SR-ES";"DEL12/1";"UOP01/ES"
266208;2020-01-31;"sexta-feira";"16:45:00";"BA";116;390,2;"SANTA BARBARA";"Não guardar distância de segurança";"Engavetamento";"Com Vítimas Feridas";"Pleno dia";"Crescente";"Céu Claro";"Simples";"Reta";"Sim";8;0;5;0;3;0;5;3;-11,939;-38,97937;"SR-BA";"DEL10/2";"UOP01/BA"
266209;2020-01-31;"sexta-feira";"15:30:00";"PR";280;262;"MARMELEIRO";"Condutor Dormindo";"Saída de leito carroçável";"Com Vítimas Feridas";"Pleno dia";"Decrescente";"Sol";"Simples";"Reta";"Não";2;0;2;0;0;0;2;1;-26,18575;-53,07715;"SR-PR";"DEL7/2";"UOP01/PR"
266210;2020-01-31;"sexta-feira";"17:20:00";"RJ";393;282;"VOLTA REDONDA";"Defeito Mecânico no Veículo";"Colisão traseira";"Sem Vítimas";"Pleno dia";"Decrescente";"Céu Claro";"Simples";"Reta";"Sim";3;0;0;0;3;0;0;3;-22,48083;-44,04047;"SR-RJ";"DEL5/5";"UOP02/RJ"
266211;2020-01-31;"sexta-feira";"18:00:00";"MG";50;178,7;"UBERABA";"Falta de Atenção à Condução";"Colisão com objeto estático";"Com Vítimas Feridas";"Pleno dia";"Decrescente";"Céu Claro";"Dupla";"Túnel";"Sim";1;0;1;0;0;0;1;1;-19,77838;-47,93522;"SR-MG";"DEL13";"UOP01/MG"
266212;2020-01-31;"sexta-feira";"17:45:00";"SC";101;144;"ITAPEMA";"Defeito Mecânico no Veículo";"Tombamento";"Com Vítimas Feridas";"Pleno dia";"Crescente";"Céu Claro";"Dupla";"Reta";"Sim";2;0;2;0;0;0;2;1;-27,07327;-48,59673;"SR-SC";"DEL8/4";"UOP03/SC"
266213;2020-01-31;"sexta-feira";"18:00:00";"SC";470;140,2;"RIO DO SUL";"Falta de Atenção à Condução";"Colisão transversal";"Com Vítimas Feridas";"Anoitecer";"Decrescente";"Nublado";"Simples";"Reta";"Sim";2;0;0;1;1;0;1;2;-27,22248;-49,66283;"SR-SC";"DEL8/4";"UOP02/SC"
266214;2020-01-31;"sexta-feira";"18:00:00";"SP";101;17,5;"UBATUBA";"Defeito Mecânico no Veículo";"Tombamento";"Com Vítimas Feridas";"Anoitecer";"Decrescente";"Chuva";"Simples";"Curva";"Não";2;0;2;0;0;0;2;1;-23,31985;-44,89033;"SR-SP";"DEL6";"UOP03/SP"
266215;2020-01-31;"sexta-feira";"16:20:00";"PI";343;281;"CAMPO MAIOR";"Fenômenos da Natureza";"Capotamento";"Com Vítimas Feridas";"Pleno dia";"Crescente";"Chuva";"Dupla";"Reta";"Não";2;0;2;0;0;0;2;1;-4,921962;-42,26981;"SR-PI";"DEL17/1";"UOP03/PI"
266216;2020-01-31;"sexta-feira";"18:00:00";"RJ";40;112;"DUQUE DE CAXIAS";"Não guardar distância de segurança";"Colisão traseira";"Com Vítimas Feridas";"Anoitecer";"Decrescente";"Nublado";"Múltipla";"Reta";"Sim";2;0;1;0;1;0;1;2;-22,70045;-43,29015;"SR-RJ";"DEL5/1";"UOP01/RJ"
266217;2020-01-31;"sexta-feira";"18:10:00";"MG";40;647,3;"CRISTIANO OTONI";"Objeto estático sobre o leito carroçável";"Colisão traseira";"Com Vítimas Feridas";"Plena Noite";"Crescente";"Chuva";"Simples";"Curva";"Não";7;0;3;1;3;0;4;4;-20,80009;-43,80927;"SR-MG";"DEL5";"UOP02/MG"
266218;2020-01-31;"sexta-feira";"16:20:00";"SC";101;43,1;"JOINVILLE";"Desobediência às normas de trânsito pelo condutor";"Colisão traseira";"Com Vítimas Feridas";"Pleno dia";"Crescente";"Sol";"Dupla";"Reta";"Sim";3;0;3;0;0;0;3;2;-26,30357;-48,88226;"SR-SC";"DEL8/3";"UOP01/SC"
266219;2020-01-31;"sexta-feira";"16:30:00";"RS";290;94;"PORTO ALEGRE";"Pista Escorregadia";"Queda de ocupante de veículo";"Com Vítimas Feridas";"Pleno dia";"Decrescente";"Chuva";"Simples";"Curva";"Sim";2;0;1;0;1;0;1;1;-29,97386;-51,19785;"SR-RS";"DEL9/1";"UOP01/RS"
266220;2020-01-31;"sexta-feira";"18:20:00";"TO";153;333;"GUARAI";"Desobediência às normas de trânsito pelo condutor";"Colisão lateral";"Com Vítimas Feridas";"Pleno dia";"Crescente";"Céu Claro";"Dupla";"Interseção de vias";"Sim";2;0;1;0;1;0;1;2;-8,835718;-48,51212;"SR-TO";"UOP03/TO";""
266222;2020-01-31;"sexta-feira";"16:05:00";"MG";116;415,3;"GOVERNADOR VALADARES";"Falta de Atenção à Condução";"Colisão lateral";"Com Vítimas Feridas";"Pleno dia";"Decrescente";"Céu Claro";"Simples";"Interseção de vias";"Sim";2;0;1;0;1;0;1;2;-18,88401;-41,94924;"SR-MG";"DEL4/6";"UOP01/MG"
266223;2020-01-31;"sexta-feira";"17:40:00";"RS";116;301;"GUAIBA";"Falta de Atenção à Condução";"Atropelamento de Pedestre";"Com Vítimas Feridas";"Pleno dia";"Crescente";"Céu Claro";"Simples";"Reta";"Sim";2;0;1;0;0;1;1;1;-30,1319;-51,35387;"SR-RS";"DEL9/2";"UOP01/RS"
266224;2020-01-31;"sexta-feira";"18:30:00";"AL";101;188,2;"JUNQUEIRO";"Falta de Atenção à Condução";"Atropelamento de Pedestre";"Com Vítimas Feridas";"Plena Noite";"Crescente";"Céu Claro";"Simples";"Reta";"Não";2;0;0;2;0;0;2;1;-9,908098;-36,46933;"SR-AL";"DEL13/2";"UOP02/AL"
266226;2020-01-31;"sexta-feira";"18:45:00";"RS";293;1;"PELOTAS";"Não guardar distância de segurança";"Colisão lateral";"Com Vítimas Feridas";"Pleno dia";"Crescente";"Nublado";"Simples";"Reta";"Não";2;0;1;0;1;0;1;2;-31,76033;-52,35621;"SR-RS";"DEL9/7";"UOP01/RS"
266227;2020-01-31;"sexta-feira";"16:10:00";"RO";364;344;"JI-PARANA";"Desobediência às normas de trânsito pelo condutor";"Colisão transversal";"Com Vítimas Feridas";"Pleno dia";"Crescente";"Céu Claro";"Dupla";"Reta";"Sim";2;0;1;0;1;0;1;2;-10,87376;-61,95257;"SR-RO";"DEL21/2";"UOP01/RO"
266228;2020-01-31;"sexta-feira";"19:10:00";"GO";153;500,9;"GOIANIA";"Falta de Atenção à Condução";"Colisão traseira";"Com Vítimas Feridas";"Plena Noite";"Crescente";"Céu Claro";"Dupla";"Reta";"Sim";7;0;2;0;4;1;2;3;-16,7118;-49,2324;"SR-GO";"DEL1/1";"UOP01/GO"
266229;2020-01-31;"sexta-feira";"18:20:00";"PR";369;127;"JATAIZINHO";"Falta de Atenção à Condução";"Saída de leito carroçável";"Sem Vítimas";"Pleno dia";"Decrescente";"Céu Claro";"Dupla";"Reta";"Não";1;0;0;0;1;0;0;1;-23,2761;-50,96243;"SR-PR";"DEL7/7";"UOP01/PR"
266230;2020-01-31;"sexta-feira";"18:50:00";"PE";316;227,9;"BELEM DE SAO FRANCISCO";"Animais na Pista";"Atropelamento de Animal";"Com Vítimas Fatais";"Plena Noite";"Crescente";"Céu Claro";"Simples";"Reta";"Não";2;1;0;1;0;0;1;1;-8,583819;-39,156;"SR-PE";"DEL11/5";"UOP03/PE"
266231;2020-01-31;"sexta-feira";"19:15:00";"SC";470;71,8;"INDAIAL";"Falta de Atenção à Condução";"Colisão traseira";"Com Vítimas Feridas";"Plena Noite";"Crescente";"Céu Claro";"Simples";"Reta";"Não";5;0;4;0;1;0;4;2;-26,89524;-49,2621;"SR-SC";"DEL8/4";"UOP01/SC"
266232;2020-01-31;"sexta-feira";"19:00:00";"AL";101;33;"JOAQUIM GOMES";"Falta de Atenção à Condução";"Colisão transversal";"Com Vítimas Feridas";"Plena Noite";"Crescente";"Céu Claro";"Dupla";"Reta";"Não";2;0;0;1;1;0;1;2;-9,107369;-35,75887;"SR-AL";"DEL13/1";"UOP02/AL"
266233;2020-01-31;"sexta-feira";"17:20:00";"RJ";101;328,5;"RIO DE JANEIRO";"Falta de Atenção à Condução";"Colisão traseira";"Com Vítimas Fatais";"Pleno dia";"Crescente";"Céu Claro";"Dupla";"Reta";"Não";2;1;0;0;1;0;0;2;-22,87029;-43,1658;"SR-RJ";"UOP01";"DEL02"
266234;2020-01-31;"sexta-feira";"19:10:00";"PE";101;70;"RECIFE";"Falta de Atenção à Condução";"Colisão transversal";"Com Vítimas Feridas";"Plena Noite";"Crescente";"Céu Claro";"Dupla";"Reta";"Sim";2;0;1;0;0;1;1;2;-8,067761;-34,94265;"SR-PE";"DEL11/1";"UOP01/PE"
266235;2020-01-31;"sexta-feira";"18:30:00";"MS";158;40,8;"PARANAIBA";"Restrição de Visibilidade";"Colisão com objeto em movimento";"Com Vítimas Feridas";"Plena Noite";"Decrescente";"Chuva";"Simples";"Reta";"Não";2;0;1;0;1;0;1;1;-19,30064;-51,45162;"SR-MS";"DEL3/8";"UOP01/MS"
266236;2020-01-31;"sexta-feira";"18:25:00";"PR";153;42;"SANTO ANTONIO DA PLATINA";"Falta de Atenção à Condução";"Queda de ocupante de veículo";"Com Vítimas Feridas";"Pleno dia";"Crescente";"Céu Claro";"Simples";"Interseção de vias";"Sim";1;0;1;0;0;0;1;1;-23,29512;-50,06578;"SR-PR";"DEL7/7";"UOP07/PR"
266237;2020-01-31;"sexta-feira";"10:30:00";"RO";364;378,2;"OURO PRETO DO OESTE";"Defeito na Via";"Colisão lateral";"Com Vítimas Feridas";"Pleno dia";"Crescente";"Sol";"Simples";"Curva";"Não";3;0;1;0;2;0;1;2;-10,74229;-62,20887;"SR-RO";"DEL21/2";"UOP01/RO"
266238;2020-01-31;"sexta-feira";"19:30:00";"MG";40;588,6;"ITABIRITO";"Defeito Mecânico no Veículo";"Colisão traseira";"Com Vítimas Feridas";"Plena Noite";"Crescente";"Nublado";"Simples";"Curva";"Sim";5;0;3;1;1;0;4;2;-20,34772;-43,92391;"SR-MG";"DEL4/1";"UOP02/MG"
266239;2020-01-31;"sexta-feira";"19:00:00";"GO";40;18,9;"LUZIANIA";"Defeito Mecânico no Veículo";"Queda de ocupante de veículo";"Com Vítimas Feridas";"Plena Noite";"Crescente";"Nublado";"Dupla";"Reta";"Sim";1;0;1;0;0;0;1;1;-16,19349;-47,92558;"SR-DF";"UOP01/DF";""
266240;2020-01-31;"sexta-feira";"19:45:00";"RS";101;35,5;"TRES CACHOEIRAS";"Falta de Atenção à Condução";"Colisão lateral";"Com Vítimas Feridas";"Plena Noite";"Decrescente";"Chuva";"Múltipla";"Reta";"Não";3;0;2;0;1;0;2;2;-29,5172;-49,99124;"SR-RS";"DEL9/3";"UOP02/RS"
266241;2020-01-13;"segunda-feira";"10:58:00";"PR";476;315;"PAULO FRONTIN";"Mal Súbito";"Queda de ocupante de veículo";"Com Vítimas Feridas";"Pleno dia";"Crescente";"Céu Claro";"Simples";"Curva";"Não";1;0;0;1;0;0;1;1;-26,03403;-50,69801;"SR-PR";"DEL7/2";"UOP03/PR"
266242;2020-01-31;"sexta-feira";"16:08:00";"MT";163;599,3;"NOVA MUTUM";"Pista Escorregadia";"Capotamento";"Com Vítimas Feridas";"Pleno dia";"Crescente";"Chuva";"Dupla";"Reta";"Sim";2;0;1;0;1;0;1;2;-13,91664;-56,09302;"SR-MT";"DEL2/4";"UOP01/MT"
266243;2020-01-31;"sexta-feira";"19:30:00";"SP";116;218;"GUARULHOS";"Falta de Atenção à Condução";"Colisão traseira";"Com Vítimas Feridas";"Plena Noite";"Crescente";"Nublado";"Múltipla";"Reta";"Sim";2;0;1;0;1;0;1;2;-23,46023;-46,48665;"SR-SP";"DEL6/1";"UOP01/SP"
266244;2020-01-31;"sexta-feira";"13:05:00";"GO";40;16,2;"LUZIANIA";"Falta de Atenção à Condução";"Colisão lateral";"Com Vítimas Feridas";"Pleno dia";"Crescente";"Céu Claro";"Dupla";"Reta";"Sim";3;0;1;0;2;0;1;3;-16,17518;-47,92964;"SR-DF";"UOP01/DF";""
266245;2020-01-31;"sexta-feira";"20:00:00";"PR";369;481,3;"CORBELIA";"Desobediência às normas de trânsito pelo condutor";"Colisão lateral";"Sem Vítimas";"Anoitecer";"Crescente";"Céu Claro";"Simples";"Curva";"Não";2;0;0;0;1;1;0;2;-24,64511;-53,21712;"SR-PR";"DEL7/4";"UOP04/PR"
266246;2020-01-31;"sexta-feira";"20:25:00";"RS";101;72,7;"OSORIO";"Falta de Atenção do Pedestre";"Atropelamento de Pedestre";"Com Vítimas Feridas";"Plena Noite";"Decrescente";"Chuva";"Dupla";"Reta";"Sim";4;0;0;1;3;0;1;1;-29,76531;-50,2174;"SR-RS";"DEL9/3";"UOP01/RS"
266247;2020-01-31;"sexta-feira";"19:40:00";"TO";153;134;"ARAGUAINA";"Ingestão de álcool e/ou substâncias psicoativas pelo pedestre";"Colisão traseira";"Sem Vítimas";"Anoitecer";"Crescente";"Céu Claro";"Simples";"Reta";"Não";2;0;0;0;2;0;0;2;-7,121784;-48,19294;"SR-TO";"UOP04/TO";""
266248;2020-01-31;"sexta-feira";"20:00:00";"SC";101;203;"SAO JOSE";"Falta de Atenção à Condução";"Colisão lateral";"Com Vítimas Feridas";"Plena Noite";"Decrescente";"Chuva";"Dupla";"Reta";"Sim";2;0;1;0;1;0;1;2;-27,565;-48,6146;"SR-SC";"DEL8/1";"UOP01/SC"
266249;2020-01-31;"sexta-feira";"20:35:00";"SC";101;44,1;"JOINVILLE";"Ultrapassagem Indevida";"Colisão frontal";"Com Vítimas Feridas";"Plena Noite";"Decrescente";"Céu Claro";"Simples";"Reta";"Sim";3;0;1;0;2;0;1;2;-26,31239;-48,87459;"SR-SC";"DEL8/3";"UOP01/SC"
266250;2020-01-31;"sexta-feira";"20:20:00";"PE";423;125;"PARANATAMA";"Desobediência às normas de trânsito pelo condutor";"Colisão frontal";"Sem Vítimas";"Plena Noite";"Decrescente";"Céu Claro";"Simples";"Reta";"Não";6;0;0;0;5;1;0;2;-8,960868;-36,74929;"SR-PE";"DEL11/3";"UOP01/PE"
266251;2020-01-31;"sexta-feira";"20:15:00";"SC";101;120,6;"ITAJAI";"Falta de Atenção à Condução";"Colisão traseira";"Com Vítimas Feridas";"Plena Noite";"Decrescente";"Céu Claro";"Dupla";"Interseção de vias";"Sim";2;0;1;0;1;0;1;2;-26,91782;-48,70947;"SR-SC";"DEL8/4";"UOP04/SC"
266252;2020-01-31;"sexta-feira";"19:20:00";"BA";242;793;"BARREIRAS";"Ingestão de Álcool";"Colisão traseira";"Sem Vítimas";"Plena Noite";"Crescente";"Céu Claro";"Simples";"Reta";"Sim";2;0;0;0;2;0;0;2;-12,14467;-45,00856;"SR-BA";"DEL10/10";"UOP01/BA"
266253;2020-01-31;"sexta-feira";"18:50:00";"MG";116;526,5;"CARATINGA";"Falta de Atenção à Condução";"Colisão frontal";"Com Vítimas Feridas";"Plena Noite";"Decrescente";"Céu Claro";"Simples";"Curva";"Sim";3;0;2;0;1;0;2;2;-19,77654;-42,13328;"SR-MG";"DEL4/6";"UOP02/MG"
266254;2020-01-31;"sexta-feira";"15:00:00";"PR";277;421;"CANTAGALO";"Falta de Atenção à Condução";"Colisão transversal";"Com Vítimas Feridas";"Pleno dia";"Crescente";"Céu Claro";"Simples";"Curva";"Sim";2;0;1;0;1;0;1;2;-25,40517;-52,09592;"SR-PR";"DEL7/4";"UOP03/PR"
266256;2020-01-31;"sexta-feira";"18:35:00";"MG";381;922;"CAMANDUCAIA";"Falta de Atenção à Condução";"Tombamento";"Com Vítimas Feridas";"Pleno dia";"Decrescente";"Chuva";"Dupla";"Curva";"Não";1;0;1;0;0;0;1;1;-22,76708;-46,2179;"SR-MG";"DEL09";"UOP03/MG"
266257;2020-01-31;"sexta-feira";"18:20:00";"MG";262;37,2;"MANHUACU";"Falta de Atenção à Condução";"Colisão frontal";"Com Vítimas Feridas";"Anoitecer";"Decrescente";"Céu Claro";"Simples";"Curva";"Sim";3;0;1;0;2;0;1;2;-20,25749;-42,03049;"SR-MG";"DEL4/6";"UOP04/MG"
266258;2020-01-31;"sexta-feira";"21:00:00";"PE";232;155;"SAO CAITANO";"Falta de Atenção à Condução";"Colisão traseira";"Com Vítimas Feridas";"Plena Noite";"Crescente";"Nublado";"Simples";"Reta";"Não";4;0;2;0;0;2;2;2;-8,328784;-36,20817;"SR-PE";"DEL11/2";"UOP02/PE"
266259;2020-01-31;"sexta-feira";"20:30:00";"MG";381;948;"EXTREMA";"Falta de Atenção à Condução";"Colisão transversal";"Com Vítimas Feridas";"Plena Noite";"Decrescente";"Chuva";"Múltipla";"Reta";"Sim";6;0;3;0;3;0;3;2;-22,87479;-46,36656;"SR-MG";"DEL09";"UOP03/MG"
266260;2020-01-31;"sexta-feira";"20:50:00";"PR";116;117;"CURITIBA";"Agressão Externa";"Atropelamento de Pedestre";"Com Vítimas Feridas";"Plena Noite";"Crescente";"Céu Claro";"Dupla";"Reta";"Sim";1;0;1;0;0;0;1;1;-25,54989;-49,28248;"SR-PR";"DEL7/1";"UOP03/PR"
266261;2020-01-31;"sexta-feira";"21:10:00";"MG";116;277;"TEOFILO OTONI";"Desobediência às normas de trânsito pelo condutor";"Colisão transversal";"Com Vítimas Feridas";"Plena Noite";"Crescente";"Céu Claro";"Múltipla";"Não Informado";"Sim";2;0;1;0;1;0;1;2;-17,85994;-41,51514;"SR-MG";"DEL4/11";"UOP01/MG"
266262;2020-01-31;"sexta-feira";"19:10:00";"RR";174;505;"BOA VISTA";"Desobediência às normas de trânsito pelo condutor";"Colisão traseira";"Com Vítimas Feridas";"Plena Noite";"Decrescente";"Céu Claro";"Dupla";"Reta";"Sim";2;0;1;0;1;0;1;2;2,805917;-60,69062;"SR-RR";"UOP01/RR";""
266263;2020-01-31;"sexta-feira";"20:50:00";"GO";153;540,7;"HIDROLANDIA";"Animais na Pista";"Saída de leito carroçável";"Com Vítimas Feridas";"Plena Noite";"Decrescente";"Céu Claro";"Dupla";"Não Informado";"Não";5;0;3;0;2;0;3;1;-17,05286;-49,22654;"SR-GO";"DEL1/1";"UOP03/GO"
266264;2020-01-31;"sexta-feira";"21:00:00";"DF";251;35;"BRASILIA";"Ingestão de Álcool";"Atropelamento de Pedestre";"Com Vítimas Feridas";"Plena Noite";"Crescente";"Nublado";"Dupla";"Reta";"Não";3;0;3;0;0;0;3;1;-15,94073;-47,77002;"SR-DF";"UOP01/DF";""
266277;2020-01-31;"sexta-feira";"20:45:00";"MT";163;71,8;"RONDONOPOLIS";"Falta de Atenção à Condução";"Saída de leito carroçável";"Com Vítimas Feridas";"Plena Noite";"Crescente";"Garoa/Chuvisco";"Dupla";"Retorno Regulamentado";"Não";1;0;1;0;0;0;1;1;-16,88205;-54,71479;"SR-MT";"DEL2/2";"UOP02/MT"
266278;2020-01-31;"sexta-feira";"20:50:00";"RS";158;492;"SANTANA DO LIVRAMENTO";"Animais na Pista";"Atropelamento de Animal";"Sem Vítimas";"Plena Noite";"Crescente";"Céu Claro";"Simples";"Reta";"Não";1;0;0;0;1;0;0;1;-30,45045;-55,05431;"SR-RS";"DEL9/11";"UOP01/RS"
266281;2020-01-31;"sexta-feira";"17:30:00";"BA";110;368,4;"CATU";"Ingestão de Álcool";"Colisão traseira";"Sem Vítimas";"Anoitecer";"Decrescente";"Nublado";"Simples";"Reta";"Sim";3;0;0;0;3;0;0;3;-12,37834;-38,38366;"SR-BA";"DEL10/1";"UOP04/BA"
266285;2020-01-31;"sexta-feira";"09:00:00";"MT";70;512;"VARZEA GRANDE";"Defeito na Via";"Queda de ocupante de veículo";"Com Vítimas Feridas";"Pleno dia";"Crescente";"Céu Claro";"Simples";"Reta";"Sim";1;0;1;0;0;0;1;1;-15,69742;-56,10924;"SR-MT";"DEL2/4";"UOP02/MT"
266286;2020-01-31;"sexta-feira";"23:05:00";"SC";470;52,4;"BLUMENAU";"Falta de Atenção à Condução";"Colisão transversal";"Com Vítimas Feridas";"Plena Noite";"Decrescente";"Céu Claro";"Simples";"Não Informado";"Sim";2;0;0;1;1;0;1;2;-26,86229;-49,0939;"SR-SC";"DEL8/4";"UOP01/SC"
266287;2020-01-31;"sexta-feira";"21:40:00";"PR";277;30,3;"MORRETES";"Velocidade Incompatível";"Saída de leito carroçável";"Com Vítimas Feridas";"Plena Noite";"Decrescente";"Vento";"Dupla";"Reta";"Não";4;0;3;1;0;0;4;1;-25,52875;-48,73513;"SR-PR";"DEL7/1";"UOP07/PR"
266288;2020-01-31;"sexta-feira";"22:50:00";"CE";222;12;"CAUCAIA";"Animais na Pista";"Atropelamento de Animal";"Com Vítimas Feridas";"Plena Noite";"Decrescente";"Nublado";"Simples";"Reta";"Sim";1;0;0;1;0;0;1;1;-3,7648;-38,66897;"SR-CE";"DEL16/1";"UOP01/CE"
266289;2020-01-31;"sexta-feira";"22:45:00";"RS";468;93;"TRES PASSOS";"Velocidade Incompatível";"Saída de leito carroçável";"Com Vítimas Feridas";"Plena Noite";"Crescente";"Céu Claro";"Simples";"Curva";"Não";1;0;0;1;0;0;1;1;-27,51791;-53,87513;"SR-RS";"DEL08";"UOP02/RS"
266290;2020-01-31;"sexta-feira";"23:15:00";"PR";376;179,8;"MARINGA";"Não guardar distância de segurança";"Colisão traseira";"Com Vítimas Feridas";"Plena Noite";"Decrescente";"Céu Claro";"Dupla";"Reta";"Sim";3;0;1;0;2;0;1;2;-23,42158;-51,90588;"SR-PR";"DEL7/7";"UOP04/PR"
266299;2020-01-31;"sexta-feira";"18:30:00";"MA";10;225,5;"GOVERNADOR EDISON LOBAO";"Desobediência às normas de trânsito pelo condutor";"Colisão frontal";"Com Vítimas Feridas";"Anoitecer";"Decrescente";"Céu Claro";"Simples";"Reta";"Sim";3;0;2;0;0;1;2;2;-5,740961;-47,35978;"SR-MA";"DEL18/4";"UOP01/MA"
266300;2020-01-31;"sexta-feira";"21:30:00";"MG";40;545;"NOVA LIMA";"Objeto estático sobre o leito carroçável";"Colisão traseira";"Com Vítimas Feridas";"Plena Noite";"Decrescente";"Nublado";"Dupla";"Reta";"Sim";3;0;1;0;2;0;1;2;-20,0067;-43,96419;"SR-MG";"DEL4/1";"UOP02/MG"