"id";"data_inversa";"dia_semana";"horario";"uf";"br";"km";"municipio";"causa_acidente";"tipo_acidente";"classificacao_acidente";"fase_dia";"sentido_via";"condicao_metereologica";"tipo_pista";"tracado_via";"uso_solo";"pessoas";"mortos";"feridos_leves";"feridos_graves";"ilesos";"ignorados";"feridos";"veiculos";"latitude";"longitude";"regional";"delegacia";"uop"
266674;2020-02-02;"domingo";"16:45:00";"RS";386;129,3;"SARANDI";"Ingestão de Álcool";"Colisão transversal";"Sem Vítimas";"Pleno dia";"Crescente";"Céu Claro";"Simples";"Interseção de vias";"Não";2;0;0;0;2;0;0;2;-27,93482;-52,95722;"SR-RS";"DEL08";"UOP01/RS"
266675;2020-02-02;"domingo";"18:30:00";"CE";116;454,1;"BARRO";"Ingestão de Álcool";"Tombamento";"Com Vítimas Feridas";"Plena Noite";"Crescente";"Céu Claro";"Simples";"Reta";"Não";1;0;0;1;0;0;1;1;-7,151376;-38,77868;"SR-CE";"DEL16/5";"UOP03/CE"
266676;2020-02-02;"domingo";"17:30:00";"MT";70;327;"DOM AQUINO";"Falta de Atenção à Condução";"Saída de leito carroçável";"Com Vítimas Feridas";"Pleno dia";"Decrescente";"Céu Claro";"Simples";"Reta";"Não";2;0;1;1;0;0;2;1;-15,51049;-54,68038;"SR-MT";"DEL2/5";"UOP01/MT"
266677;2020-02-02;"domingo";"18:30:00";"RJ";116;330,7;"RESENDE";"Desobediência às normas de trânsito pelo condutor";"Colisão com objeto estático";"Com Vítimas Feridas";"Anoitecer";"Crescente";"Chuva";"Dupla";"Ponte";"Não";2;0;2;0;0;0;2;1;-22,50454;-44,61629;"SR-RJ";"DEL5/7";"UOP02/RJ"
266678;2020-02-02;"domingo";"18:30:00";"SP";116;147;"SAO JOSE DOS CAMPOS";"Não guardar distância de segurança";"Colisão traseira";"Sem Vítimas";"Pleno dia";"Decrescente";"Nublado";"Dupla";"Reta";"Sim";2;0;0;0;2;0;0;2;-23,19543;-45,87176;"SR-SP";"DEL6/2";"UOP01/SP"
266679;2020-02-02;"domingo";"17:00:00";"MA";10;153;"PORTO FRANCO";"Desobediência às normas de trânsito pelo condutor";"Colisão transversal";"Sem Vítimas";"Pleno dia";"Crescente";"Céu Claro";"Simples";"Reta";"Não";2;0;0;0;0;2;0;2;-6,370184;-47,38002;"SR-MA";"DEL18/4";"UOP02/MA"
266680;2020-02-02;"domingo";"16:10:00";"PR";277;336,3;"GUARAPUAVA";"Defeito Mecânico no Veículo";"Saída de leito carroçável";"Com Vítimas Feridas";"Pleno dia";"Crescente";"Chuva";"Dupla";"Reta";"Não";5;0;5;0;0;0;5;1;-25,34185;-51,41254;"SR-PR";"DEL7/3";"UOP02/PR"
266681;2020-02-02;"domingo";"18:25:00";"MG";262;810,1;"UBERABA";"Falta de Atenção à Condução";"Tombamento";"Com Vítimas Feridas";"Pleno dia";"Decrescente";"Nublado";"Dupla";"Reta";"Sim";1;0;1;0;0;0;1;1;-19,76052;-48,04441;"SR-MG";"DEL13";"UOP01/MG"
266682;2020-02-02;"domingo";"18:50:00";"PB";101;85,2;"BAYEUX";"Falta de Atenção do Pedestre";"Atropelamento de Pedestre";"Com Vítimas Fatais";"Plena Noite";"Decrescente";"Nublado";"Dupla";"Reta";"Sim";2;1;0;0;1;0;0;1;-7,146246;-34,91555;"SR-PB";"DEL14/1";"UOP01/PB"
266683;2020-02-02;"domingo";"17:36:00";"RO";319;63;"PORTO VELHO";"Falta de Atenção à Condução";"Colisão transversal";"Com Vítimas Feridas";"Pleno dia";"Crescente";"Céu Claro";"Dupla";"Interseção de vias";"Sim";3;0;1;1;1;0;2;2;-8,766685;-63,88405;"SR-RO";"DEL21/1";"UOP01/RO"
266684;2020-01-30;"quinta-feira";"17:00:00";"PI";135;393;"BOM JESUS";"Defeito na Via";"Saída de leito carroçável";"Sem Vítimas";"Anoitecer";"Decrescente";"Céu Claro";"Simples";"Reta";"Não";1;0;0;0;1;0;0;1;-9,35155;-44,56047;"SR-PI";"DEL17/3";"UOP02/PI"
266685;2020-02-02;"domingo";"15:20:00";"MG";262;594,4;"CAMPOS ALTOS";"Velocidade Incompatível";"Saída de leito carroçável";"Sem Vítimas";"Pleno dia";"Decrescente";"Chuva";"Simples";"Reta";"Não";1;0;0;0;1;0;0;1;-19,66568;-46,16902;"SR-MG";"DEL4/8";"UOP02/MG"
266686;2020-02-02;"domingo";"18:55:00";"SP";116;172,8;"JACAREI";"Falta de Atenção do Pedestre";"Atropelamento de Pedestre";"Com Vítimas Fatais";"Plena Noite";"Decrescente";"Chuva";"Dupla";"Desvio Temporário";"Sim";2;1;0;0;1;0;0;1;-23,31528;-46,07232;"SR-SP";"DEL6/2";"UOP01/SP"
266687;2020-02-02;"domingo";"17:30:00";"RJ";116;186;"NOVA IGUACU";"Desobediência às normas de trânsito pelo condutor";"Colisão lateral";"Com Vítimas Feridas";"Anoitecer";"Decrescente";"Chuva";"Dupla";"Reta";"Sim";2;0;1;0;1;0;1;2;-22,73962;-43,46276;"SR-RJ";"DEL5/1";"UOP02/RJ"
266688;2020-02-02;"domingo";"19:25:00";"MG";40;564,7;"NOVA LIMA";"Falta de Atenção à Condução";"Colisão frontal";"Com Vítimas Fatais";"Plena Noite";"Crescente";"Chuva";"Simples";"Reta";"Não";5;1;0;0;2;2;0;2;-20,16086;-43,96464;"SR-MG";"DEL4/1";"UOP02/MG"
266689;2020-02-02;"domingo";"16:20:00";"SC";470;81;"RODEIO";"Restrição de Visibilidade";"Colisão traseira";"Com Vítimas Feridas";"Pleno dia";"Crescente";"Chuva";"Simples";"Não Informado";"Não";2;0;1;0;1;0;1;2;-26,95646;-49,32597;"SR-SC";"DEL8/4";"UOP01/SC"
266690;2020-02-02;"domingo";"19:30:00";"SC";470;62,1;"INDAIAL";"Ingestão de Álcool";"Colisão frontal";"Com Vítimas Feridas";"Plena Noite";"Crescente";"Garoa/Chuvisco";"Simples";"Reta";"Não";4;0;1;1;1;1;2;2;-26,87452;-49,18294;"SR-SC";"DEL8/4";"UOP01/SC"
266691;2020-02-02;"domingo";"19:10:00";"ES";101;267,9;"SERRA";"Ingestão de Álcool";"Colisão traseira";"Sem Vítimas";"Plena Noite";"Decrescente";"Céu Claro";"Múltipla";"Reta";"Sim";2;0;0;0;2;0;0;2;-20,20684;-40,26942;"SR-ES";"DEL12/2";"UOP01/ES"
266692;2020-02-02;"domingo";"19:30:00";"DF";20;21,1;"BRASILIA";"Falta de Atenção do Pedestre";"Atropelamento de Pedestre";"Com Vítimas Feridas";"Plena Noite";"Crescente";"Céu Claro";"Dupla";"Reta";"Sim";3;0;1;0;2;0;1;2;-15,60338;-47,68469;"SR-DF";"UOP01/DEL02/DF";""
266693;2020-02-02;"domingo";"18:50:00";"MG";381;727;"CARMO DA CACHOEIRA";"Velocidade Incompatível";"Queda de ocupante de veículo";"Com Vítimas Feridas";"Plena Noite";"Decrescente";"Céu Claro";"Dupla";"Reta";"Não";2;0;2;0;0;0;2;1;-21,51584;-45,22069;"SR-MG";"DEL4/4";"UOP02/MG"
266695;2020-02-02;"domingo";"17:40:00";"RO";319;60;"PORTO VELHO";"Ingestão de Álcool";"Colisão lateral";"Sem Vítimas";"Pleno dia";"Decrescente";"Céu Claro";"Dupla";"Rotatória";"Sim";2;0;0;0;2;0;0;2;-8,74002;-63,8904;"SR-RO";"DEL21/1";"UOP01/RO"
266696;2020-02-02;"domingo";"18:50:00";"MG";40;530;"CONTAGEM";"Defeito Mecânico no Veículo";"Incêndio";"Sem Vítimas";"Plena Noite";"Crescente";"Nublado";"Dupla";"Reta";"Sim";3;0;0;0;3;0;0;1;-19,92065;-44,03357;"SR-MG";"DEL4/1";"UOP02/MG"
266697;2020-02-02;"domingo";"18:55:00";"RS";392;83,2;"PELOTAS";"Não guardar distância de segurança";"Colisão traseira";"Com Vítimas Feridas";"Pleno dia";"Decrescente";"Céu Claro";"Simples";"Não Informado";"Não";2;0;2;0;0;0;2;1;-31,65313;-52,47119;"SR-RS";"DEL9/7";"UOP01/RS"
266698;2020-02-02;"domingo";"19:30:00";"RJ";101;185;"CASIMIRO DE ABREU";"Falta de Atenção à Condução";"Colisão transversal";"Com Vítimas Feridas";"Plena Noite";"Crescente";"Chuva";"Simples";"Curva";"Não";3;0;1;2;0;0;3;2;-22,43205;-42,03456;"SR-RJ";"DEL5/2";"UOP03/RJ"
266699;2020-02-02;"domingo";"18:30:00";"TO";153;257;"COLINAS DO TOCANTINS";"Ultrapassagem Indevida";"Colisão frontal";"Com Vítimas Fatais";"Anoitecer";"Crescente";"Chuva";"Simples";"Reta";"Sim";4;1;0;0;1;2;0;2;-8,144316;-48,46833;"SR-TO";"UOP03/TO";""
266701;2020-02-02;"domingo";"19:10:00";"BA";116;413,1;"FEIRA DE SANTANA";"Ingestão de Álcool";"Saída de leito carroçável";"Sem Vítimas";"Plena Noite";"Crescente";"Céu Claro";"Simples";"Interseção de vias";"Não";2;0;0;0;2;0;0;1;-12,14247;-38,96658;"SR-BA";"DEL10/2";"UOP01/BA"
266702;2020-02-02;"domingo";"19:50:00";"MG";381;492;"BETIM";"Desobediência às normas de trânsito pelo condutor";"Colisão traseira";"Com Vítimas Feridas";"Plena Noite";"Decrescente";"Chuva";"Dupla";"Reta";"Sim";4;0;1;0;2;1;1;2;-19,9749;-44,19004;"SR-MG";"DEL4/1";"UOP03/MG"
266703;2020-02-02;"domingo";"18:45:00";"PR";376;336,8;"TIBAGI";"Pista Escorregadia";"Saída de leito carroçável";"Com Vítimas Feridas";"Plena Noite";"Decrescente";"Chuva";"Dupla";"Não Informado";"Não";1;0;0;1;0;0;1;1;-24,79842;-50,49437;"SR-PR";"DEL7/7";"UOP02/PR"
266704;2020-02-02;"domingo";"17:00:00";"RR";174;424;"IRACEMA";"Defeito Mecânico no Veículo";"Incêndio";"Sem Vítimas";"Anoitecer";"Crescente";"Céu Claro";"Simples";"Reta";"Não";1;0;0;0;0;1;0;1;2,262994;-60,97258;"SR-RR";"UOP01/RR";""
266705;2020-02-02;"domingo";"19:20:00";"SP";NA;NA;"SAO JOSE DOS CAMPOS";"Restrição de Visibilidade";"Saída de leito carroçável";"Com Vítimas Feridas";"Plena Noite";"Não Informado";"Chuva";"Simples";"Não Informado";"Sim";2;0;1;1;0;0;2;1;-23,14915;-45,78062;"SR-SP";"DEL6";"UOP01/SP"
266706;2020-02-02;"domingo";"19:15:00";"SC";280;24;"ARAQUARI";"Falta de Atenção à Condução";"Colisão transversal";"Com Vítimas Feridas";"Plena Noite";"Decrescente";"Chuva";"Simples";"Reta";"Sim";3;0;1;0;2;0;1;2;-26,37725;-48,71953;"SR-SC";"DEL8/3";"UOP03/SC"
266707;2020-02-02;"domingo";"20:30:00";"PR";376;216,7;"JANDAIA DO SUL";"Animais na Pista";"Saída de leito carroçável";"Com Vítimas Feridas";"Plena Noite";"Decrescente";"Chuva";"Simples";"Curva";"Não";3;0;2;0;1;0;2;1;-23,59767;-51,6334;"SR-PR";"DEL7/7";"UOP03/PR"
266708;2020-02-02;"domingo";"19:15:00";"RJ";40;110;"DUQUE DE CAXIAS";"Pista Escorregadia";"Colisão traseira";"Com Vítimas Feridas";"Plena Noite";"Decrescente";"Chuva";"Dupla";"Reta";"Sim";7;0;3;0;4;0;3;4;-22,6829;-43,28549;"SR-RJ";"DEL5/1";"UOP01/RJ"
266710;2020-02-02;"domingo";"20:30:00";"SC";470;129;"LONTRAS";"Ingestão de Álcool";"Queda de ocupante de veículo";"Com Vítimas Feridas";"Plena Noite";"Decrescente";"Chuva";"Simples";"Reta";"Não";3;0;1;1;0;1;2;1;-27,1485;-49,55614;"SR-SC";"DEL8/4";"UOP02/SC"
266712;2020-02-02;"domingo";"19:25:00";"RJ";116;192;"QUEIMADOS";"Falta de Atenção à Condução";"Colisão traseira";"Com Vítimas Feridas";"Plena Noite";"Decrescente";"Chuva";"Dupla";"Reta";"Sim";3;0;1;0;2;0;1;2;-22,72969;-43,58873;"SR-RJ";"DEL5/1";"UOP02/RJ"
266714;2020-02-02;"domingo";"19:15:00";"RS";290;57;"GLORINHA";"Não guardar distância de segurança";"Colisão traseira";"Sem Vítimas";"Plena Noite";"Crescente";"Céu Claro";"Dupla";"Curva";"Não";4;0;0;0;4;0;0;4;-29,91862;-50,82821;"SR-RS";"DEL9/3";"UOP01/RS"
266715;2020-02-02;"domingo";"18:15:00";"PR";277;517;"GUARANIACU";"Pista Escorregadia";"Saída de leito carroçável";"Com Vítimas Feridas";"Anoitecer";"Crescente";"Chuva";"Simples";"Reta";"Não";2;0;2;0;0;0;2;1;-25,11378;-52,82231;"SR-PR";"DEL7/4";"UOP02/PR"
266716;2020-02-02;"domingo";"05:00:00";"RS";287;513,5;"SAO BORJA";"Falta de Atenção à Condução";"Saída de leito carroçável";"Com Vítimas Feridas";"Amanhecer";"Crescente";"Céu Claro";"Simples";"Curva";"Não";1;0;1;0;0;0;1;1;-28,76237;-55,80256;"SR-RS";"DEL9/12";"UOP01/RS"
266718;2020-02-02;"domingo";"20:15:00";"RS";470;182,2;"VERANOPOLIS";"Velocidade Incompatível";"Colisão frontal";"Com Vítimas Feridas";"Plena Noite";"Crescente";"Nublado";"Simples";"Reta";"Não";5;0;0;3;1;1;3;2;-28,97204;-51,56316;"SR-RS";"DEL9/6";"UOP02/RS"
266719;2020-02-02;"domingo";"13:05:00";"PR";476;99;"BOCAIUVA DO SUL";"Falta de Atenção à Condução";"Colisão lateral";"Com Vítimas Feridas";"Pleno dia";"Decrescente";"Chuva";"Simples";"Curva";"Não";3;0;1;1;1;0;2;2;-25,24524;-49,1324;"SR-PR";"DEL7/1";"UOP06/PR"
266720;2020-02-02;"domingo";"19:10:00";"MG";262;874;"CAMPO FLORIDO";"Falta de Atenção à Condução";"Tombamento";"Com Vítimas Feridas";"Plena Noite";"Crescente";"Nublado";"Simples";"Reta";"Não";2;0;1;0;1;0;1;1;-19,77843;-48,49425;"SR-MG";"DEL13";"UOP01/MG"
266721;2020-02-02;"domingo";"21:05:00";"GO";153;665,1;"GOIATUBA";"Falta de Atenção à Condução";"Saída de leito carroçável";"Com Vítimas Feridas";"Plena Noite";"Crescente";"Garoa/Chuvisco";"Dupla";"Reta";"Não";1;0;1;0;0;0;1;1;-18,0987;-49,2738;"SR-GO";"DEL1/3";"UOP02/GO"
266722;2020-02-02;"domingo";"21:00:00";"GO";60;28;"ALEXANIA";"Velocidade Incompatível";"Saída de leito carroçável";"Com Vítimas Feridas";"Plena Noite";"Crescente";"Nublado";"Simples";"Reta";"Não";1;0;1;0;0;0;1;1;-16,0963;-48,5202;"SR-DF";"UOP03/DF";""
266723;2020-02-02;"domingo";"21:35:00";"RJ";465;0,8;"SEROPEDICA";"Ingestão de álcool e/ou substâncias psicoativas pelo pedestre";"Atropelamento de Pedestre";"Com Vítimas Fatais";"Plena Noite";"Decrescente";"Chuva";"Simples";"Reta";"Sim";3;1;0;0;0;2;0;1;-22,71807;-43,72738;"SR-RJ";"DEL5/1";"UOP03/RJ"
266724;2020-02-02;"domingo";"21:00:00";"AL";104;73;"MESSIAS";"Falta de Atenção à Condução";"Colisão lateral";"Com Vítimas Feridas";"Plena Noite";"Crescente";"Céu Claro";"Simples";"Curva";"Não";7;0;5;0;1;1;5;2;-9,369362;-35,84469;"SR-AL";"DEL13/1";"UOP02/AL"
266725;2020-02-02;"domingo";"21:30:00";"GO";60;165,6;"GOIANIA";"Ingestão de Álcool";"Queda de ocupante de veículo";"Com Vítimas Feridas";"Plena Noite";"Crescente";"Nublado";"Dupla";"Reta";"Sim";2;0;0;2;0;0;2;1;-16,7002;-49,3335;"SR-GO";"DEL1/1";"UOP02/GO"
266726;2020-02-02;"domingo";"20:15:00";"MG";40;671,8;"CARANDAI";"Pista Escorregadia";"Tombamento";"Com Vítimas Feridas";"Plena Noite";"Decrescente";"Chuva";"Simples";"Curva";"Não";1;0;1;0;0;0;1;1;-20,97451;-43,78313;"SR-MG";"DEL5";"UOP02/MG"
266727;2020-02-02;"domingo";"20:15:00";"SC";101;243;"PALHOCA";"Não guardar distância de segurança";"Colisão traseira";"Sem Vítimas";"Plena Noite";"Decrescente";"Chuva";"Dupla";"Reta";"Não";2;0;0;0;1;1;0;2;-27,8842;-48,6475;"SR-SC";"DEL8/1";"UOP02/SC"
266728;2020-02-02;"domingo";"21:40:00";"MT";70;1,6;"BARRA DO GARCAS";"Falta de Atenção à Condução";"Colisão transversal";"Com Vítimas Feridas";"Plena Noite";"Crescente";"Céu Claro";"Simples";"Reta";"Sim";2;0;1;0;1;0;1;2;-15,88923;-52,26533;"SR-MT";"DEL2/8";"UOP01/MT"
266729;2020-02-02;"domingo";"21:25:00";"PE";424;4,5;"ARCOVERDE";"Falta de Atenção à Condução";"Colisão com objeto estático";"Com Vítimas Fatais";"Plena Noite";"Crescente";"Céu Claro";"Simples";"Reta";"Não";1;1;0;0;0;0;0;1;-8,460993;-37,04337;"SR-PE";"DEL11/3";"UOP02/PE"
266730;2020-02-02;"domingo";"21:30:00";"RJ";116;108;"GUAPIMIRIM";"Ingestão de Álcool";"Colisão traseira";"Com Vítimas Feridas";"Plena Noite";"Decrescente";"Garoa/Chuvisco";"Múltipla";"Reta";"Sim";3;0;2;0;1;0;2;2;-22,53584;-42,99125;"SR-RJ";"DEL5/4";"UOP02/RJ"
266732;2020-02-02;"domingo";"19:50:00";"RR";NA;NA;"BOA VISTA";"Ingestão de Álcool";"Colisão lateral";"Sem Vítimas";"Plena Noite";"Não Informado";"Céu Claro";"Simples";"Reta";"Sim";2;0;0;0;2;0;0;2;2,794901;-60,69844;"SR-RR";"UOP01/RR";""
266733;2020-02-02;"domingo";"08:34:00";"RJ";116;219;"PIRAI";"Pista Escorregadia";"Colisão com objeto estático";"Com Vítimas Feridas";"Plena Noite";"Crescente";"Chuva";"Simples";"Curva";"Sim";2;0;0;2;0;0;2;1;-22,69807;-43,76598;"SR-RJ";"DEL5/7";"UOP01/RJ"
266734;2020-02-02;"domingo";"21:35:00";"SC";470;54,4;"BLUMENAU";"Desobediência às normas de trânsito pelo condutor";"Colisão transversal";"Com Vítimas Feridas";"Plena Noite";"Crescente";"Chuva";"Simples";"Interseção de vias";"Sim";3;0;2;0;1;0;2;2;-26,87107;-49,11037;"SR-SC";"DEL8/4";"UOP01/SC"
266735;2020-02-02;"domingo";"20:00:00";"MT";364;348;"SANTO ANTONIO DO LEVERGER";"Desobediência às normas de trânsito pelo condutor";"Tombamento";"Com Vítimas Feridas";"Plena Noite";"Crescente";"Céu Claro";"Dupla";"Reta";"Não";1;0;1;0;0;0;1;1;-15,80417;-55,5543;"SR-MT";"DEL2/1";"UOP01/MT"
266736;2020-02-02;"domingo";"16:45:00";"MG";50;204,1;"DELTA";"Falta de Atenção à Condução";"Colisão com objeto estático";"Sem Vítimas";"Pleno dia";"Decrescente";"Céu Claro";"Dupla";"Reta";"Não";1;0;0;0;1;0;0;1;-19,92627;-47,82191;"SR-MG";"DEL13";"UOP01/MG"
266737;2020-02-02;"domingo";"17:20:00";"MG";116;584,1;"MANHUACU";"Falta de Atenção à Condução";"Saída de leito carroçável";"Com Vítimas Fatais";"Pleno dia";"Decrescente";"Nublado";"Simples";"Reta";"Não";4;3;0;1;0;0;1;1;-20,22302;-42,17881;"SR-MG";"DEL4/6";"UOP04/MG"
266738;2020-02-02;"domingo";"19:40:00";"RO";364;693;"PORTO VELHO";"Animais na Pista";"Atropelamento de Animal";"Com Vítimas Feridas";"Plena Noite";"Decrescente";"Nublado";"Dupla";"Reta";"Não";1;0;1;0;0;0;1;1;-8,798112;-63,70892;"SR-RO";"DEL21/1";"UOP01/RO"
266739;2020-02-02;"domingo";"22:00:00";"RJ";40;113,8;"DUQUE DE CAXIAS";"Restrição de Visibilidade";"Colisão traseira";"Com Vítimas Feridas";"Plena Noite";"Decrescente";"Chuva";"Múltipla";"Não Informado";"Sim";5;0;4;0;1;0;4;2;-22,70949;-43,2904;"SR-RJ";"DEL5/1";"UOP01/RJ"
266740;2020-02-02;"domingo";"22:25:00";"MG";40;514,5;"RIBEIRAO DAS NEVES";"Falta de Atenção à Condução";"Colisão traseira";"Com Vítimas Feridas";"Plena Noite";"Decrescente";"Nublado";"Dupla";"Curva";"Sim";2;0;1;0;1;0;1;2;-19,80152;-44,1;"SR-MG";"DEL4/1";"UOP02/MG"
266741;2020-02-02;"domingo";"21:36:00";"SC";101;266;"PAULO LOPES";"Animais na Pista";"Atropelamento de Animal";"Sem Vítimas";"Plena Noite";"Crescente";"Chuva";"Dupla";"Reta";"Sim";1;0;0;0;1;0;0;1;-28,06848;-48,71464;"SR-SC";"DEL8/2";"UOP03/SC"
266742;2020-02-02;"domingo";"19:55:00";"MA";10;262,6;"IMPERATRIZ";"Desobediência às normas de trânsito pelo condutor";"Colisão traseira";"Com Vítimas Feridas";"Plena Noite";"Decrescente";"Céu Claro";"Simples";"Não Informado";"Sim";2;0;0;1;1;0;1;2;-5,445326;-47,47254;"SR-MA";"DEL18/4";"UOP01/MA"
266743;2020-02-02;"domingo";"22:05:00";"MG";116;771,6;"LEOPOLDINA";"Falta de Atenção à Condução";"Saída de leito carroçável";"Com Vítimas Feridas";"Plena Noite";"Decrescente";"Chuva";"Simples";"Curva";"Não";1;0;1;0;0;0;1;1;-21,55638;-42,67583;"SR-MG";"DEL4/7";"UOP01/MG"
266744;2020-02-02;"domingo";"21:00:00";"SP";116;308;"SAO LOURENCO DA SERRA";"Falta de Atenção à Condução";"Colisão traseira";"Com Vítimas Feridas";"Plena Noite";"Decrescente";"Chuva";"Simples";"Rotatória";"Sim";2;0;1;0;1;0;1;2;-23,86214;-46,94719;"SR-SP";"DEL6/4";"UOP01/SP"
266745;2020-02-02;"domingo";"21:55:00";"ES";101;130,4;"SOORETAMA";"Falta de Atenção à Condução";"Capotamento";"Com Vítimas Fatais";"Plena Noite";"Crescente";"Nublado";"Simples";"Reta";"Não";2;1;1;0;0;0;1;1;-19,23438;-40,09212;"SR-ES";"DEL12/4";"UOP01/ES"
266746;2020-02-02;"domingo";"21:00:00";"GO";153;700;"ITUMBIARA";"Velocidade Incompatível";"Saída de leito carroçável";"Sem Vítimas";"Plena Noite";"Crescente";"Nublado";"Dupla";"Reta";"Sim";1;0;0;0;1;0;0;1;-18,3945;-49,2051;"SR-GO";"DEL1/3";"UOP02/GO"
266747;2020-02-02;"domingo";"22:20:00";"SC";470;72;"INDAIAL";"Restrição de Visibilidade";"Colisão lateral";"Com Vítimas Feridas";"Plena Noite";"Crescente";"Chuva";"Simples";"Não Informado";"Sim";4;0;0;1;3;0;1;3;-26,90198;-49,26875;"SR-SC";"DEL8/4";"UOP01/SC"
266748;2020-02-02;"domingo";"21:45:00";"MS";163;480,5;"CAMPO GRANDE";"Ingestão de Álcool";"Colisão traseira";"Sem Vítimas";"Plena Noite";"Decrescente";"Nublado";"Simples";"Reta";"Sim";2;0;0;0;2;0;0;2;-20,47835;-54,55936;"SR-MS";"DEL3/1";"UOP01/MS"
266749;2020-02-02;"domingo";"20:30:00";"SC";280;88,4;"CORUPA";"Defeito Mecânico no Veículo";"Colisão frontal";"Com Vítimas Feridas";"Plena Noite";"Crescente";"Chuva";"Simples";"Não Informado";"Não";6;0;5;0;1;0;5;2;-26,41552;-49,26718;"SR-SC";"DEL8/6";"UOP03/SC"
266750;2020-02-02;"domingo";"22:00:00";"PR";116;59,9;"CAMPINA GRANDE DO SUL";"Desobediência às normas de trânsito pelo pedestre";"Atropelamento de Pedestre";"Com Vítimas Fatais";"Plena Noite";"Crescente";"Chuva";"Dupla";"Reta";"Não";2;1;0;0;1;0;0;1;-25,30336;-48,94379;"SR-PR";"DEL7/1";"UOP02/PR"
266751;2020-02-02;"domingo";"22:30:00";"MG";262;810,1;"UBERABA";"Falta de Atenção à Condução";"Colisão traseira";"Com Vítimas Feridas";"Plena Noite";"Decrescente";"Céu Claro";"Dupla";"Reta";"Sim";2;0;0;1;0;1;1;2;-19,7709;-47,97474;"SR-MG";"DEL13";"UOP01/MG"
266752;2020-02-02;"domingo";"21:40:00";"PI";135;376;"BOM JESUS";"Defeito na Via";"Saída de leito carroçável";"Sem Vítimas";"Plena Noite";"Decrescente";"Céu Claro";"Simples";"Reta";"Não";1;0;0;0;1;0;0;1;-9,246064;-44,4683;"SR-PI";"DEL17/3";"UOP02/PI"
266753;2020-02-02;"domingo";"21:30:00";"MG";146;559,2;"CABO VERDE";"Ingestão de Álcool";"Atropelamento de Pedestre";"Com Vítimas Feridas";"Plena Noite";"Crescente";"Chuva";"Simples";"Curva";"Sim";2;0;0;1;0;1;1;1;-21,45793;-46,40839;"SR-MG";"DEL09";"UOP04/MG"
266754;2020-02-02;"domingo";"22:40:00";"RS";116;149,2;"CAXIAS DO SUL";"Desobediência às normas de trânsito pelo condutor";"Colisão transversal";"Com Vítimas Feridas";"Plena Noite";"Crescente";"Céu Claro";"Dupla";"Interseção de vias";"Sim";4;0;2;0;2;0;2;2;-29,15997;-51,15645;"SR-RS";"DEL9/5";"UOP01/RS"
266755;2020-02-02;"domingo";"23:10:00";"RS";290;194,8;"PANTANO GRANDE";"Falta de Atenção à Condução";"Colisão com objeto estático";"Com Vítimas Feridas";"Plena Noite";"Decrescente";"Céu Claro";"Simples";"Curva";"Não";1;0;1;0;0;0;1;1;-30,18075;-52,35947;"SR-RS";"DEL9/2";"UOP03/RS"
266756;2020-02-02;"domingo";"23:40:00";"PB";101;83,6;"BAYEUX";"Falta de Atenção do Pedestre";"Atropelamento de Pedestre";"Com Vítimas Feridas";"Plena Noite";"Decrescente";"Céu Claro";"Dupla";"Reta";"Sim";2;0;0;1;1;0;1;1;-7,13377;-34,92964;"SR-PB";"DEL14/1";"UOP01/PB"
266757;2020-02-02;"domingo";"17:43:00";"MG";365;330;"SAO GONCALO DO ABAETE";"Defeito Mecânico no Veículo";"Colisão lateral";"Com Vítimas Feridas";"Anoitecer";"Decrescente";"Céu Claro";"Dupla";"Desvio Temporário";"Não";3;0;1;0;2;0;1;2;-18,29116;-45,92992;"SR-MG";"DEL4/10";"UOP01/MG"
266758;2020-02-02;"domingo";"22:25:00";"BA";101;0,1;"RIO REAL";"Ingestão de Álcool";"Saída de leito carroçável";"Com Vítimas Feridas";"Plena Noite";"Decrescente";"Céu Claro";"Simples";"Curva";"Não";1;0;1;0;0;0;1;1;-11,52081;-37,80126;"SR-SE";"DEL20/2";"UOP03/SE"
266759;2020-02-02;"domingo";"23:55:00";"SC";101;21;"JOINVILLE";"Falta de Atenção à Condução";"Saída de leito carroçável";"Com Vítimas Feridas";"Plena Noite";"Crescente";"Chuva";"Dupla";"Curva";"Não";2;0;1;0;1;0;1;1;-26,14793;-48,90895;"SR-SC";"DEL8/3";"UOP01/SC"
266760;2020-02-02;"domingo";"23:38:00";"BA";110;321,3;"ALAGOINHAS";"Sinalização da via insuficiente ou inadequada";"Saída de leito carroçável";"Com Vítimas Feridas";"Plena Noite";"Crescente";"Céu Claro";"Simples";"Interseção de vias";"Não";3;0;3;0;0;0;3;1;-12,07794;-38,34437;"SR-BA";"DEL10/1";"UOP04/BA"
266761;2020-02-02;"domingo";"22:50:00";"BA";101;688,5;"EUNAPOLIS";"Defeito Mecânico no Veículo";"Incêndio";"Sem Vítimas";"Plena Noite";"Decrescente";"Céu Claro";"Simples";"Não Informado";"Não";1;0;0;0;1;0;0;1;-16,15467;-39,59404;"SR-BA";"DEL10/9";"UOP01/BA"
266762;2020-02-02;"domingo";"22:50:00";"RS";386;231,1;"SOLEDADE";"Ultrapassagem Indevida";"Colisão frontal";"Com Vítimas Feridas";"Plena Noite";"Decrescente";"Céu Claro";"Simples";"Reta";"Não";4;0;4;0;0;0;4;2;-28,705;-52,58263;"SR-RS";"DEL9/4";"UOP03/RS"