"id";"data_inversa";"dia_semana";"horario";"uf";"br";"km";"municipio";"causa_acidente";"tipo_acidente";"classificacao_acidente";"fase_dia";"sentido_via";"condicao_metereologica";"tipo_pista";"tracado_via";"uso_solo";"pessoas";"mortos";"feridos_leves";"feridos_graves";"ilesos";"ignorados";"feridos";"veiculos";"latitude";"longitude";"regional";"delegacia";"uop"
266851;2020-02-03;"segunda-feira";"10:30:00";"PR";116;39,5;"CAMPINA GRANDE DO SUL";"Falta de Atenção à Condução";"Saída de leito carroçável";"Com Vítimas Feridas";"Pleno dia";"Crescente";"Chuva";"Dupla";"Curva";"Não";3;0;1;0;2;0;1;1;-25,16445;-48,86238;"SR-PR";"DEL7/1";"UOP02/PR"
266852;2020-02-03;"segunda-feira";"10:40:00";"PE";408;78,2;"PAUDALHO";"Mal Súbito";"Saída de leito carroçável";"Com Vítimas Feridas";"Pleno dia";"Crescente";"Sol";"Dupla";"Reta";"Não";1;0;0;1;0;0;1;1;-7,923659;-35,15513;"SR-PE";"DEL11/1";"UOP01/PE"
266853;2020-02-03;"segunda-feira";"09:35:00";"GO";40;57,8;"LUZIANIA";"Avarias e/ou desgaste excessivo no pneu";"Colisão traseira";"Com Vítimas Feridas";"Pleno dia";"Crescente";"Nublado";"Dupla";"Não Informado";"Não";6;0;5;0;1;0;5;2;-16,50267;-47,81029;"SR-DF";"UOP02/DF";""
266856;2020-02-03;"segunda-feira";"10:40:00";"MG";40;822,3;"SIMAO PEREIRA";"Falta de Atenção à Condução";"Saída de leito carroçável";"Com Vítimas Feridas";"Pleno dia";"Decrescente";"Céu Claro";"Dupla";"Curva";"Não";2;0;1;0;1;0;1;1;-21,95324;-43,30086;"SR-MG";"DEL5";"UOP01/MG"
266857;2020-02-03;"segunda-feira";"09:30:00";"PB";104;185,9;"ALCANTIL";"Velocidade Incompatível";"Tombamento";"Com Vítimas Feridas";"Pleno dia";"Decrescente";"Céu Claro";"Simples";"Curva";"Não";2;0;0;2;0;0;2;1;-7,68026;-36,06058;"SR-PB";"DEL14/2";"UOP03/PB"
266858;2020-02-03;"segunda-feira";"11:00:00";"PR";277;654,9;"MATELANDIA";"Avarias e/ou desgaste excessivo no pneu";"Saída de leito carroçável";"Com Vítimas Feridas";"Pleno dia";"Crescente";"Céu Claro";"Simples";"Não Informado";"Não";1;0;1;0;0;0;1;1;-25,2305;-53,95255;"SR-PR";"DEL7/5";"UOP02/PR"
266859;2020-02-03;"segunda-feira";"10:45:00";"SP";116;230;"SAO PAULO";"Pista Escorregadia";"Colisão frontal";"Com Vítimas Feridas";"Pleno dia";"Decrescente";"Chuva";"Múltipla";"Reta";"Sim";6;0;2;0;4;0;2;2;-23,51756;-46,5805;"SR-SP";"DEL6/1";"UOP01/SP"
266860;2020-02-03;"segunda-feira";"10:30:00";"GO";40;92,6;"CRISTALINA";"Falta de Atenção à Condução";"Colisão transversal";"Com Vítimas Feridas";"Pleno dia";"Crescente";"Sol";"Simples";"Reta";"Não";3;0;1;0;2;0;1;2;-16,73081;-47,62621;"SR-DF";"UOP02/DF";""
266861;2020-02-03;"segunda-feira";"08:20:00";"GO";153;325;"RIANAPOLIS";"Falta de Atenção à Condução";"Colisão lateral";"Com Vítimas Feridas";"Pleno dia";"Crescente";"Céu Claro";"Simples";"Reta";"Não";3;0;0;1;1;1;1;3;-15,49014;-49,4901;"SR-GO";"DEL1/2";"UOP02/GO"
266862;2020-02-03;"segunda-feira";"11:30:00";"BA";116;417,3;"FEIRA DE SANTANA";"Não guardar distância de segurança";"Colisão traseira";"Sem Vítimas";"Pleno dia";"Crescente";"Céu Claro";"Simples";"Reta";"Sim";2;0;0;0;2;0;0;2;-12,17942;-38,96513;"SR-BA";"DEL10/2";"UOP01/BA"
266863;2020-01-23;"quinta-feira";"18:30:00";"SP";116;219;"GUARULHOS";"Falta de Atenção à Condução";"Colisão traseira";"Sem Vítimas";"Pleno dia";"Crescente";"Céu Claro";"Múltipla";"Reta";"Sim";1;0;0;0;1;0;0;1;-23,4512;-46,46401;"SR-SP";"DEL6/1";"UOP01/SP"
266864;2020-02-03;"segunda-feira";"10:25:00";"RS";287;285,8;"SAO PEDRO DO SUL";"Velocidade Incompatível";"Colisão traseira";"Com Vítimas Feridas";"Pleno dia";"Decrescente";"Céu Claro";"Simples";"Reta";"Não";3;0;1;0;2;0;1;2;-29,63509;-54,22042;"SR-RS";"DEL9/9";"UOP01/RS"
266865;2020-02-03;"segunda-feira";"07:50:00";"PA";10;297;"IRITUIA";"Restrição de Visibilidade";"Capotamento";"Com Vítimas Feridas";"Pleno dia";"Crescente";"Céu Claro";"Simples";"Desvio Temporário";"Não";1;0;1;0;0;0;1;1;-1,835303;-47,51548;"SR-PA";"DEL19/2";"UOP02/PA"
266868;2020-02-03;"segunda-feira";"11:00:00";"RJ";465;18;"NOVA IGUACU";"Falta de Atenção do Pedestre";"Atropelamento de Pedestre";"Com Vítimas Feridas";"Pleno dia";"Crescente";"Céu Claro";"Simples";"Reta";"Sim";2;0;1;0;1;0;1;1;-22,83135;-43,61513;"SR-RJ";"DEL5/1";"UOP03/RJ"
266870;2020-02-03;"segunda-feira";"08:30:00";"PA";316;125;"SANTA MARIA DO PARA";"Falta de Atenção à Condução";"Colisão traseira";"Com Vítimas Feridas";"Pleno dia";"Decrescente";"Sol";"Simples";"Reta";"Não";8;0;1;0;7;0;1;2;-1,307584;-47,39115;"SR-PA";"DEL19/1";"UOP02/PA"
266871;2020-02-03;"segunda-feira";"12:40:00";"SC";101;205;"SAO JOSE";"Não guardar distância de segurança";"Colisão traseira";"Sem Vítimas";"Pleno dia";"Decrescente";"Sol";"Múltipla";"Reta";"Sim";4;0;0;0;4;0;0;4;-27,58313;-48,61533;"SR-SC";"DEL8/1";"UOP01/SC"
266872;2020-02-03;"segunda-feira";"12:00:00";"MG";381;506,5;"SAO JOAQUIM DE BICAS";"Falta de Atenção à Condução";"Colisão traseira";"Sem Vítimas";"Pleno dia";"Crescente";"Céu Claro";"Múltipla";"Reta";"Sim";3;0;0;0;3;0;0;2;-20,05039;-44,27963;"SR-MG";"DEL4/1";"UOP03/MG"
266873;2020-02-03;"segunda-feira";"12:50:00";"SP";381;15,8;"BRAGANCA PAULISTA";"Pista Escorregadia";"Saída de leito carroçável";"Sem Vítimas";"Pleno dia";"Crescente";"Garoa/Chuvisco";"Dupla";"Reta";"Não";1;0;0;0;1;0;0;1;-22,94909;-46,47909;"SR-SP";"DEL6/3";"UOP02/SP"
266874;2020-02-03;"segunda-feira";"12:35:00";"BA";116;459;"SANTO ESTEVAO";"Falta de Atenção à Condução";"Colisão traseira";"Com Vítimas Feridas";"Pleno dia";"Crescente";"Céu Claro";"Simples";"Reta";"Sim";3;0;1;0;2;0;1;2;-12,44011;-39,23052;"SR-BA";"DEL10/2";"UOP01/BA"
266875;2020-02-03;"segunda-feira";"12:15:00";"BA";101;715,8;"EUNAPOLIS";"Falta de Atenção à Condução";"Colisão lateral";"Com Vítimas Feridas";"Pleno dia";"Decrescente";"Sol";"Múltipla";"Reta";"Sim";2;0;1;0;0;1;1;2;-16,36859;-39,58319;"SR-BA";"DEL10/9";"UOP01/BA"
266876;2020-02-03;"segunda-feira";"05:00:00";"AM";319;50;"CAREIRO";"Animais na Pista";"Atropelamento de Animal";"Com Vítimas Feridas";"Amanhecer";"Decrescente";"Céu Claro";"Simples";"Reta";"Não";5;0;2;0;2;1;2;3;-3,436557;-59,98295;"SR-AM";"UOP04/AM";""
266877;2020-02-03;"segunda-feira";"13:00:00";"RJ";465;18;"NOVA IGUACU";"Falta de Atenção do Pedestre";"Atropelamento de Pedestre";"Com Vítimas Feridas";"Pleno dia";"Crescente";"Céu Claro";"Simples";"Reta";"Não";2;0;1;0;0;1;1;1;-22,83135;-43,61513;"SR-RJ";"DEL5/1";"UOP03/RJ"
266878;2020-02-03;"segunda-feira";"12:30:00";"PR";373;477,6;"CORONEL VIVIDA";"Desobediência às normas de trânsito pelo condutor";"Colisão frontal";"Com Vítimas Feridas";"Pleno dia";"Decrescente";"Sol";"Simples";"Curva";"Sim";5;0;0;1;4;0;1;2;-25,96797;-52,52685;"SR-PR";"DEL7/2";"UOP01/PR"
266879;2020-02-03;"segunda-feira";"10:20:00";"RO";364;128,3;"PIMENTA BUENO";"Defeito Mecânico no Veículo";"Incêndio";"Sem Vítimas";"Pleno dia";"Crescente";"Céu Claro";"Simples";"Reta";"Não";1;0;0;0;1;0;0;1;-12,06013;-60,7593;"SR-RO";"DEL21/2";"UOP02/RO"
266880;2020-02-03;"segunda-feira";"13:20:00";"PR";376;492;"PONTA GROSSA";"Falta de Atenção à Condução";"Colisão traseira";"Com Vítimas Feridas";"Pleno dia";"Decrescente";"Nublado";"Dupla";"Reta";"Sim";3;0;0;1;2;0;1;2;-25,1556;-50,13323;"SR-PR";"DEL7/3";"UOP03/PR"
266881;2020-02-03;"segunda-feira";"12:30:00";"GO";20;185;"ALVORADA DO NORTE";"Falta de Atenção à Condução";"Capotamento";"Com Vítimas Feridas";"Pleno dia";"Crescente";"Chuva";"Dupla";"Curva";"Não";2;0;2;0;0;0;2;1;-14,44304;-46,46224;"SR-DF";"UOP02/DEL02/DF";""
266883;2020-02-03;"segunda-feira";"08:15:00";"AC";364;222,6;"SENA MADUREIRA";"Falta de Atenção à Condução";"Colisão frontal";"Com Vítimas Feridas";"Pleno dia";"Crescente";"Céu Claro";"Simples";"Desvio Temporário";"Não";5;0;1;0;4;0;1;2;-9,441872;-68,39876;"SR-AC";"UOP01/AC";""
266885;2020-02-03;"segunda-feira";"14:10:00";"SC";470;19,1;"ILHOTA";"Falta de Atenção à Condução";"Colisão traseira";"Com Vítimas Feridas";"Pleno dia";"Decrescente";"Céu Claro";"Simples";"Reta";"Não";3;0;1;0;2;0;1;3;-26,86625;-48,81644;"SR-SC";"DEL8/4";"UOP04/SC"
266886;2020-02-03;"segunda-feira";"13:30:00";"SC";282;287,4;"SAO JOSE DO CERRITO";"Pista Escorregadia";"Saída de leito carroçável";"Com Vítimas Fatais";"Pleno dia";"Crescente";"Chuva";"Simples";"Curva";"Não";4;1;2;1;0;0;3;1;-27,56861;-50,81807;"SR-SC";"DEL8/5";"UOP02/SC"
266887;2020-02-03;"segunda-feira";"14:10:00";"BA";242;572,6;"IBOTIRAMA";"Velocidade Incompatível";"Saída de leito carroçável";"Com Vítimas Feridas";"Pleno dia";"Crescente";"Nublado";"Simples";"Curva";"Não";3;0;2;0;1;0;2;1;-12,08886;-43,15442;"SR-BA";"DEL 10/10";"UOP02/BA"
266888;2020-02-03;"segunda-feira";"10:25:00";"SC";480;125;"CHAPECO";"Velocidade Incompatível";"Queda de ocupante de veículo";"Com Vítimas Feridas";"Pleno dia";"Crescente";"Céu Claro";"Simples";"Curva";"Não";1;0;1;0;0;0;1;1;-27,01165;-52,63953;"SR-SC";"DEL7";"UOP01/SC"
266889;2020-02-03;"segunda-feira";"13:50:00";"PR";376;591,4;"CURITIBA";"Falta de Atenção à Condução";"Colisão lateral";"Com Vítimas Feridas";"Pleno dia";"Crescente";"Nublado";"Dupla";"Reta";"Sim";2;0;1;0;1;0;1;2;-25,46;-49,35895;"SR-PR";"DEL7/1";"UOP04/PR"
266890;2020-02-03;"segunda-feira";"13:50:00";"PR";467;90,9;"CASCAVEL";"Defeito Mecânico no Veículo";"Saída de leito carroçável";"Com Vítimas Feridas";"Pleno dia";"Crescente";"Céu Claro";"Dupla";"Reta";"Não";2;0;1;1;0;0;2;1;-24,8439;-53,6077;"SR-PR";"DEL7/4";"UOP01/PR"
266891;2020-01-22;"quarta-feira";"18:30:00";"MG";381;525;"BRUMADINHO";"Defeito Mecânico no Veículo";"Engavetamento";"Com Vítimas Feridas";"Anoitecer";"Crescente";"Nublado";"Dupla";"Reta";"Não";5;0;2;0;3;0;2;5;-20,16711;-44,33422;"SR-MG";"DEL4/4";"UOP03/MG"
266892;2020-02-03;"segunda-feira";"14:00:00";"RS";116;263,4;"CANOAS";"Falta de Atenção à Condução";"Colisão transversal";"Com Vítimas Feridas";"Pleno dia";"Decrescente";"Céu Claro";"Dupla";"Reta";"Sim";2;0;1;0;1;0;1;2;-29,90545;-51,17674;"SR-RS";"DEL9/1";"UOP01/RS"
266893;2020-02-03;"segunda-feira";"14:20:00";"DF";251;32;"BRASILIA";"Desobediência às normas de trânsito pelo condutor";"Colisão traseira";"Com Vítimas Feridas";"Pleno dia";"Crescente";"Céu Claro";"Simples";"Reta";"Não";2;0;2;0;0;0;2;1;-15,94031;-47,74045;"SR-DF";"UOP01/DF";""
266894;2020-02-03;"segunda-feira";"07:40:00";"SC";101;327,5;"CAPIVARI DE BAIXO";"Não guardar distância de segurança";"Colisão traseira";"Com Vítimas Feridas";"Pleno dia";"Crescente";"Céu Claro";"Dupla";"Reta";"Não";2;0;1;0;1;0;1;2;-28,43023;-48,95205;"SR-SC";"DEL8/2";"UOP01/SC"
266895;2020-02-03;"segunda-feira";"14:40:00";"SP";116;227;"GUARULHOS";"Falta de Atenção à Condução";"Colisão traseira";"Com Vítimas Feridas";"Pleno dia";"Decrescente";"Nublado";"Múltipla";"Curva";"Não";2;0;1;0;1;0;1;2;-23,49659;-46,55649;"SR-SP";"DEL6/1";"UOP01/SP"
266897;2020-02-03;"segunda-feira";"15:00:00";"PA";153;46;"SAO DOMINGOS DO ARAGUAIA";"Não guardar distância de segurança";"Colisão traseira";"Com Vítimas Feridas";"Pleno dia";"Crescente";"Garoa/Chuvisco";"Simples";"Curva";"Sim";1;0;1;0;0;0;1;1;-5,525883;-48,73729;"SR-PA";"DEL19/3";"UOP01/PA"
266898;2020-02-03;"segunda-feira";"14:20:00";"GO";60;165;"GOIANIA";"Velocidade Incompatível";"Saída de leito carroçável";"Sem Vítimas";"Pleno dia";"Decrescente";"Chuva";"Dupla";"Desvio Temporário";"Sim";1;0;0;0;1;0;0;1;-16,70961;-49,35211;"SR-GO";"DEL1/1";"UOP02/GO"
266900;2020-02-03;"segunda-feira";"15:00:00";"MG";40;751,8;"SANTOS DUMONT";"Pista Escorregadia";"Saída de leito carroçável";"Com Vítimas Feridas";"Pleno dia";"Decrescente";"Chuva";"Simples";"Desvio Temporário";"Não";1;0;1;0;0;0;1;1;-21,46538;-43,56168;"SR-MG";"DEL5";"UOP01/MG"
266901;2020-02-03;"segunda-feira";"15:00:00";"SP";381;73;"SAO PAULO";"Velocidade Incompatível";"Saída de leito carroçável";"Com Vítimas Feridas";"Pleno dia";"Crescente";"Chuva";"Dupla";"Curva";"Não";1;0;1;0;0;0;1;1;-23,36553;-46,55254;"SR-SP";"DEL6/3";"UOP02/SP"
266902;2020-02-03;"segunda-feira";"15:20:00";"RN";101;72,9;"NATAL";"Velocidade Incompatível";"Colisão com objeto estático";"Com Vítimas Feridas";"Pleno dia";"Decrescente";"Céu Claro";"Simples";"Curva";"Não";1;0;1;0;0;0;1;1;-5,698662;-35,26317;"SR-RN";"DEL15/2";"UOP01/RN"
266903;2020-02-03;"segunda-feira";"14:50:00";"BA";330;786;"BARRA DO ROCHA";"Falta de Atenção à Condução";"Queda de ocupante de veículo";"Com Vítimas Feridas";"Pleno dia";"Crescente";"Sol";"Simples";"Reta";"Não";1;0;0;1;0;0;1;1;-14,19667;-39,62275;"SR-BA";"DEL10/3";"UOP01/BA"
266904;2020-02-03;"segunda-feira";"14:17:00";"RJ";101;298;"ITABORAI";"Restrição de Visibilidade";"Queda de ocupante de veículo";"Com Vítimas Feridas";"Pleno dia";"Decrescente";"Sol";"Dupla";"Curva";"Sim";2;0;1;0;1;0;1;2;-22,7714;-42,92896;"SR-RJ";"DEL5/2";"UOP01/RJ"
266905;2020-02-03;"segunda-feira";"15:50:00";"MG";153;111,5;"PRATA";"Falta de Atenção à Condução";"Colisão transversal";"Com Vítimas Feridas";"Pleno dia";"Crescente";"Nublado";"Simples";"Interseção de vias";"Não";6;0;1;3;2;0;4;2;-19,32805;-48,906;"SR-MG";"DEL4/15";"UOP03/MG"
266906;2020-02-03;"segunda-feira";"15:35:00";"CE";116;25,8;"AQUIRAZ";"Desobediência às normas de trânsito pelo condutor";"Colisão traseira";"Com Vítimas Feridas";"Pleno dia";"Crescente";"Céu Claro";"Dupla";"Reta";"Não";2;0;1;0;1;0;1;2;-3,966333;-38,51525;"SR-CE";"DEL16/1";"UOP02/CE"
266907;2020-02-03;"segunda-feira";"13:10:00";"MT";70;233;"GENERAL CARNEIRO";"Velocidade Incompatível";"Capotamento";"Com Vítimas Feridas";"Pleno dia";"Decrescente";"Nublado";"Simples";"Curva";"Não";4;0;2;0;2;0;2;1;-15,63325;-53,96682;"SR-MT";"DEL2/5";"UOP01/MT"
266908;2020-01-30;"quinta-feira";"13:00:00";"PR";369;186;"ARAPONGAS";"Desobediência às normas de trânsito pelo condutor";"Tombamento";"Com Vítimas Feridas";"Pleno dia";"Decrescente";"Nublado";"Simples";"Reta";"Sim";1;0;1;0;0;0;1;1;-23,41574;-51,4271;"SR-PR";"DEL7/7";"UOP03/PR"
266909;2020-02-03;"segunda-feira";"13:00:00";"MG";116;414,1;"GOVERNADOR VALADARES";"Falta de Atenção à Condução";"Colisão traseira";"Com Vítimas Feridas";"Pleno dia";"Decrescente";"Céu Claro";"Simples";"Reta";"Não";2;0;1;0;1;0;1;2;-18,88103;-41,95911;"SR-MG";"DEL4/6";"UOP01/MG"
266910;2020-01-10;"sexta-feira";"22:45:00";"MT";364;496;"JANGADA";"Falta de Atenção à Condução";"Colisão traseira";"Com Vítimas Feridas";"Plena Noite";"Decrescente";"Céu Claro";"Simples";"Reta";"Sim";2;0;0;1;1;0;1;2;-15,27669;-56,44276;"SR-MT";"DEL2/4";"UOP02/MT"
266912;2020-02-03;"segunda-feira";"16:30:00";"GO";452;42,6;"SANTA HELENA DE GOIAS";"Ultrapassagem Indevida";"Colisão frontal";"Com Vítimas Fatais";"Anoitecer";"Crescente";"Nublado";"Simples";"Reta";"Não";2;1;0;1;0;0;1;2;-17,93685;-50,53684;"SR-GO";"DEL1/4";"UOP01/GO"
266913;2020-02-03;"segunda-feira";"14:25:00";"MS";163;267,8;"DOURADOS";"Velocidade Incompatível";"Colisão com objeto estático";"Com Vítimas Feridas";"Pleno dia";"Decrescente";"Nublado";"Dupla";"Rotatória";"Sim";1;0;1;0;0;0;1;1;-22,20812;-54,70973;"SR-MS";"DEL3/4";"UOP01/MS"
266914;2020-02-03;"segunda-feira";"15:30:00";"CE";304;51,2;"ARACATI";"Desobediência às normas de trânsito pelo condutor";"Colisão lateral";"Com Vítimas Feridas";"Pleno dia";"Crescente";"Céu Claro";"Simples";"Curva";"Não";4;0;1;1;2;0;2;2;-4,569238;-37,75177;"SR-CE";"DEL16/3";"UOP03/CE"
266916;2020-02-03;"segunda-feira";"16:20:00";"BA";116;813,1;"VITORIA DA CONQUISTA";"Desobediência às normas de trânsito pelo condutor";"Colisão transversal";"Com Vítimas Fatais";"Pleno dia";"Crescente";"Nublado";"Simples";"Reta";"Não";4;1;0;1;2;0;1;3;-14,76463;-40,70569;"SR-BA";"DEL10/8";"UOP01/BA"
266917;2020-02-03;"segunda-feira";"14:20:00";"PE";232;105;"BEZERROS";"Pista Escorregadia";"Saída de leito carroçável";"Com Vítimas Feridas";"Pleno dia";"Crescente";"Chuva";"Dupla";"Curva";"Não";10;0;8;0;2;0;8;1;-8,258304;-35,78276;"SR-PE";"UOP02";"DEL02"
266918;2020-02-03;"segunda-feira";"15:45:00";"SP";381;30,4;"ATIBAIA";"Não guardar distância de segurança";"Colisão lateral";"Com Vítimas Feridas";"Pleno dia";"Decrescente";"Chuva";"Dupla";"Reta";"Não";2;0;1;0;1;0;1;2;-23,04885;-46,56483;"SR-SP";"DEL6/3";"UOP02/SP"
266919;2020-02-03;"segunda-feira";"13:30:00";"AL";316;72,5;"POCO DAS TRINCHEIRAS";"Falta de Atenção à Condução";"Saída de leito carroçável";"Com Vítimas Feridas";"Pleno dia";"Decrescente";"Céu Claro";"Simples";"Reta";"Não";1;0;1;0;0;0;1;1;-9,305336;-37,33847;"SR-AL";"DEL13/3";"UOP02/AL"
266920;2020-02-03;"segunda-feira";"16:15:00";"SC";282;17,1;"PALHOCA";"Desobediência às normas de trânsito pelo condutor";"Colisão transversal";"Com Vítimas Feridas";"Pleno dia";"Decrescente";"Céu Claro";"Simples";"Reta";"Sim";2;0;1;0;1;0;1;2;-27,66571;-48,68807;"SR-SC";"DEL8/1";"UOP02/SC"
266921;2020-02-03;"segunda-feira";"17:00:00";"ES";101;186,4;"ARACRUZ";"Não guardar distância de segurança";"Colisão traseira";"Com Vítimas Feridas";"Pleno dia";"Decrescente";"Céu Claro";"Simples";"Não Informado";"Não";3;0;2;0;1;0;2;2;-19,66488;-40,24929;"SR-ES";"DEL12/4";"UOP01/ES"
266922;2020-02-03;"segunda-feira";"17:00:00";"SP";116;227,7;"SAO PAULO";"Falta de Atenção à Condução";"Colisão traseira";"Sem Vítimas";"Pleno dia";"Crescente";"Garoa/Chuvisco";"Múltipla";"Reta";"Não";2;0;0;0;2;0;0;2;-23,49659;-46,55649;"SR-SP";"DEL6/1";"UOP01/SP"
266923;2020-02-03;"segunda-feira";"13:30:00";"BA";116;417;"FEIRA DE SANTANA";"Desobediência às normas de trânsito pelo condutor";"Colisão frontal";"Com Vítimas Feridas";"Pleno dia";"Crescente";"Sol";"Simples";"Não Informado";"Sim";3;0;1;0;2;0;1;2;-12,1836;-38,96518;"SR-BA";"DEL10/2";"UOP01/BA"
266924;2020-02-03;"segunda-feira";"15:40:00";"PI";135;64;"JERUMENHA";"Falta de Atenção à Condução";"Colisão transversal";"Com Vítimas Fatais";"Pleno dia";"Decrescente";"Céu Claro";"Simples";"Reta";"Não";2;1;0;0;1;0;0;2;-7,236364;-43,64414;"SR-PI";"DEL17/3";"UOP01/PI"
266925;2020-02-03;"segunda-feira";"17:30:00";"RS";116;245,3;"SAO LEOPOLDO";"Não guardar distância de segurança";"Colisão traseira";"Com Vítimas Feridas";"Pleno dia";"Decrescente";"Sol";"Dupla";"Reta";"Sim";3;0;2;0;1;0;2;2;-29,74981;-51,15125;"SR-RS";"DEL9/1";"UOP02/RS"
266926;2020-02-03;"segunda-feira";"15:10:00";"SC";280;75,5;"JARAGUA DO SUL";"Falta de Atenção à Condução";"Queda de ocupante de veículo";"Com Vítimas Feridas";"Pleno dia";"Crescente";"Chuva";"Simples";"Reta";"Não";2;0;2;0;0;0;2;1;-26,45839;-49,17048;"SR-SC";"DEL8/3";"UOP03/SC"
266927;2020-02-03;"segunda-feira";"15:35:00";"MS";267;298;"RIO BRILHANTE";"Falta de Atenção à Condução";"Tombamento";"Com Vítimas Feridas";"Pleno dia";"Decrescente";"Garoa/Chuvisco";"Simples";"Rotatória";"Não";1;0;1;0;0;0;1;1;-21,75926;-54,59208;"SR-MS";"DEL2";"UOP02/MS"
266928;2020-02-03;"segunda-feira";"13:42:00";"RO";435;86,4;"COLORADO DO OESTE";"Falta de Atenção à Condução";"Colisão transversal";"Com Vítimas Feridas";"Pleno dia";"Crescente";"Nublado";"Dupla";"Não Informado";"Sim";2;0;1;0;1;0;1;2;-13,12097;-60,54494;"SR-RO";"DEL21/4";"UOP02/RO"
266929;2020-02-03;"segunda-feira";"16:10:00";"MG";381;510,5;"SAO JOAQUIM DE BICAS";"Falta de Atenção à Condução";"Atropelamento de Pedestre";"Com Vítimas Feridas";"Pleno dia";"Crescente";"Nublado";"Múltipla";"Reta";"Sim";2;0;2;0;0;0;2;1;-20,05655;-44,28709;"SR-MG";"DEL4/1";"UOP03/MG"
266930;2020-02-03;"segunda-feira";"17:50:00";"SC";101;335;"TUBARAO";"Falta de Atenção à Condução";"Colisão transversal";"Com Vítimas Feridas";"Pleno dia";"Crescente";"Nublado";"Simples";"Rotatória";"Sim";2;0;1;0;1;0;1;2;-28,46927;-49,01558;"SR-SC";"DEL8/2";"UOP01/SC"
266932;2020-02-03;"segunda-feira";"17:40:00";"SC";280;50;"GUARAMIRIM";"Falta de Atenção à Condução";"Colisão transversal";"Com Vítimas Feridas";"Pleno dia";"Decrescente";"Nublado";"Simples";"Reta";"Não";2;0;1;0;1;0;1;2;-26,46404;-48,95149;"SR-SC";"DEL8/3";"UOP03/SC"
266933;2020-02-03;"segunda-feira";"17:50:00";"MG";381;753;"TRES CORACOES";"Velocidade Incompatível";"Saída de leito carroçável";"Com Vítimas Feridas";"Pleno dia";"Crescente";"Nublado";"Dupla";"Curva";"Não";1;0;1;0;0;0;1;1;-21,67857;-45,34114;"SR-MG";"DEL09";"UOP02/MG"
266934;2020-02-03;"segunda-feira";"12:35:00";"SC";280;278,3;"IRINEOPOLIS";"Falta de Atenção à Condução";"Saída de leito carroçável";"Com Vítimas Feridas";"Pleno dia";"Decrescente";"Sol";"Simples";"Curva";"Não";2;0;0;2;0;0;2;1;-26,29645;-50,80524;"SR-SC";"DEL8/6";"UOP04/SC"
266935;2020-02-03;"segunda-feira";"13:30:00";"MG";116;545,1;"SANTA RITA DE MINAS";"Falta de Atenção à Condução";"Tombamento";"Com Vítimas Fatais";"Pleno dia";"Crescente";"Céu Claro";"Simples";"Reta";"Não";2;1;0;0;1;0;0;2;-19,92809;-42,13104;"SR-MG";"DEL4/6";"UOP02/MG"
266938;2020-02-03;"segunda-feira";"14:30:00";"BA";101;482;"URUCUCA";"Velocidade Incompatível";"Colisão lateral";"Com Vítimas Feridas";"Pleno dia";"Crescente";"Nublado";"Simples";"Reta";"Não";4;0;2;0;2;0;2;2;-14,63417;-39,3353;"SR-BA";"DEL10/5";"UOP01/BA"
266939;2020-02-03;"segunda-feira";"19:00:00";"SP";153;58;"SAO JOSE DO RIO PRETO";"Desobediência às normas de trânsito pelo condutor";"Colisão lateral";"Com Vítimas Feridas";"Anoitecer";"Decrescente";"Nublado";"Simples";"Não Informado";"Sim";3;0;1;0;0;2;1;2;-20,77838;-49,35301;"SR-SP";"DEL6/9";"UOP01/SP"
266941;2020-02-03;"segunda-feira";"17:45:00";"MT";163;539;"DIAMANTINO";"Pista Escorregadia";"Colisão frontal";"Com Vítimas Feridas";"Anoitecer";"Decrescente";"Ignorado";"Simples";"Desvio Temporário";"Não";6;0;2;4;0;0;6;2;-14,39101;-56,11636;"SR-MT";"DEL2/4";"UOP01/MT"
266942;2020-02-03;"segunda-feira";"19:05:00";"PR";116;122;"CURITIBA";"Falta de Atenção à Condução";"Colisão lateral";"Com Vítimas Feridas";"Plena Noite";"Crescente";"Céu Claro";"Dupla";"Reta";"Sim";2;0;1;0;1;0;1;2;-25,60451;-49,31844;"SR-PR";"DEL7/1";"UOP03/PR"
266943;2020-02-03;"segunda-feira";"14:10:00";"SC";282;220,2;"LAGES";"Defeito Mecânico no Veículo";"Incêndio";"Sem Vítimas";"Pleno dia";"Crescente";"Céu Claro";"Simples";"Reta";"Sim";1;0;0;0;1;0;0;1;-27,79401;-50,33363;"SR-SC";"DEL8/5";"UOP01/SC"
266944;2020-02-03;"segunda-feira";"19:35:00";"PE";101;63;"RECIFE";"Falta de Atenção do Pedestre";"Atropelamento de Pedestre";"Com Vítimas Feridas";"Plena Noite";"Decrescente";"Céu Claro";"Dupla";"Reta";"Sim";2;0;0;2;0;0;2;1;-8,008006;-34,93757;"SR-PE";"DEL11/1";"UOP01/PE"
266945;2020-02-03;"segunda-feira";"19:45:00";"SC";101;211,2;"SAO JOSE";"Velocidade Incompatível";"Queda de ocupante de veículo";"Com Vítimas Feridas";"Anoitecer";"Decrescente";"Nublado";"Múltipla";"Reta";"Sim";2;0;2;0;0;0;2;1;-27,62329;-48,65246;"SR-SC";"DEL8/1";"UOP02/SC"
266947;2020-02-03;"segunda-feira";"19:55:00";"SC";282;15,7;"PALHOCA";"Desobediência às normas de trânsito pelo condutor";"Colisão frontal";"Com Vítimas Feridas";"Plena Noite";"Crescente";"Nublado";"Simples";"Reta";"Sim";4;0;1;0;3;0;1;4;-27,65185;-48,67605;"SR-SC";"DEL8/1";"UOP02/SC"