"id";"data_inversa";"dia_semana";"horario";"uf";"br";"km";"municipio";"causa_acidente";"tipo_acidente";"classificacao_acidente";"fase_dia";"sentido_via";"condicao_metereologica";"tipo_pista";"tracado_via";"uso_solo";"pessoas";"mortos";"feridos_leves";"feridos_graves";"ilesos";"ignorados";"feridos";"veiculos";"latitude";"longitude";"regional";"delegacia";"uop"
267133;2020-02-04;"terça-feira";"20:45:00";"MG";116;690,9;"MURIAE";"Velocidade Incompatível";"Capotamento";"Com Vítimas Feridas";"Plena Noite";"Crescente";"Nublado";"Simples";"Curva";"Não";3;0;1;0;1;1;1;1;-21,01876;-42,36118;"SR-MG";"DEL4/7";"UOP02/MG"
267134;2020-02-04;"terça-feira";"15:05:00";"PI";135;477;"MONTE ALEGRE DO PIAUI";"Defeito na Via";"Saída de leito carroçável";"Com Vítimas Fatais";"Pleno dia";"Crescente";"Nublado";"Simples";"Reta";"Não";1;1;0;0;0;0;0;1;-9,66373;-45,11343;"SR-PI";"DEL17/3";"UOP02/PI"
267135;2020-02-04;"terça-feira";"17:00:00";"BA";116;269;"TUCANO";"Fenômenos da Natureza";"Queda de ocupante de veículo";"Com Vítimas Fatais";"Pleno dia";"Decrescente";"Chuva";"Simples";"Curva";"Não";1;1;0;0;0;0;0;1;-10,92749;-38,82095;"SR-BA";"DEL10/7";"UOP02/BA"
267136;2020-02-04;"terça-feira";"16:00:00";"BA";242;364;"LENCOIS";"Velocidade Incompatível";"Engavetamento";"Com Vítimas Feridas";"Pleno dia";"Crescente";"Céu Claro";"Simples";"Curva";"Não";5;0;0;1;4;0;1;5;-12,46266;-41,42014;"SR-BA";"DEL10/6";"UOP01/BA"
267138;2020-02-04;"terça-feira";"21:15:00";"SP";116;227;"SAO PAULO";"Defeito Mecânico no Veículo";"Queda de ocupante de veículo";"Com Vítimas Feridas";"Plena Noite";"Decrescente";"Nublado";"Múltipla";"Reta";"Sim";2;0;2;0;0;0;2;1;-23,49659;-46,55649;"SR-SP";"DEL6/1";"UOP01/SP"
267139;2020-02-04;"terça-feira";"20:30:00";"PE";101;77,5;"RECIFE";"Falta de Atenção do Pedestre";"Atropelamento de Pedestre";"Com Vítimas Feridas";"Plena Noite";"Crescente";"Céu Claro";"Dupla";"Reta";"Sim";4;0;1;0;3;0;1;1;-8,126982;-34,94386;"SR-PE";"DEL11/1";"UOP01/PE"
267140;2020-02-04;"terça-feira";"20:01:00";"SC";101;440,1;"SANTA ROSA DO SUL";"Falta de Atenção do Pedestre";"Atropelamento de Pedestre";"Com Vítimas Feridas";"Plena Noite";"Crescente";"Nublado";"Dupla";"Reta";"Sim";2;0;0;1;1;0;1;1;-29,1242;-49,6672;"SR-SC";"DEL8/2";"UOP02/SC"
267141;2020-02-04;"terça-feira";"14:20:00";"RO";364;831,8;"PORTO VELHO";"Defeito na Via";"Saída de leito carroçável";"Com Vítimas Fatais";"Pleno dia";"Crescente";"Nublado";"Simples";"Reta";"Não";1;1;0;0;0;0;0;1;-9,347603;-64,64478;"SR-RO";"DEL21/1";"UOP02/RO"
267142;2020-02-04;"terça-feira";"20:20:00";"RO";364;237,3;"CACOAL";"Falta de Atenção à Condução";"Colisão transversal";"Com Vítimas Feridas";"Plena Noite";"Decrescente";"Garoa/Chuvisco";"Simples";"Não Informado";"Sim";3;0;1;0;2;0;1;2;-11,44219;-61,44891;"SR-RO";"DEL21/2";"UOP02/RO"
267143;2020-02-04;"terça-feira";"17:15:00";"RO";364;384;"OURO PRETO DO OESTE";"Desobediência às normas de trânsito pelo condutor";"Colisão transversal";"Com Vítimas Feridas";"Anoitecer";"Crescente";"Céu Claro";"Simples";"Não Informado";"Sim";7;0;3;0;4;0;3;3;-10,71525;-62,25065;"SR-RO";"DEL21/2";"UOP01/RO"
267144;2020-02-04;"terça-feira";"21:00:00";"MG";381;484,4;"BETIM";"Mal Súbito";"Saída de leito carroçável";"Com Vítimas Fatais";"Plena Noite";"Crescente";"Céu Claro";"Dupla";"Retorno Regulamentado";"Sim";1;1;0;0;0;0;0;1;-19,95532;-44,11722;"SR-MG";"DEL4/1";"UOP03/MG"
267145;2020-02-04;"terça-feira";"19:00:00";"SC";470;2;"NAVEGANTES";"Desobediência às normas de trânsito pelo condutor";"Colisão lateral";"Com Vítimas Feridas";"Plena Noite";"Crescente";"Garoa/Chuvisco";"Dupla";"Reta";"Sim";2;0;0;1;1;0;1;2;-26,86855;-48,67483;"SR-SC";"DEL8/4";"UOP04/SC"
267146;2020-02-04;"terça-feira";"18:20:00";"AL";423;84,4;"DELMIRO GOUVEIA";"Animais na Pista";"Atropelamento de Animal";"Com Vítimas Feridas";"Anoitecer";"Decrescente";"Chuva";"Simples";"Reta";"Não";2;0;1;0;1;0;1;1;-9,34305;-38,01997;"SR-BA";"DEL10/7";"UOP01/BA"
267147;2020-02-04;"terça-feira";"19:00:00";"PI";343;622;"FLORIANO";"Defeito na Via";"Saída de leito carroçável";"Com Vítimas Feridas";"Pleno dia";"Decrescente";"Céu Claro";"Simples";"Reta";"Não";1;0;1;0;0;0;1;1;-6,957578;-43,2222;"SR-PI";"DEL17/3";"UOP01/PI"
267148;2020-02-04;"terça-feira";"21:00:00";"RJ";101;334;"RIO DE JANEIRO";"Desobediência às normas de trânsito pelo condutor";"Engavetamento";"Com Vítimas Feridas";"Plena Noite";"Decrescente";"Nublado";"Simples";"Reta";"Sim";4;0;3;0;1;0;3;3;-22,88518;-43,21704;"SR-RJ";"UOP01";"DEL02"
267149;2020-02-04;"terça-feira";"22:20:00";"PR";373;182,9;"PONTA GROSSA";"Falta de Atenção à Condução";"Tombamento";"Com Vítimas Feridas";"Plena Noite";"Decrescente";"Nublado";"Simples";"Reta";"Sim";1;0;1;0;0;0;1;1;-25,03936;-50,27676;"SR-PR";"DEL7/3";"UOP01/PR"
267150;2020-02-04;"terça-feira";"20:50:00";"MG";50;82;"UBERLANDIA";"Falta de Atenção à Condução";"Colisão traseira";"Com Vítimas Feridas";"Plena Noite";"Decrescente";"Céu Claro";"Dupla";"Não Informado";"Sim";2;0;0;1;1;0;1;2;-18,98691;-48,21185;"SR-MG";"DEL4/15";"UOP01/MG"
267151;2020-02-04;"terça-feira";"21:00:00";"SC";470;1,5;"GASPAR";"Desobediência às normas de trânsito pelo condutor";"Colisão transversal";"Com Vítimas Feridas";"Plena Noite";"Crescente";"Chuva";"Simples";"Reta";"Não";3;0;1;0;2;0;1;2;-26,91411;-48,96006;"SR-SC";"DEL8/4";"UOP01/SC"
267152;2020-02-04;"terça-feira";"15:35:00";"RO";364;341;"JI-PARANA";"Falta de Atenção à Condução";"Colisão lateral";"Com Vítimas Feridas";"Pleno dia";"Crescente";"Nublado";"Simples";"Reta";"Sim";2;0;2;0;0;0;2;1;-10,88988;-61,93127;"SR-RO";"DEL21/2";"UOP01/RO"
267154;2020-02-04;"terça-feira";"22:25:00";"PR";163;255;"TOLEDO";"Falta de Atenção à Condução";"Colisão traseira";"Com Vítimas Feridas";"Plena Noite";"Crescente";"Céu Claro";"Dupla";"Reta";"Não";2;0;0;1;1;0;1;2;-24,68418;-53,77699;"SR-PR";"DEL7/6";"UOP04/PR"
267155;2020-02-04;"terça-feira";"20:10:00";"RJ";393;103;"SAPUCAIA";"Falta de Atenção à Condução";"Colisão lateral";"Com Vítimas Feridas";"Plena Noite";"Decrescente";"Chuva";"Simples";"Reta";"Não";2;0;1;0;1;0;1;2;-21,87424;-42,66758;"SR-RJ";"DEL5/6";"UOP02/RJ"
267156;2020-02-04;"terça-feira";"21:50:00";"PR";277;1;"PARANAGUA";"Não guardar distância de segurança";"Colisão traseira";"Com Vítimas Feridas";"Plena Noite";"Crescente";"Chuva";"Simples";"Reta";"Sim";2;0;0;1;1;0;1;2;-25,52726;-48,5479;"SR-PR";"DEL7/1";"UOP07/PR"
267157;2020-02-04;"terça-feira";"21:45:00";"MG";381;168,8;"GOVERNADOR VALADARES";"Falta de Atenção à Condução";"Saída de leito carroçável";"Com Vítimas Feridas";"Plena Noite";"Crescente";"Ignorado";"Simples";"Reta";"Não";1;0;1;0;0;0;1;1;-18,94199;-42,05975;"SR-MG";"DEL4/6";"UOP01/MG"
267158;2020-02-04;"terça-feira";"22:00:00";"SP";116;340,6;"MIRACATU";"Desobediência às normas de trânsito pelo pedestre";"Atropelamento de Pedestre";"Com Vítimas Fatais";"Plena Noite";"Decrescente";"Chuva";"Dupla";"Não Informado";"Não";2;1;0;0;1;0;0;1;-24,00899;-47,1604;"SR-SP";"DEL6/4";"UOP03/SP"
267159;2020-02-04;"terça-feira";"22:35:00";"TO";153;333;"GUARAI";"Ingestão de Álcool";"Colisão transversal";"Sem Vítimas";"Plena Noite";"Decrescente";"Céu Claro";"Dupla";"Interseção de vias";"Sim";5;0;0;0;4;1;0;2;-8,826486;-48,51216;"SR-TO";"UOP03/TO";""
267160;2020-02-04;"terça-feira";"22:30:00";"MT";70;4;"BARRA DO GARCAS";"Ingestão de Álcool";"Colisão lateral";"Com Vítimas Feridas";"Plena Noite";"Decrescente";"Céu Claro";"Dupla";"Rotatória";"Sim";3;0;2;0;1;0;2;2;-15,87907;-52,28563;"SR-MT";"DEL2/8";"UOP01/MT"
267161;2020-02-04;"terça-feira";"17:00:00";"SP";116;40,3;"CACHOEIRA PAULISTA";"Falta de Atenção à Condução";"Colisão traseira";"Com Vítimas Feridas";"Anoitecer";"Decrescente";"Chuva";"Dupla";"Reta";"Não";2;0;1;0;1;0;1;2;-22,68081;-45,00689;"SR-SP";"DEL6/8";"UOP01/SP"
267162;2020-02-04;"terça-feira";"23:00:00";"MG";50;63;"UBERLANDIA";"Ingestão de Álcool";"Capotamento";"Sem Vítimas";"Plena Noite";"Crescente";"Céu Claro";"Dupla";"Reta";"Não";1;0;0;0;0;1;0;1;-18,83399;-48,2495;"SR-MG";"DEL4/15";"UOP02/MG"
267163;2020-02-04;"terça-feira";"23:22:00";"PR";116;87;"PIRAQUARA";"Falta de Atenção à Condução";"Colisão com objeto estático";"Com Vítimas Feridas";"Plena Noite";"Decrescente";"Garoa/Chuvisco";"Dupla";"Curva";"Não";2;0;1;0;1;0;1;1;-25,44107;-49,09244;"SR-PR";"DEL7/1";"UOP01/PR"
267165;2020-02-04;"terça-feira";"22:30:00";"MG";381;726,1;"CARMO DA CACHOEIRA";"Não guardar distância de segurança";"Colisão lateral";"Com Vítimas Feridas";"Plena Noite";"Decrescente";"Chuva";"Dupla";"Não Informado";"Não";3;0;1;0;1;1;1;2;-21,47551;-45,20308;"SR-MG";"DEL4/4";"UOP02/MG"
267166;2020-02-05;"quarta-feira";"00:45:00";"ES";101;65,7;"SAO MATEUS";"Falta de Atenção à Condução";"Colisão com objeto estático";"Com Vítimas Feridas";"Plena Noite";"Decrescente";"Céu Claro";"Múltipla";"Reta";"Sim";1;0;1;0;0;0;1;1;-18,70936;-39,87762;"SR-ES";"DEL12/4";"UOP02/ES"
267167;2020-02-05;"quarta-feira";"01:40:00";"MS";163;496,5;"JARAGUARI";"Ingestão de Álcool";"Colisão com objeto estático";"Sem Vítimas";"Plena Noite";"Decrescente";"Céu Claro";"Simples";"Reta";"Não";1;0;0;0;1;0;0;1;-20,35986;-54,52553;"SR-MS";"DEL3/1";"UOP02/MS"
267169;2020-02-04;"terça-feira";"23:40:00";"SC";280;3;"SAO FRANCISCO DO SUL";"Mal Súbito";"Saída de leito carroçável";"Com Vítimas Feridas";"Plena Noite";"Decrescente";"Chuva";"Simples";"Reta";"Sim";1;0;1;0;0;0;1;1;-26,24532;-48,61556;"SR-SC";"DEL8/3";"UOP03/SC"
267170;2020-02-05;"quarta-feira";"03:40:00";"SE";101;157,3;"ESTANCIA";"Fenômenos da Natureza";"Capotamento";"Com Vítimas Feridas";"Plena Noite";"Crescente";"Chuva";"Simples";"Não Informado";"Não";4;0;1;1;2;0;2;1;-11,28638;-37,46183;"SR-SE";"DEL20/2";"UOP01/SE"
267195;2020-02-05;"quarta-feira";"04:30:00";"MG";381;728,1;"CARMO DA CACHOEIRA";"Velocidade Incompatível";"Colisão com objeto estático";"Com Vítimas Feridas";"Plena Noite";"Decrescente";"Chuva";"Dupla";"Curva";"Não";4;0;3;0;1;0;3;1;-21,52361;-45,22482;"SR-MG";"DEL4/4";"UOP02/MG"
267203;2020-02-05;"quarta-feira";"05:25:00";"CE";116;235,2;"ALTO SANTO";"Falta de Atenção à Condução";"Tombamento";"Com Vítimas Feridas";"Amanhecer";"Decrescente";"Céu Claro";"Simples";"Não Informado";"Não";3;0;1;0;2;0;1;1;-5,420433;-38,28841;"SR-CE";"DEL16/3";"UOP01/CE"
267204;2020-02-05;"quarta-feira";"05:30:00";"BA";110;348;"ALAGOINHAS";"Ultrapassagem Indevida";"Colisão frontal";"Com Vítimas Fatais";"Amanhecer";"Decrescente";"Nevoeiro/Neblina";"Simples";"Curva";"Sim";4;2;1;0;1;0;1;3;-12,2696;-38,37452;"SR-BA";"DEL10/1";"UOP04/BA"
267205;2020-02-05;"quarta-feira";"06:40:00";"SC";101;40,7;"JOINVILLE";"Falta de Atenção à Condução";"Saída de leito carroçável";"Com Vítimas Feridas";"Pleno dia";"Crescente";"Nublado";"Dupla";"Curva";"Sim";1;0;1;0;0;0;1;1;-26,27176;-48,89468;"SR-SC";"DEL8/3";"UOP01/SC"
267206;2020-02-05;"quarta-feira";"05:50:00";"SC";282;48,4;"AGUAS MORNAS";"Pista Escorregadia";"Saída de leito carroçável";"Com Vítimas Feridas";"Pleno dia";"Decrescente";"Chuva";"Simples";"Curva";"Não";1;0;1;0;0;0;1;1;-27,71495;-48,94053;"SR-SC";"UOP03";"DEL01"
267207;2020-02-04;"terça-feira";"23:00:00";"MG";381;501;"BETIM";"Falta de Atenção à Condução";"Queda de ocupante de veículo";"Com Vítimas Feridas";"Plena Noite";"Decrescente";"Ignorado";"Dupla";"Reta";"Sim";2;0;0;1;1;0;1;1;-20,03146;-44,23779;"SR-MG";"DEL4/1";"UOP03/MG"
267208;2020-02-05;"quarta-feira";"06:30:00";"SC";282;43,9;"AGUAS MORNAS";"Pista Escorregadia";"Tombamento";"Com Vítimas Feridas";"Pleno dia";"Decrescente";"Chuva";"Simples";"Curva";"Não";2;0;2;0;0;0;2;1;-27,72198;-48,90564;"SR-SC";"DEL8/1";"UOP03/SC"
267209;2020-02-05;"quarta-feira";"06:30:00";"MG";153;35;"CANAPOLIS";"Condutor Dormindo";"Tombamento";"Com Vítimas Feridas";"Amanhecer";"Decrescente";"Nublado";"Dupla";"Reta";"Não";1;0;0;1;0;0;1;1;-18,71075;-49,13692;"SR-MG";"DEL4/15";"UOP03/MG"
267210;2020-02-05;"quarta-feira";"06:30:00";"BA";324;456,5;"CANDEAL";"Ultrapassagem Indevida";"Colisão lateral";"Com Vítimas Feridas";"Pleno dia";"Crescente";"Céu Claro";"Simples";"Reta";"Não";8;0;6;0;2;0;6;3;-11,90972;-39,26106;"SR-BA";"DEL10/2";"UOP01/BA"
267211;2020-02-05;"quarta-feira";"07:15:00";"PE";101;68,5;"RECIFE";"Falta de Atenção à Condução";"Colisão transversal";"Com Vítimas Feridas";"Pleno dia";"Decrescente";"Sol";"Múltipla";"Reta";"Sim";4;0;1;0;3;0;1;3;-8,050743;-34,94581;"SR-PE";"DEL11/1";"UOP01/PE"
267212;2020-02-05;"quarta-feira";"07:10:00";"SC";101;4;"GARUVA";"Defeito Mecânico no Veículo";"Tombamento";"Com Vítimas Feridas";"Pleno dia";"Crescente";"Nublado";"Dupla";"Reta";"Não";2;0;2;0;0;0;2;1;-26,00909;-48,86449;"SR-SC";"DEL8/3";"UOP01/SC"
267213;2020-02-05;"quarta-feira";"07:20:00";"SC";101;202;"SAO JOSE";"Desobediência às normas de trânsito pelo condutor";"Colisão transversal";"Com Vítimas Feridas";"Pleno dia";"Crescente";"Garoa/Chuvisco";"Dupla";"Reta";"Sim";2;0;1;0;1;0;1;2;-27,55712;-48,61898;"SR-SC";"DEL8/1";"UOP01/SC"
267214;2020-02-05;"quarta-feira";"07:15:00";"PB";101;89,6;"JOAO PESSOA";"Desobediência às normas de trânsito pelo condutor";"Colisão transversal";"Com Vítimas Feridas";"Pleno dia";"Crescente";"Sol";"Dupla";"Não Informado";"Sim";3;0;2;0;1;0;2;2;-7,171069;-34,89765;"SR-PB";"DEL14/1";"UOP01/PB"
267215;2020-02-05;"quarta-feira";"07:21:00";"PR";376;246,3;"APUCARANA";"Falta de Atenção à Condução";"Queda de ocupante de veículo";"Com Vítimas Feridas";"Pleno dia";"Decrescente";"Céu Claro";"Simples";"Reta";"Não";1;0;1;0;0;0;1;1;-23,60968;-51,40136;"SR-PR";"DEL7/7";"UOP03/PR"
267216;2020-02-05;"quarta-feira";"07:32:00";"PR";116;120;"CURITIBA";"Falta de Atenção à Condução";"Colisão traseira";"Com Vítimas Feridas";"Pleno dia";"Crescente";"Garoa/Chuvisco";"Dupla";"Reta";"Sim";2;0;1;0;1;0;1;2;-25,55122;-49,30504;"SR-PR";"DEL7/1";"UOP03/PR"
267217;2020-02-05;"quarta-feira";"07:15:00";"SC";282;2,2;"FLORIANOPOLIS";"Falta de Atenção à Condução";"Colisão lateral";"Com Vítimas Feridas";"Pleno dia";"Crescente";"Nublado";"Múltipla";"Reta";"Sim";3;0;2;0;1;0;2;2;-27,60329;-48,59042;"SR-SC";"DEL8/1";"UOP01/SC"
267219;2020-02-05;"quarta-feira";"07:10:00";"MG";50;179;"UBERABA";"Não guardar distância de segurança";"Colisão traseira";"Com Vítimas Feridas";"Pleno dia";"Decrescente";"Chuva";"Dupla";"Não Informado";"Sim";2;0;1;0;0;1;1;2;-19,77827;-47,93141;"SR-MG";"DEL13";"UOP01/MG"
267220;2020-02-05;"quarta-feira";"07:15:00";"AP";210;1,1;"MACAPA";"Falta de Atenção à Condução";"Colisão traseira";"Com Vítimas Feridas";"Pleno dia";"Crescente";"Céu Claro";"Dupla";"Reta";"Sim";2;0;1;0;1;0;1;2;0,07816717;-51,06999;"SR-AP";"UOP01/AP";""
267221;2020-02-05;"quarta-feira";"07:00:00";"MG";40;275;"TRES MARIAS";"Não guardar distância de segurança";"Colisão traseira";"Com Vítimas Feridas";"Pleno dia";"Decrescente";"Céu Claro";"Simples";"Rotatória";"Sim";2;0;1;0;1;0;1;2;-18,19946;-45,23771;"SR-MG";"DEL4/14";"UOP02/MG"
267222;2020-02-05;"quarta-feira";"07:25:00";"PR";163;282,5;"MARECHAL CANDIDO RONDON";"Falta de Atenção à Condução";"Colisão traseira";"Com Vítimas Feridas";"Pleno dia";"Crescente";"Céu Claro";"Simples";"Reta";"Não";2;0;1;0;1;0;1;2;-24,57865;-53,99236;"SR-PR";"DEL7/6";"UOP04/PR"
267223;2020-02-05;"quarta-feira";"06:05:00";"GO";153;156;"CAMPINORTE";"Não guardar distância de segurança";"Colisão traseira";"Sem Vítimas";"Amanhecer";"Decrescente";"Céu Claro";"Simples";"Desvio Temporário";"Não";5;0;0;0;2;3;0;3;-14,13446;-49,11272;"SR-GO";"DEL1/7";"UOP01/GO"
267224;2020-02-05;"quarta-feira";"07:50:00";"DF";70;4;"BRASILIA";"Desobediência às normas de trânsito pelo condutor";"Colisão traseira";"Com Vítimas Feridas";"Pleno dia";"Decrescente";"Nublado";"Dupla";"Reta";"Sim";2;0;1;0;1;0;1;2;-15,79811;-48,08932;"SR-DF";"UOP06/DF";""
267225;2020-02-05;"quarta-feira";"07:30:00";"RJ";101;392;"RIO DE JANEIRO";"Avarias e/ou desgaste excessivo no pneu";"Tombamento";"Com Vítimas Feridas";"Pleno dia";"Crescente";"Nublado";"Dupla";"Reta";"Não";2;0;2;0;0;0;2;1;-22,89266;-43,69451;"SR-RJ";"DEL5/3";"UOP01/RJ"
267227;2020-02-05;"quarta-feira";"08:05:00";"PB";101;91,5;"JOAO PESSOA";"Não guardar distância de segurança";"Colisão traseira";"Com Vítimas Feridas";"Pleno dia";"Crescente";"Céu Claro";"Dupla";"Reta";"Sim";3;0;0;1;2;0;1;2;-7,188264;-34,90308;"SR-PB";"DEL14/1";"UOP01/PB"
267229;2020-02-05;"quarta-feira";"08:30:00";"MG";365;627;"UBERLANDIA";"Pista Escorregadia";"Colisão traseira";"Com Vítimas Feridas";"Pleno dia";"Crescente";"Garoa/Chuvisco";"Dupla";"Reta";"Sim";2;0;1;0;1;0;1;2;-18,90359;-48,34362;"SR-MG";"DEL4/15";"UOP01/MG"
267230;2020-02-05;"quarta-feira";"08:31:00";"GO";40;3,4;"VALPARAISO DE GOIAS";"Falta de Atenção à Condução";"Colisão traseira";"Com Vítimas Feridas";"Pleno dia";"Decrescente";"Nublado";"Dupla";"Reta";"Sim";2;0;0;1;1;0;1;2;-16,07608;-47,98567;"SR-DF";"UOP01/DF";""
267231;2020-02-05;"quarta-feira";"08:40:00";"SC";101;121;"ITAJAI";"Não guardar distância de segurança";"Colisão lateral";"Com Vítimas Feridas";"Pleno dia";"Crescente";"Nublado";"Dupla";"Reta";"Sim";3;0;2;0;1;0;2;2;-26,92103;-48,70856;"SR-SC";"DEL8/4";"UOP04/SC"
267232;2020-02-05;"quarta-feira";"06:40:00";"RO";364;375;"OURO PRETO DO OESTE";"Velocidade Incompatível";"Colisão lateral";"Sem Vítimas";"Pleno dia";"Crescente";"Nublado";"Simples";"Não Informado";"Não";3;0;0;0;3;0;0;2;-10,7395;-62,18556;"SR-RO";"DEL21/2";"UOP01/RO"
267233;2020-02-05;"quarta-feira";"08:30:00";"SP";116;287,2;"ITAPECERICA DA SERRA";"Falta de Atenção à Condução";"Colisão lateral";"Com Vítimas Feridas";"Pleno dia";"Decrescente";"Garoa/Chuvisco";"Dupla";"Reta";"Sim";3;0;0;1;1;1;1;2;-23,71442;-46,8793;"SR-SP";"DEL6/4";"UOP01/SP"
267234;2020-02-05;"quarta-feira";"07:10:00";"SC";470;141,1;"RIO DO SUL";"Falta de Atenção à Condução";"Colisão transversal";"Com Vítimas Feridas";"Pleno dia";"Decrescente";"Sol";"Simples";"Reta";"Não";2;0;1;0;1;0;1;2;-27,22606;-49,66616;"SR-SC";"DEL8/4";"UOP02/SC"
267236;2020-02-05;"quarta-feira";"08:20:00";"SP";116;279;"EMBU DAS ARTES";"Falta de Atenção à Condução";"Colisão traseira";"Com Vítimas Feridas";"Pleno dia";"Decrescente";"Nublado";"Dupla";"Reta";"Sim";3;0;1;0;1;1;1;3;-23,66234;-46,85293;"SR-SP";"DEL6/4";"UOP01/SP"
267238;2020-02-05;"quarta-feira";"07:45:00";"MT";163;835;"SINOP";"Falta de Atenção à Condução";"Colisão lateral";"Com Vítimas Feridas";"Pleno dia";"Crescente";"Céu Claro";"Dupla";"Rotatória";"Sim";3;0;1;0;2;0;1;2;-11,9869;-55,51703;"SR-MT";"DEL2/6";"UOP01/MT"
267240;2020-02-05;"quarta-feira";"09:00:00";"SP";153;62,3;"SAO JOSE DO RIO PRETO";"Não guardar distância de segurança";"Colisão traseira";"Com Vítimas Feridas";"Pleno dia";"Crescente";"Nublado";"Dupla";"Não Informado";"Sim";3;0;1;1;1;0;2;2;-20,81325;-49,35676;"SR-SP";"DEL6/9";"UOP01/SP"
267242;2020-02-01;"sábado";"23:40:00";"MG";50;81;"UBERLANDIA";"Pista Escorregadia";"Queda de ocupante de veículo";"Com Vítimas Feridas";"Plena Noite";"Decrescente";"Chuva";"Dupla";"Reta";"Não";1;0;1;0;0;0;1;1;-18,98691;-48,21185;"SR-MG";"DEL4/15";"UOP01/MG"
267245;2020-02-05;"quarta-feira";"09:15:00";"RS";290;99;"PORTO ALEGRE";"Falta de Atenção à Condução";"Colisão traseira";"Sem Vítimas";"Pleno dia";"Crescente";"Céu Claro";"Dupla";"Não Informado";"Não";2;0;0;0;2;0;0;2;-29,99176;-51,22699;"SR-RS";"DEL9/1";"UOP01/RS"
267246;2020-02-05;"quarta-feira";"09:10:00";"RJ";101;597;"PARATY";"Falta de Atenção à Condução";"Saída de leito carroçável";"Com Vítimas Feridas";"Pleno dia";"Decrescente";"Nublado";"Simples";"Curva";"Não";2;0;0;2;0;0;2;1;-23,34026;-44,74508;"SR-RJ";"DEL5/3";"UOP04/RJ"
267247;2020-02-05;"quarta-feira";"10:10:00";"SC";101;130;"BALNEARIO CAMBORIU";"Falta de Atenção à Condução";"Saída de leito carroçável";"Com Vítimas Feridas";"Pleno dia";"Crescente";"Nublado";"Simples";"Reta";"Sim";1;0;1;0;0;0;1;1;-26,98408;-48,66977;"SR-SC";"DEL8/4";"UOP03/SC"
267248;2020-02-05;"quarta-feira";"06:20:00";"MG";262;388;"MATEUS LEME";"Velocidade Incompatível";"Tombamento";"Com Vítimas Feridas";"Pleno dia";"Crescente";"Céu Claro";"Simples";"Reta";"Não";1;0;1;0;0;0;1;1;-19,93668;-44,44353;"SR-MG";"DEL4/1";"UOP03/MG"
267249;2020-02-05;"quarta-feira";"10:00:00";"MG";40;464,5;"SETE LAGOAS";"Velocidade Incompatível";"Saída de leito carroçável";"Com Vítimas Feridas";"Pleno dia";"Crescente";"Chuva";"Dupla";"Não Informado";"Não";1;0;1;0;0;0;1;1;-19,43111;-44,33657;"SR-MG";"DEL4/2";"UOP01/MG"
267250;2020-02-05;"quarta-feira";"10:15:00";"SP";116;230;"SAO PAULO";"Falta de Atenção à Condução";"Tombamento";"Com Vítimas Feridas";"Pleno dia";"Crescente";"Céu Claro";"Múltipla";"Reta";"Sim";1;0;1;0;0;0;1;1;-23,52252;-46,58557;"SR-SP";"DEL6/1";"UOP01/SP"
267251;2020-02-05;"quarta-feira";"10:24:00";"ES";101;264;"SERRA";"Não guardar distância de segurança";"Colisão traseira";"Com Vítimas Feridas";"Plena Noite";"Decrescente";"Céu Claro";"Múltipla";"Reta";"Sim";3;0;1;0;1;1;1;3;-20,17293;-40,26736;"SR-ES";"DEL12/2";"UOP01/ES"
267252;2020-02-05;"quarta-feira";"08:05:00";"PR";476;267,9;"SAO MATEUS DO SUL";"Não guardar distância de segurança";"Tombamento";"Sem Vítimas";"Pleno dia";"Decrescente";"Nublado";"Simples";"Reta";"Sim";1;0;0;0;1;0;0;1;-25,89202;-50,31163;"SR-PR";"DEL7/2";"UOP03/PR"
267254;2020-02-04;"terça-feira";"16:40:00";"GO";153;543,9;"HIDROLANDIA";"Velocidade Incompatível";"Capotamento";"Com Vítimas Feridas";"Pleno dia";"Crescente";"Chuva";"Dupla";"Curva";"Não";3;0;3;0;0;0;3;1;-17,0814;-49,2246;"SR-GO";"DEL1/1";"UOP03/GO"
267256;2020-02-05;"quarta-feira";"09:29:00";"PA";10;348;"SANTA MARIA DO PARA";"Ultrapassagem Indevida";"Colisão lateral";"Com Vítimas Feridas";"Pleno dia";"Decrescente";"Céu Claro";"Simples";"Desvio Temporário";"Não";4;0;1;1;2;0;2;3;-1,399155;-47,55908;"SR-PA";"DEL19/1";"UOP02/PA"
267259;2020-02-05;"quarta-feira";"06:30:00";"MT";174;87;"CACERES";"Pista Escorregadia";"Saída de leito carroçável";"Com Vítimas Feridas";"Pleno dia";"Decrescente";"Chuva";"Simples";"Reta";"Não";2;0;2;0;0;0;2;1;-15,92152;-57,79889;"SR-MT";"DEL2/3";"UOP01/MT"
267260;2020-02-05;"quarta-feira";"10:21:00";"SC";101;186;"BIGUACU";"Velocidade Incompatível";"Colisão com objeto estático";"Com Vítimas Feridas";"Pleno dia";"Decrescente";"Chuva";"Dupla";"Curva";"Não";6;0;4;0;2;0;4;2;-27,43411;-48,62567;"SR-SC";"DEL8/1";"UOP01/SC"
267261;2020-02-05;"quarta-feira";"11:20:00";"PE";232;34,1;"MORENO";"Agressão Externa";"Colisão com objeto estático";"Com Vítimas Feridas";"Pleno dia";"Crescente";"Céu Claro";"Simples";"Reta";"Sim";5;0;0;2;1;2;2;2;-8,107881;-35,18784;"SR-PE";"DEL11/1";"UOP04/PE"