"id";"data_inversa";"dia_semana";"horario";"uf";"br";"km";"municipio";"causa_acidente";"tipo_acidente";"classificacao_acidente";"fase_dia";"sentido_via";"condicao_metereologica";"tipo_pista";"tracado_via";"uso_solo";"pessoas";"mortos";"feridos_leves";"feridos_graves";"ilesos";"ignorados";"feridos";"veiculos";"latitude";"longitude";"regional";"delegacia";"uop"
267262;2020-02-05;"quarta-feira";"10:25:00";"BA";407;2,6;"JUAZEIRO";"Desobediência às normas de trânsito pelo condutor";"Colisão transversal";"Com Vítimas Feridas";"Pleno dia";"Crescente";"Chuva";"Simples";"Reta";"Não";2;0;1;0;1;0;1;2;-9,425092;-40,50358;"SR-PE";"DEL11/6";"UOP01/PE"
267263;2020-02-02;"domingo";"12:25:00";"RS";386;333;"MARQUES DE SOUZA";"Velocidade Incompatível";"Saída de leito carroçável";"Com Vítimas Feridas";"Pleno dia";"Decrescente";"Céu Claro";"Simples";"Curva";"Não";1;0;1;0;0;0;1;1;-29,37128;-52,062;"SR-RS";"DEL9/4";"UOP01/RS"
267264;2020-02-05;"quarta-feira";"08:50:00";"CE";116;495,3;"BREJO SANTO";"Defeito na Via";"Saída de leito carroçável";"Com Vítimas Feridas";"Pleno dia";"Crescente";"Nublado";"Simples";"Reta";"Não";1;0;1;0;0;0;1;1;-7,401674;-38,96239;"SR-CE";"DEL16/5";"UOP03/CE"
267265;2020-02-05;"quarta-feira";"10:15:00";"MS";158;99;"PARANAIBA";"Falta de Atenção à Condução";"Saída de leito carroçável";"Com Vítimas Feridas";"Pleno dia";"Crescente";"Céu Claro";"Simples";"Reta";"Sim";1;0;1;0;0;0;1;1;-19,70211;-51,1588;"SR-MS";"DEL3/8";"UOP01/MS"
267266;2020-02-05;"quarta-feira";"09:00:00";"MG";267;8,5;"LEOPOLDINA";"Velocidade Incompatível";"Capotamento";"Com Vítimas Feridas";"Pleno dia";"Crescente";"Céu Claro";"Simples";"Reta";"Não";1;0;1;0;0;0;1;1;-21,57164;-42,68272;"SR-MG";"DEL4/7";"UOP01/MG"
267267;2020-02-05;"quarta-feira";"10:00:00";"RO";364;342,4;"JI-PARANA";"Falta de Atenção à Condução";"Tombamento";"Com Vítimas Feridas";"Pleno dia";"Crescente";"Céu Claro";"Dupla";"Reta";"Sim";3;0;1;0;0;2;1;1;-10,88201;-61,94023;"SR-RO";"DEL21/2";"UOP01/RO"
267268;2020-02-05;"quarta-feira";"10:25:00";"MA";316;268;"SANTA INES";"Avarias e/ou desgaste excessivo no pneu";"Tombamento";"Com Vítimas Feridas";"Pleno dia";"Decrescente";"Céu Claro";"Simples";"Reta";"Não";2;0;1;1;0;0;2;1;-3,691249;-45,33175;"SR-MA";"DEL18/2";"UOP01/MA"
267270;2020-02-05;"quarta-feira";"11:40:00";"RJ";116;170,3;"SAO JOAO DE MERITI";"Não guardar distância de segurança";"Colisão traseira";"Com Vítimas Feridas";"Pleno dia";"Crescente";"Chuva";"Múltipla";"Reta";"Sim";3;0;1;0;2;0;1;3;-22,78531;-43,37965;"SR-RJ";"DEL5/1";"UOP02/RJ"
267271;2020-02-05;"quarta-feira";"12:30:00";"SP";116;284;"ITAPECERICA DA SERRA";"Ingestão de Álcool";"Colisão traseira";"Com Vítimas Feridas";"Pleno dia";"Decrescente";"Nublado";"Dupla";"Reta";"Sim";3;0;1;0;2;0;1;2;-23,69998;-46,86777;"SR-SP";"UOP01";"DEL04"
267272;2020-02-05;"quarta-feira";"10:20:00";"RJ";101;292;"ITABORAI";"Defeito Mecânico no Veículo";"Colisão frontal";"Sem Vítimas";"Pleno dia";"Decrescente";"Céu Claro";"Dupla";"Não Informado";"Sim";2;0;0;0;2;0;0;2;-22,76038;-42,87856;"SR-RJ";"DEL5/2";"UOP02/RJ"
267273;2020-02-05;"quarta-feira";"10:30:00";"MA";10;247,1;"IMPERATRIZ";"Falta de Atenção à Condução";"Engavetamento";"Com Vítimas Feridas";"Pleno dia";"Crescente";"Sol";"Simples";"Reta";"Sim";6;0;2;0;4;0;2;4;-5,573772;-47,44389;"SR-MA";"DEL18/4";"UOP01/MA"
267274;2020-02-05;"quarta-feira";"13:20:00";"RS";470;155,6;"NOVA PRATA";"Mal Súbito";"Colisão frontal";"Com Vítimas Feridas";"Pleno dia";"Crescente";"Céu Claro";"Simples";"Curva";"Sim";2;0;0;1;1;0;1;2;-28,77573;-51,61184;"SR-RS";"DEL9/6";"UOP02/RS"
267275;2020-02-05;"quarta-feira";"12:10:00";"SC";101;195,4;"SAO JOSE";"Falta de Atenção à Condução";"Tombamento";"Com Vítimas Feridas";"Pleno dia";"Decrescente";"Garoa/Chuvisco";"Dupla";"Não Informado";"Sim";2;0;1;0;1;0;1;2;-27,50471;-48,65011;"SR-SC";"DEL8/1";"UOP01/SC"
267276;2020-02-05;"quarta-feira";"12:00:00";"PE";101;35,8;"ITAPISSUMA";"Falta de Atenção à Condução";"Colisão transversal";"Com Vítimas Feridas";"Pleno dia";"Decrescente";"Sol";"Dupla";"Não Informado";"Não";3;0;2;0;1;0;2;2;-7,779522;-34,93231;"SR-PE";"DEL11/1";"UOP02/PE"
267277;2020-02-05;"quarta-feira";"13:15:00";"SC";470;55;"BLUMENAU";"Falta de Atenção à Condução";"Colisão transversal";"Com Vítimas Feridas";"Pleno dia";"Crescente";"Chuva";"Simples";"Não Informado";"Não";2;0;1;0;1;0;1;2;-26,8756;-49,11799;"SR-SC";"DEL8/4";"UOP01/SC"
267278;2020-02-05;"quarta-feira";"11:48:00";"SC";470;140,7;"RIO DO SUL";"Falta de Atenção à Condução";"Colisão lateral";"Com Vítimas Feridas";"Pleno dia";"Crescente";"Céu Claro";"Simples";"Reta";"Sim";2;0;1;0;1;0;1;2;-27,22248;-49,66283;"SR-SC";"DEL8/4";"UOP02/SC"
267279;2020-02-05;"quarta-feira";"09:30:00";"SC";101;260,3;"GAROPABA";"Carga excessiva e/ou mal acondicionada";"Saída de leito carroçável";"Sem Vítimas";"Pleno dia";"Crescente";"Garoa/Chuvisco";"Dupla";"Não Informado";"Não";1;0;0;0;1;0;0;1;-28,02108;-48,70162;"SR-SC";"DEL8/2";"UOP03/SC"
267280;2020-02-05;"quarta-feira";"10:40:00";"SC";282;495;"XANXERE";"Falta de Atenção à Condução";"Colisão lateral";"Com Vítimas Feridas";"Pleno dia";"Crescente";"Céu Claro";"Simples";"Não Informado";"Não";5;0;4;0;1;0;4;2;-26,87149;-52,31877;"SR-SC";"DEL7";"UOP01/SC"
267281;2020-02-05;"quarta-feira";"13:42:00";"SC";470;37,5;"GASPAR";"Não guardar distância de segurança";"Colisão lateral";"Com Vítimas Feridas";"Pleno dia";"Crescente";"Nublado";"Simples";"Não Informado";"Não";2;0;1;0;1;0;1;2;-26,91273;-48,97804;"SR-SC";"DEL8/4";"UOP01/SC"
267283;2020-02-05;"quarta-feira";"12:00:00";"MS";463;33,8;"DOURADOS";"Defeito na Via";"Tombamento";"Com Vítimas Feridas";"Pleno dia";"Decrescente";"Céu Claro";"Simples";"Rotatória";"Não";1;0;1;0;0;0;1;1;-22,3023;-55,1045;"SR-MS";"DEL3/4";"UOP03/MS"
267284;2020-02-05;"quarta-feira";"08:35:00";"PI";343;267,8;"CAMPO MAIOR";"Desobediência às normas de trânsito pelo condutor";"Colisão transversal";"Com Vítimas Feridas";"Pleno dia";"Decrescente";"Nublado";"Simples";"Reta";"Sim";2;0;0;1;1;0;1;2;-4,841166;-42,18635;"SR-PI";"DEL17/1";"UOP03/PI"
267285;2020-02-05;"quarta-feira";"13:00:00";"PR";153;40,9;"SANTO ANTONIO DA PLATINA";"Defeito Mecânico no Veículo";"Saída de leito carroçável";"Com Vítimas Feridas";"Pleno dia";"Crescente";"Céu Claro";"Simples";"Interseção de vias";"Sim";1;0;1;0;0;0;1;1;-23,28048;-50,05593;"SR-PR";"DEL7/7";"UOP07/PR"
267287;2020-02-05;"quarta-feira";"14:00:00";"CE";222;76,6;"SAO LUIS DO CURU";"Desobediência às normas de trânsito pelo condutor";"Colisão transversal";"Com Vítimas Feridas";"Pleno dia";"Crescente";"Céu Claro";"Simples";"Curva";"Sim";3;0;0;2;1;0;2;2;-3,671178;-39,22447;"SR-CE";"DEL16/4";"UOP03/CE"
267288;2020-02-05;"quarta-feira";"12:15:00";"MG";381;335;"NOVA ERA";"Condutor Dormindo";"Colisão traseira";"Com Vítimas Feridas";"Pleno dia";"Crescente";"Céu Claro";"Simples";"Curva";"Não";6;0;5;0;1;0;5;2;-19,81701;-43,06662;"SR-MG";"DEL4/3";"UOP01/MG"
267289;2020-02-05;"quarta-feira";"13:30:00";"MA";135;22;"SAO LUIS";"Falta de Atenção à Condução";"Colisão traseira";"Sem Vítimas";"Pleno dia";"Crescente";"Chuva";"Dupla";"Reta";"Não";4;0;0;0;4;0;0;3;-2,745967;-44,34234;"SR-MA";"DEL18/1";"UOP01/MA"
267290;2020-01-03;"sexta-feira";"22:25:00";"MA";316;612,6;"TIMON";"Desobediência às normas de trânsito pelo condutor";"Colisão frontal";"Com Vítimas Feridas";"Plena Noite";"Crescente";"Nublado";"Múltipla";"Não Informado";"Sim";3;0;1;1;1;0;2;2;-5,075141;-42,85945;"SR-MA";"DEL18/3";"UOP02/MA"
267291;2020-02-05;"quarta-feira";"12:30:00";"MT";70;165;"GENERAL CARNEIRO";"Falta de Atenção à Condução";"Tombamento";"Com Vítimas Feridas";"Pleno dia";"Decrescente";"Garoa/Chuvisco";"Simples";"Não Informado";"Não";2;0;1;0;1;0;1;2;-15,58569;-53,48678;"SR-MT";"DEL2/5";"UOP01/MT"
267292;2020-02-05;"quarta-feira";"14:00:00";"CE";403;137,9;"SOBRAL";"Falta de Atenção à Condução";"Colisão com objeto estático";"Com Vítimas Feridas";"Pleno dia";"Decrescente";"Céu Claro";"Simples";"Não Informado";"Não";4;0;3;1;0;0;4;1;-3,84308;-40,49324;"SR-CE";"DEL16/4";"UOP01/CE"
267293;2020-02-05;"quarta-feira";"13:50:00";"AP";156;820;"OIAPOQUE";"Desobediência às normas de trânsito pelo condutor";"Colisão transversal";"Com Vítimas Feridas";"Pleno dia";"Crescente";"Céu Claro";"Dupla";"Interseção de vias";"Sim";2;0;1;0;1;0;1;2;3,838788;-51,81775;"SR-AP";"UOP03/AP";""
267294;2020-02-05;"quarta-feira";"13:45:00";"SC";101;209,9;"SAO JOSE";"Falta de Atenção à Condução";"Tombamento";"Com Vítimas Feridas";"Pleno dia";"Crescente";"Nublado";"Múltipla";"Não Informado";"Sim";2;0;2;0;0;0;2;1;-27,61001;-48,63895;"SR-SC";"DEL8/1";"UOP01/SC"
267295;2020-02-05;"quarta-feira";"14:20:00";"SC";101;181,5;"BIGUACU";"Desobediência às normas de trânsito pelo condutor";"Queda de ocupante de veículo";"Com Vítimas Feridas";"Pleno dia";"Crescente";"Nublado";"Dupla";"Reta";"Sim";1;0;1;0;0;0;1;1;-27,38959;-48,63198;"SR-SC";"DEL8/1";"UOP01/SC"
267296;2020-02-05;"quarta-feira";"12:15:00";"AP";210;3;"MACAPA";"Falta de Atenção à Condução";"Colisão lateral";"Sem Vítimas";"Pleno dia";"Decrescente";"Céu Claro";"Simples";"Interseção de vias";"Sim";2;0;0;0;2;0;0;2;0,08723365;-51,08569;"SR-AP";"UOP01/AP";""
267298;2020-02-05;"quarta-feira";"14:50:00";"SC";470;184,5;"POUSO REDONDO";"Defeito Mecânico no Veículo";"Colisão frontal";"Com Vítimas Fatais";"Pleno dia";"Crescente";"Nublado";"Simples";"Reta";"Não";2;1;1;0;0;0;1;2;-27,25304;-50,02664;"SR-SC";"DEL8/4";"UOP02/SC"
267299;2020-02-05;"quarta-feira";"13:40:00";"RO";364;708;"PORTO VELHO";"Não guardar distância de segurança";"Colisão traseira";"Com Vítimas Feridas";"Pleno dia";"Crescente";"Sol";"Múltipla";"Reta";"Sim";3;0;1;1;1;0;2;2;-8,795541;-63,84072;"SR-RO";"DEL21/1";"UOP01/RO"
267301;2020-02-05;"quarta-feira";"15:00:00";"MG";40;5,8;"PARACATU";"Falta de Atenção à Condução";"Saída de leito carroçável";"Com Vítimas Feridas";"Pleno dia";"Crescente";"Chuva";"Simples";"Não Informado";"Não";1;0;1;0;0;0;1;1;-17,06113;-47,12252;"SR-MG";"DEL4/14";"UOP01/MG"
267302;2020-02-05;"quarta-feira";"15:10:00";"MG";40;11,2;"PARACATU";"Falta de Atenção à Condução";"Saída de leito carroçável";"Com Vítimas Feridas";"Pleno dia";"Crescente";"Chuva";"Simples";"Reta";"Não";2;0;2;0;0;0;2;1;-17,06729;-47,06936;"SR-MG";"DEL4/14";"UOP01/MG"
267303;2020-02-05;"quarta-feira";"12:50:00";"PR";116;150;"MANDIRITUBA";"Falta de Atenção à Condução";"Colisão transversal";"Com Vítimas Feridas";"Pleno dia";"Crescente";"Nublado";"Simples";"Reta";"Não";2;0;2;0;0;0;2;2;-25,81557;-49,33089;"SR-PR";"DEL7/1";"UOP03/PR"
267304;2020-02-05;"quarta-feira";"14:30:00";"PR";277;135;"BALSA NOVA";"Falta de Atenção à Condução";"Saída de leito carroçável";"Sem Vítimas";"Pleno dia";"Crescente";"Chuva";"Dupla";"Desvio Temporário";"Não";2;0;0;0;2;0;0;2;-25,48047;-49,83124;"SR-PR";"DEL7/1";"UOP05/PR"
267305;2020-02-05;"quarta-feira";"15:22:00";"PR";376;5;"MANDAGUARI";"Desobediência às normas de trânsito pelo condutor";"Colisão transversal";"Com Vítimas Feridas";"Pleno dia";"Decrescente";"Sol";"Simples";"Não Informado";"Sim";2;0;1;0;1;0;1;2;-23,52871;-51,67578;"SR-PR";"DEL7/7";"UOP04/PR"
267306;2020-02-05;"quarta-feira";"12:10:00";"GO";153;227;"HIDROLINA";"Defeito na Via";"Saída de leito carroçável";"Com Vítimas Feridas";"Pleno dia";"Decrescente";"Sol";"Simples";"Desvio Temporário";"Não";1;0;0;1;0;0;1;1;-14,74037;-49,24588;"SR-GO";"DEL1/7";"UOP01/GO"
267307;2020-02-05;"quarta-feira";"15:57:00";"SP";116;544,5;"BARRA DO TURVO";"Carga excessiva e/ou mal acondicionada";"Tombamento";"Com Vítimas Feridas";"Pleno dia";"Decrescente";"Garoa/Chuvisco";"Dupla";"Curva";"Não";1;0;1;0;0;0;1;1;-24,95781;-48,42123;"SR-SP";"DEL6/5";"UOP03/SP"
267308;2020-02-05;"quarta-feira";"15:30:00";"PR";376;174,4;"MARINGA";"Falta de Atenção à Condução";"Queda de ocupante de veículo";"Com Vítimas Feridas";"Pleno dia";"Decrescente";"Garoa/Chuvisco";"Múltipla";"Interseção de vias";"Sim";1;0;1;0;0;0;1;1;-23,41568;-51,95469;"SR-PR";"DEL7/7";"UOP04/PR"
267309;2020-02-05;"quarta-feira";"15:00:00";"RJ";101;295;"ITABORAI";"Falta de Atenção à Condução";"Colisão traseira";"Com Vítimas Feridas";"Pleno dia";"Crescente";"Nublado";"Dupla";"Reta";"Sim";2;0;1;0;1;0;1;2;-22,76365;-42,90224;"SR-RJ";"DEL5/2";"UOP02/RJ"
267310;2020-02-05;"quarta-feira";"15:10:00";"PR";153;42,7;"SANTO ANTONIO DA PLATINA";"Defeito na Via";"Colisão lateral";"Com Vítimas Feridas";"Pleno dia";"Decrescente";"Céu Claro";"Simples";"Reta";"Sim";3;0;1;0;2;0;1;2;-23,29512;-50,06578;"SR-PR";"DEL7/7";"UOP07/PR"
267311;2020-02-05;"quarta-feira";"12:40:00";"PR";369;115;"URAI";"Velocidade Incompatível";"Colisão frontal";"Com Vítimas Feridas";"Pleno dia";"Crescente";"Céu Claro";"Simples";"Curva";"Não";3;0;2;1;0;0;3;2;-23,27821;-50,85885;"SR-PR";"DEL7/7";"UOP06/PR"
267312;2020-02-01;"sábado";"09:30:00";"RO";364;456;"JARU";"Velocidade Incompatível";"Saída de leito carroçável";"Com Vítimas Feridas";"Pleno dia";"Crescente";"Céu Claro";"Simples";"Curva";"Não";1;0;1;0;0;0;1;1;-10,26727;-62,69773;"SR-RO";"DEL21/3";"UOP02/RO"
267313;2020-02-05;"quarta-feira";"15:30:00";"RS";290;95;"PORTO ALEGRE";"Fenômenos da Natureza";"Queda de ocupante de veículo";"Com Vítimas Feridas";"Pleno dia";"Decrescente";"Sol";"Dupla";"Reta";"Sim";1;0;1;0;0;0;1;1;-29,98283;-51,20157;"SR-RS";"DEL9/1";"UOP01/RS"
267315;2020-02-05;"quarta-feira";"12:00:00";"MG";116;3,3;"DIVISA ALEGRE";"Falta de Atenção à Condução";"Colisão traseira";"Com Vítimas Fatais";"Pleno dia";"Decrescente";"Céu Claro";"Simples";"Reta";"Sim";3;1;0;0;2;0;0;2;-15,72609;-41,34372;"SR-BA";"DEL10/8";"UOP03/BA"
267316;2020-02-05;"quarta-feira";"16:30:00";"PB";230;18;"JOAO PESSOA";"Ingestão de álcool e/ou substâncias psicoativas pelo pedestre";"Tombamento";"Com Vítimas Feridas";"Pleno dia";"Decrescente";"Céu Claro";"Dupla";"Reta";"Sim";2;0;1;1;0;0;2;1;-7,1312;-34,85218;"SR-PB";"DEL14/1";"UOP01/PB"
267317;2020-02-05;"quarta-feira";"10:20:00";"PI";135;477,6;"MONTE ALEGRE DO PIAUI";"Defeito na Via";"Saída de leito carroçável";"Sem Vítimas";"Pleno dia";"Crescente";"Céu Claro";"Simples";"Curva";"Não";1;0;0;0;1;0;0;1;-9,65516;-45,11052;"SR-PI";"DEL17/3";"UOP02/PI"
267318;2020-02-05;"quarta-feira";"16:20:00";"GO";40;4,9;"VALPARAISO DE GOIAS";"Ingestão de Álcool";"Colisão traseira";"Sem Vítimas";"Pleno dia";"Crescente";"Céu Claro";"Dupla";"Reta";"Sim";2;0;0;0;2;0;0;2;-16,08524;-47,98675;"SR-DF";"UOP01/DF";""
267319;2020-02-05;"quarta-feira";"13:10:00";"MG";40;444;"PARAOPEBA";"Falta de Atenção à Condução";"Colisão com objeto estático";"Com Vítimas Feridas";"Pleno dia";"Decrescente";"Chuva";"Dupla";"Curva";"Não";1;0;1;0;0;0;1;1;-19,28815;-44,392;"SR-MG";"DEL4/2";"UOP01/MG"
267320;2020-02-05;"quarta-feira";"16:35:00";"PR";277;584;"CASCAVEL";"Desobediência às normas de trânsito pelo pedestre";"Colisão transversal";"Com Vítimas Feridas";"Pleno dia";"Crescente";"Céu Claro";"Múltipla";"Interseção de vias";"Sim";2;0;1;0;0;1;1;2;-24,96684;-53,40258;"SR-PR";"UOP01";"DEL04"
267321;2020-02-05;"quarta-feira";"12:50:00";"GO";60;383,5;"RIO VERDE";"Velocidade Incompatível";"Colisão com objeto estático";"Com Vítimas Feridas";"Pleno dia";"Crescente";"Chuva";"Dupla";"Desvio Temporário";"Sim";6;0;1;0;4;1;1;5;-17,7845;-50,9002;"SR-GO";"DEL1/4";"UOP01/GO"
267322;2020-02-05;"quarta-feira";"15:30:00";"TO";153;220;"NOVA OLINDA";"Defeito Mecânico no Veículo";"Colisão com objeto estático";"Sem Vítimas";"Pleno dia";"Decrescente";"Chuva";"Simples";"Curva";"Não";1;0;0;0;1;0;0;1;-7,818744;-48,45273;"SR-TO";"UOP04/TO";""
267323;2020-02-05;"quarta-feira";"16:05:00";"MG";116;265,6;"TEOFILO OTONI";"Desobediência às normas de trânsito pelo condutor";"Colisão transversal";"Com Vítimas Feridas";"Pleno dia";"Decrescente";"Céu Claro";"Simples";"Curva";"Não";2;0;0;1;1;0;1;2;-17,7629;-41,50257;"SR-MG";"DEL4/11";"UOP01/MG"
267324;2020-02-05;"quarta-feira";"17:15:00";"RS";116;1;"PORTO ALEGRE";"Ingestão de álcool e/ou substâncias psicoativas pelo pedestre";"Atropelamento de Pedestre";"Com Vítimas Feridas";"Pleno dia";"Crescente";"Céu Claro";"Dupla";"Reta";"Sim";2;0;1;0;1;0;1;1;-29,97037;-51,17666;"SR-RS";"DEL9/5";"UOP03/RS"
267325;2020-02-05;"quarta-feira";"17:02:00";"SC";470;178,5;"POUSO REDONDO";"Falta de Atenção à Condução";"Colisão traseira";"Com Vítimas Feridas";"Pleno dia";"Crescente";"Nublado";"Simples";"Reta";"Não";5;0;1;0;2;2;1;2;-27,24839;-49,96708;"SR-SC";"DEL8/4";"UOP02/SC"
267326;2020-02-05;"quarta-feira";"16:30:00";"SP";116;347;"MIRACATU";"Velocidade Incompatível";"Colisão com objeto estático";"Sem Vítimas";"Pleno dia";"Crescente";"Chuva";"Dupla";"Curva";"Não";1;0;0;0;1;0;0;1;-24,04699;-47,19706;"SR-SP";"DEL6/4";"UOP03/SP"
267327;2020-02-05;"quarta-feira";"17:10:00";"MG";40;504,2;"RIBEIRAO DAS NEVES";"Falta de Atenção à Condução";"Colisão lateral";"Com Vítimas Feridas";"Pleno dia";"Decrescente";"Céu Claro";"Dupla";"Reta";"Não";3;0;0;1;2;0;1;2;-19,72138;-44,15574;"SR-MG";"DEL4/2";"UOP01/MG"
267328;2020-02-05;"quarta-feira";"17:30:00";"RN";304;38,4;"MOSSORO";"Desobediência às normas de trânsito pelo condutor";"Colisão lateral";"Com Vítimas Feridas";"Pleno dia";"Crescente";"Nublado";"Dupla";"Retorno Regulamentado";"Sim";2;0;1;0;1;0;1;2;-5,181385;-37,36832;"SR-RN";"DEL15/4";"UOP02/RN"
267329;2020-02-05;"quarta-feira";"17:05:00";"ES";101;142;"LINHARES";"Desobediência às normas de trânsito pelo condutor";"Colisão lateral";"Com Vítimas Feridas";"Pleno dia";"Decrescente";"Céu Claro";"Dupla";"Reta";"Não";2;0;1;0;1;0;1;2;-19,33459;-40,06755;"SR-ES";"DEL12/4";"UOP01/ES"
267330;2020-02-05;"quarta-feira";"17:00:00";"RJ";393;275;"BARRA DO PIRAI";"Falta de Atenção à Condução";"Colisão lateral";"Com Vítimas Feridas";"Pleno dia";"Crescente";"Chuva";"Simples";"Reta";"Não";2;0;1;0;1;0;1;2;-22,47508;-43,99837;"SR-RJ";"DEL5/5";"UOP02/RJ"
267331;2020-02-05;"quarta-feira";"16:45:00";"SC";280;55,4;"GUARAMIRIM";"Falta de Atenção à Condução";"Colisão transversal";"Com Vítimas Feridas";"Pleno dia";"Crescente";"Chuva";"Simples";"Reta";"Sim";3;0;1;1;1;0;2;3;-26,47745;-48,99737;"SR-SC";"DEL8/3";"UOP03/SC"
267332;2020-02-05;"quarta-feira";"13:26:00";"PR";369;115,7;"URAI";"Defeito Mecânico no Veículo";"Colisão traseira";"Sem Vítimas";"Pleno dia";"Crescente";"Céu Claro";"Simples";"Desvio Temporário";"Não";4;0;0;0;3;1;0;3;-23,27814;-50,85841;"SR-PR";"DEL7/7";"UOP06/PR"
267333;2020-02-05;"quarta-feira";"17:50:00";"BA";116;422;"FEIRA DE SANTANA";"Falta de Atenção à Condução";"Colisão transversal";"Com Vítimas Feridas";"Pleno dia";"Decrescente";"Céu Claro";"Simples";"Reta";"Não";3;0;1;1;0;1;2;2;-12,22065;-38,96561;"SR-BA";"DEL10/2";"UOP01/BA"
267335;2020-02-05;"quarta-feira";"17:50:00";"RN";304;37,4;"MOSSORO";"Defeito Mecânico no Veículo";"Queda de ocupante de veículo";"Com Vítimas Feridas";"Anoitecer";"Crescente";"Garoa/Chuvisco";"Dupla";"Viaduto";"Sim";1;0;1;0;0;0;1;1;-5,173866;-37,37317;"SR-RN";"DEL15/4";"UOP02/RN"
267336;2020-02-05;"quarta-feira";"17:50:00";"GO";60;227;"CEZARINA";"Defeito Mecânico no Veículo";"Saída de leito carroçável";"Sem Vítimas";"Pleno dia";"Crescente";"Céu Claro";"Dupla";"Desvio Temporário";"Não";1;0;0;0;1;0;0;1;-17,0331;-49,7777;"SR-GO";"DEL1/1";"UOP02/GO"
267337;2020-02-05;"quarta-feira";"17:15:00";"MG";40;593,1;"OURO PRETO";"Falta de Atenção à Condução";"Colisão lateral";"Sem Vítimas";"Pleno dia";"Crescente";"Nublado";"Dupla";"Não Informado";"Não";4;0;0;0;4;0;0;2;-20,39511;-43,90507;"SR-MG";"DEL5";"UOP02/MG"
267339;2020-02-05;"quarta-feira";"14:45:00";"MG";153;78;"PRATA";"Velocidade Incompatível";"Saída de leito carroçável";"Com Vítimas Feridas";"Pleno dia";"Decrescente";"Chuva";"Simples";"Curva";"Não";1;0;0;1;0;0;1;1;-19,048;-49,01136;"SR-MG";"DEL4/15";"UOP03/MG"
267340;2020-02-05;"quarta-feira";"17:50:00";"AL";101;149,9;"JEQUIA DA PRAIA";"Defeito Mecânico no Veículo";"Tombamento";"Sem Vítimas";"Anoitecer";"Crescente";"Nublado";"Dupla";"Não Informado";"Não";1;0;0;0;1;0;0;1;-9,894027;-36,1411;"SR-AL";"DEL13/2";"UOP02/AL"
267341;2020-02-05;"quarta-feira";"11:20:00";"SC";101;245,2;"PAULO LOPES";"Ingestão de Álcool";"Saída de leito carroçável";"Sem Vítimas";"Pleno dia";"Crescente";"Chuva";"Dupla";"Reta";"Não";1;0;0;0;1;0;0;1;-27,90168;-48,64892;"SR-SC";"DEL8/2";"UOP03/SC"
267342;2020-02-05;"quarta-feira";"16:00:00";"MG";153;104;"PRATA";"Pista Escorregadia";"Saída de leito carroçável";"Com Vítimas Feridas";"Pleno dia";"Crescente";"Chuva";"Simples";"Reta";"Não";1;0;1;0;0;0;1;1;-19,26347;-48,9226;"SR-MG";"DEL4/15";"UOP03/MG"
267343;2020-02-05;"quarta-feira";"18:50:00";"SP";116;230,1;"SAO PAULO";"Falta de Atenção à Condução";"Colisão traseira";"Com Vítimas Feridas";"Anoitecer";"Decrescente";"Nublado";"Múltipla";"Reta";"Sim";3;0;2;0;1;0;2;2;-23,51704;-46,58;"SR-SP";"DEL6/1";"UOP01/SP"
267344;2020-02-05;"quarta-feira";"17:50:00";"MG";381;529;"BRUMADINHO";"Pista Escorregadia";"Capotamento";"Com Vítimas Feridas";"Anoitecer";"Crescente";"Céu Claro";"Dupla";"Curva";"Não";1;0;0;1;0;0;1;1;-20,1662;-44,36914;"SR-MG";"DEL4/4";"UOP03/MG"
267345;2020-02-05;"quarta-feira";"17:54:00";"RR";401;1;"BOA VISTA";"Desobediência às normas de trânsito pelo condutor";"Colisão lateral";"Com Vítimas Feridas";"Pleno dia";"Crescente";"Céu Claro";"Múltipla";"Interseção de vias";"Sim";3;0;1;0;1;1;1;2;2,802294;-60,68243;"SR-RR";"UOP01/RR";""
267346;2020-02-05;"quarta-feira";"15:50:00";"MG";50;29;"ARAGUARI";"Defeito Mecânico no Veículo";"Saída de leito carroçável";"Com Vítimas Feridas";"Pleno dia";"Decrescente";"Céu Claro";"Dupla";"Curva";"Não";1;0;1;0;0;0;1;1;-18,62034;-48,11087;"SR-MG";"DEL4/15";"UOP02/MG"
267347;2020-02-05;"quarta-feira";"19:00:00";"PR";376;149;"PRESIDENTE CASTELO BRANCO";"Não guardar distância de segurança";"Colisão traseira";"Com Vítimas Feridas";"Plena Noite";"Decrescente";"Nublado";"Dupla";"Reta";"Não";3;0;0;2;1;0;2;2;-23,29627;-52,11835;"SR-PR";"DEL7/7";"UOP04/PR"
267348;2020-02-05;"quarta-feira";"18:35:00";"PE";232;406,9;"SERRA TALHADA";"Falta de Atenção à Condução";"Tombamento";"Com Vítimas Feridas";"Plena Noite";"Crescente";"Nublado";"Simples";"Reta";"Sim";1;0;1;0;0;0;1;1;-7,987209;-38,26249;"SR-PE";"DEL11/4";"UOP01/PE"
267349;2020-02-05;"quarta-feira";"17:38:00";"GO";153;500;"GOIANIA";"Falta de Atenção à Condução";"Colisão traseira";"Com Vítimas Feridas";"Pleno dia";"Crescente";"Nublado";"Dupla";"Reta";"Sim";5;0;1;0;4;0;1;4;-16,7118;-49,2324;"SR-GO";"DEL1/1";"UOP01/GO"