"id";"data_inversa";"dia_semana";"horario";"uf";"br";"km";"municipio";"causa_acidente";"tipo_acidente";"classificacao_acidente";"fase_dia";"sentido_via";"condicao_metereologica";"tipo_pista";"tracado_via";"uso_solo";"pessoas";"mortos";"feridos_leves";"feridos_graves";"ilesos";"ignorados";"feridos";"veiculos";"latitude";"longitude";"regional";"delegacia";"uop"
268322;2020-02-09;"domingo";"22:40:00";"MG";50;179;"UBERABA";"Defeito na Via";"Queda de ocupante de veículo";"Com Vítimas Feridas";"Plena Noite";"Decrescente";"Céu Claro";"Dupla";"Túnel";"Sim";1;0;1;0;0;0;1;1;-19,77827;-47,93141;"SR-MG";"DEL13";"UOP01/MG"
268323;2020-02-09;"domingo";"21:10:00";"SC";282;464,7;"PONTE SERRADA";"Falta de Atenção à Condução";"Colisão transversal";"Com Vítimas Feridas";"Plena Noite";"Crescente";"Nublado";"Simples";"Reta";"Não";3;0;1;1;1;0;2;2;-26,85768;-52,04807;"SR-SC";"DEL7";"UOP05/SC"
268324;2020-02-09;"domingo";"15:40:00";"SC";470;207,8;"SAO CRISTOVAO DO SUL";"Velocidade Incompatível";"Colisão frontal";"Com Vítimas Fatais";"Pleno dia";"Crescente";"Garoa/Chuvisco";"Simples";"Reta";"Não";5;4;0;0;1;0;0;2;-27,29135;-50,19444;"SR-SC";"UOP03";"DEL05"
268325;2020-02-09;"domingo";"22:00:00";"PI";316;7,6;"TERESINA";"Desobediência às normas de trânsito pelo condutor";"Colisão traseira";"Sem Vítimas";"Plena Noite";"Decrescente";"Céu Claro";"Simples";"Desvio Temporário";"Sim";2;0;0;0;0;2;0;2;-5,155846;-42,77173;"SR-PI";"DEL17/1";"UOP02/PI"
268326;2020-02-09;"domingo";"23:50:00";"CE";116;24,4;"ITAITINGA";"Defeito na Via";"Colisão com objeto estático";"Com Vítimas Fatais";"Plena Noite";"Crescente";"Céu Claro";"Dupla";"Reta";"Não";2;2;0;0;0;0;0;2;-3,95798;-38,51311;"SR-CE";"UOP02";"DEL01"
268327;2020-02-09;"domingo";"23:15:00";"PE";101;123;"ESCADA";"Desobediência às normas de trânsito pelo condutor";"Colisão frontal";"Com Vítimas Fatais";"Plena Noite";"Crescente";"Nublado";"Dupla";"Reta";"Não";3;2;0;0;1;0;0;2;-8,359634;-35,2042;"SR-PE";"DEL11/1";"UOP03/PE"
268328;2020-02-09;"domingo";"22:40:00";"PE";101;76,1;"RECIFE";"Falta de Atenção do Pedestre";"Atropelamento de Pedestre";"Com Vítimas Feridas";"Plena Noite";"Decrescente";"Nublado";"Dupla";"Curva";"Sim";2;0;1;0;1;0;1;1;-8,118138;-34,94329;"SR-PE";"DEL11/1";"UOP01/PE"
268330;2020-02-09;"domingo";"21:30:00";"RJ";40;112;"DUQUE DE CAXIAS";"Falta de Atenção à Condução";"Colisão traseira";"Com Vítimas Feridas";"Plena Noite";"Decrescente";"Céu Claro";"Múltipla";"Não Informado";"Sim";5;0;4;0;1;0;4;2;-22,70949;-43,2904;"SR-RJ";"UOP01";"DEL01"
268331;2020-02-09;"domingo";"22:45:00";"RO";364;515;"ARIQUEMES";"Sinalização da via insuficiente ou inadequada";"Colisão com objeto estático";"Com Vítimas Feridas";"Plena Noite";"Crescente";"Céu Claro";"Simples";"Desvio Temporário";"Sim";1;0;1;0;0;0;1;1;-9,924973;-63,05491;"SR-RO";"DEL21/3";"UOP01/RO"
268332;2020-02-09;"domingo";"17:00:00";"GO";364;278;"MINEIROS";"Velocidade Incompatível";"Colisão com objeto estático";"Com Vítimas Feridas";"Anoitecer";"Crescente";"Chuva";"Simples";"Curva";"Não";2;0;1;0;1;0;1;2;-17,63793;-52,37192;"SR-GO";"DEL1/5";"UOP01/GO"
268333;2020-02-10;"segunda-feira";"00:40:00";"DF";70;12,3;"BRASILIA";"Animais na Pista";"Atropelamento de Animal";"Sem Vítimas";"Plena Noite";"Decrescente";"Garoa/Chuvisco";"Dupla";"Reta";"Sim";1;0;0;0;1;0;0;1;-15,79224;-48,15854;"SR-DF";"UOP06/DF";""
268334;2020-02-10;"segunda-feira";"00:00:00";"MT";174;381,8;"CONQUISTA DOESTE";"Falta de Atenção à Condução";"Colisão transversal";"Com Vítimas Fatais";"Plena Noite";"Decrescente";"Garoa/Chuvisco";"Simples";"Curva";"Não";4;3;0;0;1;0;0;2;-14,51942;-59,56408;"SR-MT";"DEL2/7";"UOP01/MT"
268336;2020-02-09;"domingo";"20:30:00";"RJ";101;316;"SAO GONCALO";"Não guardar distância de segurança";"Colisão traseira";"Com Vítimas Feridas";"Plena Noite";"Decrescente";"Garoa/Chuvisco";"Dupla";"Reta";"Não";8;0;4;1;3;0;5;2;-22,82836;-43,09209;"SR-RJ";"UOP01";"DEL02"
268337;2020-02-09;"domingo";"21:40:00";"SC";101;32,5;"JOINVILLE";"Velocidade Incompatível";"Saída de leito carroçável";"Com Vítimas Feridas";"Plena Noite";"Crescente";"Chuva";"Dupla";"Interseção de vias";"Sim";1;0;1;0;0;0;1;1;-26,25016;-48,90959;"SR-SC";"DEL8/3";"UOP01/SC"
268338;2020-02-09;"domingo";"23:29:00";"SC";101;12,2;"GARUVA";"Ingestão de Álcool";"Colisão com objeto estático";"Sem Vítimas";"Plena Noite";"Crescente";"Nublado";"Dupla";"Reta";"Não";1;0;0;0;1;0;0;1;-26,08104;-48,86176;"SR-SC";"DEL8/3";"UOP01/SC"
268339;2020-02-10;"segunda-feira";"01:00:00";"PR";277;673,7;"MEDIANEIRA";"Ingestão de Álcool";"Colisão lateral";"Com Vítimas Feridas";"Plena Noite";"Crescente";"Céu Claro";"Dupla";"Não Informado";"Sim";2;0;1;0;1;0;1;2;-25,29056;-54,10646;"SR-PR";"DEL7/5";"UOP01/PR"
268340;2020-02-10;"segunda-feira";"02:30:00";"CE";222;224;"SOBRAL";"Ingestão de Álcool";"Queda de ocupante de veículo";"Com Vítimas Feridas";"Plena Noite";"Crescente";"Nublado";"Simples";"Curva";"Sim";2;0;1;1;0;0;2;1;-3,711798;-40,34381;"SR-CE";"DEL16/4";"UOP01/CE"
268341;2020-02-10;"segunda-feira";"02:35:00";"BA";116;446,5;"FEIRA DE SANTANA";"Ingestão de Álcool";"Colisão com objeto estático";"Com Vítimas Feridas";"Plena Noite";"Decrescente";"Céu Claro";"Dupla";"Não Informado";"Não";1;0;0;1;0;0;1;1;-12,3807;-39,1276;"SR-BA";"DEL10/2";"UOP01/BA"
268342;2020-02-09;"domingo";"21:30:00";"MS";267;392;"MARACAJU";"Ingestão de Álcool";"Colisão transversal";"Sem Vítimas";"Plena Noite";"Crescente";"Céu Claro";"Simples";"Reta";"Não";3;0;0;0;3;0;0;2;-21,61651;-55,3945;"SR-MS";"UOP01";"DEL05"
268343;2020-02-09;"domingo";"21:35:00";"SC";101;288;"IMBITUBA";"Desobediência às normas de trânsito pelo condutor";"Colisão transversal";"Sem Vítimas";"Plena Noite";"Decrescente";"Céu Claro";"Simples";"Viaduto";"Não";2;0;0;0;2;0;0;2;-28,24598;-48,7001;"SR-SC";"UOP03";"DEL02"
268344;2020-02-10;"segunda-feira";"03:30:00";"PB";230;99,9;"GURINHEM";"Animais na Pista";"Atropelamento de Animal";"Com Vítimas Fatais";"Plena Noite";"Decrescente";"Céu Claro";"Dupla";"Desvio Temporário";"Não";2;1;0;1;0;0;1;2;-7,1979;-35,48942;"SR-PB";"UOP02";"DEL01"
268347;2020-02-10;"segunda-feira";"04:40:00";"RJ";116;138;"DUQUE DE CAXIAS";"Falta de Atenção à Condução";"Capotamento";"Com Vítimas Feridas";"Amanhecer";"Crescente";"Nublado";"Dupla";"Reta";"Sim";1;0;1;0;0;0;1;1;-22,64697;-43,19165;"SR-RJ";"UOP02";"DEL04"
268348;2020-02-10;"segunda-feira";"03:40:00";"RS";285;261,7;"MATO CASTELHANO";"Condutor Dormindo";"Saída de leito carroçável";"Com Vítimas Feridas";"Plena Noite";"Decrescente";"Céu Claro";"Simples";"Reta";"Não";1;0;0;1;0;0;1;1;-28,30683;-52,09;"SR-RS";"DEL08";"UOP03/RS"
268349;2020-02-10;"segunda-feira";"04:10:00";"SC";470;115,1;"IBIRAMA";"Defeito na Via";"Tombamento";"Com Vítimas Feridas";"Plena Noite";"Crescente";"Nublado";"Simples";"Reta";"Não";1;0;0;1;0;0;1;1;-27,08042;-49,48535;"SR-SC";"DEL8/4";"UOP02/SC"
268350;2020-02-10;"segunda-feira";"02:30:00";"RS";116;593,5;"ARROIO GRANDE";"Animais na Pista";"Atropelamento de Animal";"Com Vítimas Feridas";"Plena Noite";"Crescente";"Céu Claro";"Simples";"Não Informado";"Não";3;0;1;0;2;0;1;1;-32,12199;-52,94122;"SR-RS";"DEL9/7";"UOP03/RS"
268351;2020-02-10;"segunda-feira";"04:40:00";"RJ";493;18;"MAGE";"Desobediência às normas de trânsito pelo condutor";"Colisão transversal";"Com Vítimas Feridas";"Amanhecer";"Decrescente";"Chuva";"Simples";"Reta";"Não";3;0;2;0;1;0;2;2;-22,66871;-43,01863;"SR-RJ";"DEL5/4";"UOP02/RJ"
268352;2020-02-10;"segunda-feira";"05:00:00";"SP";116;187;"SANTA ISABEL";"Pista Escorregadia";"Colisão com objeto estático";"Com Vítimas Feridas";"Amanhecer";"Decrescente";"Chuva";"Dupla";"Desvio Temporário";"Não";1;0;1;0;0;0;1;1;-23,35682;-46,20602;"SR-SP";"DEL6/2";"UOP01/SP"
268353;2020-02-10;"segunda-feira";"05:39:00";"DF";80;7,5;"BRASILIA";"Ingestão de Álcool";"Colisão frontal";"Com Vítimas Feridas";"Amanhecer";"Crescente";"Nublado";"Simples";"Reta";"Não";4;0;2;2;0;0;4;2;-15,73132;-48,13927;"SR-DF";"UOP03";"DEL01"
268354;2020-02-10;"segunda-feira";"05:30:00";"PE";101;163,7;"AGUA PRETA";"Avarias e/ou desgaste excessivo no pneu";"Saída de leito carroçável";"Com Vítimas Feridas";"Amanhecer";"Decrescente";"Céu Claro";"Dupla";"Curva";"Não";3;0;3;0;0;0;3;1;-8,550395;-35,4462;"SR-PE";"DEL11/1";"UOP03/PE"
268356;2020-02-10;"segunda-feira";"05:15:00";"SC";470;144,7;"RIO DO SUL";"Ultrapassagem Indevida";"Colisão frontal";"Com Vítimas Feridas";"Amanhecer";"Crescente";"Nublado";"Simples";"Reta";"Sim";3;0;0;1;1;1;1;3;-27,23514;-49,67761;"SR-SC";"UOP02";"DEL04"
268358;2020-02-10;"segunda-feira";"07:00:00";"GO";153;398,3;"PIRENOPOLIS";"Desobediência às normas de trânsito pelo condutor";"Colisão traseira";"Com Vítimas Feridas";"Pleno dia";"Crescente";"Nublado";"Simples";"Reta";"Sim";3;0;1;0;2;0;1;3;-16,02105;-49,10749;"SR-GO";"UOP02";"DEL02"
268360;2020-02-10;"segunda-feira";"07:00:00";"ES";262;1,5;"CARIACICA";"Falta de Atenção à Condução";"Colisão lateral";"Com Vítimas Feridas";"Pleno dia";"Crescente";"Céu Claro";"Múltipla";"Reta";"Sim";3;0;2;0;1;0;2;2;-20,32955;-40,35493;"SR-ES";"DEL12/1";"UOP01/ES"
268362;2020-02-10;"segunda-feira";"07:00:00";"GO";153;502,8;"GOIANIA";"Não guardar distância de segurança";"Engavetamento";"Com Vítimas Feridas";"Pleno dia";"Decrescente";"Chuva";"Dupla";"Reta";"Sim";5;0;1;1;3;0;2;4;-16,7287;-49,2424;"SR-GO";"DEL1/1";"UOP01/GO"
268363;2020-02-10;"segunda-feira";"05:40:00";"MT";163;112;"RONDONOPOLIS";"Ingestão de Álcool";"Tombamento";"Com Vítimas Feridas";"Amanhecer";"Decrescente";"Céu Claro";"Dupla";"Reta";"Não";1;0;1;0;0;0;1;1;-16,56185;-54,67931;"SR-MT";"UOP01";"DEL02"
268364;2020-02-10;"segunda-feira";"07:30:00";"MG";381;613,5;"OLIVEIRA";"Velocidade Incompatível";"Colisão traseira";"Com Vítimas Feridas";"Pleno dia";"Crescente";"Chuva";"Dupla";"Curva";"Não";3;0;1;0;2;0;1;3;-20,72759;-44,77177;"SR-MG";"DEL4/4";"UOP01/MG"
268365;2020-02-10;"segunda-feira";"07:30:00";"CE";116;8;"FORTALEZA";"Falta de Atenção à Condução";"Colisão traseira";"Sem Vítimas";"Pleno dia";"Decrescente";"Nublado";"Dupla";"Reta";"Sim";3;0;0;0;3;0;0;3;-3,81928;-38,50268;"SR-CE";"UOP02";"DEL01"
268367;2020-02-10;"segunda-feira";"05:00:00";"MS";267;483;"JARDIM";"Falta de Atenção à Condução";"Colisão traseira";"Com Vítimas Feridas";"Pleno dia";"Crescente";"Céu Claro";"Simples";"Reta";"Sim";2;0;1;0;1;0;1;2;-21,48097;-56,15577;"SR-MS";"DEL3/5";"UOP01/MS"
268368;2020-02-10;"segunda-feira";"07:00:00";"MG";251;472;"FRANCISCO SA";"Velocidade Incompatível";"Colisão frontal";"Com Vítimas Feridas";"Pleno dia";"Crescente";"Garoa/Chuvisco";"Simples";"Curva";"Não";2;0;0;1;1;0;1;2;-16,46691;-43,43948;"SR-MG";"UOP01";"DEL12"
268369;2020-02-09;"domingo";"23:10:00";"PR";153;369,7;"RIO AZUL";"Desobediência às normas de trânsito pelo condutor";"Saída de leito carroçável";"Com Vítimas Fatais";"Plena Noite";"Decrescente";"Chuva";"Simples";"Curva";"Não";2;1;0;0;0;1;0;1;-25,7367;-50,80195;"SR-PR";"DEL7/3";"UOP04/PR"
268371;2020-02-06;"quinta-feira";"07:30:00";"BA";242;605;"MUQUEM DE SAO FRANCISCO";"Falta de Atenção à Condução";"Colisão frontal";"Com Vítimas Feridas";"Pleno dia";"Crescente";"Céu Claro";"Simples";"Reta";"Não";5;0;2;0;3;0;2;3;-12,1642;-43,38741;"SR-BA";"DEL 10/10";"UOP02/BA"
268373;2020-02-10;"segunda-feira";"05:00:00";"RJ";101;303;"SAO GONCALO";"Não guardar distância de segurança";"Colisão traseira";"Com Vítimas Feridas";"Amanhecer";"Decrescente";"Nublado";"Dupla";"Reta";"Sim";2;0;1;0;1;0;1;2;-22,78282;-42,97667;"SR-RJ";"UOP01";"DEL02"
268375;2020-02-10;"segunda-feira";"07:45:00";"GO";153;491;"GOIANIA";"Defeito Mecânico no Veículo";"Queda de ocupante de veículo";"Com Vítimas Feridas";"Pleno dia";"Decrescente";"Garoa/Chuvisco";"Dupla";"Reta";"Sim";1;0;1;0;0;0;1;1;-16,639;-49,2063;"SR-GO";"DEL1/1";"UOP01/GO"
268376;2020-02-10;"segunda-feira";"07:20:00";"MG";40;501,9;"ESMERALDAS";"Agressão Externa";"Saída de leito carroçável";"Com Vítimas Feridas";"Pleno dia";"Crescente";"Céu Claro";"Dupla";"Reta";"Não";3;0;3;0;0;0;3;1;-19,70736;-44,16737;"SR-MG";"DEL4/2";"UOP01/MG"
268379;2020-02-10;"segunda-feira";"07:45:00";"SP";116;215;"GUARULHOS";"Falta de Atenção à Condução";"Colisão lateral";"Com Vítimas Feridas";"Pleno dia";"Crescente";"Chuva";"Múltipla";"Reta";"Não";2;0;1;0;0;1;1;2;-23,44696;-46,45394;"SR-SP";"DEL6/1";"UOP01/SP"
268380;2020-02-10;"segunda-feira";"08:30:00";"PR";277;7;"PARANAGUA";"Defeito Mecânico no Veículo";"Saída de leito carroçável";"Com Vítimas Feridas";"Pleno dia";"Crescente";"Chuva";"Simples";"Não Informado";"Não";2;0;0;1;1;0;1;1;-25,5682;-48,61529;"SR-PR";"DEL7/1";"UOP07/PR"
268381;2020-02-10;"segunda-feira";"08:10:00";"RN";101;94;"NATAL";"Não guardar distância de segurança";"Colisão traseira";"Sem Vítimas";"Pleno dia";"Decrescente";"Céu Claro";"Simples";"Reta";"Não";2;0;0;0;2;0;0;2;-5,831766;-35,21191;"SR-RN";"UOP01";"DEL01"
268382;2020-02-10;"segunda-feira";"08:20:00";"SC";282;1;"FLORIANOPOLIS";"Desobediência às normas de trânsito pelo condutor";"Tombamento";"Com Vítimas Feridas";"Pleno dia";"Decrescente";"Sol";"Múltipla";"Reta";"Não";2;0;1;0;1;0;1;2;-27,60296;-48,58051;"SR-SC";"DEL8/1";"UOP01/SC"
268383;2020-02-05;"quarta-feira";"08:25:00";"PE";232;544;"PARNAMIRIM";"Agressão Externa";"Danos eventuais";"Sem Vítimas";"Pleno dia";"Crescente";"Nublado";"Simples";"Reta";"Não";1;0;0;0;1;0;0;1;-8,086895;-39,43951;"SR-PE";"DEL11/5";"UOP01/PE"
268384;2020-02-08;"sábado";"10:25:00";"SC";480;129,5;"CHAPECO";"Ingestão de Álcool";"Colisão com objeto estático";"Com Vítimas Feridas";"Pleno dia";"Crescente";"Céu Claro";"Simples";"Desvio Temporário";"Sim";2;0;1;0;0;1;1;1;-27,04936;-52,63503;"SR-SC";"DEL7";"UOP01/SC"
268385;2020-02-10;"segunda-feira";"09:05:00";"DF";20;56;"BRASILIA";"Pista Escorregadia";"Saída de leito carroçável";"Com Vítimas Feridas";"Pleno dia";"Decrescente";"Garoa/Chuvisco";"Dupla";"Reta";"Sim";1;0;1;0;0;0;1;1;-15,58559;-47,35751;"SR-DF";"UOP01/DEL02/DF";""
268386;2020-02-10;"segunda-feira";"08:00:00";"MT";174;5;"PONTES E LACERDA";"Falta de Atenção à Condução";"Colisão transversal";"Com Vítimas Feridas";"Pleno dia";"Decrescente";"Céu Claro";"Simples";"Reta";"Sim";3;0;1;1;0;1;2;2;-15,22654;-59,33573;"SR-MT";"UOP01";"DEL04"
268387;2020-02-10;"segunda-feira";"08:35:00";"RJ";116;175,5;"RIO DE JANEIRO";"Falta de Atenção à Condução";"Colisão transversal";"Com Vítimas Feridas";"Pleno dia";"Decrescente";"Nublado";"Dupla";"Reta";"Sim";2;0;1;0;1;0;1;2;-22,78924;-43,37275;"SR-RJ";"UOP02";"DEL01"
268388;2020-02-10;"segunda-feira";"09:30:00";"MS";60;155;"CAMAPUA";"Ingestão de Álcool";"Colisão traseira";"Com Vítimas Feridas";"Pleno dia";"Decrescente";"Nublado";"Simples";"Reta";"Não";5;0;3;0;1;1;3;2;-19,4048;-53,71198;"SR-MS";"DEL3/6";"UOP02/MS"
268389;2020-02-10;"segunda-feira";"07:40:00";"MG";365;386;"PATOS DE MINAS";"Pista Escorregadia";"Saída de leito carroçável";"Com Vítimas Feridas";"Amanhecer";"Crescente";"Chuva";"Simples";"Reta";"Não";1;0;1;0;0;0;1;1;-18,624;-46,3;"SR-MG";"DEL4/10";"UOP01/MG"
268390;2020-02-10;"segunda-feira";"08:45:00";"PR";277;724;"FOZ DO IGUACU";"Falta de Atenção à Condução";"Saída de leito carroçável";"Com Vítimas Feridas";"Pleno dia";"Crescente";"Sol";"Dupla";"Reta";"Sim";1;0;1;0;0;0;1;1;-25,50258;-54,53868;"SR-PR";"UOP01";"DEL05"
268391;2020-02-10;"segunda-feira";"07:30:00";"MT";70;0;"PONTAL DO ARAGUAIA";"Falta de Atenção à Condução";"Colisão traseira";"Com Vítimas Feridas";"Pleno dia";"Decrescente";"Garoa/Chuvisco";"Simples";"Ponte";"Sim";2;0;1;0;0;1;1;2;-15,89554;-52,25599;"SR-MT";"DEL2/8";"UOP01/MT"
268392;2020-02-10;"segunda-feira";"08:00:00";"SC";101;144;"ITAPEMA";"Falta de Atenção à Condução";"Colisão traseira";"Com Vítimas Feridas";"Pleno dia";"Decrescente";"Sol";"Dupla";"Reta";"Sim";2;0;1;0;1;0;1;2;-27,07327;-48,59673;"SR-SC";"UOP03";"DEL04"
268393;2020-02-10;"segunda-feira";"09:15:00";"GO";60;127;"GOIANIA";"Pista Escorregadia";"Saída de leito carroçável";"Com Vítimas Feridas";"Pleno dia";"Decrescente";"Garoa/Chuvisco";"Dupla";"Reta";"Não";1;0;1;0;0;0;1;1;-16,5412;-49,1495;"SR-GO";"DEL1/1";"UOP01/GO"
268394;2020-02-10;"segunda-feira";"07:10:00";"SC";282;512;"XANXERE";"Ultrapassagem Indevida";"Colisão frontal";"Com Vítimas Feridas";"Pleno dia";"Decrescente";"Céu Claro";"Simples";"Reta";"Não";3;0;2;0;0;1;2;2;-26,9108;-52,4721;"SR-SC";"UOP01";"DEL07"
268395;2020-02-10;"segunda-feira";"07:40:00";"MG";381;613,5;"OLIVEIRA";"Velocidade Incompatível";"Saída de leito carroçável";"Com Vítimas Feridas";"Pleno dia";"Crescente";"Chuva";"Dupla";"Curva";"Não";1;0;0;1;0;0;1;1;-20,72759;-44,77177;"SR-MG";"DEL4/4";"UOP01/MG"
268396;2020-02-10;"segunda-feira";"09:00:00";"SC";282;1,2;"FLORIANOPOLIS";"Não guardar distância de segurança";"Colisão transversal";"Com Vítimas Feridas";"Pleno dia";"Decrescente";"Céu Claro";"Dupla";"Não Informado";"Sim";4;0;0;1;3;0;1;4;-27,60296;-48,58051;"SR-SC";"UOP01";"DEL01"
268397;2020-02-10;"segunda-feira";"07:20:00";"RO";364;710;"PORTO VELHO";"Desobediência às normas de trânsito pelo condutor";"Colisão traseira";"Sem Vítimas";"Amanhecer";"Crescente";"Sol";"Múltipla";"Reta";"Sim";3;0;0;0;3;0;0;2;-8,786216;-63,85713;"SR-RO";"DEL21/1";"UOP01/RO"
268399;2020-02-10;"segunda-feira";"09:20:00";"RS";290;28;"SANTO ANTONIO DA PATRULHA";"Defeito Mecânico no Veículo";"Incêndio";"Sem Vítimas";"Pleno dia";"Decrescente";"Céu Claro";"Dupla";"Reta";"Não";1;0;0;0;0;1;0;1;-29,88265;-50,53478;"SR-RS";"DEL9/3";"UOP01/RS"
268400;2020-02-10;"segunda-feira";"09:20:00";"RS";290;28;"SANTO ANTONIO DA PATRULHA";"Falta de Atenção à Condução";"Tombamento";"Com Vítimas Feridas";"Pleno dia";"Decrescente";"Céu Claro";"Dupla";"Reta";"Não";1;0;1;0;0;0;1;1;-29,88265;-50,53478;"SR-RS";"DEL9/3";"UOP01/RS"
268401;2020-02-10;"segunda-feira";"09:00:00";"PB";104;139,9;"QUEIMADAS";"Desobediência às normas de trânsito pelo condutor";"Tombamento";"Com Vítimas Feridas";"Pleno dia";"Decrescente";"Céu Claro";"Simples";"Reta";"Sim";2;0;1;0;1;0;1;2;-7,369483;-35,8998;"SR-PB";"DEL14/2";"UOP03/PB"
268403;2020-02-10;"segunda-feira";"10:30:00";"RS";290;26;"SANTO ANTONIO DA PATRULHA";"Não guardar distância de segurança";"Colisão traseira";"Com Vítimas Feridas";"Pleno dia";"Crescente";"Céu Claro";"Dupla";"Reta";"Não";3;0;1;0;2;0;1;3;-29,88013;-50,5143;"SR-RS";"DEL9/3";"UOP01/RS"
268404;2020-02-10;"segunda-feira";"10:35:00";"PE";101;48,6;"ABREU E LIMA";"Falta de Atenção do Pedestre";"Atropelamento de Pedestre";"Com Vítimas Feridas";"Pleno dia";"Decrescente";"Sol";"Múltipla";"Reta";"Sim";2;0;1;0;1;0;1;1;-7,891747;-34,90335;"SR-PE";"DEL11/1";"UOP02/PE"
268406;2020-02-10;"segunda-feira";"11:00:00";"PR";277;1;"PARANAGUA";"Falta de Atenção à Condução";"Colisão lateral";"Sem Vítimas";"Pleno dia";"Crescente";"Chuva";"Dupla";"Reta";"Sim";2;0;0;0;2;0;0;2;-25,5205;-48,5095;"SR-PR";"DEL7/1";"UOP07/PR"
268407;2020-02-10;"segunda-feira";"11:00:00";"RS";116;2;"PORTO ALEGRE";"Não guardar distância de segurança";"Colisão traseira";"Sem Vítimas";"Pleno dia";"Crescente";"Nublado";"Dupla";"Reta";"Sim";3;0;0;0;3;0;0;3;-29,98652;-51,18155;"SR-RS";"DEL9/5";"UOP03/RS"
268409;2020-02-10;"segunda-feira";"06:40:00";"MT";70;701,8;"CACERES";"Falta de Atenção à Condução";"Colisão com objeto estático";"Com Vítimas Feridas";"Pleno dia";"Crescente";"Nublado";"Simples";"Curva";"Não";2;0;1;0;1;0;1;1;-16,2496;-57,51798;"SR-MT";"DEL2/3";"UOP01/MT"
268410;2020-02-10;"segunda-feira";"11:05:00";"RN";304;288,1;"MACAIBA";"Não guardar distância de segurança";"Colisão traseira";"Com Vítimas Feridas";"Pleno dia";"Decrescente";"Céu Claro";"Simples";"Reta";"Não";4;0;1;1;2;0;2;2;-5,868497;-35,42071;"SR-RN";"UOP02";"DEL01"
268411;2020-02-10;"segunda-feira";"11:05:00";"SP";116;193;"SANTA ISABEL";"Pista Escorregadia";"Capotamento";"Com Vítimas Feridas";"Pleno dia";"Crescente";"Chuva";"Dupla";"Desvio Temporário";"Sim";3;0;1;0;2;0;1;2;-23,38041;-46,25851;"SR-SP";"DEL6/2";"UOP01/SP"
268412;2020-02-10;"segunda-feira";"11:40:00";"ES";101;377;"ICONHA";"Velocidade Incompatível";"Colisão lateral";"Com Vítimas Feridas";"Pleno dia";"Decrescente";"Céu Claro";"Simples";"Reta";"Sim";2;0;0;1;1;0;1;2;-20,79427;-40,81173;"SR-ES";"DEL12/3";"UOP01/ES"
268414;2020-02-10;"segunda-feira";"11:10:00";"MG";381;605,8;"OLIVEIRA";"Velocidade Incompatível";"Saída de leito carroçável";"Com Vítimas Feridas";"Pleno dia";"Crescente";"Chuva";"Dupla";"Reta";"Não";1;0;1;0;0;0;1;1;-20,66758;-44,73784;"SR-MG";"DEL4/4";"UOP01/MG"
268415;2020-02-10;"segunda-feira";"11:00:00";"SC";101;134;"BALNEARIO CAMBORIU";"Falta de Atenção à Condução";"Colisão traseira";"Com Vítimas Feridas";"Pleno dia";"Decrescente";"Nublado";"Múltipla";"Reta";"Sim";3;0;2;0;1;0;2;3;-27,00218;-48,63643;"SR-SC";"DEL8/4";"UOP03/SC"
268416;2020-02-10;"segunda-feira";"10:00:00";"PR";476;127;"CURITIBA";"Defeito Mecânico no Veículo";"Colisão com objeto em movimento";"Com Vítimas Feridas";"Pleno dia";"Decrescente";"Nublado";"Múltipla";"Reta";"Sim";1;0;1;0;0;0;1;1;-25,42517;-49,22716;"SR-PR";"UOP06";"DEL01"
268417;2020-02-10;"segunda-feira";"11:16:00";"SP";116;87;"PINDAMONHANGABA";"Falta de Atenção à Condução";"Colisão traseira";"Sem Vítimas";"Pleno dia";"Crescente";"Chuva";"Múltipla";"Reta";"Sim";3;0;0;0;2;1;0;3;-22,93065;-45,36166;"SR-SP";"DEL6";"UOP01/SP"
268418;2020-02-10;"segunda-feira";"12:45:00";"ES";101;285;"CARIACICA";"Falta de Atenção à Condução";"Colisão lateral";"Com Vítimas Feridas";"Pleno dia";"Crescente";"Céu Claro";"Simples";"Reta";"Sim";2;0;1;0;1;0;1;2;-20,25148;-40,3727;"SR-ES";"DEL12/1";"UOP01/ES"
268420;2020-01-28;"terça-feira";"14:42:00";"MS";163;471,7;"CAMPO GRANDE";"Falta de Atenção à Condução";"Colisão transversal";"Com Vítimas Feridas";"Pleno dia";"Decrescente";"Céu Claro";"Simples";"Reta";"Não";4;0;0;1;1;2;1;2;-20,55131;-54,55716;"SR-MS";"DEL3/1";"UOP01/MS"
268421;2020-02-10;"segunda-feira";"12:35:00";"SC";101;212,2;"PALHOCA";"Falta de Atenção à Condução";"Colisão lateral";"Com Vítimas Feridas";"Pleno dia";"Decrescente";"Nublado";"Múltipla";"Reta";"Sim";2;0;1;0;0;1;1;2;-27,62997;-48,65904;"SR-SC";"DEL8/1";"UOP02/SC"
268422;2020-02-10;"segunda-feira";"13:00:00";"GO";364;190,8;"JATAI";"Carga excessiva e/ou mal acondicionada";"Saída de leito carroçável";"Com Vítimas Feridas";"Pleno dia";"Decrescente";"Céu Claro";"Simples";"Reta";"Não";1;0;0;1;0;0;1;1;-17,93375;-51,67696;"SR-GO";"UOP01";"DEL05"
268423;2020-02-10;"segunda-feira";"12:20:00";"RJ";101;307;"SAO GONCALO";"Defeito Mecânico no Veículo";"Colisão traseira";"Com Vítimas Feridas";"Pleno dia";"Decrescente";"Sol";"Dupla";"Reta";"Sim";3;0;2;0;1;0;2;2;-22,79116;-43,01514;"SR-RJ";"UOP01";"DEL02"