"id";"data_inversa";"dia_semana";"horario";"uf";"br";"km";"municipio";"causa_acidente";"tipo_acidente";"classificacao_acidente";"fase_dia";"sentido_via";"condicao_metereologica";"tipo_pista";"tracado_via";"uso_solo";"pessoas";"mortos";"feridos_leves";"feridos_graves";"ilesos";"ignorados";"feridos";"veiculos";"latitude";"longitude";"regional";"delegacia";"uop"
268424;2020-02-10;"segunda-feira";"12:45:00";"PR";116;26;"CAMPINA GRANDE DO SUL";"Velocidade Incompatível";"Saída de leito carroçável";"Com Vítimas Feridas";"Pleno dia";"Crescente";"Chuva";"Dupla";"Curva";"Não";2;0;1;0;1;0;1;1;-25,10684;-48,78533;"SR-PR";"DEL7/1";"UOP02/PR"
268426;2020-02-10;"segunda-feira";"12:45:00";"MS";262;467,1;"ANASTACIO";"Velocidade Incompatível";"Saída de leito carroçável";"Com Vítimas Feridas";"Pleno dia";"Crescente";"Chuva";"Simples";"Não Informado";"Não";1;0;1;0;0;0;1;1;-20,52184;-55,60046;"SR-MS";"UOP01";"DEL03"
268427;2020-02-10;"segunda-feira";"11:40:00";"RJ";101;511,9;"ANGRA DOS REIS";"Desobediência às normas de trânsito pelo condutor";"Colisão frontal";"Com Vítimas Feridas";"Pleno dia";"Crescente";"Céu Claro";"Dupla";"Reta";"Sim";2;0;1;0;1;0;1;2;-22,96565;-44,43948;"SR-RJ";"DEL5/3";"UOP03/RJ"
268428;2020-02-10;"segunda-feira";"12:50:00";"PR";163;196,1;"CASCAVEL";"Velocidade Incompatível";"Saída de leito carroçável";"Com Vítimas Fatais";"Pleno dia";"Decrescente";"Chuva";"Dupla";"Reta";"Não";3;1;0;0;2;0;0;2;-25,04757;-53,55674;"SR-PR";"UOP06";"DEL04"
268430;2020-02-10;"segunda-feira";"12:10:00";"MG";381;478;"CONTAGEM";"Falta de Atenção à Condução";"Colisão com objeto estático";"Com Vítimas Feridas";"Pleno dia";"Crescente";"Céu Claro";"Dupla";"Reta";"Sim";1;0;1;0;0;0;1;1;-19,95826;-44,05921;"SR-MG";"DEL4/1";"UOP03/MG"
268431;2020-02-10;"segunda-feira";"12:45:00";"SC";282;1;"FLORIANOPOLIS";"Não guardar distância de segurança";"Colisão traseira";"Com Vítimas Feridas";"Pleno dia";"Decrescente";"Nublado";"Dupla";"Reta";"Não";3;0;1;0;2;0;1;3;-27,60296;-48,58051;"SR-SC";"DEL8/1";"UOP01/SC"
268433;2020-02-10;"segunda-feira";"14:00:00";"PR";376;176,4;"MARINGA";"Falta de Atenção à Condução";"Colisão lateral";"Com Vítimas Feridas";"Pleno dia";"Decrescente";"Nublado";"Dupla";"Reta";"Sim";2;0;1;0;1;0;1;2;-23,41269;-51,93158;"SR-PR";"DEL7/7";"UOP04/PR"
268434;2020-02-10;"segunda-feira";"13:27:00";"PR";277;327;"GUARAPUAVA";"Falta de Atenção à Condução";"Colisão traseira";"Com Vítimas Feridas";"Pleno dia";"Crescente";"Nublado";"Simples";"Reta";"Não";5;0;1;0;4;0;1;4;-25,3676;-51,33534;"SR-PR";"DEL7/3";"UOP02/PR"
268435;2020-02-10;"segunda-feira";"14:25:00";"SC";280;53,4;"GUARAMIRIM";"Ultrapassagem Indevida";"Atropelamento de Pedestre";"Com Vítimas Feridas";"Pleno dia";"Crescente";"Nublado";"Simples";"Reta";"Sim";3;0;2;1;0;0;3;1;-26,4748;-48,981;"SR-SC";"DEL8/3";"UOP03/SC"
268436;2020-02-10;"segunda-feira";"14:10:00";"PR";163;265,3;"TOLEDO";"Ingestão de Álcool";"Saída de leito carroçável";"Sem Vítimas";"Pleno dia";"Decrescente";"Chuva";"Dupla";"Reta";"Não";2;0;0;0;2;0;0;1;-24,63374;-53,87288;"SR-PR";"UOP04";"DEL06"
268437;2020-02-10;"segunda-feira";"14:30:00";"ES";101;148,4;"LINHARES";"Desobediência às normas de trânsito pelo condutor";"Queda de ocupante de veículo";"Com Vítimas Feridas";"Pleno dia";"Decrescente";"Sol";"Dupla";"Reta";"Sim";3;0;1;0;2;0;1;2;-19,38787;-40,06753;"SR-ES";"DEL12/4";"UOP01/ES"
268438;2020-02-10;"segunda-feira";"14:40:00";"RN";101;84,9;"SAO GONCALO DO AMARANTE";"Defeito Mecânico no Veículo";"Colisão traseira";"Com Vítimas Feridas";"Pleno dia";"Crescente";"Céu Claro";"Dupla";"Desvio Temporário";"Sim";3;0;1;0;2;0;1;3;-5,774175;-35,2578;"SR-RN";"UOP01";"DEL02"
268440;2020-02-10;"segunda-feira";"14:35:00";"SC";470;49;"BLUMENAU";"Ingestão de Álcool";"Colisão transversal";"Sem Vítimas";"Pleno dia";"Decrescente";"Nublado";"Simples";"Reta";"Sim";2;0;0;0;2;0;0;2;-26,86066;-49,06516;"SR-SC";"DEL8/4";"UOP01/SC"
268443;2020-02-10;"segunda-feira";"13:10:00";"GO";153;627;"MORRINHOS";"Falta de Atenção à Condução";"Colisão traseira";"Com Vítimas Feridas";"Pleno dia";"Crescente";"Nublado";"Dupla";"Reta";"Não";3;0;1;0;1;1;1;2;-17,7792;-49,1788;"SR-GO";"DEL1/3";"UOP01/GO"
268444;2020-02-10;"segunda-feira";"05:20:00";"SP";116;284;"ITAPECERICA DA SERRA";"Falta de Atenção à Condução";"Colisão lateral";"Sem Vítimas";"Amanhecer";"Crescente";"Garoa/Chuvisco";"Simples";"Curva";"Sim";2;0;0;0;1;1;0;2;-23,69998;-46,86777;"SR-SP";"DEL6/4";"UOP01/SP"
268445;2020-02-10;"segunda-feira";"14:25:00";"PR";277;721;"FOZ DO IGUACU";"Falta de Atenção à Condução";"Colisão transversal";"Com Vítimas Feridas";"Pleno dia";"Crescente";"Céu Claro";"Dupla";"Retorno Regulamentado";"Sim";8;0;1;0;6;1;1;2;-25,49115;-54,51185;"SR-PR";"DEL7/5";"UOP01/PR"
268446;2020-02-10;"segunda-feira";"14:45:00";"SC";470;173,9;"POUSO REDONDO";"Desobediência às normas de trânsito pelo condutor";"Colisão transversal";"Com Vítimas Feridas";"Pleno dia";"Crescente";"Nublado";"Simples";"Interseção de vias";"Sim";2;0;1;0;1;0;1;2;-27,25774;-49,93057;"SR-SC";"UOP02";"DEL04"
268447;2020-02-05;"quarta-feira";"21:15:00";"MS";158;90;"PARANAIBA";"Falta de Atenção à Condução";"Colisão traseira";"Sem Vítimas";"Plena Noite";"Crescente";"Garoa/Chuvisco";"Simples";"Reta";"Não";2;0;0;0;2;0;0;2;-19,64741;-51,20629;"SR-MS";"DEL3/8";"UOP01/MS"
268448;2020-02-10;"segunda-feira";"13:30:00";"MG";381;184,5;"GOVERNADOR VALADARES";"Falta de Atenção à Condução";"Colisão transversal";"Com Vítimas Feridas";"Pleno dia";"Decrescente";"Céu Claro";"Simples";"Reta";"Não";3;0;1;1;1;0;2;2;-19,04167;-42,14952;"SR-MG";"DEL4/6";"UOP01/MG"
268449;2020-02-10;"segunda-feira";"15:20:00";"SE";235;63;"ITABAIANA";"Falta de Atenção à Condução";"Queda de ocupante de veículo";"Com Vítimas Feridas";"Pleno dia";"Decrescente";"Nublado";"Simples";"Reta";"Não";1;0;0;1;0;0;1;1;-10,60463;-37,4782;"SR-SE";"UOP02";"DEL01"
268450;2020-02-10;"segunda-feira";"15:40:00";"SP";116;146,5;"SAO JOSE DOS CAMPOS";"Falta de Atenção do Pedestre";"Queda de ocupante de veículo";"Com Vítimas Feridas";"Pleno dia";"Decrescente";"Chuva";"Dupla";"Desvio Temporário";"Sim";1;0;1;0;0;0;1;1;-23,19197;-45,86481;"SR-SP";"UOP01";"DEL02"
268451;2020-02-10;"segunda-feira";"16:25:00";"TO";153;141,3;"ARAGUAINA";"Falta de Atenção à Condução";"Colisão lateral";"Com Vítimas Feridas";"Pleno dia";"Crescente";"Sol";"Múltipla";"Rotatória";"Sim";2;0;1;0;1;0;1;2;-7,175959;-48,21955;"SR-TO";"UOP04";"DEL02"
268452;2020-02-10;"segunda-feira";"16:05:00";"PE";232;182,4;"BELO JARDIM";"Falta de Atenção à Condução";"Colisão frontal";"Com Vítimas Feridas";"Pleno dia";"Crescente";"Céu Claro";"Simples";"Reta";"Não";3;0;2;1;0;0;3;2;-8,348763;-36,45027;"SR-PE";"UOP02";"DEL02"
268453;2020-02-10;"segunda-feira";"16:00:00";"PB";230;23,8;"JOAO PESSOA";"Não guardar distância de segurança";"Colisão traseira";"Com Vítimas Feridas";"Pleno dia";"Decrescente";"Sol";"Dupla";"Reta";"Sim";4;0;1;0;3;0;1;4;-7,1562;-34,8574;"SR-PB";"UOP01";"DEL01"
268454;2020-02-10;"segunda-feira";"15:45:00";"SC";101;203;"SAO JOSE";"Falta de Atenção à Condução";"Colisão traseira";"Com Vítimas Feridas";"Pleno dia";"Decrescente";"Céu Claro";"Múltipla";"Reta";"Sim";2;0;1;0;0;1;1;2;-27,565;-48,6146;"SR-SC";"DEL8/1";"UOP01/SC"
268455;2020-02-10;"segunda-feira";"16:30:00";"DF";40;5,5;"BRASILIA";"Falta de Atenção à Condução";"Colisão lateral";"Com Vítimas Feridas";"Pleno dia";"Decrescente";"Nublado";"Dupla";"Reta";"Sim";2;0;1;0;1;0;1;2;-16,0209;-47,98054;"SR-DF";"UOP01/DF";""
268456;2020-02-10;"segunda-feira";"16:54:00";"PA";163;1004,1;"SANTAREM";"Falta de Atenção à Condução";"Colisão transversal";"Com Vítimas Feridas";"Pleno dia";"Crescente";"Céu Claro";"Dupla";"Interseção de vias";"Sim";3;0;1;0;2;0;1;3;-2,438518;-54,73275;"SR-PA";"UOP01";"DEL05"
268457;2020-02-10;"segunda-feira";"14:30:00";"SC";470;139;"RIO DO SUL";"Falta de Atenção à Condução";"Colisão transversal";"Com Vítimas Feridas";"Pleno dia";"Crescente";"Nublado";"Simples";"Reta";"Sim";2;0;1;0;1;0;1;2;-27,20191;-49,63392;"SR-SC";"DEL8/4";"UOP02/SC"
268458;2020-02-10;"segunda-feira";"17:00:00";"SE";235;11;"NOSSA SENHORA DO SOCORRO";"Falta de Atenção à Condução";"Colisão transversal";"Com Vítimas Feridas";"Pleno dia";"Decrescente";"Céu Claro";"Simples";"Não Informado";"Não";3;0;1;1;1;0;2;2;-10,87788;-37,15605;"SR-SE";"DEL20/1";"UOP01/SE"
268459;2020-01-09;"quinta-feira";"12:00:00";"MG";365;459;"PATROCINIO";"Desobediência às normas de trânsito pelo condutor";"Colisão lateral";"Com Vítimas Feridas";"Pleno dia";"Crescente";"Ignorado";"Dupla";"Reta";"Não";3;0;2;0;1;0;2;2;-18,87059;-46,9026;"SR-MG";"DEL4/10";"UOP01/MG"
268460;2020-02-10;"segunda-feira";"17:27:00";"BA";324;619;"SALVADOR";"Pista Escorregadia";"Queda de ocupante de veículo";"Com Vítimas Feridas";"Pleno dia";"Crescente";"Garoa/Chuvisco";"Dupla";"Reta";"Sim";1;0;1;0;0;0;1;1;-12,89821;-38,45012;"SR-BA";"UOP01";"DEL01"
268461;2020-02-10;"segunda-feira";"16:35:00";"SC";280;126,4;"RIO NEGRINHO";"Desobediência às normas de trânsito pelo condutor";"Colisão lateral";"Com Vítimas Feridas";"Pleno dia";"Crescente";"Nublado";"Simples";"Não Informado";"Sim";2;0;1;0;1;0;1;2;-26,2378;-49,49427;"SR-SC";"DEL8/6";"UOP03/SC"
268462;2020-02-10;"segunda-feira";"17:05:00";"PB";230;158;"CAMPINA GRANDE";"Desobediência às normas de trânsito pelo condutor";"Colisão lateral";"Com Vítimas Feridas";"Pleno dia";"Decrescente";"Céu Claro";"Simples";"Reta";"Não";3;0;1;0;1;1;1;2;-7,2582;-35,9267;"SR-PB";"DEL14/2";"UOP01/PB"
268463;2020-02-10;"segunda-feira";"17:20:00";"GO";364;54;"CACHOEIRA ALTA";"Falta de Atenção à Condução";"Capotamento";"Com Vítimas Feridas";"Anoitecer";"Crescente";"Chuva";"Simples";"Reta";"Não";2;0;2;0;0;0;2;1;-18,78276;-50,92012;"SR-GO";"DEL1/5";"UOP02/GO"
268464;2020-02-10;"segunda-feira";"18:02:00";"PR";163;167;"LINDOESTE";"Falta de Atenção à Condução";"Colisão transversal";"Com Vítimas Feridas";"Anoitecer";"Decrescente";"Garoa/Chuvisco";"Simples";"Reta";"Sim";2;0;0;1;1;0;1;2;-25,29249;-53,57039;"SR-PR";"DEL7/4";"UOP06/PR"
268465;2020-02-10;"segunda-feira";"15:40:00";"PR";476;26;"ADRIANOPOLIS";"Falta de Atenção à Condução";"Colisão lateral";"Com Vítimas Feridas";"Pleno dia";"Crescente";"Garoa/Chuvisco";"Simples";"Curva";"Não";4;0;2;0;2;0;2;2;-24,78738;-49,03473;"SR-PR";"UOP06";"DEL01"
268466;2020-02-10;"segunda-feira";"18:10:00";"ES";101;295;"CARIACICA";"Velocidade Incompatível";"Colisão traseira";"Com Vítimas Feridas";"Anoitecer";"Decrescente";"Nublado";"Múltipla";"Reta";"Sim";3;0;2;0;1;0;2;2;-20,33536;-40,40154;"SR-ES";"UOP01";"DEL01"
268467;2020-02-10;"segunda-feira";"17:40:00";"PR";376;589,8;"CURITIBA";"Falta de Atenção à Condução";"Queda de ocupante de veículo";"Com Vítimas Feridas";"Pleno dia";"Crescente";"Garoa/Chuvisco";"Dupla";"Reta";"Sim";1;0;1;0;0;0;1;1;-25,45016;-49,36319;"SR-PR";"DEL7/1";"UOP04/PR"
268468;2020-02-10;"segunda-feira";"17:55:00";"RN";101;85,4;"NATAL";"Não guardar distância de segurança";"Colisão traseira";"Com Vítimas Feridas";"Anoitecer";"Decrescente";"Céu Claro";"Dupla";"Ponte";"Sim";3;0;1;1;1;0;2;2;-5,781575;-35,24776;"SR-RN";"DEL15/2";"UOP01/RN"
268471;2020-02-10;"segunda-feira";"18:50:00";"GO";153;492,7;"GOIANIA";"Desobediência às normas de trânsito pelo condutor";"Colisão lateral";"Com Vítimas Feridas";"Plena Noite";"Decrescente";"Céu Claro";"Dupla";"Reta";"Sim";2;0;1;0;1;0;1;2;-16,6461;-49,2114;"SR-GO";"DEL1/1";"UOP01/GO"
268472;2020-02-10;"segunda-feira";"17:25:00";"SC";470;51,1;"BLUMENAU";"Falta de Atenção à Condução";"Colisão transversal";"Com Vítimas Feridas";"Pleno dia";"Decrescente";"Garoa/Chuvisco";"Simples";"Interseção de vias";"Não";2;0;1;0;1;0;1;2;-26,86234;-49,08404;"SR-SC";"DEL8/4";"UOP01/SC"
268473;2020-02-10;"segunda-feira";"18:35:00";"ES";262;29,1;"DOMINGOS MARTINS";"Velocidade Incompatível";"Tombamento";"Com Vítimas Feridas";"Anoitecer";"Decrescente";"Nublado";"Simples";"Curva";"Não";1;0;0;1;0;0;1;1;-20,37585;-40,56027;"SR-ES";"DEL12/1";"UOP01/ES"
268474;2020-02-10;"segunda-feira";"18:30:00";"MG";40;517;"RIBEIRAO DAS NEVES";"Defeito Mecânico no Veículo";"Incêndio";"Sem Vítimas";"Plena Noite";"Decrescente";"Céu Claro";"Dupla";"Reta";"Sim";1;0;0;0;1;0;0;1;-19,82351;-44,08439;"SR-MG";"UOP02";"DEL01"
268475;2020-02-10;"segunda-feira";"19:00:00";"MG";40;492;"ESMERALDAS";"Ingestão de Álcool";"Colisão lateral";"Sem Vítimas";"Plena Noite";"Crescente";"Céu Claro";"Dupla";"Reta";"Não";2;0;0;0;1;1;0;2;-19,63738;-44,20373;"SR-MG";"DEL4/2";"UOP01/MG"
268476;2020-02-10;"segunda-feira";"13:20:00";"MG";153;44;"CANAPOLIS";"Falta de Atenção à Condução";"Saída de leito carroçável";"Sem Vítimas";"Pleno dia";"Crescente";"Céu Claro";"Dupla";"Reta";"Não";1;0;0;0;1;0;0;1;-18,77297;-49,07333;"SR-MG";"UOP03";"DEL15"
268477;2020-02-10;"segunda-feira";"06:30:00";"MG";40;189,5;"JOAO PINHEIRO";"Velocidade Incompatível";"Saída de leito carroçável";"Com Vítimas Feridas";"Plena Noite";"Crescente";"Chuva";"Simples";"Reta";"Não";1;0;1;0;0;0;1;1;-17,99963;-45,89754;"SR-MG";"UOP02";"DEL14"
268478;2020-02-10;"segunda-feira";"19:15:00";"SC";282;4;"FLORIANOPOLIS";"Desobediência às normas de trânsito pelo condutor";"Colisão lateral";"Com Vítimas Feridas";"Plena Noite";"Crescente";"Céu Claro";"Múltipla";"Reta";"Sim";2;0;1;0;1;0;1;2;-27,59265;-48,60403;"SR-SC";"DEL8/1";"UOP01/SC"
268479;2020-02-10;"segunda-feira";"19:25:00";"MG";262;137;"RIO CASCA";"Defeito na Via";"Saída de leito carroçável";"Com Vítimas Feridas";"Plena Noite";"Crescente";"Céu Claro";"Simples";"Curva";"Não";2;0;2;0;0;0;2;1;-20,09616;-42,70044;"SR-MG";"DEL4/3";"UOP03/MG"
268480;2020-02-10;"segunda-feira";"19:10:00";"MG";381;674;"PERDOES";"Falta de Atenção à Condução";"Atropelamento de Pedestre";"Com Vítimas Feridas";"Plena Noite";"Crescente";"Chuva";"Dupla";"Reta";"Não";2;0;2;0;0;0;2;1;-21,10702;-45,09114;"SR-MG";"DEL4/4";"UOP02/MG"
268481;2020-02-10;"segunda-feira";"18:28:00";"PR";277;660;"MATELANDIA";"Pista Escorregadia";"Queda de ocupante de veículo";"Com Vítimas Feridas";"Anoitecer";"Decrescente";"Garoa/Chuvisco";"Dupla";"Curva";"Não";1;0;0;1;0;0;1;1;-25,25136;-53,99028;"SR-PR";"UOP05";"DEL04"
268482;2020-02-10;"segunda-feira";"18:30:00";"MS";158;58,8;"PARANAIBA";"Desobediência às normas de trânsito pelo pedestre";"Atropelamento de Pedestre";"Com Vítimas Fatais";"Plena Noite";"Crescente";"Chuva";"Simples";"Não Informado";"Não";3;1;0;0;0;2;0;1;-19,42614;-51,37673;"SR-MS";"DEL3/8";"UOP01/MS"
268483;2020-02-10;"segunda-feira";"19:15:00";"SC";470;1,4;"NAVEGANTES";"Falta de Atenção à Condução";"Colisão lateral";"Com Vítimas Feridas";"Plena Noite";"Decrescente";"Céu Claro";"Dupla";"Não Informado";"Sim";2;0;1;0;1;0;1;2;-26,87199;-48,67136;"SR-SC";"DEL8/4";"UOP04/SC"
268485;2020-02-10;"segunda-feira";"18:15:00";"RJ";116;290;"PORTO REAL";"Falta de Atenção à Condução";"Colisão transversal";"Sem Vítimas";"Anoitecer";"Crescente";"Chuva";"Simples";"Retorno Regulamentado";"Sim";2;0;0;0;2;0;0;2;-22,45187;-44,30651;"SR-RJ";"UOP02";"DEL07"
268486;2020-02-10;"segunda-feira";"19:40:00";"RJ";101;46;"CAMPOS DOS GOYTACAZES";"Desobediência às normas de trânsito pelo condutor";"Colisão transversal";"Com Vítimas Fatais";"Plena Noite";"Decrescente";"Chuva";"Simples";"Reta";"Sim";4;1;1;0;0;2;1;3;-21,59884;-41,31688;"SR-RJ";"UOP01";"DEL08"
268487;2020-02-10;"segunda-feira";"19:45:00";"SE";101;160,5;"SANTA LUZIA DO ITANHY";"Ultrapassagem Indevida";"Colisão frontal";"Com Vítimas Fatais";"Plena Noite";"Crescente";"Céu Claro";"Simples";"Não Informado";"Não";2;1;0;0;1;0;0;2;-11,29458;-37,47913;"SR-SE";"UOP01";"DEL02"
268488;2020-02-10;"segunda-feira";"18:40:00";"CE";116;38,5;"HORIZONTE";"Falta de Atenção à Condução";"Colisão transversal";"Com Vítimas Feridas";"Plena Noite";"Crescente";"Céu Claro";"Dupla";"Reta";"Sim";2;0;0;1;1;0;1;2;-4,079116;-38,49945;"SR-CE";"UOP02";"DEL01"
268489;2020-02-10;"segunda-feira";"13:30:00";"SP";116;507;"CAJATI";"Pista Escorregadia";"Saída de leito carroçável";"Sem Vítimas";"Pleno dia";"Decrescente";"Chuva";"Simples";"Curva";"Não";1;0;0;0;1;0;0;1;-24,80529;-48,21497;"SR-SP";"DEL6/5";"UOP03/SP"
268490;2020-02-10;"segunda-feira";"15:30:00";"SP";116;545;"BARRA DO TURVO";"Falta de Atenção à Condução";"Colisão com objeto estático";"Com Vítimas Feridas";"Pleno dia";"Crescente";"Chuva";"Dupla";"Curva";"Não";2;0;2;0;0;0;2;1;-24,95017;-48,424;"SR-SP";"DEL6/5";"UOP03/SP"
268491;2020-02-10;"segunda-feira";"18:30:00";"RR";174;503;"BOA VISTA";"Falta de Atenção à Condução";"Capotamento";"Com Vítimas Feridas";"Plena Noite";"Decrescente";"Céu Claro";"Simples";"Reta";"Sim";3;0;1;0;1;1;1;1;2,808133;-60,69166;"SR-RR";"UOP01/RR";""
268492;2020-02-10;"segunda-feira";"13:15:00";"SP";116;513;"CAJATI";"Pista Escorregadia";"Colisão com objeto estático";"Com Vítimas Feridas";"Pleno dia";"Decrescente";"Chuva";"Simples";"Curva";"Não";2;0;2;0;0;0;2;1;-24,8511;-48,21802;"SR-SP";"DEL6/5";"UOP03/SP"
268493;2020-01-13;"segunda-feira";"18:40:00";"PR";376;595;"CURITIBA";"Falta de Atenção à Condução";"Colisão lateral";"Com Vítimas Feridas";"Pleno dia";"Crescente";"Céu Claro";"Dupla";"Reta";"Não";2;0;1;0;1;0;1;2;-25,44215;-49,3637;"SR-PR";"DEL7/1";"UOP04/PR"
268494;2020-02-10;"segunda-feira";"20:20:00";"MG";50;133;"UBERABA";"Condutor Dormindo";"Colisão traseira";"Com Vítimas Feridas";"Plena Noite";"Crescente";"Céu Claro";"Dupla";"Reta";"Não";2;0;1;0;1;0;1;2;-19,41574;-48,07159;"SR-MG";"DEL13";"UOP01/MG"
268495;2020-02-10;"segunda-feira";"17:40:00";"SC";280;50,8;"GUARAMIRIM";"Falta de Atenção à Condução";"Colisão transversal";"Com Vítimas Feridas";"Pleno dia";"Decrescente";"Garoa/Chuvisco";"Simples";"Reta";"Sim";2;0;1;0;1;0;1;2;-26,46195;-48,94618;"SR-SC";"DEL8/3";"UOP03/SC"
268496;2020-02-10;"segunda-feira";"20:45:00";"MG";381;487,9;"BETIM";"Falta de Atenção à Condução";"Tombamento";"Com Vítimas Feridas";"Plena Noite";"Crescente";"Nublado";"Dupla";"Curva";"Sim";1;0;1;0;0;0;1;1;-19,95587;-44,1461;"SR-MG";"DEL4/1";"UOP03/MG"
268497;2020-02-10;"segunda-feira";"17:35:00";"SC";280;2,8;"SAO FRANCISCO DO SUL";"Velocidade Incompatível";"Colisão transversal";"Com Vítimas Feridas";"Pleno dia";"Decrescente";"Nublado";"Simples";"Reta";"Sim";2;0;0;2;0;0;2;2;-26,24333;-48,61651;"SR-SC";"DEL8/3";"UOP03/SC"
268498;2020-02-10;"segunda-feira";"16:10:00";"AL";423;88;"DELMIRO GOUVEIA";"Falta de Atenção à Condução";"Colisão frontal";"Com Vítimas Fatais";"Pleno dia";"Crescente";"Céu Claro";"Simples";"Interseção de vias";"Não";3;1;2;0;0;0;2;2;-9,355008;-38,05429;"SR-BA";"DEL10/7";"UOP01/BA"
268499;2020-02-10;"segunda-feira";"19:10:00";"AL";316;216,2;"ATALAIA";"Desobediência às normas de trânsito pelo condutor";"Colisão traseira";"Com Vítimas Feridas";"Plena Noite";"Decrescente";"Céu Claro";"Simples";"Curva";"Não";3;0;2;0;0;1;2;2;-9,503598;-36,21488;"SR-AL";"DEL13/1";"UOP01/AL"
268501;2020-02-10;"segunda-feira";"19:45:00";"PE";423;96,9;"GARANHUNS";"Não guardar distância de segurança";"Colisão transversal";"Com Vítimas Feridas";"Plena Noite";"Decrescente";"Céu Claro";"Simples";"Reta";"Sim";2;0;1;0;1;0;1;2;-8,880218;-36,48652;"SR-PE";"UOP01";"DEL03"
268502;2020-02-10;"segunda-feira";"19:40:00";"MS";163;458,2;"CAMPO GRANDE";"Desobediência às normas de trânsito pelo condutor";"Tombamento";"Com Vítimas Feridas";"Plena Noite";"Crescente";"Nublado";"Simples";"Reta";"Não";2;0;2;0;0;0;2;1;-20,65534;-54,56329;"SR-MS";"DEL3/1";"UOP01/MS"
268503;2020-02-10;"segunda-feira";"21:30:00";"GO";60;460;"JATAI";"Condutor Dormindo";"Saída de leito carroçável";"Com Vítimas Feridas";"Plena Noite";"Crescente";"Nublado";"Dupla";"Não Informado";"Não";1;0;1;0;0;0;1;1;-17,8715;-51,6163;"SR-GO";"DEL1/5";"UOP01/GO"
268504;2020-02-10;"segunda-feira";"20:00:00";"CE";116;391;"ICO";"Animais na Pista";"Atropelamento de Animal";"Sem Vítimas";"Plena Noite";"Decrescente";"Nublado";"Simples";"Desvio Temporário";"Não";1;0;0;0;1;0;0;1;-6,520018;-38,86154;"SR-CE";"UOP01";"DEL05"
268505;2020-02-10;"segunda-feira";"21:10:00";"MG";381;516,8;"IGARAPE";"Velocidade Incompatível";"Saída de leito carroçável";"Com Vítimas Feridas";"Plena Noite";"Decrescente";"Chuva";"Dupla";"Não Informado";"Não";1;0;1;0;0;0;1;1;-20,10867;-44,31489;"SR-MG";"UOP03";"DEL01"
268506;2020-02-10;"segunda-feira";"22:00:00";"PR";376;96;"PARANAVAI";"Defeito Mecânico no Veículo";"Tombamento";"Com Vítimas Feridas";"Plena Noite";"Crescente";"Céu Claro";"Simples";"Reta";"Não";1;0;1;0;0;0;1;1;-23,01506;-52,51164;"SR-PR";"UOP02";"DEL09"
268507;2020-02-10;"segunda-feira";"22:30:00";"PR";376;414;"TIBAGI";"Falta de Atenção à Condução";"Colisão traseira";"Com Vítimas Feridas";"Plena Noite";"Decrescente";"Ignorado";"Simples";"Não Informado";"Não";2;0;0;1;1;0;1;2;-24,69039;-50,58144;"SR-PR";"DEL7/3";"UOP05/PR"
268508;2020-02-10;"segunda-feira";"22:15:00";"SC";101;133;"BALNEARIO CAMBORIU";"Desobediência às normas de trânsito pelo condutor";"Colisão lateral";"Sem Vítimas";"Plena Noite";"Crescente";"Céu Claro";"Múltipla";"Interseção de vias";"Sim";2;0;0;0;2;0;0;2;-26,99936;-48,64609;"SR-SC";"UOP03";"DEL04"
268509;2020-02-10;"segunda-feira";"22:30:00";"BA";116;455;"SANTO ESTEVAO";"Defeito Mecânico no Veículo";"Saída de leito carroçável";"Com Vítimas Feridas";"Plena Noite";"Crescente";"Céu Claro";"Dupla";"Reta";"Não";2;0;2;0;0;0;2;1;-12,40122;-39,1683;"SR-BA";"UOP01";"DEL02"
268510;2020-02-10;"segunda-feira";"22:25:00";"RS";392;20,4;"RIO GRANDE";"Ingestão de Álcool";"Saída de leito carroçável";"Com Vítimas Feridas";"Plena Noite";"Decrescente";"Nublado";"Dupla";"Curva";"Sim";2;0;1;0;1;0;1;1;-32,08573;-52,1969;"SR-RS";"DEL9/7";"UOP02/RS"
268511;2020-02-10;"segunda-feira";"22:45:00";"PR";277;2;"PARANAGUA";"Falta de Atenção à Condução";"Colisão lateral";"Com Vítimas Feridas";"Plena Noite";"Decrescente";"Nublado";"Dupla";"Reta";"Sim";3;0;1;0;2;0;1;2;-25,54574;-48,54374;"SR-PR";"DEL7/1";"UOP07/PR"
268512;2020-02-10;"segunda-feira";"18:35:00";"MT";163;809;"SINOP";"Ultrapassagem Indevida";"Colisão lateral";"Com Vítimas Feridas";"Anoitecer";"Crescente";"Nublado";"Simples";"Reta";"Não";2;0;1;0;1;0;1;2;-12,08605;-55,51762;"SR-MT";"DEL2/6";"UOP01/MT"
268513;2020-02-10;"segunda-feira";"23:00:00";"GO";70;7;"AGUAS LINDAS DE GOIAS";"Falta de Atenção à Condução";"Colisão traseira";"Com Vítimas Feridas";"Anoitecer";"Crescente";"Céu Claro";"Dupla";"Reta";"Sim";3;0;1;0;2;0;1;2;-15,74376;-48,2678;"SR-DF";"UOP03";"DEL01"