"id";"data_inversa";"dia_semana";"horario";"uf";"br";"km";"municipio";"causa_acidente";"tipo_acidente";"classificacao_acidente";"fase_dia";"sentido_via";"condicao_metereologica";"tipo_pista";"tracado_via";"uso_solo";"pessoas";"mortos";"feridos_leves";"feridos_graves";"ilesos";"ignorados";"feridos";"veiculos";"latitude";"longitude";"regional";"delegacia";"uop"
268514;2020-02-10;"segunda-feira";"19:30:00";"PB";104;72,9;"REMIGIO";"Defeito Mecânico no Veículo";"Saída de leito carroçável";"Com Vítimas Feridas";"Plena Noite";"Crescente";"Céu Claro";"Simples";"Reta";"Não";1;0;1;0;0;0;1;1;-6,895262;-35,89763;"SR-PB";"DEL14/2";"UOP04/PB"
268515;2020-02-10;"segunda-feira";"23:25:00";"DF";20;20;"BRASILIA";"Defeito na Via";"Atropelamento de Pedestre";"Com Vítimas Feridas";"Plena Noite";"Crescente";"Céu Claro";"Dupla";"Desvio Temporário";"Sim";2;0;1;0;1;0;1;1;-15,60791;-47,69279;"SR-DF";"UOP01";"DEL02"
268516;2020-02-10;"segunda-feira";"23:20:00";"DF";60;3;"BRASILIA";"Falta de Atenção à Condução";"Saída de leito carroçável";"Com Vítimas Feridas";"Plena Noite";"Decrescente";"Nublado";"Dupla";"Reta";"Sim";1;0;1;0;0;0;1;1;-15,89052;-48,08686;"SR-DF";"UOP02";"DEL01"
268517;2020-01-29;"quarta-feira";"15:00:00";"RJ";116;93;"GUAPIMIRIM";"Falta de Atenção à Condução";"Engavetamento";"Com Vítimas Feridas";"Pleno dia";"Crescente";"Céu Claro";"Simples";"Reta";"Não";4;0;1;0;3;0;1;3;-22,46416;-42,99216;"SR-RJ";"DEL5/4";"UOP02/RJ"
268518;2020-02-10;"segunda-feira";"23:50:00";"RJ";116;288,7;"BARRA MANSA";"Velocidade Incompatível";"Saída de leito carroçável";"Com Vítimas Feridas";"Plena Noite";"Decrescente";"Chuva";"Dupla";"Reta";"Não";1;0;0;1;0;0;1;1;-22,48687;-44,25028;"SR-RJ";"UOP02";"DEL07"
268519;2020-02-11;"terça-feira";"00:30:00";"MG";40;503,8;"ESMERALDAS";"Falta de Atenção à Condução";"Colisão traseira";"Com Vítimas Feridas";"Plena Noite";"Decrescente";"Nublado";"Dupla";"Reta";"Não";2;0;1;0;1;0;1;2;-19,72138;-44,15574;"SR-MG";"DEL4/2";"UOP01/MG"
268520;2020-02-10;"segunda-feira";"21:20:00";"MG";262;3,5;"MARTINS SOARES";"Falta de Atenção à Condução";"Colisão transversal";"Com Vítimas Feridas";"Plena Noite";"Crescente";"Céu Claro";"Simples";"Não Informado";"Não";2;0;1;0;1;0;1;2;-20,25321;-41,7847;"SR-MG";"UOP04";"DEL06"
268521;2020-02-06;"quinta-feira";"13:55:00";"SP";381;33;"ATIBAIA";"Restrição de Visibilidade";"Colisão com objeto estático";"Sem Vítimas";"Pleno dia";"Decrescente";"Chuva";"Dupla";"Não Informado";"Sim";1;0;0;0;1;0;0;1;-23,0728;-46,56674;"SR-SP";"DEL6/3";"UOP02/SP"
268522;2020-02-11;"terça-feira";"00:50:00";"SP";381;72;"SAO PAULO";"Pista Escorregadia";"Colisão traseira";"Com Vítimas Feridas";"Plena Noite";"Crescente";"Garoa/Chuvisco";"Dupla";"Curva";"Não";4;0;1;0;3;0;1;4;-23,36022;-46,55079;"SR-SP";"UOP01";"DEL03"
268523;2020-02-10;"segunda-feira";"18:10:00";"SP";381;52;"ATIBAIA";"Pista Escorregadia";"Colisão com objeto estático";"Sem Vítimas";"Plena Noite";"Decrescente";"Chuva";"Dupla";"Não Informado";"Não";1;0;0;0;0;1;0;1;-23,23006;-46,59963;"SR-SP";"UOP01";"DEL03"
268524;2020-02-10;"segunda-feira";"23:45:00";"GO";153;541,2;"HIDROLANDIA";"Condutor Dormindo";"Colisão traseira";"Com Vítimas Feridas";"Plena Noite";"Decrescente";"Nublado";"Dupla";"Reta";"Não";3;0;1;1;1;0;2;2;-17,0648;-49,2252;"SR-GO";"DEL1/1";"UOP03/GO"
268525;2020-02-10;"segunda-feira";"23:30:00";"GO";60;127,9;"GOIANAPOLIS";"Condutor Dormindo";"Saída de leito carroçável";"Com Vítimas Feridas";"Plena Noite";"Decrescente";"Céu Claro";"Dupla";"Não Informado";"Não";1;0;1;0;0;0;1;1;-16,5412;-49,1495;"SR-GO";"DEL1/1";"UOP01/GO"
268526;2020-02-10;"segunda-feira";"22:45:00";"BA";110;146;"HELIOPOLIS";"Velocidade Incompatível";"Saída de leito carroçável";"Com Vítimas Feridas";"Plena Noite";"Decrescente";"Nublado";"Simples";"Interseção de vias";"Não";1;0;1;0;0;0;1;1;-10,66743;-38,41856;"SR-BA";"DEL10/7";"UOP02/BA"
268527;2020-02-11;"terça-feira";"00:05:00";"SP";488;2,4;"APARECIDA";"Velocidade Incompatível";"Colisão com objeto estático";"Sem Vítimas";"Plena Noite";"Decrescente";"Chuva";"Dupla";"Reta";"Sim";1;0;0;0;0;1;0;1;-22,84922;-45,2368;"SR-SP";"DEL6/8";"UOP02/SP"
268528;2020-02-10;"segunda-feira";"21:40:00";"GO";60;126,8;"GOIANAPOLIS";"Avarias e/ou desgaste excessivo no pneu";"Incêndio";"Com Vítimas Feridas";"Plena Noite";"Crescente";"Céu Claro";"Dupla";"Curva";"Não";15;0;1;0;14;0;1;1;-16,5324;-49,1473;"SR-GO";"DEL1/1";"UOP01/GO"
268529;2020-02-11;"terça-feira";"01:10:00";"RJ";101;194;"CASIMIRO DE ABREU";"Falta de Atenção à Condução";"Colisão traseira";"Sem Vítimas";"Plena Noite";"Decrescente";"Chuva";"Dupla";"Reta";"Não";2;0;0;0;2;0;0;2;-22,48345;-42,097;"SR-RJ";"UOP04";"DEL02"
268530;2020-02-11;"terça-feira";"04:15:00";"RN";101;112,5;"SAO JOSE DE MIPIBU";"Condutor Dormindo";"Saída de leito carroçável";"Com Vítimas Feridas";"Amanhecer";"Decrescente";"Céu Claro";"Dupla";"Desvio Temporário";"Não";3;0;2;0;1;0;2;1;-5,96429;-35,26488;"SR-RN";"DEL15/1";"UOP01/RN"
268531;2020-02-10;"segunda-feira";"19:45:00";"MA";135;63,1;"BACABEIRA";"Animais na Pista";"Atropelamento de Animal";"Com Vítimas Feridas";"Plena Noite";"Decrescente";"Céu Claro";"Dupla";"Reta";"Não";1;0;1;0;0;0;1;1;-2,99687;-44,31301;"SR-MA";"UOP02";"DEL01"
268532;2020-02-11;"terça-feira";"04:50:00";"SC";470;40,8;"GASPAR";"Condutor Dormindo";"Colisão frontal";"Com Vítimas Feridas";"Plena Noite";"Crescente";"Céu Claro";"Simples";"Reta";"Sim";2;0;1;0;1;0;1;2;-26,88957;-48,99094;"SR-SC";"UOP01";"DEL04"
268533;2020-02-11;"terça-feira";"05:20:00";"RS";116;256,4;"ESTEIO";"Falta de Atenção à Condução";"Tombamento";"Com Vítimas Feridas";"Amanhecer";"Crescente";"Céu Claro";"Múltipla";"Reta";"Sim";2;0;1;0;1;0;1;2;-29,84394;-51,17729;"SR-RS";"UOP02";"DEL01"
268534;2020-02-11;"terça-feira";"05:35:00";"PB";230;28;"JOAO PESSOA";"Velocidade Incompatível";"Tombamento";"Com Vítimas Feridas";"Pleno dia";"Crescente";"Nublado";"Múltipla";"Curva";"Sim";3;0;1;1;0;1;2;1;-7,1663;-34,89944;"SR-PB";"UOP01";"DEL01"
268535;2020-02-11;"terça-feira";"06:20:00";"SP";116;158;"JACAREI";"Defeito Mecânico no Veículo";"Colisão com objeto estático";"Com Vítimas Feridas";"Pleno dia";"Crescente";"Chuva";"Dupla";"Retorno Regulamentado";"Não";1;0;1;0;0;0;1;1;-23,26072;-45,95179;"SR-SP";"DEL6/2";"UOP01/SP"
268536;2020-02-10;"segunda-feira";"22:30:00";"PE";232;110,1;"BEZERROS";"Condutor Dormindo";"Capotamento";"Com Vítimas Feridas";"Plena Noite";"Crescente";"Vento";"Dupla";"Curva";"Não";1;0;1;0;0;0;1;1;-8,286345;-35,81756;"SR-PE";"UOP02";"DEL02"
268537;2020-02-11;"terça-feira";"05:10:00";"ES";482;129;"DORES DO RIO PRETO";"Falta de Atenção à Condução";"Saída de leito carroçável";"Com Vítimas Feridas";"Amanhecer";"Decrescente";"Nublado";"Simples";"Desvio Temporário";"Não";1;0;1;0;0;0;1;1;-20,74573;-41,82649;"SR-ES";"UOP02";"DEL03"
268538;2020-02-10;"segunda-feira";"21:20:00";"RO";435;124;"CEREJEIRAS";"Falta de Atenção à Condução";"Colisão traseira";"Com Vítimas Feridas";"Plena Noite";"Crescente";"Nublado";"Dupla";"Reta";"Sim";2;0;1;0;1;0;1;2;-13,18888;-60,81729;"SR-RO";"UOP02";"DEL04"
268539;2020-02-11;"terça-feira";"06:40:00";"PR";277;112;"CAMPO LARGO";"Falta de Atenção à Condução";"Colisão lateral";"Com Vítimas Feridas";"Pleno dia";"Crescente";"Nublado";"Dupla";"Reta";"Não";2;0;2;0;0;0;2;2;-25,43258;-49,36978;"SR-PR";"UOP03";"DEL03"
268540;2020-02-11;"terça-feira";"06:50:00";"RN";304;295,9;"MACAIBA";"Falta de Atenção à Condução";"Colisão transversal";"Com Vítimas Feridas";"Pleno dia";"Decrescente";"Sol";"Simples";"Reta";"Sim";3;0;1;0;2;0;1;3;-5,866059;-35,35822;"SR-RN";"UOP02";"DEL01"
268541;2020-02-11;"terça-feira";"07:30:00";"SC";282;16,6;"PALHOCA";"Desobediência às normas de trânsito pelo condutor";"Atropelamento de Pedestre";"Com Vítimas Feridas";"Pleno dia";"Decrescente";"Céu Claro";"Simples";"Reta";"Não";3;0;3;0;0;0;3;1;-27,65861;-48,68185;"SR-SC";"DEL8/1";"UOP02/SC"
268542;2020-02-11;"terça-feira";"07:00:00";"CE";20;420;"CAUCAIA";"Falta de Atenção à Condução";"Colisão com objeto estático";"Sem Vítimas";"Pleno dia";"Crescente";"Céu Claro";"Dupla";"Reta";"Sim";1;0;0;0;1;0;0;1;-3,76999;-38,67006;"SR-CE";"DEL16/1";"UOP02/CE"
268543;2020-02-11;"terça-feira";"05:18:00";"SC";280;88,1;"CORUPA";"Falta de Atenção à Condução";"Colisão lateral";"Com Vítimas Feridas";"Amanhecer";"Decrescente";"Nevoeiro/Neblina";"Simples";"Reta";"Não";2;0;0;1;1;0;1;2;-26,41552;-49,26718;"SR-SC";"UOP03";"DEL06"
268544;2020-02-11;"terça-feira";"07:20:00";"PR";369;148;"LONDRINA";"Velocidade Incompatível";"Queda de ocupante de veículo";"Com Vítimas Feridas";"Pleno dia";"Crescente";"Nublado";"Dupla";"Não Informado";"Sim";3;0;0;1;1;1;1;2;-23,29293;-51,15225;"SR-PR";"DEL7/7";"UOP01/PR"
268545;2020-02-11;"terça-feira";"07:50:00";"SC";280;67,9;"JARAGUA DO SUL";"Desobediência às normas de trânsito pelo condutor";"Colisão traseira";"Com Vítimas Feridas";"Pleno dia";"Decrescente";"Nublado";"Simples";"Reta";"Não";2;0;1;0;1;0;1;2;-26,47751;-49,10364;"SR-SC";"DEL8/3";"UOP03/SC"
268546;2020-02-11;"terça-feira";"07:45:00";"SC";101;119;"ITAJAI";"Desobediência às normas de trânsito pelo condutor";"Colisão lateral";"Com Vítimas Feridas";"Pleno dia";"Crescente";"Céu Claro";"Dupla";"Reta";"Não";2;0;0;1;0;1;1;2;-26,90432;-48,71555;"SR-SC";"DEL8/4";"UOP04/SC"
268548;2020-02-11;"terça-feira";"07:55:00";"RN";101;105;"PARNAMIRIM";"Falta de Atenção do Pedestre";"Colisão com objeto estático";"Com Vítimas Feridas";"Pleno dia";"Crescente";"Céu Claro";"Dupla";"Reta";"Sim";4;0;1;1;1;1;2;1;-5,901652;-35,25929;"SR-RN";"DEL15/1";"UOP01/RN"
268549;2020-02-11;"terça-feira";"07:30:00";"PE";101;60,7;"RECIFE";"Falta de Atenção à Condução";"Colisão traseira";"Com Vítimas Feridas";"Pleno dia";"Decrescente";"Sol";"Múltipla";"Reta";"Sim";2;0;1;0;1;0;1;2;-7,983443;-34,93177;"SR-PE";"DEL11/1";"UOP02/PE"
268550;2020-02-11;"terça-feira";"07:20:00";"RJ";101;464;"ANGRA DOS REIS";"Pista Escorregadia";"Saída de leito carroçável";"Sem Vítimas";"Pleno dia";"Crescente";"Chuva";"Simples";"Curva";"Não";1;0;0;0;1;0;0;1;-23,02483;-44,21971;"SR-RJ";"UOP02";"DEL03"
268552;2020-02-11;"terça-feira";"07:40:00";"PE";408;101,3;"RECIFE";"Defeito Mecânico no Veículo";"Colisão com objeto em movimento";"Com Vítimas Feridas";"Pleno dia";"Crescente";"Céu Claro";"Dupla";"Reta";"Não";2;0;1;0;1;0;1;2;-8,047103;-35,00888;"SR-PE";"UOP01";"DEL01"
268553;2020-02-10;"segunda-feira";"22:50:00";"RJ";101;327;"NITEROI";"Falta de Atenção à Condução";"Tombamento";"Com Vítimas Feridas";"Plena Noite";"Decrescente";"Chuva";"Dupla";"Reta";"Não";1;0;1;0;0;0;1;1;-22,87117;-43,15595;"SR-RJ";"UOP01";"DEL02"
268554;2020-02-11;"terça-feira";"07:30:00";"RJ";101;523,7;"ANGRA DOS REIS";"Velocidade Incompatível";"Colisão frontal";"Com Vítimas Feridas";"Pleno dia";"Crescente";"Chuva";"Simples";"Reta";"Não";6;0;3;3;0;0;6;2;-23,00004;-44,47677;"SR-RJ";"UOP03";"DEL03"
268555;2020-02-11;"terça-feira";"04:50:00";"RO";364;514;"ARIQUEMES";"Falta de Atenção à Condução";"Colisão lateral";"Com Vítimas Feridas";"Amanhecer";"Decrescente";"Chuva";"Simples";"Reta";"Sim";3;0;1;0;2;0;1;3;-9,933984;-63,05523;"SR-RO";"UOP01";"DEL03"
268556;2020-02-11;"terça-feira";"08:00:00";"ES";101;439,8;"MIMOSO DO SUL";"Condutor Dormindo";"Colisão frontal";"Com Vítimas Feridas";"Pleno dia";"Decrescente";"Chuva";"Simples";"Curva";"Não";2;0;1;0;1;0;1;2;-21,07265;-41,22787;"SR-ES";"DEL12/3";"UOP02/ES"
268557;2020-02-11;"terça-feira";"08:15:00";"PR";277;5,7;"PARANAGUA";"Defeito Mecânico no Veículo";"Engavetamento";"Com Vítimas Feridas";"Pleno dia";"Crescente";"Garoa/Chuvisco";"Dupla";"Reta";"Sim";3;0;0;1;2;0;1;3;-25,5472;-48,5457;"SR-PR";"DEL7/1";"UOP07/PR"
268558;2020-02-11;"terça-feira";"02:00:00";"MG";381;581,3;"CARMOPOLIS DE MINAS";"Condutor Dormindo";"Saída de leito carroçável";"Com Vítimas Feridas";"Plena Noite";"Decrescente";"Chuva";"Dupla";"Curva";"Não";1;0;1;0;0;0;1;1;-20,49125;-44,60207;"SR-MG";"UOP01";"DEL04"
268559;2020-02-11;"terça-feira";"06:45:00";"RS";392;26,7;"RIO GRANDE";"Falta de Atenção à Condução";"Colisão lateral";"Com Vítimas Feridas";"Pleno dia";"Crescente";"Céu Claro";"Dupla";"Reta";"Sim";3;0;1;0;2;0;1;2;-32,07835;-52,25665;"SR-RS";"UOP02";"DEL07"
268560;2020-02-11;"terça-feira";"08:15:00";"PB";230;23;"JOAO PESSOA";"Falta de Atenção à Condução";"Colisão traseira";"Com Vítimas Feridas";"Pleno dia";"Decrescente";"Céu Claro";"Dupla";"Não Informado";"Sim";5;0;2;0;3;0;2;3;-7,1562;-34,8574;"SR-PB";"DEL14/1";"UOP01/PB"
268561;2020-02-11;"terça-feira";"04:40:00";"MT";158;624,9;"AGUA BOA";"Animais na Pista";"Atropelamento de Animal";"Com Vítimas Feridas";"Plena Noite";"Crescente";"Nublado";"Simples";"Reta";"Não";1;0;1;0;0;0;1;1;-14,4847;-52,28141;"SR-MT";"UOP02";"DEL07"
268562;2020-02-11;"terça-feira";"08:40:00";"RS";290;96,3;"PORTO ALEGRE";"Não guardar distância de segurança";"Colisão lateral";"Com Vítimas Feridas";"Pleno dia";"Crescente";"Céu Claro";"Dupla";"Reta";"Não";7;0;2;1;4;0;3;5;-29,99211;-51,20452;"SR-RS";"DEL9/1";"UOP01/RS"
268563;2020-02-11;"terça-feira";"06:40:00";"RO";435;83;"COLORADO DO OESTE";"Defeito Mecânico no Veículo";"Colisão lateral";"Com Vítimas Feridas";"Pleno dia";"Decrescente";"Céu Claro";"Dupla";"Não Informado";"Sim";2;0;1;0;1;0;1;2;-13,11692;-60,51412;"SR-RO";"UOP02";"DEL04"
268564;2020-02-11;"terça-feira";"08:55:00";"RN";304;300;"MACAIBA";"Falta de Atenção à Condução";"Colisão traseira";"Com Vítimas Feridas";"Pleno dia";"Decrescente";"Céu Claro";"Dupla";"Reta";"Não";2;0;0;1;1;0;1;2;-5,873767;-35,31504;"SR-RN";"DEL15/1";"UOP02/RN"
268565;2020-02-11;"terça-feira";"09:00:00";"RJ";40;90;"PETROPOLIS";"Defeito Mecânico no Veículo";"Saída de leito carroçável";"Com Vítimas Feridas";"Pleno dia";"Crescente";"Chuva";"Simples";"Curva";"Não";1;0;1;0;0;0;1;1;-22,55074;-43,2364;"SR-RJ";"DEL5/6";"UOP03/RJ"
268566;2020-02-11;"terça-feira";"09:20:00";"MG";365;469;"PATROCINIO";"Animais na Pista";"Colisão traseira";"Com Vítimas Feridas";"Pleno dia";"Decrescente";"Céu Claro";"Simples";"Reta";"Não";2;0;1;0;1;0;1;2;-18,9041;-46,9607;"SR-MG";"DEL4/10";"UOP01/MG"
268567;2020-02-11;"terça-feira";"03:40:00";"MS";262;312,6;"CAMPO GRANDE";"Defeito Mecânico no Veículo";"Incêndio";"Sem Vítimas";"Plena Noite";"Crescente";"Céu Claro";"Simples";"Reta";"Não";1;0;0;0;1;0;0;1;-20,47293;-54,40556;"SR-MS";"UOP01";"DEL01"
268568;2020-02-11;"terça-feira";"06:40:00";"MT";163;518,9;"DIAMANTINO";"Falta de Atenção à Condução";"Colisão frontal";"Com Vítimas Feridas";"Pleno dia";"Decrescente";"Chuva";"Simples";"Reta";"Não";3;0;1;0;2;0;1;3;-14,52716;-56,2253;"SR-MT";"UOP01";"DEL01"
268569;2020-02-10;"segunda-feira";"03:30:00";"MT";364;1237;"COMODORO";"Falta de Atenção à Condução";"Saída de leito carroçável";"Com Vítimas Feridas";"Plena Noite";"Crescente";"Nublado";"Simples";"Reta";"Não";2;0;2;0;0;0;2;1;-13,72305;-59,71075;"SR-MT";"DEL2/7";"UOP01/MT"
268570;2020-02-11;"terça-feira";"10:00:00";"PR";277;81;"CURITIBA";"Falta de Atenção à Condução";"Queda de ocupante de veículo";"Com Vítimas Feridas";"Pleno dia";"Decrescente";"Nublado";"Dupla";"Reta";"Sim";1;0;1;0;0;0;1;1;-25,56894;-49,18198;"SR-PR";"DEL7/1";"UOP04/PR"
268571;2020-02-11;"terça-feira";"10:10:00";"SP";116;550;"BARRA DO TURVO";"Pista Escorregadia";"Colisão com objeto estático";"Com Vítimas Feridas";"Pleno dia";"Decrescente";"Chuva";"Dupla";"Curva";"Não";2;0;1;0;1;0;1;1;-24,9575;-48,46441;"SR-SP";"DEL6/5";"UOP03/SP"
268572;2020-02-11;"terça-feira";"08:45:00";"SC";470;315;"CAMPOS NOVOS";"Falta de Atenção à Condução";"Colisão transversal";"Com Vítimas Feridas";"Pleno dia";"Decrescente";"Céu Claro";"Simples";"Reta";"Não";2;0;1;0;1;0;1;2;-27,39339;-51,19219;"SR-SC";"UOP08";"DEL07"
268573;2020-02-11;"terça-feira";"10:10:00";"MG";40;734,9;"SANTOS DUMONT";"Pista Escorregadia";"Saída de leito carroçável";"Com Vítimas Feridas";"Pleno dia";"Decrescente";"Chuva";"Simples";"Curva";"Não";1;0;1;0;0;0;1;1;-21,36224;-43,57543;"SR-MG";"DEL5";"UOP01/MG"
268574;2020-02-11;"terça-feira";"10:15:00";"SC";282;87;"ALFREDO WAGNER";"Defeito Mecânico no Veículo";"Engavetamento";"Sem Vítimas";"Pleno dia";"Crescente";"Céu Claro";"Simples";"Curva";"Não";5;0;0;0;4;1;0;3;-27,66477;-49,20578;"SR-SC";"DEL8/1";"UOP03/SC"
268575;2020-02-11;"terça-feira";"10:45:00";"SC";101;195;"BIGUACU";"Falta de Atenção à Condução";"Colisão lateral";"Com Vítimas Feridas";"Pleno dia";"Decrescente";"Céu Claro";"Múltipla";"Reta";"Não";2;0;0;1;1;0;1;2;-27,50471;-48,65011;"SR-SC";"DEL8/1";"UOP01/SC"
268577;2020-02-11;"terça-feira";"11:00:00";"MG";381;496;"BETIM";"Desobediência às normas de trânsito pelo condutor";"Colisão lateral";"Com Vítimas Feridas";"Pleno dia";"Decrescente";"Nublado";"Dupla";"Reta";"Sim";2;0;1;0;1;0;1;2;-19,99676;-44,20959;"SR-MG";"UOP03";"DEL01"
268578;2020-02-11;"terça-feira";"10:55:00";"RJ";40;90;"PETROPOLIS";"Velocidade Incompatível";"Saída de leito carroçável";"Com Vítimas Feridas";"Pleno dia";"Crescente";"Chuva";"Simples";"Curva";"Não";2;0;1;0;1;0;1;1;-22,55074;-43,2364;"SR-RJ";"UOP03";"DEL06"
268579;2020-02-11;"terça-feira";"10:40:00";"PR";116;64;"CAMPINA GRANDE DO SUL";"Avarias e/ou desgaste excessivo no pneu";"Colisão lateral";"Sem Vítimas";"Pleno dia";"Crescente";"Chuva";"Dupla";"Reta";"Não";2;0;0;0;2;0;0;2;-25,30617;-48,99337;"SR-PR";"DEL7/1";"UOP02/PR"
268580;2020-02-11;"terça-feira";"11:00:00";"SC";101;91,5;"BARRA VELHA";"Falta de Atenção à Condução";"Queda de ocupante de veículo";"Com Vítimas Feridas";"Pleno dia";"Decrescente";"Céu Claro";"Dupla";"Reta";"Sim";2;0;1;0;1;0;1;2;-26,67121;-48,69012;"SR-SC";"DEL8/3";"UOP02/SC"
268581;2020-02-11;"terça-feira";"11:20:00";"GO";40;14;"LUZIANIA";"Falta de Atenção do Pedestre";"Atropelamento de Pedestre";"Sem Vítimas";"Pleno dia";"Crescente";"Céu Claro";"Dupla";"Reta";"Sim";1;0;0;0;1;0;0;1;-16,15875;-47,93314;"SR-DF";"UOP01/DF";""
268582;2020-02-11;"terça-feira";"11:00:00";"RN";101;149,3;"GOIANINHA";"Falta de Atenção do Pedestre";"Saída de leito carroçável";"Com Vítimas Feridas";"Pleno dia";"Decrescente";"Céu Claro";"Dupla";"Reta";"Sim";1;0;1;0;0;0;1;1;-6,287087;-35,20055;"SR-RN";"UOP01";"DEL01"
268583;2020-02-11;"terça-feira";"09:00:00";"MG";267;219,3;"ARANTINA";"Velocidade Incompatível";"Colisão com objeto estático";"Com Vítimas Feridas";"Pleno dia";"Crescente";"Chuva";"Simples";"Curva";"Não";1;0;1;0;0;0;1;1;-21,94965;-44,24923;"SR-MG";"DEL5";"UOP03/MG"
268584;2020-02-11;"terça-feira";"11:40:00";"PR";476;139;"CURITIBA";"Falta de Atenção à Condução";"Colisão traseira";"Com Vítimas Feridas";"Pleno dia";"Crescente";"Nublado";"Múltipla";"Reta";"Sim";2;0;1;0;1;0;1;2;-25,49105;-49,27168;"SR-PR";"DEL7/1";"UOP03/PR"
268585;2020-02-11;"terça-feira";"10:45:00";"MG";381;729,5;"CARMO DA CACHOEIRA";"Velocidade Incompatível";"Colisão lateral";"Sem Vítimas";"Pleno dia";"Decrescente";"Chuva";"Dupla";"Curva";"Não";2;0;0;0;2;0;0;2;-21,53065;-45,23082;"SR-MG";"DEL4/4";"UOP02/MG"
268586;2020-02-11;"terça-feira";"09:30:00";"MT";158;583;"AGUA BOA";"Falta de Atenção à Condução";"Colisão lateral";"Com Vítimas Feridas";"Pleno dia";"Decrescente";"Sol";"Simples";"Reta";"Não";2;0;2;0;0;0;2;2;-14,17366;-52,19406;"SR-MT";"DEL2/8";"UOP02/MT"
268587;2020-02-11;"terça-feira";"05:35:00";"PA";230;1131;"ITAITUBA";"Defeito Mecânico no Veículo";"Colisão com objeto estático";"Com Vítimas Fatais";"Amanhecer";"Decrescente";"Garoa/Chuvisco";"Simples";"Não Informado";"Não";5;1;3;0;1;0;3;3;-4,394899;-55,90376;"SR-PA";"UOP01";"DEL05"
268588;2020-02-11;"terça-feira";"11:55:00";"PR";277;587;"CASCAVEL";"Falta de Atenção à Condução";"Colisão traseira";"Com Vítimas Feridas";"Pleno dia";"Crescente";"Céu Claro";"Simples";"Reta";"Sim";4;0;1;0;3;0;1;2;-24,96941;-53,4296;"SR-PR";"UOP01";"DEL04"
268589;2020-02-11;"terça-feira";"12:10:00";"RS";116;40;"VACARIA";"Falta de Atenção à Condução";"Colisão lateral";"Com Vítimas Feridas";"Pleno dia";"Crescente";"Céu Claro";"Simples";"Reta";"Sim";2;0;1;0;1;0;1;2;-28,51839;-50,93942;"SR-RS";"DEL9/5";"UOP03/RS"
268590;2020-02-11;"terça-feira";"06:24:00";"MG";381;371,1;"SAO GONCALO DO RIO ABAIXO";"Velocidade Incompatível";"Tombamento";"Com Vítimas Feridas";"Amanhecer";"Decrescente";"Garoa/Chuvisco";"Simples";"Curva";"Não";1;0;1;0;0;0;1;1;-19,84408;-43,30732;"SR-MG";"DEL4/1";"UOP01/MG"
268591;2020-02-11;"terça-feira";"12:05:00";"BA";324;616;"SALVADOR";"Carga excessiva e/ou mal acondicionada";"Colisão traseira";"Com Vítimas Feridas";"Pleno dia";"Decrescente";"Céu Claro";"Dupla";"Reta";"Não";2;0;1;0;1;0;1;2;-12,87958;-38,43214;"SR-BA";"DEL10/1";"UOP01/BA"
268592;2020-02-11;"terça-feira";"11:00:00";"RJ";40;67;"PETROPOLIS";"Pista Escorregadia";"Saída de leito carroçável";"Com Vítimas Feridas";"Pleno dia";"Decrescente";"Chuva";"Dupla";"Curva";"Sim";1;0;1;0;0;0;1;1;-22,43675;-43,17567;"SR-RJ";"DEL5/6";"UOP03/RJ"
268593;2020-02-11;"terça-feira";"11:15:00";"ES";262;5,5;"CARIACICA";"Falta de Atenção à Condução";"Colisão transversal";"Com Vítimas Feridas";"Pleno dia";"Decrescente";"Nublado";"Múltipla";"Interseção de vias";"Sim";3;0;1;0;1;1;1;2;-20,33707;-40,3865;"SR-ES";"DEL12/1";"UOP01/ES"
268594;2020-02-11;"terça-feira";"09:18:00";"RN";427;107,8;"SAO FERNANDO";"Ultrapassagem Indevida";"Colisão frontal";"Com Vítimas Feridas";"Pleno dia";"Crescente";"Céu Claro";"Simples";"Não Informado";"Não";4;0;0;1;1;2;1;2;-6,442823;-37,16705;"SR-RN";"DEL15/3";"UOP01/RN"
268596;2020-02-11;"terça-feira";"13:00:00";"MG";262;369;"JUATUBA";"Velocidade Incompatível";"Saída de leito carroçável";"Com Vítimas Feridas";"Pleno dia";"Decrescente";"Chuva";"Dupla";"Curva";"Sim";2;0;1;0;1;0;1;1;-19,95674;-44,3443;"SR-MG";"DEL4/1";"UOP03/MG"
268597;2020-02-11;"terça-feira";"11:50:00";"MG";40;432;"PARAOPEBA";"Pista Escorregadia";"Saída de leito carroçável";"Com Vítimas Feridas";"Pleno dia";"Crescente";"Chuva";"Dupla";"Não Informado";"Não";1;0;1;0;0;0;1;1;-19,20303;-44,47243;"SR-MG";"UOP01";"DEL02"
268598;2020-02-11;"terça-feira";"12:40:00";"PR";369;178,2;"ROLANDIA";"Falta de Atenção do Pedestre";"Colisão com objeto em movimento";"Com Vítimas Feridas";"Pleno dia";"Decrescente";"Céu Claro";"Dupla";"Reta";"Não";2;0;1;0;1;0;1;2;-23,35694;-51,39473;"SR-PR";"DEL7/7";"UOP01/PR"
268599;2020-02-11;"terça-feira";"11:50:00";"MT";364;271,2;"JACIARA";"Desobediência às normas de trânsito pelo condutor";"Colisão transversal";"Sem Vítimas";"Pleno dia";"Decrescente";"Céu Claro";"Dupla";"Rotatória";"Sim";2;0;0;0;2;0;0;2;-15,97033;-54,95784;"SR-MT";"DEL2/1";"UOP02/MT"