"id";"data_inversa";"dia_semana";"horario";"uf";"br";"km";"municipio";"causa_acidente";"tipo_acidente";"classificacao_acidente";"fase_dia";"sentido_via";"condicao_metereologica";"tipo_pista";"tracado_via";"uso_solo";"pessoas";"mortos";"feridos_leves";"feridos_graves";"ilesos";"ignorados";"feridos";"veiculos";"latitude";"longitude";"regional";"delegacia";"uop"
268693;2020-02-11;"terça-feira";"19:35:00";"RJ";116;71;"TERESOPOLIS";"Falta de Atenção à Condução";"Colisão lateral";"Com Vítimas Feridas";"Plena Noite";"Decrescente";"Chuva";"Simples";"Reta";"Não";2;0;1;0;1;0;1;2;-22,32739;-42,93858;"SR-RJ";"UOP02";"DEL06"
268694;2020-02-11;"terça-feira";"19:55:00";"ES";101;143,5;"LINHARES";"Restrição de Visibilidade";"Saída de leito carroçável";"Com Vítimas Feridas";"Plena Noite";"Decrescente";"Chuva";"Dupla";"Reta";"Sim";1;0;1;0;0;0;1;1;-19,34287;-40,06386;"SR-ES";"DEL12/4";"UOP01/ES"
268695;2020-02-11;"terça-feira";"20:21:00";"PR";163;318;"GUAIRA";"Ultrapassagem Indevida";"Colisão frontal";"Com Vítimas Fatais";"Plena Noite";"Decrescente";"Céu Claro";"Simples";"Reta";"Não";3;1;0;1;1;0;1;2;-24,36133;-54,14619;"SR-PR";"UOP04";"DEL06"
268696;2020-02-11;"terça-feira";"20:50:00";"PR";376;2,1;"MANDAGUARI";"Desobediência às normas de trânsito pelo condutor";"Colisão transversal";"Com Vítimas Feridas";"Plena Noite";"Decrescente";"Céu Claro";"Simples";"Reta";"Sim";3;0;1;1;1;0;2;2;-23,51418;-51,7;"SR-PR";"UOP01";"DEL09"
268698;2020-02-11;"terça-feira";"17:00:00";"AM";319;40;"CANUTAMA";"Falta de Atenção à Condução";"Colisão transversal";"Com Vítimas Fatais";"Pleno dia";"Crescente";"Céu Claro";"Simples";"Reta";"Não";2;1;0;0;1;0;0;2;-8,639882;-63,99604;"SR-AM";"UOP04/AM";""
268700;2020-02-11;"terça-feira";"20:20:00";"ES";101;269,9;"SERRA";"Falta de Atenção à Condução";"Colisão com objeto estático";"Com Vítimas Feridas";"Plena Noite";"Crescente";"Chuva";"Múltipla";"Reta";"Sim";1;0;1;0;0;0;1;1;-20,2174;-40,26991;"SR-ES";"DEL12/2";"UOP01/ES"
268701;2020-02-11;"terça-feira";"20:05:00";"RJ";116;177;"NOVA IGUACU";"Falta de Atenção à Condução";"Colisão lateral";"Sem Vítimas";"Plena Noite";"Crescente";"Chuva";"Múltipla";"Reta";"Sim";2;0;0;0;2;0;0;2;-22,78055;-43,39209;"SR-RJ";"DEL5/1";"UOP02/RJ"
268702;2020-02-11;"terça-feira";"20:40:00";"SP";116;145,8;"SAO JOSE DOS CAMPOS";"Falta de Atenção à Condução";"Colisão com objeto estático";"Com Vítimas Feridas";"Plena Noite";"Decrescente";"Nublado";"Múltipla";"Não Informado";"Sim";3;0;0;1;2;0;1;3;-23,18698;-45,85481;"SR-SP";"UOP01";"DEL02"
268703;2020-02-11;"terça-feira";"20:40:00";"PR";153;42;"SANTO ANTONIO DA PLATINA";"Desobediência às normas de trânsito pelo condutor";"Colisão transversal";"Com Vítimas Feridas";"Plena Noite";"Decrescente";"Nublado";"Simples";"Interseção de vias";"Sim";3;0;1;1;1;0;2;2;-23,29512;-50,06578;"SR-PR";"DEL7/7";"UOP07/PR"
268704;2020-02-11;"terça-feira";"18:20:00";"SC";282;386;"JOACABA";"Falta de Atenção à Condução";"Colisão lateral";"Sem Vítimas";"Pleno dia";"Decrescente";"Céu Claro";"Simples";"Não Informado";"Não";2;0;0;0;2;0;0;2;-27,18914;-51,51777;"SR-SC";"DEL7";"UOP07/SC"
268705;2020-02-11;"terça-feira";"11:00:00";"MG";116;468,1;"TARUMIRIM";"Avarias e/ou desgaste excessivo no pneu";"Saída de leito carroçável";"Com Vítimas Feridas";"Pleno dia";"Crescente";"Nublado";"Simples";"Curva";"Não";1;0;0;1;0;0;1;1;-19,30162;-42,07997;"SR-MG";"DEL4/6";"UOP02/MG"
268706;2020-02-11;"terça-feira";"19:50:00";"SC";470;279;"BRUNOPOLIS";"Ingestão de Álcool";"Tombamento";"Com Vítimas Feridas";"Plena Noite";"Crescente";"Céu Claro";"Simples";"Reta";"Não";3;0;2;0;1;0;2;1;-27,33453;-50,85264;"SR-SC";"UOP08";"DEL07"
268707;2020-02-11;"terça-feira";"21:55:00";"RS";116;257,8;"ESTEIO";"Falta de Atenção à Condução";"Colisão transversal";"Com Vítimas Feridas";"Plena Noite";"Crescente";"Céu Claro";"Dupla";"Reta";"Sim";2;0;1;0;1;0;1;2;-29,85555;-51,1808;"SR-RS";"DEL9/1";"UOP02/RS"
268708;2020-02-11;"terça-feira";"22:00:00";"PA";230;114;"MARABA";"Não guardar distância de segurança";"Colisão traseira";"Sem Vítimas";"Plena Noite";"Crescente";"Garoa/Chuvisco";"Simples";"Rotatória";"Sim";2;0;0;0;2;0;0;2;-5,36179;-49,07869;"SR-PA";"DEL19/3";"UOP01/PA"
268709;2020-02-11;"terça-feira";"18:20:00";"SC";470;129,9;"LONTRAS";"Falta de Atenção à Condução";"Colisão transversal";"Com Vítimas Feridas";"Pleno dia";"Decrescente";"Nublado";"Simples";"Reta";"Sim";2;0;0;1;1;0;1;2;-27,1604;-49,55649;"SR-SC";"UOP02";"DEL04"
268710;2020-01-10;"sexta-feira";"19:30:00";"MG";381;155;"GOVERNADOR VALADARES";"Falta de Atenção à Condução";"Atropelamento de Pedestre";"Com Vítimas Feridas";"Plena Noite";"Crescente";"Ignorado";"Simples";"Reta";"Não";2;0;1;1;0;0;2;1;-18,85983;-41,98533;"SR-MG";"DEL4/6";"UOP01/MG"
268711;2020-02-11;"terça-feira";"22:10:00";"MG";381;440,8;"SABARA";"Pista Escorregadia";"Capotamento";"Com Vítimas Feridas";"Plena Noite";"Crescente";"Chuva";"Simples";"Não Informado";"Não";2;0;2;0;0;0;2;1;-19,81604;-43,8039;"SR-MG";"UOP01";"DEL01"
268712;2020-02-11;"terça-feira";"21:30:00";"SE";101;24;"MALHADA DOS BOIS";"Objeto estático sobre o leito carroçável";"Colisão traseira";"Com Vítimas Feridas";"Plena Noite";"Crescente";"Céu Claro";"Simples";"Reta";"Não";2;0;1;0;0;1;1;2;-10,39607;-36,91721;"SR-SE";"DEL20/2";"UOP02/SE"
268713;2020-02-11;"terça-feira";"17:10:00";"SC";282;495,2;"XANXERE";"Falta de Atenção à Condução";"Colisão transversal";"Com Vítimas Feridas";"Pleno dia";"Crescente";"Sol";"Simples";"Reta";"Não";2;0;0;1;1;0;1;2;-26,87535;-52,32708;"SR-SC";"DEL7";"UOP01/SC"
268714;2020-02-11;"terça-feira";"19:50:00";"PR";376;298;"MAUA DA SERRA";"Desobediência às normas de trânsito pelo condutor";"Queda de ocupante de veículo";"Com Vítimas Feridas";"Plena Noite";"Crescente";"Céu Claro";"Dupla";"Reta";"Não";1;0;1;0;0;0;1;1;-23,93672;-51,14431;"SR-PR";"UOP02";"DEL07"
268715;2020-02-11;"terça-feira";"23:25:00";"MG";381;512,3;"IGARAPE";"Defeito Mecânico no Veículo";"Colisão frontal";"Com Vítimas Feridas";"Plena Noite";"Decrescente";"Chuva";"Múltipla";"Não Informado";"Sim";3;0;2;0;1;0;2;2;-20,07092;-44,29909;"SR-MG";"UOP03";"DEL01"
268716;2020-02-11;"terça-feira";"23:30:00";"MG";381;509,9;"IGARAPE";"Desobediência às normas de trânsito pelo pedestre";"Atropelamento de Pedestre";"Com Vítimas Fatais";"Plena Noite";"Decrescente";"Chuva";"Múltipla";"Reta";"Sim";2;1;0;0;0;1;0;1;-20,05368;-44,28305;"SR-MG";"UOP03";"DEL01"
268717;2020-02-12;"quarta-feira";"00:05:00";"SP";116;228;"SAO PAULO";"Falta de Atenção à Condução";"Colisão lateral";"Com Vítimas Feridas";"Plena Noite";"Decrescente";"Nublado";"Múltipla";"Reta";"Não";4;0;1;0;2;1;1;3;-23,50343;-46,56639;"SR-SP";"UOP01";"DEL01"
268718;2020-02-11;"terça-feira";"23:40:00";"SC";470;1;"NAVEGANTES";"Não guardar distância de segurança";"Colisão lateral";"Com Vítimas Feridas";"Plena Noite";"Crescente";"Nublado";"Dupla";"Curva";"Sim";3;0;2;0;0;1;2;2;-26,87538;-48,66828;"SR-SC";"DEL8/4";"UOP04/SC"
268719;2020-02-12;"quarta-feira";"00:10:00";"SP";116;212,3;"GUARULHOS";"Desobediência às normas de trânsito pelo condutor";"Colisão traseira";"Com Vítimas Feridas";"Plena Noite";"Crescente";"Nublado";"Múltipla";"Reta";"Sim";4;0;1;1;2;0;2;3;-23,43608;-46,42805;"SR-SP";"UOP01";"DEL01"
268720;2020-02-11;"terça-feira";"22:40:00";"PE";423;143;"IATI";"Animais na Pista";"Atropelamento de Animal";"Com Vítimas Feridas";"Plena Noite";"Crescente";"Céu Claro";"Simples";"Reta";"Não";1;0;1;0;0;0;1;1;-8,999306;-36,85266;"SR-PE";"UOP01";"DEL03"
268721;2020-02-11;"terça-feira";"17:30:00";"RO";435;122;"CEREJEIRAS";"Falta de Atenção à Condução";"Colisão transversal";"Com Vítimas Feridas";"Anoitecer";"Decrescente";"Nublado";"Dupla";"Reta";"Sim";3;0;1;0;1;1;1;2;-13,18776;-60,79987;"SR-RO";"DEL21/4";"UOP02/RO"
268722;2020-02-11;"terça-feira";"19:30:00";"MA";135;20;"SAO LUIS";"Desobediência às normas de trânsito pelo condutor";"Colisão com objeto estático";"Com Vítimas Feridas";"Plena Noite";"Decrescente";"Ignorado";"Dupla";"Reta";"Sim";2;0;1;0;0;1;1;2;-2,565657;-44,32955;"SR-MA";"UOP01";"DEL01"
268723;2020-02-11;"terça-feira";"22:50:00";"RJ";116;305;"RESENDE";"Desobediência às normas de trânsito pelo condutor";"Colisão traseira";"Sem Vítimas";"Plena Noite";"Decrescente";"Garoa/Chuvisco";"Dupla";"Reta";"Não";4;0;0;0;4;0;0;3;-22,45911;-44,43189;"SR-RJ";"UOP02";"DEL07"
268725;2020-02-12;"quarta-feira";"00:10:00";"SC";101;394;"MARACAJA";"Ingestão de Álcool";"Saída de leito carroçável";"Com Vítimas Feridas";"Plena Noite";"Decrescente";"Nublado";"Dupla";"Reta";"Não";1;0;1;0;0;0;1;1;-28,81326;-49,38912;"SR-SC";"UOP02";"DEL02"
268726;2020-02-12;"quarta-feira";"02:00:00";"PE";101;42;"IGARASSU";"Velocidade Incompatível";"Saída de leito carroçável";"Sem Vítimas";"Plena Noite";"Crescente";"Nublado";"Múltipla";"Reta";"Sim";1;0;0;0;1;0;0;1;-7,838874;-34,91197;"SR-PE";"UOP02";"DEL01"
268727;2020-02-12;"quarta-feira";"02:10:00";"RS";470;220;"BENTO GONCALVES";"Ultrapassagem Indevida";"Colisão lateral";"Com Vítimas Feridas";"Plena Noite";"Decrescente";"Céu Claro";"Simples";"Desvio Temporário";"Sim";2;0;1;0;0;1;1;2;-29,19825;-51,51858;"SR-RS";"DEL9/6";"UOP01/RS"
268729;2020-02-12;"quarta-feira";"03:30:00";"MT";158;627;"AGUA BOA";"Falta de Atenção à Condução";"Saída de leito carroçável";"Com Vítimas Feridas";"Plena Noite";"Crescente";"Céu Claro";"Simples";"Curva";"Não";3;0;1;0;2;0;1;1;-14,50888;-52,29429;"SR-MT";"UOP02";"DEL07"
268730;2020-02-12;"quarta-feira";"03:10:00";"SC";101;142;"ITAPEMA";"Velocidade Incompatível";"Colisão com objeto estático";"Sem Vítimas";"Plena Noite";"Crescente";"Nublado";"Dupla";"Curva";"Não";1;0;0;0;0;1;0;1;-27,05609;-48,59945;"SR-SC";"DEL8/4";"UOP03/SC"
268731;2020-02-12;"quarta-feira";"02:50:00";"SC";280;70,4;"JARAGUA DO SUL";"Falta de Atenção à Condução";"Colisão lateral";"Com Vítimas Feridas";"Plena Noite";"Decrescente";"Nublado";"Simples";"Reta";"Sim";2;0;0;1;1;0;1;2;-26,46522;-49,12676;"SR-SC";"UOP03";"DEL03"
268732;2020-02-12;"quarta-feira";"04:10:00";"SE";101;189,9;"CRISTINAPOLIS";"Condutor Dormindo";"Tombamento";"Com Vítimas Feridas";"Plena Noite";"Crescente";"Céu Claro";"Simples";"Curva";"Não";1;0;1;0;0;0;1;1;-11,42159;-37,70993;"SR-SE";"UOP03";"DEL02"
268733;2020-02-12;"quarta-feira";"03:00:00";"RS";NA;NA;"PELOTAS";"Defeito na Via";"Colisão com objeto estático";"Sem Vítimas";"Plena Noite";"Não Informado";"Chuva";"Simples";"Curva";"Não";2;0;0;0;2;0;0;1;-31,46761;-52,30815;"SR-RS";"DEL9/7";""
268734;2020-02-12;"quarta-feira";"03:30:00";"PA";10;348;"SANTA MARIA DO PARA";"Defeito Mecânico no Veículo";"Colisão com objeto estático";"Com Vítimas Feridas";"Plena Noite";"Crescente";"Céu Claro";"Simples";"Reta";"Não";4;0;2;0;2;0;2;2;-1,398079;-47,55942;"SR-PA";"UOP02";"DEL01"
268736;2020-02-12;"quarta-feira";"04:25:00";"MG";381;491,8;"BETIM";"Mal Súbito";"Saída de leito carroçável";"Com Vítimas Feridas";"Amanhecer";"Crescente";"Chuva";"Dupla";"Reta";"Sim";2;0;1;0;0;1;1;1;-19,97018;-44,1821;"SR-MG";"UOP03";"DEL01"
268737;2020-02-12;"quarta-feira";"05:30:00";"AL";101;14,4;"NOVO LINO";"Falta de Atenção à Condução";"Colisão com objeto estático";"Com Vítimas Feridas";"Amanhecer";"Decrescente";"Nublado";"Dupla";"Curva";"Não";6;0;5;1;0;0;6;1;-8,981608;-35,67369;"SR-AL";"UOP02";"DEL01"
268738;2020-02-12;"quarta-feira";"05:30:00";"SP";116;283;"EMBU DAS ARTES";"Defeito na Via";"Tombamento";"Com Vítimas Feridas";"Amanhecer";"Decrescente";"Chuva";"Dupla";"Reta";"Sim";2;0;0;1;1;0;1;1;-23,6704;-46,85598;"SR-SP";"UOP01";"DEL04"
268739;2020-02-12;"quarta-feira";"06:00:00";"MG";381;421,2;"NOVA UNIAO";"Condutor Dormindo";"Colisão com objeto estático";"Com Vítimas Feridas";"Amanhecer";"Crescente";"Chuva";"Simples";"Não Informado";"Não";5;0;0;4;0;1;4;1;-19,74497;-43,61632;"SR-MG";"UOP01";"DEL01"
268741;2020-02-12;"quarta-feira";"03:30:00";"MG";356;275,1;"EUGENOPOLIS";"Ingestão de Álcool";"Colisão frontal";"Com Vítimas Feridas";"Plena Noite";"Crescente";"Chuva";"Simples";"Reta";"Não";4;0;0;3;0;1;3;2;-21,12733;-42,28674;"SR-MG";"UOP02";"DEL07"
268742;2020-02-11;"terça-feira";"23:15:00";"RS";470;187;"VERANOPOLIS";"Ingestão de Álcool";"Saída de leito carroçável";"Sem Vítimas";"Plena Noite";"Crescente";"Céu Claro";"Simples";"Não Informado";"Não";2;0;0;0;2;0;0;1;-29,00604;-51,55575;"SR-RS";"UOP02";"DEL06"
268743;2020-02-12;"quarta-feira";"06:00:00";"SP";116;270;"TABOAO DA SERRA";"Falta de Atenção à Condução";"Colisão lateral";"Com Vítimas Feridas";"Pleno dia";"Decrescente";"Garoa/Chuvisco";"Dupla";"Reta";"Sim";2;0;1;0;1;0;1;2;-23,618;-46,79678;"SR-SP";"UOP01";"DEL04"
268744;2020-02-12;"quarta-feira";"06:30:00";"GO";50;105;"CRISTALINA";"Condutor Dormindo";"Saída de leito carroçável";"Com Vítimas Feridas";"Amanhecer";"Decrescente";"Nublado";"Dupla";"Reta";"Não";2;0;1;0;1;0;1;1;-16,9309;-47,7117;"SR-DF";"UOP04";"DEL01"
268745;2020-02-12;"quarta-feira";"07:00:00";"PR";376;600;"CURITIBA";"Falta de Atenção à Condução";"Colisão traseira";"Com Vítimas Feridas";"Pleno dia";"Crescente";"Nublado";"Múltipla";"Reta";"Sim";3;0;2;0;1;0;2;2;-25,53196;-49,32206;"SR-PR";"UOP04";"DEL01"
268746;2020-02-12;"quarta-feira";"07:00:00";"DF";70;11,1;"BRASILIA";"Falta de Atenção à Condução";"Colisão traseira";"Com Vítimas Feridas";"Pleno dia";"Decrescente";"Céu Claro";"Dupla";"Reta";"Não";2;0;1;0;1;0;1;2;-15,78976;-48,14873;"SR-DF";"UOP03";"DEL01"
268747;2020-02-11;"terça-feira";"22:30:00";"MG";262;445;"NOVA SERRANA";"Ingestão de Álcool";"Colisão com objeto estático";"Com Vítimas Feridas";"Plena Noite";"Decrescente";"Chuva";"Dupla";"Reta";"Sim";1;0;1;0;0;0;1;1;-19,878;-44,94086;"SR-MG";"UOP03";"DEL08"
268748;2020-02-12;"quarta-feira";"06:40:00";"MG";262;44,1;"MANHUACU";"Pista Escorregadia";"Colisão traseira";"Com Vítimas Feridas";"Pleno dia";"Decrescente";"Garoa/Chuvisco";"Simples";"Reta";"Não";2;0;1;0;1;0;1;2;-20,26012;-42,08811;"SR-MG";"UOP04";"DEL06"
268749;2020-02-12;"quarta-feira";"07:40:00";"DF";70;16;"BRASILIA";"Não guardar distância de segurança";"Colisão traseira";"Com Vítimas Feridas";"Pleno dia";"Decrescente";"Céu Claro";"Dupla";"Reta";"Não";2;0;1;0;1;0;1;2;-15,79614;-48,19423;"SR-DF";"UOP06/DF";""
268750;2020-02-12;"quarta-feira";"07:55:00";"RS";158;335;"SANTA MARIA";"Falta de Atenção à Condução";"Colisão traseira";"Com Vítimas Feridas";"Pleno dia";"Crescente";"Céu Claro";"Simples";"Reta";"Sim";2;0;1;0;1;0;1;2;-29,70852;-53,88442;"SR-RS";"DEL9/9";"UOP01/RS"
268751;2020-02-12;"quarta-feira";"05:50:00";"SC";282;222,9;"LAGES";"Desobediência às normas de trânsito pelo condutor";"Colisão frontal";"Com Vítimas Fatais";"Amanhecer";"Crescente";"Céu Claro";"Simples";"Não Informado";"Não";2;1;0;0;0;1;0;2;-27,79843;-50,35862;"SR-SC";"UOP01";"DEL05"
268752;2020-02-12;"quarta-feira";"07:00:00";"MA";135;6;"SAO LUIS";"Não guardar distância de segurança";"Colisão lateral";"Com Vítimas Feridas";"Pleno dia";"Decrescente";"Nublado";"Dupla";"Reta";"Sim";2;0;0;1;1;0;1;2;-2,62878;-44,26322;"SR-MA";"DEL18/1";"UOP01/MA"
268753;2020-02-12;"quarta-feira";"08:00:00";"SC";282;17,4;"PALHOCA";"Falta de Atenção à Condução";"Colisão transversal";"Com Vítimas Feridas";"Pleno dia";"Crescente";"Nublado";"Simples";"Interseção de vias";"Sim";2;0;1;0;1;0;1;2;-27,66571;-48,68807;"SR-SC";"UOP02";"DEL01"
268754;2020-02-12;"quarta-feira";"08:30:00";"SC";280;33,2;"ARAQUARI";"Desobediência às normas de trânsito pelo condutor";"Colisão transversal";"Com Vítimas Feridas";"Pleno dia";"Crescente";"Sol";"Simples";"Reta";"Sim";2;0;1;0;1;0;1;2;-26,42576;-48,78741;"SR-SC";"DEL8/3";"UOP03/SC"
268755;2020-02-12;"quarta-feira";"08:30:00";"GO";153;502;"GOIANIA";"Defeito Mecânico no Veículo";"Engavetamento";"Com Vítimas Feridas";"Pleno dia";"Crescente";"Céu Claro";"Dupla";"Reta";"Sim";6;0;1;1;4;0;2;5;-16,7287;-49,2424;"SR-GO";"UOP01";"DEL01"
268756;2020-02-12;"quarta-feira";"08:00:00";"RN";101;72,9;"EXTREMOZ";"Falta de Atenção à Condução";"Colisão lateral";"Com Vítimas Feridas";"Pleno dia";"Decrescente";"Céu Claro";"Simples";"Interseção de vias";"Não";2;0;0;1;1;0;1;2;-5,698662;-35,26317;"SR-RN";"DEL15/2";"UOP01/RN"
268757;2020-02-12;"quarta-feira";"08:00:00";"CE";20;395;"CAUCAIA";"Ultrapassagem Indevida";"Colisão traseira";"Com Vítimas Feridas";"Pleno dia";"Crescente";"Céu Claro";"Simples";"Reta";"Não";5;0;3;0;2;0;3;2;-3,826455;-38,75115;"SR-CE";"UOP01";"DEL01"
268758;2020-02-12;"quarta-feira";"07:30:00";"MG";50;71,5;"UBERLANDIA";"Falta de Atenção à Condução";"Capotamento";"Com Vítimas Feridas";"Amanhecer";"Crescente";"Chuva";"Dupla";"Reta";"Sim";3;0;2;0;1;0;2;2;-18,8514;-48,25346;"SR-MG";"DEL4/15";"UOP01/MG"
268759;2020-02-12;"quarta-feira";"08:30:00";"MG";40;443,6;"PARAOPEBA";"Velocidade Incompatível";"Colisão com objeto estático";"Com Vítimas Feridas";"Pleno dia";"Crescente";"Chuva";"Dupla";"Não Informado";"Sim";1;0;1;0;0;0;1;1;-19,28815;-44,392;"SR-MG";"DEL4/2";"UOP01/MG"
268760;2020-02-12;"quarta-feira";"05:00:00";"MS";60;515,6;"NIOAQUE";"Defeito Mecânico no Veículo";"Colisão com objeto estático";"Com Vítimas Feridas";"Amanhecer";"Crescente";"Sol";"Simples";"Não Informado";"Não";1;0;0;1;0;0;1;1;-21,17733;-55,62823;"SR-MS";"DEL3/5";"UOP01/MS"
268762;2020-02-12;"quarta-feira";"09:15:00";"RS";386;333,4;"MARQUES DE SOUZA";"Não guardar distância de segurança";"Colisão lateral";"Com Vítimas Feridas";"Pleno dia";"Crescente";"Céu Claro";"Dupla";"Reta";"Não";2;0;1;0;1;0;1;2;-29,37128;-52,062;"SR-RS";"DEL9/4";"UOP01/RS"
268763;2020-02-12;"quarta-feira";"09:00:00";"PE";101;18;"GOIANA";"Defeito na Via";"Saída de leito carroçável";"Com Vítimas Feridas";"Pleno dia";"Crescente";"Chuva";"Simples";"Curva";"Sim";2;0;2;0;0;0;2;1;-7,626211;-34,9667;"SR-PE";"DEL11/1";"UOP02/PE"
268764;2020-02-12;"quarta-feira";"09:05:00";"SP";116;145,4;"SAO JOSE DOS CAMPOS";"Falta de Atenção à Condução";"Colisão lateral";"Com Vítimas Feridas";"Pleno dia";"Crescente";"Nublado";"Simples";"Desvio Temporário";"Sim";2;0;1;0;1;0;1;2;-23,18698;-45,85481;"SR-SP";"UOP01";"DEL02"
268765;2020-02-12;"quarta-feira";"09:10:00";"DF";70;12;"BRASILIA";"Velocidade Incompatível";"Colisão lateral";"Com Vítimas Feridas";"Pleno dia";"Decrescente";"Céu Claro";"Dupla";"Reta";"Sim";2;0;1;0;1;0;1;2;-15,79224;-48,15854;"SR-DF";"UOP03";"DEL01"
268766;2020-02-12;"quarta-feira";"08:45:00";"DF";70;19;"BRASILIA";"Falta de Atenção à Condução";"Queda de ocupante de veículo";"Com Vítimas Feridas";"Pleno dia";"Decrescente";"Céu Claro";"Dupla";"Reta";"Sim";1;0;1;0;0;0;1;1;-15,78887;-48,22024;"SR-DF";"UOP03";"DEL01"
268767;2020-02-12;"quarta-feira";"07:10:00";"MG";40;257;"SAO GONCALO DO ABAETE";"Pista Escorregadia";"Saída de leito carroçável";"Com Vítimas Feridas";"Pleno dia";"Crescente";"Chuva";"Simples";"Reta";"Não";3;0;3;0;0;0;3;1;-18,13558;-45,38218;"SR-MG";"UOP02";"DEL14"
268769;2020-02-12;"quarta-feira";"09:20:00";"RJ";40;91,7;"PETROPOLIS";"Velocidade Incompatível";"Colisão com objeto estático";"Com Vítimas Feridas";"Pleno dia";"Crescente";"Chuva";"Simples";"Não Informado";"Não";1;0;1;0;0;0;1;1;-22,54904;-43,2423;"SR-RJ";"DEL5/6";"UOP03/RJ"
268771;2020-02-12;"quarta-feira";"08:40:00";"MA";135;7;"SAO LUIS";"Não guardar distância de segurança";"Colisão traseira";"Sem Vítimas";"Pleno dia";"Decrescente";"Nublado";"Dupla";"Rotatória";"Não";2;0;0;0;2;0;0;2;-2,636088;-44,26849;"SR-MA";"DEL18/1";"UOP01/MA"
268772;2020-02-12;"quarta-feira";"08:35:00";"SC";470;36;"GASPAR";"Ingestão de álcool e/ou substâncias psicoativas pelo pedestre";"Colisão com objeto estático";"Com Vítimas Feridas";"Pleno dia";"Crescente";"Céu Claro";"Simples";"Não Informado";"Sim";1;0;1;0;0;0;1;1;-26,9142;-48,96895;"SR-SC";"DEL8/4";"UOP01/SC"
268773;2020-02-12;"quarta-feira";"09:10:00";"RS";116;515,6;"PELOTAS";"Falta de Atenção à Condução";"Saída de leito carroçável";"Sem Vítimas";"Pleno dia";"Decrescente";"Sol";"Dupla";"Reta";"Sim";1;0;0;0;1;0;0;1;-31,66114;-52,33868;"SR-RS";"DEL9/7";"UOP01/RS"
268774;2020-02-12;"quarta-feira";"07:20:00";"MT";70;280,8;"PRIMAVERA DO LESTE";"Falta de Atenção à Condução";"Colisão lateral";"Com Vítimas Feridas";"Pleno dia";"Decrescente";"Céu Claro";"Simples";"Reta";"Sim";2;0;1;0;1;0;1;2;-15,56643;-54,30399;"SR-MT";"UOP01";"DEL05"
268775;2020-02-12;"quarta-feira";"09:10:00";"GO";60;89,1;"ANAPOLIS";"Mal Súbito";"Saída de leito carroçável";"Com Vítimas Feridas";"Pleno dia";"Decrescente";"Céu Claro";"Dupla";"Reta";"Sim";1;0;1;0;0;0;1;1;-16,33997;-48,89899;"SR-GO";"UOP01";"DEL02"
268776;2020-02-12;"quarta-feira";"09:00:00";"DF";70;9,5;"BRASILIA";"Agressão Externa";"Tombamento";"Com Vítimas Feridas";"Pleno dia";"Crescente";"Nublado";"Dupla";"Reta";"Sim";1;0;1;0;0;0;1;1;-15,78462;-48,13202;"SR-DF";"UOP03";"DEL01"
268779;2020-02-12;"quarta-feira";"10:00:00";"TO";153;639;"ALIANCA DO TOCANTINS";"Falta de Atenção à Condução";"Saída de leito carroçável";"Com Vítimas Feridas";"Pleno dia";"Decrescente";"Chuva";"Simples";"Reta";"Não";1;0;0;1;0;0;1;1;-11,43902;-48,98828;"SR-TO";"UOP01/TO";""
268780;2020-02-12;"quarta-feira";"10:25:00";"PE";101;71;"RECIFE";"Falta de Atenção à Condução";"Colisão traseira";"Sem Vítimas";"Pleno dia";"Crescente";"Céu Claro";"Dupla";"Reta";"Sim";5;0;0;0;5;0;0;5;-8,076631;-34,94278;"SR-PE";"UOP01";"DEL01"
268781;2020-02-12;"quarta-feira";"08:20:00";"MG";116;413,5;"GOVERNADOR VALADARES";"Desobediência às normas de trânsito pelo condutor";"Colisão transversal";"Com Vítimas Feridas";"Pleno dia";"Decrescente";"Nublado";"Simples";"Interseção de vias";"Não";2;0;1;0;1;0;1;2;-18,87391;-41,96637;"SR-MG";"DEL4/6";"UOP01/MG"
268783;2020-02-12;"quarta-feira";"10:20:00";"CE";116;7;"FORTALEZA";"Falta de Atenção à Condução";"Colisão traseira";"Com Vítimas Feridas";"Pleno dia";"Decrescente";"Céu Claro";"Múltipla";"Curva";"Sim";4;0;1;0;3;0;1;2;-3,810966;-38,50047;"SR-CE";"DEL16/1";"UOP02/CE"
268784;2020-02-12;"quarta-feira";"10:35:00";"SC";470;126,1;"LONTRAS";"Desobediência às normas de trânsito pelo condutor";"Colisão traseira";"Com Vítimas Feridas";"Pleno dia";"Crescente";"Sol";"Simples";"Curva";"Não";2;0;1;0;1;0;1;2;-27,129;-49,53828;"SR-SC";"DEL8/4";"UOP02/SC"
268785;2020-02-12;"quarta-feira";"10:20:00";"SC";101;117,5;"ITAJAI";"Falta de Atenção à Condução";"Colisão traseira";"Com Vítimas Feridas";"Pleno dia";"Decrescente";"Nublado";"Dupla";"Reta";"Sim";2;0;1;0;1;0;1;2;-26,88747;-48,72253;"SR-SC";"DEL8/4";"UOP04/SC"