"id";"data_inversa";"dia_semana";"horario";"uf";"br";"km";"municipio";"causa_acidente";"tipo_acidente";"classificacao_acidente";"fase_dia";"sentido_via";"condicao_metereologica";"tipo_pista";"tracado_via";"uso_solo";"pessoas";"mortos";"feridos_leves";"feridos_graves";"ilesos";"ignorados";"feridos";"veiculos";"latitude";"longitude";"regional";"delegacia";"uop"
268786;2020-02-12;"quarta-feira";"10:50:00";"SC";470;54,6;"BLUMENAU";"Ultrapassagem Indevida";"Atropelamento de Pedestre";"Com Vítimas Feridas";"Pleno dia";"Crescente";"Sol";"Simples";"Interseção de vias";"Sim";2;0;1;0;1;0;1;1;-26,87107;-49,11037;"SR-SC";"UOP01";"DEL04"
268787;2020-02-12;"quarta-feira";"06:30:00";"PB";104;77,9;"REMIGIO";"Falta de Atenção à Condução";"Saída de leito carroçável";"Com Vítimas Feridas";"Pleno dia";"Decrescente";"Céu Claro";"Simples";"Desvio Temporário";"Não";1;0;1;0;0;0;1;1;-6,910633;-35,86491;"SR-PB";"DEL14/2";"UOP04/PB"
268788;2020-02-12;"quarta-feira";"10:20:00";"RS";386;348;"LAJEADO";"Falta de Atenção à Condução";"Colisão traseira";"Com Vítimas Feridas";"Pleno dia";"Decrescente";"Sol";"Dupla";"Reta";"Não";4;0;4;0;0;0;4;2;-29,45664;-51,95733;"SR-RS";"DEL9/4";"UOP02/RS"
268789;2020-02-12;"quarta-feira";"10:00:00";"MT";163;540;"DIAMANTINO";"Falta de Atenção à Condução";"Saída de leito carroçável";"Com Vítimas Feridas";"Pleno dia";"Crescente";"Garoa/Chuvisco";"Simples";"Reta";"Não";1;0;1;0;0;0;1;1;-14,38413;-56,12219;"SR-MT";"DEL2/4";"UOP01/MT"
268791;2020-02-12;"quarta-feira";"10:30:00";"PI";316;6,8;"TERESINA";"Desobediência às normas de trânsito pelo condutor";"Colisão lateral";"Com Vítimas Feridas";"Pleno dia";"Crescente";"Sol";"Simples";"Reta";"Não";2;0;0;1;1;0;1;2;-5,147021;-42,77439;"SR-PI";"UOP02";"DEL01"
268792;2020-02-12;"quarta-feira";"10:30:00";"RJ";116;99;"GUAPIMIRIM";"Falta de Atenção à Condução";"Saída de leito carroçável";"Sem Vítimas";"Pleno dia";"Decrescente";"Garoa/Chuvisco";"Simples";"Curva";"Não";1;0;0;0;1;0;0;1;-22,48851;-42,99935;"SR-RJ";"UOP02";"DEL04"
268793;2020-02-12;"quarta-feira";"11:30:00";"SE";101;131,2;"ESTANCIA";"Condutor Dormindo";"Colisão com objeto estático";"Com Vítimas Feridas";"Pleno dia";"Decrescente";"Sol";"Dupla";"Não Informado";"Não";2;0;1;0;1;0;1;1;-11,10656;-37,37309;"SR-SE";"DEL20/2";"UOP01/SE"
268795;2020-02-12;"quarta-feira";"11:15:00";"PR";277;82;"CURITIBA";"Falta de Atenção à Condução";"Colisão transversal";"Com Vítimas Feridas";"Pleno dia";"Crescente";"Nublado";"Dupla";"Reta";"Sim";2;0;1;0;1;0;1;2;-25,45276;-49,22622;"SR-PR";"UOP04";"DEL01"
268796;2020-02-12;"quarta-feira";"11:40:00";"SP";116;210,6;"GUARULHOS";"Não guardar distância de segurança";"Colisão traseira";"Com Vítimas Feridas";"Pleno dia";"Decrescente";"Céu Claro";"Simples";"Reta";"Não";2;0;1;0;1;0;1;2;-23,4287;-46,41086;"SR-SP";"UOP01";"DEL01"
268797;2020-02-12;"quarta-feira";"11:20:00";"ES";101;257;"SERRA";"Desobediência às normas de trânsito pelo condutor";"Colisão traseira";"Com Vítimas Feridas";"Pleno dia";"Decrescente";"Sol";"Dupla";"Reta";"Sim";4;0;0;1;1;2;1;2;-20,12455;-40,30332;"SR-ES";"UOP01";"DEL02"
268798;2020-02-12;"quarta-feira";"09:45:00";"PR";376;667,2;"GUARATUBA";"Velocidade Incompatível";"Colisão traseira";"Com Vítimas Fatais";"Pleno dia";"Crescente";"Céu Claro";"Simples";"Não Informado";"Não";2;1;0;0;1;0;0;2;-25,8665;-48,94667;"SR-PR";"UOP05";"DEL01"
268799;2020-02-08;"sábado";"09:30:00";"PR";476;285,8;"SAO MATEUS DO SUL";"Falta de Atenção à Condução";"Colisão transversal";"Com Vítimas Feridas";"Pleno dia";"Crescente";"Céu Claro";"Simples";"Reta";"Não";2;0;1;0;1;0;1;2;-25,90735;-50,44406;"SR-PR";"DEL7/2";"UOP03/PR"
268800;2020-02-12;"quarta-feira";"12:00:00";"SE";235;58,2;"ITABAIANA";"Desobediência às normas de trânsito pelo condutor";"Colisão transversal";"Com Vítimas Feridas";"Pleno dia";"Crescente";"Céu Claro";"Simples";"Reta";"Sim";2;0;0;1;1;0;1;2;-10,64137;-37,45405;"SR-SE";"DEL20/1";"UOP02/SE"
268801;2020-02-12;"quarta-feira";"12:20:00";"CE";116;15;"FORTALEZA";"Defeito Mecânico no Veículo";"Tombamento";"Com Vítimas Feridas";"Pleno dia";"Crescente";"Sol";"Dupla";"Reta";"Sim";2;0;1;0;1;0;1;1;-3,878399;-38,50067;"SR-CE";"DEL16/1";"UOP02/CE"
268803;2020-02-12;"quarta-feira";"11:30:00";"TO";153;559,8;"FATIMA";"Falta de Atenção à Condução";"Colisão traseira";"Com Vítimas Feridas";"Pleno dia";"Crescente";"Céu Claro";"Dupla";"Reta";"Sim";4;0;1;0;3;0;1;2;-10,75614;-48,90225;"SR-TO";"UOP02/TO";""
268804;2020-02-12;"quarta-feira";"10:40:00";"RJ";101;421;"MANGARATIBA";"Defeito Mecânico no Veículo";"Colisão com objeto estático";"Sem Vítimas";"Pleno dia";"Crescente";"Chuva";"Simples";"Curva";"Não";1;0;0;0;1;0;0;1;-22,91667;-43,93081;"SR-RJ";"DEL5/3";"UOP01/RJ"
268805;2020-02-12;"quarta-feira";"12:20:00";"MG";365;17;"MONTES CLAROS";"Velocidade Incompatível";"Colisão frontal";"Com Vítimas Feridas";"Pleno dia";"Decrescente";"Chuva";"Simples";"Reta";"Não";4;0;2;0;2;0;2;2;-16,87724;-43,99338;"SR-MG";"UOP01";"DEL12"
268806;2020-02-02;"domingo";"19:25:00";"MT";70;287;"PRIMAVERA DO LESTE";"Ultrapassagem Indevida";"Colisão lateral";"Sem Vítimas";"Plena Noite";"Decrescente";"Céu Claro";"Simples";"Reta";"Não";5;0;0;0;5;0;0;5;-15,5761;-54,35867;"SR-MT";"DEL2/5";"UOP01/MT"
268807;2020-02-12;"quarta-feira";"10:41:00";"SC";101;210;"SAO JOSE";"Não guardar distância de segurança";"Colisão lateral";"Com Vítimas Feridas";"Pleno dia";"Decrescente";"Sol";"Múltipla";"Reta";"Não";6;0;0;2;1;3;2;4;-27,61673;-48,64573;"SR-SC";"DEL8/1";"UOP01/SC"
268808;2020-02-12;"quarta-feira";"12:10:00";"PA";230;120,6;"MARABA";"Não guardar distância de segurança";"Engavetamento";"Com Vítimas Feridas";"Pleno dia";"Crescente";"Céu Claro";"Dupla";"Reta";"Sim";4;0;2;0;2;0;2;4;-5,363648;-49,12473;"SR-PA";"UOP01";"DEL03"
268809;2020-02-12;"quarta-feira";"12:20:00";"RS";290;96,8;"PORTO ALEGRE";"Desobediência às normas de trânsito pelo condutor";"Colisão lateral";"Com Vítimas Feridas";"Pleno dia";"Decrescente";"Sol";"Simples";"Não Informado";"Sim";6;0;5;0;1;0;5;2;-29,99211;-51,20452;"SR-RS";"DEL9/1";"UOP01/RS"
268810;2020-02-12;"quarta-feira";"10:15:00";"MG";365;608;"UBERLANDIA";"Pista Escorregadia";"Tombamento";"Com Vítimas Feridas";"Pleno dia";"Decrescente";"Nublado";"Dupla";"Viaduto";"Sim";2;0;1;0;1;0;1;1;-18,92794;-48,19198;"SR-MG";"DEL4/15";"UOP01/MG"
268813;2020-02-12;"quarta-feira";"13:00:00";"BA";101;878;"TEIXEIRA DE FREITAS";"Falta de Atenção à Condução";"Tombamento";"Com Vítimas Feridas";"Pleno dia";"Crescente";"Sol";"Simples";"Reta";"Sim";3;0;0;1;1;1;1;2;-17,55019;-39,72106;"SR-BA";"DEL10/9";"UOP03/BA"
268814;2020-02-12;"quarta-feira";"11:00:00";"SC";470;92;"APIUNA";"Falta de Atenção à Condução";"Colisão traseira";"Com Vítimas Feridas";"Pleno dia";"Decrescente";"Céu Claro";"Simples";"Reta";"Não";2;0;0;1;1;0;1;2;-26,98592;-49,37305;"SR-SC";"DEL8/4";"UOP01/SC"
268815;2020-02-12;"quarta-feira";"13:00:00";"SC";101;365,9;"SANGAO";"Ingestão de Substâncias Psicoativas";"Colisão lateral";"Com Vítimas Feridas";"Pleno dia";"Crescente";"Céu Claro";"Dupla";"Reta";"Não";3;0;1;0;1;1;1;2;-28,68765;-49,15824;"SR-SC";"DEL8/2";"UOP01/SC"
268816;2020-02-02;"domingo";"09:30:00";"AM";174;900;"MANAUS";"Desobediência às normas de trânsito pelo condutor";"Colisão com objeto estático";"Com Vítimas Feridas";"Pleno dia";"Crescente";"Céu Claro";"Simples";"Reta";"Não";2;0;1;0;1;0;1;2;-2,834866;-60,03363;"SR-AM";"UOP01/AM";""
268817;2020-02-12;"quarta-feira";"07:20:00";"PA";163;902;"BELTERRA";"Condutor Dormindo";"Saída de leito carroçável";"Com Vítimas Feridas";"Pleno dia";"Crescente";"Chuva";"Simples";"Desvio Temporário";"Não";2;0;1;1;0;0;2;1;-3,219516;-54,95107;"SR-PA";"DEL19/5";"UOP01/PA"
268818;2020-02-12;"quarta-feira";"05:20:00";"MG";116;767,6;"LEOPOLDINA";"Restrição de Visibilidade";"Tombamento";"Com Vítimas Feridas";"Plena Noite";"Decrescente";"Chuva";"Simples";"Reta";"Sim";1;0;1;0;0;0;1;1;-21,53566;-42,65611;"SR-MG";"UOP01";"DEL07"
268819;2020-02-12;"quarta-feira";"14:25:00";"PE";101;68,2;"RECIFE";"Velocidade Incompatível";"Colisão traseira";"Sem Vítimas";"Pleno dia";"Decrescente";"Céu Claro";"Dupla";"Não Informado";"Sim";5;0;0;0;5;0;0;2;-8,050743;-34,94581;"SR-PE";"DEL11/1";"UOP01/PE"
268820;2020-02-12;"quarta-feira";"14:00:00";"AP";210;104;"PORTO GRANDE";"Falta de Atenção à Condução";"Tombamento";"Com Vítimas Feridas";"Pleno dia";"Crescente";"Céu Claro";"Simples";"Reta";"Sim";1;0;1;0;0;0;1;1;0,6985633;-51,39692;"SR-AP";"UOP01/AP";""
268821;2020-02-12;"quarta-feira";"14:20:00";"RJ";101;281;"ITABORAI";"Falta de Atenção à Condução";"Capotamento";"Com Vítimas Feridas";"Pleno dia";"Crescente";"Chuva";"Dupla";"Reta";"Sim";2;0;2;0;0;0;2;1;-22,73786;-42,78693;"SR-RJ";"DEL5/2";"UOP02/RJ"
268822;2020-02-12;"quarta-feira";"14:30:00";"RJ";116;235,1;"PIRAI";"Pista Escorregadia";"Colisão traseira";"Com Vítimas Feridas";"Pleno dia";"Crescente";"Chuva";"Dupla";"Reta";"Não";2;0;1;0;1;0;1;2;-22,66935;-43,85529;"SR-RJ";"UOP01";"DEL07"
268823;2020-02-12;"quarta-feira";"12:30:00";"MT";163;539;"DIAMANTINO";"Falta de Atenção à Condução";"Saída de leito carroçável";"Com Vítimas Feridas";"Pleno dia";"Crescente";"Garoa/Chuvisco";"Simples";"Reta";"Não";1;0;1;0;0;0;1;1;-14,39101;-56,11636;"SR-MT";"DEL2/4";"UOP01/MT"
268824;2020-02-12;"quarta-feira";"12:00:00";"RN";405;99,2;"ITAU";"Defeito na Via";"Saída de leito carroçável";"Sem Vítimas";"Pleno dia";"Decrescente";"Sol";"Simples";"Desvio Temporário";"Não";1;0;0;0;1;0;0;1;-5,79;-37,918;"SR-RN";"UOP02";"DEL04"
268835;2020-02-12;"quarta-feira";"12:00:00";"RS";392;241;"CACAPAVA DO SUL";"Velocidade Incompatível";"Tombamento";"Com Vítimas Feridas";"Pleno dia";"Decrescente";"Céu Claro";"Simples";"Curva";"Não";1;0;1;0;0;0;1;1;-30,60476;-53,36822;"SR-RS";"DEL9/9";"UOP02/RS"
268836;2020-02-12;"quarta-feira";"14:00:00";"RO";319;62;"PORTO VELHO";"Desobediência às normas de trânsito pelo condutor";"Colisão transversal";"Com Vítimas Feridas";"Pleno dia";"Decrescente";"Nublado";"Múltipla";"Interseção de vias";"Sim";2;0;1;0;1;0;1;2;-8,766685;-63,88405;"SR-RO";"DEL21/1";"UOP01/RO"
268837;2020-02-12;"quarta-feira";"14:55:00";"MG";381;924,6;"CAMANDUCAIA";"Avarias e/ou desgaste excessivo no pneu";"Colisão com objeto estático";"Com Vítimas Feridas";"Pleno dia";"Crescente";"Chuva";"Dupla";"Curva";"Não";1;0;1;0;0;0;1;1;-22,76995;-46,19406;"SR-MG";"UOP03";"DEL16"
268838;2020-02-07;"sexta-feira";"06:30:00";"SC";282;37,5;"AGUAS MORNAS";"Velocidade Incompatível";"Saída de leito carroçável";"Sem Vítimas";"Pleno dia";"Crescente";"Chuva";"Simples";"Reta";"Não";1;0;0;0;1;0;0;1;-27,70846;-48,84753;"SR-SC";"DEL8/1";"UOP03/SC"
268839;2020-02-12;"quarta-feira";"15:30:00";"DF";80;20,1;"BRASILIA";"Falta de Atenção à Condução";"Colisão traseira";"Com Vítimas Feridas";"Pleno dia";"Decrescente";"Nublado";"Dupla";"Reta";"Sim";3;0;1;0;2;0;1;2;-15,66404;-48,20372;"SR-DF";"UOP03";"DEL01"
268840;2020-02-12;"quarta-feira";"11:40:00";"MG";116;135;"PONTO DOS VOLANTES";"Falta de Atenção à Condução";"Colisão transversal";"Com Vítimas Feridas";"Pleno dia";"Decrescente";"Céu Claro";"Simples";"Reta";"Não";2;0;0;1;1;0;1;2;-16,73163;-41,50644;"SR-MG";"UOP02";"DEL11"
268841;2020-02-12;"quarta-feira";"15:00:00";"SC";282;44,9;"AGUAS MORNAS";"Não guardar distância de segurança";"Colisão traseira";"Sem Vítimas";"Pleno dia";"Crescente";"Nublado";"Simples";"Curva";"Não";2;0;0;0;2;0;0;2;-27,72214;-48,90694;"SR-SC";"DEL8/1";"UOP03/SC"
268842;2020-02-12;"quarta-feira";"13:15:00";"MS";267;124,6;"NOVA ANDRADINA";"Mal Súbito";"Saída de leito carroçável";"Com Vítimas Feridas";"Pleno dia";"Crescente";"Céu Claro";"Simples";"Curva";"Sim";1;0;1;0;0;0;1;1;-21,75808;-53,25297;"SR-MS";"DEL2";"UOP03/MS"
268844;2020-02-12;"quarta-feira";"12:50:00";"MG";262;759,9;"SACRAMENTO";"Condutor Dormindo";"Saída de leito carroçável";"Com Vítimas Feridas";"Pleno dia";"Decrescente";"Nublado";"Simples";"Reta";"Não";2;0;2;0;0;0;2;1;-19,66389;-47,59211;"SR-MG";"DEL13";"UOP01/MG"
268845;2020-02-12;"quarta-feira";"13:50:00";"MG";40;96;"LAGOA GRANDE";"Velocidade Incompatível";"Saída de leito carroçável";"Com Vítimas Feridas";"Pleno dia";"Crescente";"Céu Claro";"Simples";"Reta";"Não";2;0;2;0;0;0;2;1;-17,53681;-46,53518;"SR-MG";"DEL4/14";"UOP01/MG"
268846;2020-02-12;"quarta-feira";"16:25:00";"CE";116;23;"AQUIRAZ";"Falta de Atenção à Condução";"Colisão transversal";"Com Vítimas Feridas";"Pleno dia";"Decrescente";"Céu Claro";"Dupla";"Não Informado";"Não";5;0;3;0;2;0;3;2;-3,954326;-38,51239;"SR-CE";"UOP02";"DEL01"
268849;2020-02-12;"quarta-feira";"15:41:00";"MS";262;354;"CAMPO GRANDE";"Falta de Atenção à Condução";"Colisão frontal";"Com Vítimas Fatais";"Pleno dia";"Crescente";"Céu Claro";"Simples";"Reta";"Não";2;1;0;0;1;0;0;2;-20,5566;-54,66452;"SR-MS";"UOP03";"DEL01"
268850;2020-02-12;"quarta-feira";"15:30:00";"RJ";40;87;"PETROPOLIS";"Pista Escorregadia";"Colisão com objeto estático";"Sem Vítimas";"Pleno dia";"Decrescente";"Chuva";"Simples";"Curva";"Não";1;0;0;0;1;0;0;1;-22,54414;-43,23288;"SR-RJ";"DEL5/6";"UOP03/RJ"
268851;2020-02-11;"terça-feira";"14:00:00";"MG";267;191,1;"BOM JARDIM DE MINAS";"Falta de Atenção à Condução";"Saída de leito carroçável";"Sem Vítimas";"Pleno dia";"Decrescente";"Chuva";"Simples";"Reta";"Não";1;0;0;0;1;0;0;1;-21,92184;-44,02808;"SR-MG";"DEL5";"UOP01/MG"
268852;2020-02-12;"quarta-feira";"16:00:00";"MG";381;367;"JOAO MONLEVADE";"Pista Escorregadia";"Colisão com objeto estático";"Com Vítimas Feridas";"Pleno dia";"Decrescente";"Garoa/Chuvisco";"Simples";"Curva";"Não";2;0;2;0;0;0;2;1;-19,85013;-43,15078;"SR-MG";"DEL4/3";"UOP01/MG"
268853;2020-02-12;"quarta-feira";"16:30:00";"MG";40;632,1;"CONSELHEIRO LAFAIETE";"Velocidade Incompatível";"Queda de ocupante de veículo";"Com Vítimas Feridas";"Pleno dia";"Decrescente";"Chuva";"Dupla";"Reta";"Não";1;0;1;0;0;0;1;1;-20,67349;-43,7969;"SR-MG";"DEL5";"UOP02/MG"
268854;2020-02-12;"quarta-feira";"16:20:00";"MG";381;643;"SANTO ANTONIO DO AMPARO";"Condutor Dormindo";"Colisão traseira";"Com Vítimas Feridas";"Pleno dia";"Crescente";"Nublado";"Dupla";"Curva";"Não";2;0;1;0;1;0;1;2;-20,94414;-44,88059;"SR-MG";"DEL4/4";"UOP01/MG"
268855;2020-02-12;"quarta-feira";"15:45:00";"MG";116;526,6;"CARATINGA";"Desobediência às normas de trânsito pelo condutor";"Colisão transversal";"Com Vítimas Feridas";"Pleno dia";"Crescente";"Nublado";"Simples";"Curva";"Sim";2;0;1;0;1;0;1;2;-19,77654;-42,13328;"SR-MG";"UOP02";"DEL06"
268856;2020-02-12;"quarta-feira";"16:00:00";"RO";364;710;"PORTO VELHO";"Falta de Atenção à Condução";"Colisão traseira";"Com Vítimas Feridas";"Pleno dia";"Crescente";"Nublado";"Dupla";"Reta";"Sim";2;0;1;0;0;1;1;2;-8,786216;-63,85713;"SR-RO";"DEL21/1";"UOP01/RO"
268857;2020-02-12;"quarta-feira";"17:23:00";"PR";277;585,8;"CASCAVEL";"Desobediência às normas de trânsito pelo condutor";"Colisão transversal";"Com Vítimas Feridas";"Pleno dia";"Crescente";"Chuva";"Simples";"Não Informado";"Sim";2;0;1;0;1;0;1;2;-24,96401;-53,41227;"SR-PR";"DEL7/4";"UOP01/PR"
268858;2020-01-11;"sábado";"07:20:00";"GO";153;495,8;"GOIANIA";"Fenômenos da Natureza";"Colisão com objeto estático";"Sem Vítimas";"Pleno dia";"Decrescente";"Chuva";"Dupla";"Desvio Temporário";"Sim";1;0;0;0;1;0;0;1;-16,67929;-49,23221;"SR-GO";"DEL1/1";"UOP01/GO"
268859;2020-02-12;"quarta-feira";"17:35:00";"RS";116;239,8;"NOVO HAMBURGO";"Velocidade Incompatível";"Engavetamento";"Com Vítimas Feridas";"Pleno dia";"Decrescente";"Céu Claro";"Múltipla";"Não Informado";"Sim";6;0;2;0;4;0;2;5;-29,69615;-51,14456;"SR-RS";"DEL9/1";"UOP02/RS"
268860;2020-02-12;"quarta-feira";"17:17:00";"MG";50;180;"UBERABA";"Desobediência às normas de trânsito pelo condutor";"Colisão transversal";"Com Vítimas Feridas";"Pleno dia";"Decrescente";"Nublado";"Dupla";"Curva";"Sim";2;0;1;0;1;0;1;2;-19,77848;-47,92195;"SR-MG";"UOP01";"DEL13"
268861;2020-02-11;"terça-feira";"22:00:00";"PA";155;268;"ELDORADO DO CARAJAS";"Defeito na Via";"Tombamento";"Com Vítimas Fatais";"Plena Noite";"Crescente";"Garoa/Chuvisco";"Simples";"Reta";"Não";2;1;1;0;0;0;1;1;-5,994301;-49,24531;"SR-PA";"UOP01";"DEL03"
268863;2020-02-12;"quarta-feira";"13:00:00";"AL";101;181;"TEOTONIO VILELA";"Pista Escorregadia";"Colisão com objeto estático";"Sem Vítimas";"Pleno dia";"Decrescente";"Chuva";"Dupla";"Curva";"Não";1;0;0;0;1;0;0;1;-9,895355;-36,41226;"SR-AL";"DEL13/2";"UOP02/AL"
268864;2020-02-12;"quarta-feira";"17:30:00";"PR";467;105;"CASCAVEL";"Fenômenos da Natureza";"Saída de leito carroçável";"Com Vítimas Feridas";"Pleno dia";"Crescente";"Chuva";"Dupla";"Reta";"Não";4;0;1;0;2;1;1;1;-24,9142;-53,492;"SR-PR";"DEL7/4";"UOP01/PR"
268865;2020-02-12;"quarta-feira";"17:20:00";"ES";101;269,9;"SERRA";"Não guardar distância de segurança";"Colisão traseira";"Com Vítimas Feridas";"Pleno dia";"Decrescente";"Sol";"Dupla";"Reta";"Sim";2;0;1;0;1;0;1;2;-20,2174;-40,26991;"SR-ES";"DEL12/2";"UOP01/ES"
268866;2020-02-12;"quarta-feira";"17:00:00";"MS";359;200;"COXIM";"Pista Escorregadia";"Colisão com objeto estático";"Com Vítimas Feridas";"Anoitecer";"Decrescente";"Garoa/Chuvisco";"Simples";"Desvio Temporário";"Não";3;0;3;0;0;0;3;1;-18,44176;-54,47931;"SR-MS";"DEL3/6";"UOP01/MS"
268867;2020-02-12;"quarta-feira";"15:10:00";"PR";272;377,8;"CAMPO MOURAO";"Ultrapassagem Indevida";"Colisão lateral";"Com Vítimas Fatais";"Pleno dia";"Decrescente";"Sol";"Simples";"Não Informado";"Não";3;1;0;0;2;0;0;3;-24,06075;-52,49291;"SR-PR";"UOP03";"DEL09"
268868;2020-02-12;"quarta-feira";"16:00:00";"RN";405;160;"RAFAEL FERNANDES";"Desobediência às normas de trânsito pelo condutor";"Colisão traseira";"Com Vítimas Feridas";"Pleno dia";"Crescente";"Céu Claro";"Simples";"Desvio Temporário";"Sim";2;0;0;1;1;0;1;2;-6,19;-38,2245;"SR-RN";"UOP02";"DEL04"
268870;2020-02-12;"quarta-feira";"17:30:00";"CE";116;23,9;"AQUIRAZ";"Desobediência às normas de trânsito pelo condutor";"Colisão traseira";"Com Vítimas Feridas";"Pleno dia";"Decrescente";"Céu Claro";"Dupla";"Curva";"Não";2;0;1;0;1;0;1;2;-3,957722;-38,5128;"SR-CE";"UOP02";"DEL01"
268871;2020-02-12;"quarta-feira";"18:30:00";"MG";50;73;"UBERLANDIA";"Falta de Atenção à Condução";"Engavetamento";"Com Vítimas Feridas";"Anoitecer";"Decrescente";"Chuva";"Dupla";"Reta";"Sim";7;0;2;0;5;0;2;5;-18,90599;-48,23147;"SR-MG";"DEL4/15";"UOP01/MG"
268872;2020-02-12;"quarta-feira";"17:00:00";"PR";277;660;"MATELANDIA";"Pista Escorregadia";"Tombamento";"Com Vítimas Feridas";"Pleno dia";"Decrescente";"Chuva";"Dupla";"Não Informado";"Não";2;0;2;0;0;0;2;1;-25,25136;-53,99028;"SR-PR";"UOP05";"DEL04"
268873;2020-02-12;"quarta-feira";"15:30:00";"SC";153;58,7;"IRANI";"Desobediência às normas de trânsito pelo condutor";"Colisão transversal";"Com Vítimas Feridas";"Pleno dia";"Crescente";"Céu Claro";"Simples";"Curva";"Não";4;0;1;0;3;0;1;2;-26,96981;-51,85461;"SR-SC";"UOP05";"DEL07"
268874;2020-02-12;"quarta-feira";"17:20:00";"RS";290;174,9;"BUTIA";"Falta de Atenção à Condução";"Colisão transversal";"Com Vítimas Feridas";"Pleno dia";"Crescente";"Céu Claro";"Múltipla";"Interseção de vias";"Sim";2;0;1;0;1;0;1;2;-30,12804;-51,95159;"SR-RS";"DEL9/2";"UOP03/RS"
268875;2020-02-12;"quarta-feira";"19:00:00";"PE";232;7,8;"RECIFE";"Defeito Mecânico no Veículo";"Saída de leito carroçável";"Sem Vítimas";"Plena Noite";"Decrescente";"Nublado";"Dupla";"Reta";"Sim";1;0;0;0;0;1;0;1;-8,073507;-34,96116;"SR-PE";"UOP01";"DEL01"
268876;2020-02-12;"quarta-feira";"19:00:00";"SE";101;87;"NOSSA SENHORA DO SOCORRO";"Falta de Atenção à Condução";"Saída de leito carroçável";"Com Vítimas Feridas";"Plena Noite";"Crescente";"Nublado";"Dupla";"Reta";"Sim";3;0;1;0;1;1;1;2;-10,86174;-37,13527;"SR-SE";"UOP01";"DEL01"
268878;2020-02-12;"quarta-feira";"17:45:00";"BA";101;258;"SANTO ANTONIO DE JESUS";"Desobediência às normas de trânsito pelo condutor";"Colisão transversal";"Com Vítimas Feridas";"Anoitecer";"Crescente";"Céu Claro";"Dupla";"Reta";"Não";2;0;0;1;1;0;1;2;-13,04899;-39,28533;"SR-BA";"UOP02";"DEL01"
268879;2020-02-12;"quarta-feira";"18:20:00";"SE";101;56,5;"ROSARIO DO CATETE";"Falta de Atenção à Condução";"Colisão frontal";"Com Vítimas Feridas";"Plena Noite";"Crescente";"Nublado";"Simples";"Desvio Temporário";"Não";4;0;2;0;2;0;2;2;-10,63931;-37,0107;"SR-SE";"UOP02";"DEL02"
268880;2020-02-12;"quarta-feira";"16:45:00";"AC";317;280;"EPITACIOLANDIA";"Falta de Atenção à Condução";"Saída de leito carroçável";"Com Vítimas Feridas";"Anoitecer";"Crescente";"Nublado";"Simples";"Não Informado";"Não";1;0;1;0;0;0;1;1;-10,99543;-68,64268;"SR-AC";"UOP02";"DEL01"
268881;2020-02-12;"quarta-feira";"19:00:00";"RN";110;47,5;"MOSSORO";"Desobediência às normas de trânsito pelo condutor";"Colisão lateral";"Sem Vítimas";"Plena Noite";"Decrescente";"Ignorado";"Simples";"Reta";"Sim";2;0;0;0;1;1;0;2;-5,203384;-37,32563;"SR-RN";"DEL15/4";"UOP01/RN"
268882;2020-02-12;"quarta-feira";"19:15:00";"MG";40;497,7;"ESMERALDAS";"Falta de Atenção do Pedestre";"Atropelamento de Pedestre";"Com Vítimas Fatais";"Plena Noite";"Crescente";"Chuva";"Dupla";"Reta";"Não";6;1;0;0;4;1;0;1;-19,6825;-44,1842;"SR-MG";"UOP01";"DEL02"
268883;2020-02-12;"quarta-feira";"19:10:00";"PE";232;488;"VERDEJANTE";"Animais na Pista";"Atropelamento de Animal";"Sem Vítimas";"Plena Noite";"Crescente";"Céu Claro";"Simples";"Reta";"Não";1;0;0;0;1;0;0;1;-8,010347;-38,9565;"SR-PE";"UOP01";"DEL05"
268884;2020-02-12;"quarta-feira";"17:27:00";"RO";364;715;"PORTO VELHO";"Desobediência às normas de trânsito pelo condutor";"Colisão transversal";"Sem Vítimas";"Pleno dia";"Crescente";"Sol";"Simples";"Reta";"Sim";2;0;0;0;2;0;0;2;-8,779573;-63,89174;"SR-RO";"DEL21/1";"UOP01/RO"
268885;2020-02-12;"quarta-feira";"18:20:00";"BA";116;215;"EUCLIDES DA CUNHA";"Ingestão de Álcool";"Colisão frontal";"Com Vítimas Feridas";"Plena Noite";"Decrescente";"Céu Claro";"Simples";"Reta";"Não";2;0;0;1;1;0;1;2;-10,54478;-38,99605;"SR-BA";"UOP02";"DEL07"
268886;2020-02-12;"quarta-feira";"19:50:00";"ES";101;25;"PEDRO CANARIO";"Falta de Atenção à Condução";"Colisão transversal";"Com Vítimas Feridas";"Plena Noite";"Decrescente";"Céu Claro";"Simples";"Reta";"Não";2;0;1;0;1;0;1;2;-18,34736;-39,95831;"SR-ES";"UOP02";"DEL04"
268887;2020-02-12;"quarta-feira";"20:20:00";"SC";280;52;"GUARAMIRIM";"Restrição de Visibilidade";"Saída de leito carroçável";"Com Vítimas Feridas";"Plena Noite";"Crescente";"Garoa/Chuvisco";"Simples";"Curva";"Não";1;0;0;1;0;0;1;1;-26,4689;-48,96492;"SR-SC";"UOP03";"DEL03"