"id";"data_inversa";"dia_semana";"horario";"uf";"br";"km";"municipio";"causa_acidente";"tipo_acidente";"classificacao_acidente";"fase_dia";"sentido_via";"condicao_metereologica";"tipo_pista";"tracado_via";"uso_solo";"pessoas";"mortos";"feridos_leves";"feridos_graves";"ilesos";"ignorados";"feridos";"veiculos";"latitude";"longitude";"regional";"delegacia";"uop"
269151;2020-02-14;"sexta-feira";"11:20:00";"SP";116;223;"GUARULHOS";"Não guardar distância de segurança";"Colisão traseira";"Com Vítimas Feridas";"Pleno dia";"Crescente";"Céu Claro";"Múltipla";"Reta";"Sim";5;0;3;0;2;0;3;2;-23,4756;-46,52466;"SR-SP";"UOP01";"DEL01"
269152;2020-02-14;"sexta-feira";"11:35:00";"PI";316;308,4;"PICOS";"Velocidade Incompatível";"Colisão transversal";"Com Vítimas Feridas";"Pleno dia";"Decrescente";"Céu Claro";"Simples";"Reta";"Sim";2;0;1;0;1;0;1;2;-7,077737;-41,49276;"SR-PI";"UOP01";"DEL04"
269153;2020-02-14;"sexta-feira";"06:50:00";"PE";101;83,7;"JABOATAO DOS GUARARAPES";"Falta de Atenção à Condução";"Queda de ocupante de veículo";"Com Vítimas Feridas";"Pleno dia";"Decrescente";"Céu Claro";"Dupla";"Reta";"Sim";2;0;1;0;1;0;1;2;-8,175172;-34,94264;"SR-PE";"UOP03";"DEL01"
269155;2020-02-14;"sexta-feira";"11:55:00";"PA";230;118;"MARABA";"Não guardar distância de segurança";"Colisão traseira";"Com Vítimas Feridas";"Pleno dia";"Crescente";"Sol";"Dupla";"Reta";"Sim";5;0;1;0;4;0;1;4;-5,351937;-49,09794;"SR-PA";"UOP01";"DEL03"
269156;2020-02-14;"sexta-feira";"11:20:00";"MT";163;775;"SORRISO";"Objeto estático sobre o leito carroçável";"Queda de ocupante de veículo";"Com Vítimas Feridas";"Pleno dia";"Decrescente";"Sol";"Simples";"Reta";"Não";2;0;2;0;0;0;2;1;-12,37744;-55,61087;"SR-MT";"UOP01";"DEL06"
269157;2020-02-05;"quarta-feira";"19:00:00";"MS";158;212,8;"SELVIRIA";"Animais na Pista";"Atropelamento de Animal";"Com Vítimas Feridas";"Anoitecer";"Decrescente";"Garoa/Chuvisco";"Simples";"Reta";"Não";2;0;1;0;1;0;1;1;-20,46148;-51,50905;"SR-MS";"UOP01";"DEL07"
269158;2020-02-14;"sexta-feira";"12:30:00";"ES";101;292;"CARIACICA";"Falta de Atenção à Condução";"Colisão traseira";"Com Vítimas Feridas";"Pleno dia";"Decrescente";"Céu Claro";"Dupla";"Reta";"Sim";3;0;2;0;1;0;2;2;-20,30651;-40,39489;"SR-ES";"UOP01";"DEL01"
269159;2020-02-14;"sexta-feira";"12:30:00";"AL";316;258;"SATUBA";"Falta de Atenção à Condução";"Colisão frontal";"Com Vítimas Fatais";"Pleno dia";"Crescente";"Céu Claro";"Simples";"Reta";"Não";2;1;0;0;1;0;0;2;-9,591383;-35,92309;"SR-AL";"UOP01";"DEL02"
269160;2020-02-14;"sexta-feira";"13:10:00";"SC";470;139,9;"RIO DO SUL";"Ingestão de Álcool";"Colisão transversal";"Com Vítimas Feridas";"Pleno dia";"Crescente";"Sol";"Simples";"Reta";"Sim";2;0;1;0;1;0;1;2;-27,20721;-49,64848;"SR-SC";"UOP02";"DEL04"
269161;2020-02-14;"sexta-feira";"09:30:00";"MG";50;55;"UBERLANDIA";"Defeito Mecânico no Veículo";"Colisão traseira";"Com Vítimas Feridas";"Pleno dia";"Decrescente";"Céu Claro";"Dupla";"Desvio Temporário";"Não";3;0;1;0;2;0;1;2;-18,77291;-48,24124;"SR-MG";"UOP02";"DEL15"
269162;2020-02-14;"sexta-feira";"11:45:00";"PR";280;274,9;"MARMELEIRO";"Avarias e/ou desgaste excessivo no pneu";"Saída de leito carroçável";"Com Vítimas Feridas";"Pleno dia";"Crescente";"Sol";"Simples";"Desvio Temporário";"Não";5;0;5;0;0;0;5;1;-26,22841;-53,17598;"SR-PR";"UOP01";"DEL02"
269163;2020-02-12;"quarta-feira";"08:30:00";"MT";364;303;"JACIARA";"Pista Escorregadia";"Saída de leito carroçável";"Sem Vítimas";"Pleno dia";"Crescente";"Chuva";"Dupla";"Reta";"Não";1;0;0;0;1;0;0;1;-15,83217;-55,17826;"SR-MT";"DEL2/1";"UOP02/MT"
269164;2020-02-14;"sexta-feira";"11:25:00";"CE";222;229,3;"SOBRAL";"Pista Escorregadia";"Colisão com objeto estático";"Com Vítimas Fatais";"Pleno dia";"Crescente";"Nublado";"Simples";"Reta";"Não";3;1;0;1;0;1;1;3;-3,700632;-40,39266;"SR-CE";"UOP01";"DEL04"
269165;2020-02-14;"sexta-feira";"11:30:00";"SP";101;40,5;"UBATUBA";"Desobediência às normas de trânsito pelo condutor";"Colisão transversal";"Com Vítimas Feridas";"Pleno dia";"Crescente";"Céu Claro";"Simples";"Reta";"Não";3;0;1;0;1;1;1;2;-23,41776;-45,0386;"SR-SP";"UOP02";"DEL06"
269166;2020-02-14;"sexta-feira";"13:35:00";"RS";290;75;"GRAVATAI";"Falta de Atenção à Condução";"Colisão lateral";"Com Vítimas Feridas";"Pleno dia";"Decrescente";"Céu Claro";"Dupla";"Reta";"Não";2;0;1;0;1;0;1;2;-29,95521;-51,00686;"SR-RS";"UOP01";"DEL01"
269167;2020-02-06;"quinta-feira";"17:40:00";"CE";304;52;"ARACATI";"Carga excessiva e/ou mal acondicionada";"Queda de ocupante de veículo";"Com Vítimas Feridas";"Pleno dia";"Crescente";"Céu Claro";"Simples";"Reta";"Não";1;0;1;0;0;0;1;1;-4,578327;-37,73439;"SR-CE";"UOP03";"DEL03"
269168;2020-02-14;"sexta-feira";"13:40:00";"CE";222;6,7;"CAUCAIA";"Falta de Atenção à Condução";"Colisão traseira";"Com Vítimas Feridas";"Pleno dia";"Crescente";"Céu Claro";"Dupla";"Reta";"Sim";3;0;0;1;2;0;1;2;-3,745392;-38,62188;"SR-CE";"UOP01";"DEL01"
269169;2020-02-14;"sexta-feira";"13:15:00";"GO";40;5,9;"VALPARAISO DE GOIAS";"Velocidade Incompatível";"Saída de leito carroçável";"Com Vítimas Feridas";"Pleno dia";"Crescente";"Sol";"Dupla";"Não Informado";"Sim";2;0;1;0;1;0;1;1;-16,09313;-47,98224;"SR-DF";"UOP01";"DEL01"
269171;2020-02-14;"sexta-feira";"13:40:00";"PB";230;14,8;"CABEDELO";"Falta de Atenção à Condução";"Colisão com objeto estático";"Com Vítimas Feridas";"Pleno dia";"Crescente";"Céu Claro";"Dupla";"Reta";"Sim";1;0;0;1;0;0;1;1;-7,0844;-34,8488;"SR-PB";"UOP01";"DEL01"
269175;2020-01-26;"domingo";"06:00:00";"BA";242;341;"LENCOIS";"Velocidade Incompatível";"Colisão transversal";"Com Vítimas Feridas";"Pleno dia";"Decrescente";"Chuva";"Simples";"Curva";"Não";6;0;4;0;2;0;4;3;-12,51224;-41,24154;"SR-BA";"DEL10/6";"UOP01/BA"
269176;2020-02-14;"sexta-feira";"13:00:00";"ES";101;410,9;"ITAPEMIRIM";"Defeito Mecânico no Veículo";"Saída de leito carroçável";"Com Vítimas Feridas";"Pleno dia";"Decrescente";"Sol";"Simples";"Não Informado";"Não";1;0;0;1;0;0;1;1;-20,89897;-41,05387;"SR-ES";"UOP02";"DEL03"
269178;2020-02-14;"sexta-feira";"10:40:00";"MS";262;117,8;"AGUA CLARA";"Falta de Atenção à Condução";"Colisão traseira";"Sem Vítimas";"Pleno dia";"Decrescente";"Céu Claro";"Simples";"Reta";"Não";6;0;0;0;6;0;0;2;-20,51171;-52,6447;"SR-MS";"UOP02";"DEL07"
269179;2020-02-14;"sexta-feira";"12:40:00";"PR";369;187,4;"ARAPONGAS";"Não guardar distância de segurança";"Colisão traseira";"Sem Vítimas";"Pleno dia";"Decrescente";"Sol";"Simples";"Reta";"Não";2;0;0;0;2;0;0;2;-23,42802;-51,423;"SR-PR";"UOP03";"DEL07"
269181;2020-02-14;"sexta-feira";"14:45:00";"SC";280;33;"ARAQUARI";"Defeito Mecânico no Veículo";"Tombamento";"Com Vítimas Feridas";"Pleno dia";"Decrescente";"Céu Claro";"Simples";"Reta";"Sim";1;0;1;0;0;0;1;1;-26,42576;-48,78741;"SR-SC";"UOP03";"DEL03"
269182;2020-02-14;"sexta-feira";"10:50:00";"RO";364;344,8;"JI-PARANA";"Falta de Atenção do Pedestre";"Atropelamento de Pedestre";"Com Vítimas Fatais";"Pleno dia";"Crescente";"Céu Claro";"Dupla";"Reta";"Não";2;1;0;0;1;0;0;1;-10,87376;-61,95257;"SR-RO";"UOP01";"DEL02"
269183;2020-02-14;"sexta-feira";"15:30:00";"RJ";116;163;"RIO DE JANEIRO";"Desobediência às normas de trânsito pelo condutor";"Colisão lateral";"Com Vítimas Feridas";"Pleno dia";"Crescente";"Nublado";"Múltipla";"Reta";"Sim";2;0;1;0;1;0;1;2;-22,80273;-43,29042;"SR-RJ";"UOP02";"DEL01"
269185;2020-02-14;"sexta-feira";"14:00:00";"PE";101;64,7;"RECIFE";"Defeito Mecânico no Veículo";"Colisão com objeto em movimento";"Sem Vítimas";"Pleno dia";"Decrescente";"Céu Claro";"Dupla";"Viaduto";"Sim";2;0;0;0;2;0;0;2;-8,037553;-34,94148;"SR-PE";"UOP01";"DEL01"
269186;2020-02-14;"sexta-feira";"14:25:00";"SP";116;442;"REGISTRO";"Falta de Atenção à Condução";"Colisão traseira";"Sem Vítimas";"Pleno dia";"Crescente";"Céu Claro";"Dupla";"Reta";"Sim";2;0;0;0;1;1;0;2;-24,4761;-47,82735;"SR-SP";"UOP01";"DEL05"
269187;2020-02-14;"sexta-feira";"15:00:00";"SP";116;442;"REGISTRO";"Pista Escorregadia";"Saída de leito carroçável";"Com Vítimas Feridas";"Pleno dia";"Crescente";"Céu Claro";"Dupla";"Reta";"Não";1;0;1;0;0;0;1;1;-24,4761;-47,82735;"SR-SP";"UOP01";"DEL05"
269188;2020-02-14;"sexta-feira";"15:45:00";"RN";101;95;"NATAL";"Falta de Atenção à Condução";"Colisão traseira";"Sem Vítimas";"Pleno dia";"Crescente";"Céu Claro";"Simples";"Reta";"Sim";2;0;0;0;2;0;0;2;-5,840768;-35,21036;"SR-RN";"UOP01";"DEL01"
269189;2020-02-14;"sexta-feira";"15:55:00";"RN";304;259,1;"SANTA MARIA";"Condutor Dormindo";"Capotamento";"Com Vítimas Feridas";"Pleno dia";"Decrescente";"Céu Claro";"Simples";"Reta";"Não";1;0;1;0;0;0;1;1;-5,846055;-35,67403;"SR-RN";"UOP02";"DEL01"
269190;2020-02-14;"sexta-feira";"16:25:00";"DF";251;44,8;"BRASILIA";"Falta de Atenção à Condução";"Colisão transversal";"Com Vítimas Feridas";"Pleno dia";"Crescente";"Céu Claro";"Simples";"Reta";"Não";2;0;1;0;1;0;1;2;-15,9486;-47,85576;"SR-DF";"UOP01";"DEL01"
269191;2020-02-14;"sexta-feira";"16:30:00";"GO";60;169;"ABADIA DE GOIAS";"Ultrapassagem Indevida";"Colisão lateral";"Com Vítimas Feridas";"Pleno dia";"Decrescente";"Sol";"Simples";"Interseção de vias";"Sim";2;0;0;1;1;0;1;2;-16,7269;-49,3822;"SR-GO";"UOP02";"DEL01"
269192;2020-02-14;"sexta-feira";"16:30:00";"RN";101;96;"NATAL";"Falta de Atenção à Condução";"Colisão lateral";"Com Vítimas Feridas";"Pleno dia";"Crescente";"Sol";"Dupla";"Viaduto";"Sim";2;0;1;0;1;0;1;2;-5,849496;-35,20891;"SR-RN";"UOP01";"DEL01"
269193;2020-02-14;"sexta-feira";"16:00:00";"SP";116;31;"CRUZEIRO";"Defeito Mecânico no Veículo";"Tombamento";"Com Vítimas Feridas";"Pleno dia";"Crescente";"Céu Claro";"Dupla";"Curva";"Não";3;0;2;0;0;1;2;1;-22,63966;-44,93869;"SR-SP";"UOP01";"DEL08"
269194;2020-02-14;"sexta-feira";"16:30:00";"PA";155;274;"ELDORADO DO CARAJAS";"Defeito na Via";"Colisão traseira";"Com Vítimas Feridas";"Pleno dia";"Crescente";"Sol";"Simples";"Reta";"Não";7;0;1;0;6;0;1;2;-5,94769;-49,21949;"SR-PA";"UOP01";"DEL03"
269195;2020-02-10;"segunda-feira";"22:50:00";"PR";116;100;"SAO JOSE DOS PINHAIS";"Carga excessiva e/ou mal acondicionada";"Derramamento de carga";"Sem Vítimas";"Plena Noite";"Decrescente";"Céu Claro";"Dupla";"Reta";"Sim";1;0;0;0;0;1;0;1;-25,53379;-49,14664;"SR-PR";"UOP01";"DEL01"
269197;2020-02-14;"sexta-feira";"17:15:00";"RS";116;243;"SAO LEOPOLDO";"Ingestão de álcool e/ou substâncias psicoativas pelo pedestre";"Colisão traseira";"Sem Vítimas";"Pleno dia";"Crescente";"Céu Claro";"Dupla";"Reta";"Não";3;0;0;0;3;0;0;3;-29,72892;-51,14948;"SR-RS";"UOP02";"DEL01"
269198;2020-02-13;"quinta-feira";"15:00:00";"BA";242;504;"OLIVEIRA DOS BREJINHOS";"Ultrapassagem Indevida";"Saída de leito carroçável";"Sem Vítimas";"Pleno dia";"Crescente";"Sol";"Simples";"Reta";"Não";1;0;0;0;1;0;0;1;-12,35492;-42,48499;"SR-BA";"UOP01";"DEL06"
269199;2020-02-14;"sexta-feira";"17:30:00";"AP";210;16;"MACAPA";"Não guardar distância de segurança";"Colisão traseira";"Com Vítimas Feridas";"Anoitecer";"Decrescente";"Chuva";"Simples";"Reta";"Não";4;0;1;0;3;0;1;2;0,1627259;-51,12791;"SR-AP";"UOP01";"DEL01"
269200;2020-02-14;"sexta-feira";"17:35:00";"PR";277;590;"CASCAVEL";"Falta de Atenção à Condução";"Colisão transversal";"Com Vítimas Feridas";"Pleno dia";"Crescente";"Nublado";"Simples";"Interseção de vias";"Sim";3;0;1;0;2;0;1;3;-24,98121;-53,45592;"SR-PR";"UOP01";"DEL04"
269201;2020-02-14;"sexta-feira";"17:00:00";"SC";101;214,7;"PALHOCA";"Não guardar distância de segurança";"Colisão traseira";"Com Vítimas Feridas";"Pleno dia";"Decrescente";"Nublado";"Múltipla";"Reta";"Sim";2;0;1;0;1;0;1;2;-27,64443;-48,67057;"SR-SC";"UOP02";"DEL01"
269203;2020-02-14;"sexta-feira";"18:00:00";"PR";277;589,4;"CASCAVEL";"Falta de Atenção à Condução";"Engavetamento";"Com Vítimas Feridas";"Pleno dia";"Crescente";"Nublado";"Simples";"Reta";"Sim";4;0;1;0;3;0;1;3;-24,97986;-53,45232;"SR-PR";"UOP01";"DEL04"
269204;2020-02-14;"sexta-feira";"17:40:00";"RJ";101;322;"NITEROI";"Falta de Atenção à Condução";"Colisão transversal";"Com Vítimas Feridas";"Pleno dia";"Crescente";"Céu Claro";"Dupla";"Reta";"Sim";2;0;1;0;1;0;1;2;-22,87892;-43,11068;"SR-RJ";"UOP01";"DEL02"
269205;2020-02-14;"sexta-feira";"17:35:00";"SC";470;139,2;"RIO DO SUL";"Falta de Atenção à Condução";"Colisão lateral";"Com Vítimas Feridas";"Pleno dia";"Crescente";"Céu Claro";"Dupla";"Reta";"Sim";2;0;2;0;0;0;2;1;-27,21756;-49,65461;"SR-SC";"UOP02";"DEL04"
269206;2020-02-14;"sexta-feira";"18:00:00";"SP";153;115,6;"UBARANA";"Falta de Atenção à Condução";"Capotamento";"Com Vítimas Feridas";"Pleno dia";"Decrescente";"Céu Claro";"Simples";"Reta";"Não";2;0;1;0;1;0;1;1;-21,12936;-49,69488;"SR-SP";"UOP01";"DEL09"
269207;2020-02-14;"sexta-feira";"18:10:00";"SP";153;73,2;"SAO JOSE DO RIO PRETO";"Não guardar distância de segurança";"Colisão lateral";"Com Vítimas Feridas";"Pleno dia";"Crescente";"Céu Claro";"Dupla";"Reta";"Sim";2;0;1;0;1;0;1;2;-20,87627;-49,42005;"SR-SP";"UOP01";"DEL09"
269208;2020-02-14;"sexta-feira";"17:00:00";"BA";324;531;"FEIRA DE SANTANA";"Falta de Atenção à Condução";"Incêndio";"Com Vítimas Feridas";"Anoitecer";"Crescente";"Céu Claro";"Simples";"Reta";"Não";1;0;1;0;0;0;1;1;-12,33362;-38,85454;"SR-BA";"UOP01";"DEL01"
269209;2020-02-14;"sexta-feira";"17:40:00";"GO";70;33,1;"COCALZINHO DE GOIAS";"Velocidade Incompatível";"Colisão frontal";"Com Vítimas Fatais";"Pleno dia";"Crescente";"Chuva";"Simples";"Não Informado";"Não";7;4;1;2;0;0;3;2;-15,78239;-48,47362;"SR-DF";"UOP03";"DEL01"
269210;2020-02-14;"sexta-feira";"17:45:00";"GO";50;277,1;"CATALAO";"Falta de Atenção à Condução";"Colisão lateral";"Com Vítimas Feridas";"Anoitecer";"Decrescente";"Nublado";"Simples";"Reta";"Sim";2;0;1;0;1;0;1;2;-18,1652;-47,9113;"SR-GO";"UOP01";"DEL06"
269211;2020-02-14;"sexta-feira";"17:50:00";"SP";116;217,5;"GUARULHOS";"Não guardar distância de segurança";"Colisão traseira";"Com Vítimas Feridas";"Anoitecer";"Crescente";"Céu Claro";"Simples";"Reta";"Não";3;0;1;0;1;1;1;2;-23,45424;-46,47119;"SR-SP";"UOP01";"DEL01"
269212;2020-02-14;"sexta-feira";"17:00:00";"MG";50;71;"UBERLANDIA";"Não guardar distância de segurança";"Colisão traseira";"Com Vítimas Feridas";"Pleno dia";"Decrescente";"Céu Claro";"Dupla";"Reta";"Sim";3;0;1;0;2;0;1;2;-18,8514;-48,25346;"SR-MG";"UOP01";"DEL15"
269213;2020-02-14;"sexta-feira";"16:10:00";"RJ";40;111;"DUQUE DE CAXIAS";"Desobediência às normas de trânsito pelo condutor";"Colisão com objeto em movimento";"Com Vítimas Feridas";"Pleno dia";"Crescente";"Chuva";"Múltipla";"Não Informado";"Sim";3;0;2;0;0;1;2;2;-22,69187;-43,28745;"SR-RJ";"UOP01";"DEL01"
269214;2020-02-14;"sexta-feira";"17:50:00";"SP";116;278;"EMBU DAS ARTES";"Ultrapassagem Indevida";"Colisão lateral";"Com Vítimas Feridas";"Anoitecer";"Crescente";"Nublado";"Dupla";"Reta";"Sim";4;0;4;0;0;0;4;3;-23,6358;-46,82897;"SR-SP";"UOP01";"DEL04"
269215;2020-02-14;"sexta-feira";"17:23:00";"CE";222;122,2;"ITAPAJE";"Falta de Atenção à Condução";"Colisão transversal";"Com Vítimas Feridas";"Anoitecer";"Decrescente";"Céu Claro";"Simples";"Reta";"Sim";2;0;1;0;1;0;1;2;-3,69939;-39,57426;"SR-CE";"UOP03";"DEL04"
269216;2020-02-14;"sexta-feira";"18:00:00";"DF";70;3;"BRASILIA";"Falta de Atenção à Condução";"Queda de ocupante de veículo";"Com Vítimas Feridas";"Plena Noite";"Decrescente";"Céu Claro";"Dupla";"Reta";"Sim";1;0;1;0;0;0;1;1;-15,80245;-48,08039;"SR-DF";"UOP03";"DEL01"
269217;2020-02-14;"sexta-feira";"16:00:00";"AC";364;127;"RIO BRANCO";"Desobediência às normas de trânsito pelo condutor";"Colisão lateral";"Com Vítimas Feridas";"Pleno dia";"Decrescente";"Céu Claro";"Simples";"Reta";"Sim";3;0;2;0;1;0;2;2;-10,01981;-67,81433;"SR-AC";"UOP01";"DEL01"
269218;2020-02-14;"sexta-feira";"18:10:00";"RS";386;346;"LAJEADO";"Desobediência às normas de trânsito pelo condutor";"Colisão traseira";"Com Vítimas Feridas";"Anoitecer";"Decrescente";"Nublado";"Simples";"Reta";"Sim";2;0;1;0;1;0;1;2;-29,44679;-51,97456;"SR-RS";"UOP01";"DEL04"
269219;2020-02-14;"sexta-feira";"18:30:00";"DF";20;8;"BRASILIA";"Desobediência às normas de trânsito pelo condutor";"Atropelamento de Pedestre";"Com Vítimas Feridas";"Anoitecer";"Crescente";"Céu Claro";"Dupla";"Não Informado";"Sim";2;0;1;0;1;0;1;1;-15,65839;-47,79153;"SR-DF";"UOP01";"DEL02"
269220;2020-02-14;"sexta-feira";"17:35:00";"SC";280;32,8;"ARAQUARI";"Desobediência às normas de trânsito pelo condutor";"Colisão transversal";"Sem Vítimas";"Pleno dia";"Decrescente";"Céu Claro";"Simples";"Reta";"Não";2;0;0;0;2;0;0;2;-26,42062;-48,77934;"SR-SC";"UOP03";"DEL03"
269221;2020-02-14;"sexta-feira";"16:20:00";"MG";50;72;"UBERLANDIA";"Falta de Atenção à Condução";"Colisão traseira";"Com Vítimas Feridas";"Pleno dia";"Decrescente";"Sol";"Dupla";"Reta";"Sim";3;0;2;0;1;0;2;2;-18,8514;-48,25346;"SR-MG";"UOP01";"DEL15"
269222;2020-02-14;"sexta-feira";"18:30:00";"MG";381;759,9;"TRES CORACOES";"Falta de Atenção à Condução";"Colisão lateral";"Com Vítimas Feridas";"Anoitecer";"Crescente";"Céu Claro";"Dupla";"Não Informado";"Não";2;0;1;0;1;0;1;2;-21,71598;-45,37713;"SR-MG";"UOP02";"DEL16"
269223;2020-02-14;"sexta-feira";"17:40:00";"PB";230;27;"JOAO PESSOA";"Falta de Atenção à Condução";"Tombamento";"Com Vítimas Feridas";"Anoitecer";"Crescente";"Nublado";"Dupla";"Reta";"Sim";2;0;0;2;0;0;2;1;-7,1677;-34,8855;"SR-PB";"UOP01";"DEL01"
269224;2020-02-14;"sexta-feira";"10:00:00";"MG";381;248;"SANTANA DO PARAISO";"Ultrapassagem Indevida";"Colisão lateral";"Com Vítimas Feridas";"Pleno dia";"Decrescente";"Céu Claro";"Simples";"Reta";"Não";4;0;1;0;2;1;1;2;-19,43642;-42,50988;"SR-MG";"UOP01";"DEL06"
269225;2020-02-14;"sexta-feira";"18:10:00";"RS";290;138,8;"ELDORADO DO SUL";"Condutor Dormindo";"Colisão frontal";"Com Vítimas Fatais";"Pleno dia";"Crescente";"Nublado";"Simples";"Reta";"Não";5;1;1;3;0;0;4;2;-30,07512;-51,59038;"SR-RS";"UOP01";"DEL02"
269226;2020-02-14;"sexta-feira";"18:30:00";"SP";116;211;"GUARULHOS";"Falta de Atenção à Condução";"Colisão lateral";"Com Vítimas Feridas";"Anoitecer";"Decrescente";"Céu Claro";"Múltipla";"Reta";"Sim";2;0;1;0;1;0;1;2;-23,43243;-46,41944;"SR-SP";"UOP01";"DEL01"
269227;2020-02-14;"sexta-feira";"18:10:00";"RJ";101;551,8;"PARATY";"Falta de Atenção à Condução";"Colisão transversal";"Com Vítimas Feridas";"Pleno dia";"Decrescente";"Céu Claro";"Simples";"Reta";"Não";5;0;4;0;1;0;4;2;-23,05018;-44,6737;"SR-RJ";"UOP04";"DEL03"
269228;2020-02-14;"sexta-feira";"18:50:00";"RN";226;111,8;"SANTA CRUZ";"Falta de Atenção à Condução";"Colisão transversal";"Com Vítimas Feridas";"Plena Noite";"Crescente";"Céu Claro";"Simples";"Não Informado";"Sim";2;0;2;0;0;0;2;2;-6,228419;-36,01775;"SR-RN";"UOP02";"DEL03"
269229;2020-02-14;"sexta-feira";"16:40:00";"GO";60;299;"ACREUNA";"Falta de Atenção à Condução";"Colisão traseira";"Com Vítimas Feridas";"Pleno dia";"Crescente";"Nublado";"Dupla";"Reta";"Não";2;0;1;0;1;0;1;2;-17,3572;-50,3304;"SR-GO";"UOP01";"DEL04"
269230;2020-02-14;"sexta-feira";"18:30:00";"AP";210;45;"MACAPA";"Falta de Atenção à Condução";"Capotamento";"Com Vítimas Feridas";"Anoitecer";"Crescente";"Chuva";"Simples";"Reta";"Não";4;0;1;0;3;0;1;1;0,397065;-51,05899;"SR-AP";"UOP01";"DEL01"
269231;2020-02-14;"sexta-feira";"19:00:00";"ES";101;266,9;"SERRA";"Falta de Atenção à Condução";"Atropelamento de Pedestre";"Com Vítimas Feridas";"Plena Noite";"Crescente";"Nublado";"Múltipla";"Reta";"Sim";2;0;0;1;0;1;1;1;-20,1902;-40,26829;"SR-ES";"UOP01";"DEL02"
269232;2020-02-14;"sexta-feira";"19:45:00";"SC";101;432,4;"SOMBRIO";"Defeito Mecânico no Veículo";"Tombamento";"Com Vítimas Feridas";"Plena Noite";"Crescente";"Céu Claro";"Dupla";"Reta";"Sim";2;0;2;0;0;0;2;1;-29,07327;-49,62718;"SR-SC";"UOP02";"DEL02"
269233;2020-02-14;"sexta-feira";"20:05:00";"PR";373;233;"IMBITUVA";"Ingestão de Álcool";"Queda de ocupante de veículo";"Com Vítimas Feridas";"Plena Noite";"Crescente";"Céu Claro";"Simples";"Reta";"Não";1;0;1;0;0;0;1;1;-25,18677;-50,69712;"SR-PR";"UOP01";"DEL03"
269234;2020-02-14;"sexta-feira";"18:30:00";"ES";262;158;"IBATIBA";"Falta de Atenção do Pedestre";"Atropelamento de Pedestre";"Com Vítimas Feridas";"Plena Noite";"Crescente";"Céu Claro";"Simples";"Reta";"Sim";2;0;1;0;1;0;1;1;-20,23111;-41,49626;"SR-ES";"UOP02";"DEL01"
269235;2020-02-14;"sexta-feira";"19:50:00";"GO";60;163,2;"GOIANIA";"Falta de Atenção à Condução";"Colisão lateral";"Com Vítimas Feridas";"Plena Noite";"Decrescente";"Céu Claro";"Dupla";"Reta";"Sim";2;0;1;0;1;0;1;2;-16,7002;-49,3335;"SR-GO";"UOP02";"DEL01"
269236;2020-02-14;"sexta-feira";"20:00:00";"SC";101;340,9;"TUBARAO";"Falta de Atenção à Condução";"Colisão transversal";"Com Vítimas Feridas";"Plena Noite";"Crescente";"Céu Claro";"Simples";"Interseção de vias";"Sim";3;0;2;1;0;0;3;2;-28,50144;-49,0469;"SR-SC";"UOP01";"DEL02"
269237;2020-02-14;"sexta-feira";"19:20:00";"MS";262;771,2;"CORUMBA";"Falta de Atenção à Condução";"Colisão lateral";"Com Vítimas Fatais";"Plena Noite";"Decrescente";"Nublado";"Simples";"Reta";"Sim";2;1;0;0;1;0;0;2;-19,08286;-57,62168;"SR-MS";"OMT/MS";""
269238;2020-02-14;"sexta-feira";"10:10:00";"SC";116;159,9;"SANTA CECILIA";"Falta de Atenção à Condução";"Saída de leito carroçável";"Sem Vítimas";"Pleno dia";"Crescente";"Céu Claro";"Simples";"Reta";"Não";1;0;0;0;1;0;0;1;-27,09961;-50,45374;"SR-SC";"UOP02";"DEL06"
269239;2020-02-14;"sexta-feira";"19:44:00";"PE";101;66,3;"RECIFE";"Falta de Atenção à Condução";"Colisão traseira";"Com Vítimas Feridas";"Plena Noite";"Crescente";"Céu Claro";"Múltipla";"Reta";"Sim";3;0;1;1;1;0;2;2;-8,033685;-34,94184;"SR-PE";"UOP01";"DEL01"
269240;2020-02-14;"sexta-feira";"20:50:00";"MG";381;3;"BETIM";"Velocidade Incompatível";"Tombamento";"Com Vítimas Feridas";"Plena Noite";"Decrescente";"Céu Claro";"Dupla";"Reta";"Sim";2;0;2;0;0;0;2;1;-19,96825;-44,19871;"SR-MG";"UOP03";"DEL01"
269241;2020-02-14;"sexta-feira";"20:15:00";"MA";222;677;"ACAILANDIA";"Animais na Pista";"Atropelamento de Animal";"Com Vítimas Feridas";"Plena Noite";"Crescente";"Céu Claro";"Dupla";"Desvio Temporário";"Sim";1;0;0;1;0;0;1;1;-4,947465;-47,47679;"SR-MA";"UOP03";"DEL04"
269242;2020-02-14;"sexta-feira";"21:00:00";"SP";116;287;"ITAPECERICA DA SERRA";"Falta de Atenção à Condução";"Colisão traseira";"Com Vítimas Feridas";"Plena Noite";"Crescente";"Céu Claro";"Dupla";"Reta";"Não";3;0;2;0;1;0;2;2;-23,71442;-46,8793;"SR-SP";"UOP01";"DEL04"
269243;2020-02-14;"sexta-feira";"20:30:00";"BA";101;7,3;"RIO REAL";"Carga excessiva e/ou mal acondicionada";"Tombamento";"Sem Vítimas";"Plena Noite";"Decrescente";"Céu Claro";"Simples";"Reta";"Sim";1;0;0;0;1;0;0;1;-11,59666;-37,87804;"SR-SE";"UOP03";"DEL02"