"id";"data_inversa";"dia_semana";"horario";"uf";"br";"km";"municipio";"causa_acidente";"tipo_acidente";"classificacao_acidente";"fase_dia";"sentido_via";"condicao_metereologica";"tipo_pista";"tracado_via";"uso_solo";"pessoas";"mortos";"feridos_leves";"feridos_graves";"ilesos";"ignorados";"feridos";"veiculos";"latitude";"longitude";"regional";"delegacia";"uop"
269245;2020-02-14;"sexta-feira";"20:30:00";"SP";116;229;"SAO PAULO";"Ingestão de Álcool";"Colisão lateral";"Com Vítimas Feridas";"Plena Noite";"Decrescente";"Nublado";"Múltipla";"Reta";"Sim";2;0;1;0;1;0;1;2;-23,50999;-46,57342;"SR-SP";"UOP01";"DEL01"
269246;2020-02-14;"sexta-feira";"18:50:00";"PB";230;312,1;"SAO MAMEDE";"Animais na Pista";"Atropelamento de Animal";"Com Vítimas Feridas";"Plena Noite";"Crescente";"Céu Claro";"Simples";"Reta";"Sim";3;0;1;0;2;0;1;2;-6,9286;-37,0745;"SR-PB";"UOP01";"DEL03"
269247;2020-02-14;"sexta-feira";"21:00:00";"MG";364;27,8;"FRUTAL";"Sinalização da via insuficiente ou inadequada";"Colisão com objeto estático";"Com Vítimas Feridas";"Plena Noite";"Crescente";"Céu Claro";"Simples";"Curva";"Sim";1;0;1;0;0;0;1;1;-20,02045;-48,90221;"SR-MG";"UOP02";"DEL13"
269249;2020-02-14;"sexta-feira";"19:50:00";"PR";277;116;"CAMPO LARGO";"Ingestão de Álcool";"Saída de leito carroçável";"Com Vítimas Feridas";"Plena Noite";"Crescente";"Céu Claro";"Dupla";"Reta";"Sim";2;0;1;0;1;0;1;1;-25,43658;-49,51452;"SR-PR";"UOP03";"DEL03"
269250;2020-02-14;"sexta-feira";"20:10:00";"BA";110;383;"SAO SEBASTIAO DO PASSE";"Falta de Atenção do Pedestre";"Atropelamento de Pedestre";"Com Vítimas Fatais";"Plena Noite";"Crescente";"Céu Claro";"Simples";"Reta";"Não";2;1;0;0;0;1;0;1;-12,47631;-38,48091;"SR-BA";"UOP01";"DEL01"
269252;2020-01-25;"sábado";"10:20:00";"BA";420;235;"LAJE";"Defeito Mecânico no Veículo";"Saída de leito carroçável";"Com Vítimas Feridas";"Pleno dia";"Decrescente";"Nublado";"Simples";"Curva";"Não";11;0;10;1;0;0;11;1;-13,1739;-39,36793;"SR-BA";"DEL10/1";"UOP02/BA"
269253;2020-02-14;"sexta-feira";"19:50:00";"BA";116;7,9;"VITORIA DA CONQUISTA";"Defeito Mecânico no Veículo";"Tombamento";"Com Vítimas Feridas";"Plena Noite";"Crescente";"Céu Claro";"Simples";"Não Informado";"Sim";1;0;1;0;0;0;1;1;-14,84707;-40,88735;"SR-BA";"UOP01";"DEL08"
269254;2020-02-14;"sexta-feira";"21:40:00";"SC";470;51,2;"BLUMENAU";"Falta de Atenção à Condução";"Colisão transversal";"Com Vítimas Feridas";"Plena Noite";"Decrescente";"Céu Claro";"Simples";"Interseção de vias";"Não";2;0;1;0;1;0;1;2;-26,86281;-49,08544;"SR-SC";"UOP01";"DEL04"
269255;2020-02-14;"sexta-feira";"21:00:00";"MA";316;542,4;"CAXIAS";"Animais na Pista";"Atropelamento de Animal";"Com Vítimas Feridas";"Plena Noite";"Crescente";"Chuva";"Simples";"Desvio Temporário";"Não";1;0;0;1;0;0;1;1;-4,8605;-43,42808;"SR-MA";"UOP02";"DEL03"
269256;2020-02-14;"sexta-feira";"21:35:00";"GO";70;17;"AGUAS LINDAS DE GOIAS";"Animais na Pista";"Atropelamento de Animal";"Com Vítimas Feridas";"Plena Noite";"Crescente";"Nublado";"Simples";"Não Informado";"Não";6;0;1;0;5;0;1;1;-15,75061;-48,34985;"SR-DF";"UOP03";"DEL01"
269257;2020-02-14;"sexta-feira";"21:00:00";"SC";282;200;"LAGES";"Não guardar distância de segurança";"Colisão traseira";"Com Vítimas Feridas";"Pleno dia";"Crescente";"Céu Claro";"Simples";"Reta";"Não";3;0;1;0;2;0;1;2;-27,75869;-50,13334;"SR-SC";"UOP01";"DEL05"
269258;2020-02-14;"sexta-feira";"19:50:00";"PR";376;191;"MARIALVA";"Desobediência às normas de trânsito pelo condutor";"Colisão transversal";"Com Vítimas Feridas";"Plena Noite";"Crescente";"Céu Claro";"Dupla";"Desvio Temporário";"Não";3;0;2;0;1;0;2;2;-23,48471;-51,82052;"SR-PR";"UOP01";"DEL09"
269259;2020-02-14;"sexta-feira";"21:00:00";"RN";405;72,2;"APODI";"Animais na Pista";"Atropelamento de Animal";"Sem Vítimas";"Plena Noite";"Decrescente";"Céu Claro";"Simples";"Reta";"Não";1;0;0;0;1;0;0;1;-5,621122;-37,79092;"SR-RN";"UOP02";"DEL04"
269260;2020-02-14;"sexta-feira";"19:00:00";"RO";421;9;"ARIQUEMES";"Defeito na Via";"Queda de ocupante de veículo";"Com Vítimas Feridas";"Plena Noite";"Decrescente";"Nublado";"Simples";"Ponte";"Não";1;0;1;0;0;0;1;1;-9,963603;-63,11914;"SR-RO";"UOP01";"DEL03"
269261;2020-02-14;"sexta-feira";"16:30:00";"MG";262;720,6;"ARAXA";"Velocidade Incompatível";"Saída de leito carroçável";"Com Vítimas Feridas";"Pleno dia";"Crescente";"Chuva";"Simples";"Curva";"Não";1;0;1;0;0;0;1;1;-19,61954;-47,23282;"SR-MG";"UOP01";"DEL08"
269262;2020-02-14;"sexta-feira";"22:15:00";"SC";101;64,5;"ARAQUARI";"Condutor Dormindo";"Colisão traseira";"Com Vítimas Feridas";"Plena Noite";"Decrescente";"Céu Claro";"Dupla";"Reta";"Não";2;0;1;0;1;0;1;2;-26,46433;-48,75063;"SR-SC";"UOP02";"DEL03"
269263;2020-02-14;"sexta-feira";"20:55:00";"MG";40;528,5;"CONTAGEM";"Falta de Atenção à Condução";"Queda de ocupante de veículo";"Com Vítimas Fatais";"Plena Noite";"Decrescente";"Nublado";"Dupla";"Reta";"Não";1;1;0;0;0;0;0;1;-19,90883;-44,04437;"SR-MG";"UOP02";"DEL01"
269264;2020-02-14;"sexta-feira";"20:40:00";"SP";116;219;"GUARULHOS";"Velocidade Incompatível";"Colisão lateral";"Com Vítimas Feridas";"Plena Noite";"Decrescente";"Céu Claro";"Múltipla";"Reta";"Sim";3;0;1;0;2;0;1;3;-23,46063;-46,48644;"SR-SP";"UOP01";"DEL01"
269265;2020-02-14;"sexta-feira";"22:25:00";"SC";101;203;"SAO JOSE";"Falta de Atenção à Condução";"Colisão lateral";"Com Vítimas Feridas";"Plena Noite";"Crescente";"Céu Claro";"Dupla";"Reta";"Sim";3;0;2;0;1;0;2;2;-27,565;-48,6146;"SR-SC";"UOP01";"DEL01"
269266;2020-02-14;"sexta-feira";"07:30:00";"SP";381;89;"GUARULHOS";"Falta de Atenção à Condução";"Tombamento";"Com Vítimas Feridas";"Pleno dia";"Crescente";"Céu Claro";"Dupla";"Reta";"Sim";1;0;1;0;0;0;1;1;-23,48469;-46,55983;"SR-SP";"UOP01";"DEL03"
269267;2020-02-14;"sexta-feira";"22:20:00";"PA";230;119,7;"MARABA";"Desobediência às normas de trânsito pelo condutor";"Colisão lateral";"Com Vítimas Feridas";"Plena Noite";"Decrescente";"Céu Claro";"Simples";"Reta";"Sim";3;0;2;0;1;0;2;3;-5,350407;-49,10598;"SR-PA";"UOP01";"DEL03"
269268;2020-02-14;"sexta-feira";"22:00:00";"PI";343;348;"TERESINA";"Ingestão de Álcool";"Colisão lateral";"Sem Vítimas";"Plena Noite";"Crescente";"Nublado";"Dupla";"Reta";"Sim";4;0;0;0;4;0;0;3;-5,118706;-42,78641;"SR-PI";"UOP01";"DEL01"
269270;2020-02-14;"sexta-feira";"22:10:00";"SP";116;222;"GUARULHOS";"Não guardar distância de segurança";"Colisão traseira";"Sem Vítimas";"Plena Noite";"Decrescente";"Céu Claro";"Múltipla";"Reta";"Sim";4;0;0;0;4;0;0;4;-23,47093;-46,51631;"SR-SP";"UOP01";"DEL01"
269271;2020-02-07;"sexta-feira";"05:30:00";"MS";60;480,2;"MARACAJU";"Falta de Atenção à Condução";"Capotamento";"Com Vítimas Feridas";"Pleno dia";"Decrescente";"Céu Claro";"Simples";"Reta";"Não";2;0;2;0;0;0;2;1;-21,10946;-55,3578;"SR-MS";"UOP04";"DEL01"
269273;2020-02-14;"sexta-feira";"22:40:00";"ES";101;285;"CARIACICA";"Desobediência às normas de trânsito pelo condutor";"Colisão frontal";"Com Vítimas Feridas";"Plena Noite";"Crescente";"Céu Claro";"Dupla";"Reta";"Não";4;0;2;0;2;0;2;2;-20,25148;-40,3727;"SR-ES";"UOP01";"DEL01"
269274;2020-02-14;"sexta-feira";"20:15:00";"GO";364;15;"SAO SIMAO";"Desobediência às normas de trânsito pelo condutor";"Colisão frontal";"Com Vítimas Feridas";"Plena Noite";"Decrescente";"Céu Claro";"Simples";"Interseção de vias";"Não";2;0;1;1;0;0;2;2;-18,96301;-50,61524;"SR-GO";"UOP02";"DEL05"
269275;2020-02-14;"sexta-feira";"22:55:00";"CE";222;1,1;"FORTALEZA";"Ingestão de Álcool";"Colisão lateral";"Com Vítimas Feridas";"Plena Noite";"Crescente";"Céu Claro";"Múltipla";"Reta";"Sim";2;0;2;0;0;0;2;2;-3,737804;-38,57806;"SR-CE";"UOP01";"DEL01"
269276;2020-02-14;"sexta-feira";"18:15:00";"PR";277;597;"CASCAVEL";"Defeito na Via";"Saída de leito carroçável";"Com Vítimas Feridas";"Pleno dia";"Decrescente";"Nublado";"Simples";"Reta";"Sim";1;0;0;1;0;0;1;1;-24,99514;-53,51419;"SR-PR";"UOP01";"DEL04"
269277;2020-02-14;"sexta-feira";"22:50:00";"GO";70;6;"AGUAS LINDAS DE GOIAS";"Ingestão de Álcool";"Capotamento";"Sem Vítimas";"Plena Noite";"Crescente";"Chuva";"Dupla";"Reta";"Sim";1;0;0;0;1;0;0;1;-15,75049;-48,26124;"SR-DF";"UOP03";"DEL01"
269278;2020-02-14;"sexta-feira";"23:15:00";"SC";101;201;"SAO JOSE";"Não guardar distância de segurança";"Colisão lateral";"Com Vítimas Feridas";"Plena Noite";"Crescente";"Céu Claro";"Múltipla";"Reta";"Sim";2;0;0;1;1;0;1;2;-27,54837;-48,61978;"SR-SC";"UOP01";"DEL01"
269279;2020-02-14;"sexta-feira";"23:15:00";"RS";293;3;"PELOTAS";"Desobediência às normas de trânsito pelo condutor";"Colisão transversal";"Com Vítimas Feridas";"Plena Noite";"Decrescente";"Céu Claro";"Simples";"Interseção de vias";"Sim";6;0;2;0;4;0;2;2;-31,74064;-52,36444;"SR-RS";"UOP01";"DEL07"
269280;2020-02-14;"sexta-feira";"23:30:00";"AL";101;2,5;"NOVO LINO";"Condutor Dormindo";"Colisão traseira";"Com Vítimas Feridas";"Plena Noite";"Decrescente";"Céu Claro";"Dupla";"Reta";"Não";2;0;1;0;1;0;1;2;-8,899784;-35,63579;"SR-AL";"UOP02";"DEL01"
269281;2020-02-14;"sexta-feira";"19:30:00";"RJ";40;113;"DUQUE DE CAXIAS";"Falta de Atenção à Condução";"Colisão traseira";"Com Vítimas Feridas";"Plena Noite";"Decrescente";"Nublado";"Simples";"Viaduto";"Sim";2;0;1;0;0;1;1;2;-22,70949;-43,2904;"SR-RJ";"UOP01";"DEL01"
269282;2020-02-14;"sexta-feira";"18:23:00";"MG";381;616,6;"OLIVEIRA";"Falta de Atenção à Condução";"Saída de leito carroçável";"Com Vítimas Feridas";"Plena Noite";"Crescente";"Céu Claro";"Dupla";"Não Informado";"Não";1;0;1;0;0;0;1;1;-20,75305;-44,77476;"SR-MG";"UOP01";"DEL04"
269283;2020-02-14;"sexta-feira";"23:00:00";"RS";290;91;"PORTO ALEGRE";"Defeito Mecânico no Veículo";"Colisão traseira";"Com Vítimas Feridas";"Plena Noite";"Decrescente";"Céu Claro";"Dupla";"Reta";"Sim";3;0;1;0;2;0;1;3;-29,96906;-51,16744;"SR-RS";"UOP01";"DEL01"
269284;2020-02-14;"sexta-feira";"23:30:00";"MG";262;401,4;"PARA DE MINAS";"Falta de Atenção à Condução";"Saída de leito carroçável";"Com Vítimas Feridas";"Plena Noite";"Crescente";"Céu Claro";"Dupla";"Reta";"Sim";1;0;0;1;0;0;1;1;-19,90019;-44,55287;"SR-MG";"UOP03";"DEL08"
269285;2020-02-14;"sexta-feira";"10:45:00";"SC";470;54;"BLUMENAU";"Não guardar distância de segurança";"Colisão lateral";"Com Vítimas Feridas";"Plena Noite";"Crescente";"Céu Claro";"Simples";"Reta";"Sim";3;0;1;0;2;0;1;2;-26,86946;-49,10545;"SR-SC";"UOP01";"DEL04"
269286;2020-02-14;"sexta-feira";"22:50:00";"BA";116;13;"VITORIA DA CONQUISTA";"Ingestão de Álcool";"Saída de leito carroçável";"Sem Vítimas";"Plena Noite";"Crescente";"Céu Claro";"Simples";"Reta";"Sim";1;0;0;0;1;0;0;1;-14,87911;-40,87098;"SR-BA";"UOP01";"DEL08"
269287;2020-02-14;"sexta-feira";"21:30:00";"PE";423;38;"CACHOEIRINHA";"Animais na Pista";"Atropelamento de Animal";"Com Vítimas Feridas";"Plena Noite";"Crescente";"Céu Claro";"Simples";"Reta";"Não";1;0;1;0;0;0;1;1;-8,483613;-36,22575;"SR-PE";"UOP02";"DEL02"
269288;2020-02-14;"sexta-feira";"23:30:00";"GO";40;2,4;"VALPARAISO DE GOIAS";"Pista Escorregadia";"Tombamento";"Com Vítimas Feridas";"Plena Noite";"Crescente";"Nublado";"Dupla";"Reta";"Sim";1;0;1;0;0;0;1;1;-16,06713;-47,98423;"SR-DF";"UOP01";"DEL01"
269290;2020-02-14;"sexta-feira";"22:18:00";"MT";158;409,9;"RIBEIRAO CASCALHEIRA";"Defeito na Via";"Tombamento";"Com Vítimas Feridas";"Plena Noite";"Crescente";"Céu Claro";"Simples";"Reta";"Não";1;0;0;1;0;0;1;1;-12,84694;-51,79436;"SR-MT";"UOP02";"DEL07"
269292;2020-02-14;"sexta-feira";"22:15:00";"SC";101;118,9;"ITAJAI";"Falta de Atenção à Condução";"Saída de leito carroçável";"Com Vítimas Feridas";"Plena Noite";"Crescente";"Nublado";"Dupla";"Reta";"Não";2;0;1;0;1;0;1;2;-26,89586;-48,71903;"SR-SC";"UOP04";"DEL04"
269293;2020-02-14;"sexta-feira";"17:20:00";"MG";381;389;"BARAO DE COCAIS";"Ultrapassagem Indevida";"Colisão frontal";"Com Vítimas Fatais";"Pleno dia";"Crescente";"Céu Claro";"Simples";"Reta";"Não";5;1;0;1;3;0;1;4;-19,76956;-43,45039;"SR-MG";"UOP01";"DEL01"
269294;2020-02-15;"sábado";"00:00:00";"SC";101;186;"BIGUACU";"Desobediência às normas de trânsito pelo pedestre";"Tombamento";"Com Vítimas Feridas";"Plena Noite";"Crescente";"Céu Claro";"Dupla";"Curva";"Não";3;0;1;0;2;0;1;2;-27,43411;-48,62567;"SR-SC";"UOP01";"DEL01"
269295;2020-02-15;"sábado";"00:00:00";"SP";116;120,4;"CACAPAVA";"Velocidade Incompatível";"Colisão traseira";"Com Vítimas Fatais";"Plena Noite";"Decrescente";"Nublado";"Dupla";"Reta";"Não";4;2;0;0;1;1;0;2;-23,0723;-45,64607;"SR-SP";"UOP01";"DEL06"
269296;2020-02-14;"sexta-feira";"22:30:00";"GO";153;505;"GOIANIA";"Falta de Atenção à Condução";"Queda de ocupante de veículo";"Com Vítimas Feridas";"Plena Noite";"Crescente";"Céu Claro";"Dupla";"Reta";"Não";1;0;1;0;0;0;1;1;-16,7537;-49,2411;"SR-GO";"UOP01";"DEL01"
269297;2020-02-15;"sábado";"00:20:00";"SC";282;383;"HERVAL DOESTE";"Falta de Atenção à Condução";"Colisão frontal";"Com Vítimas Feridas";"Plena Noite";"Crescente";"Céu Claro";"Simples";"Curva";"Sim";2;0;0;1;1;0;1;2;-27,20051;-51,50792;"SR-SC";"UOP07";"DEL07"
269299;2020-02-15;"sábado";"02:20:00";"RJ";116;187;"NOVA IGUACU";"Ingestão de Álcool";"Colisão traseira";"Com Vítimas Feridas";"Plena Noite";"Decrescente";"Céu Claro";"Múltipla";"Reta";"Não";4;0;2;0;1;1;2;4;-22,73917;-43,5349;"SR-RJ";"UOP02";"DEL01"
269301;2020-02-15;"sábado";"02:10:00";"GO";40;11;"LUZIANIA";"Ingestão de Álcool";"Saída de leito carroçável";"Com Vítimas Feridas";"Plena Noite";"Crescente";"Céu Claro";"Dupla";"Reta";"Sim";1;0;1;0;0;0;1;1;-16,13834;-47,95164;"SR-DF";"UOP01";"DEL01"
269302;2020-02-15;"sábado";"03:51:00";"SC";101;91;"BARRA VELHA";"Ingestão de Álcool";"Atropelamento de Pedestre";"Com Vítimas Feridas";"Plena Noite";"Crescente";"Nublado";"Simples";"Reta";"Sim";2;0;2;0;0;0;2;1;-26,67121;-48,69012;"SR-SC";"UOP02";"DEL03"
269303;2020-02-15;"sábado";"02:25:00";"BA";101;507,6;"ITABUNA";"Ingestão de Álcool";"Atropelamento de Pedestre";"Com Vítimas Feridas";"Plena Noite";"Crescente";"Céu Claro";"Simples";"Ponte";"Sim";3;0;0;2;0;1;2;1;-14,81536;-39,29644;"SR-BA";"UOP01";"DEL05"
269304;2020-02-15;"sábado";"03:50:00";"BA";407;122,9;"SENHOR DO BONFIM";"Deficiência ou não Acionamento do Sistema de Iluminação/Sinalização do Veículo";"Colisão traseira";"Com Vítimas Fatais";"Plena Noite";"Decrescente";"Céu Claro";"Simples";"Reta";"Não";4;3;0;0;0;1;0;2;-10,43;-40,18666;"SR-BA";"UOP01";"DEL04"
269305;2020-02-15;"sábado";"04:00:00";"AL";104;87,9;"RIO LARGO";"Falta de Atenção à Condução";"Colisão com objeto estático";"Com Vítimas Fatais";"Plena Noite";"Crescente";"Céu Claro";"Dupla";"Reta";"Sim";1;1;0;0;0;0;0;1;-9,479521;-35,81983;"SR-AL";"UOP01";"DEL01"
269306;2020-02-15;"sábado";"02:05:00";"SP";153;256,4;"MARILIA";"Ingestão de Álcool";"Tombamento";"Com Vítimas Feridas";"Plena Noite";"Crescente";"Céu Claro";"Dupla";"Rotatória";"Sim";1;0;1;0;0;0;1;1;-22,23834;-49,91966;"SR-SP";"UOP02";"DEL07"
269308;2020-02-15;"sábado";"02:00:00";"PR";153;107,1;"IBAITI";"Desobediência às normas de trânsito pelo condutor";"Colisão frontal";"Com Vítimas Feridas";"Plena Noite";"Crescente";"Céu Claro";"Simples";"Reta";"Não";4;0;3;0;0;1;3;2;-23,83038;-50,18797;"SR-PR";"UOP05";"DEL07"
269309;2020-02-15;"sábado";"01:15:00";"MA";135;9,9;"SAO LUIS";"Pista Escorregadia";"Saída de leito carroçável";"Com Vítimas Feridas";"Pleno dia";"Decrescente";"Nublado";"Dupla";"Não Informado";"Não";2;0;2;0;0;0;2;2;-2,593604;-44,33258;"SR-MA";"UOP01";"DEL01"
269311;2020-02-15;"sábado";"03:30:00";"MS";163;9;"MUNDO NOVO";"Condutor Dormindo";"Saída de leito carroçável";"Com Vítimas Feridas";"Plena Noite";"Crescente";"Céu Claro";"Simples";"Reta";"Não";1;0;1;0;0;0;1;1;-23,98774;-54,33108;"SR-MS";"UOP02";"DEL09"
269313;2020-02-15;"sábado";"03:40:00";"MS";163;248,5;"DOURADOS";"Ingestão de Álcool";"Colisão com objeto estático";"Sem Vítimas";"Plena Noite";"Crescente";"Céu Claro";"Simples";"Rotatória";"Não";1;0;0;0;1;0;0;1;-22,3239;-54,81909;"SR-MS";"UOP01";"DEL04"
269315;2020-02-15;"sábado";"05:05:00";"GO";60;65;"ABADIANIA";"Condutor Dormindo";"Saída de leito carroçável";"Com Vítimas Feridas";"Amanhecer";"Crescente";"Céu Claro";"Dupla";"Não Informado";"Não";2;0;1;0;1;0;1;1;-16,2058;-48,7409;"SR-GO";"UOP01";"DEL02"
269316;2020-02-15;"sábado";"05:00:00";"PR";376;180;"MARINGA";"Falta de Atenção à Condução";"Queda de ocupante de veículo";"Com Vítimas Feridas";"Amanhecer";"Crescente";"Céu Claro";"Dupla";"Reta";"Sim";1;0;1;0;0;0;1;1;-23,42725;-51,89512;"SR-PR";"UOP01";"DEL09"
269317;2020-02-15;"sábado";"04:00:00";"MT";163;782;"SORRISO";"Ingestão de álcool e/ou substâncias psicoativas pelo pedestre";"Queda de ocupante de veículo";"Com Vítimas Feridas";"Amanhecer";"Crescente";"Nublado";"Simples";"Reta";"Não";1;0;1;0;0;0;1;1;-12,32032;-55,58244;"SR-MT";"UOP01";"DEL06"
269319;2020-02-15;"sábado";"03:30:00";"PE";232;90,2;"SAIRE";"Animais na Pista";"Saída de leito carroçável";"Com Vítimas Feridas";"Plena Noite";"Crescente";"Céu Claro";"Dupla";"Curva";"Não";1;0;0;1;0;0;1;1;-8,217291;-35,65572;"SR-PE";"UOP04";"DEL01"
269320;2020-02-15;"sábado";"02:00:00";"PI";316;107,6;"PASSAGEM FRANCA DO PIAUI";"Condutor Dormindo";"Tombamento";"Com Vítimas Feridas";"Plena Noite";"Crescente";"Chuva";"Simples";"Reta";"Não";1;0;1;0;0;0;1;1;-5,872441;-42,42446;"SR-PI";"UOP02";"DEL04"
269321;2020-02-15;"sábado";"03:20:00";"SC";101;189;"BIGUACU";"Condutor Dormindo";"Colisão traseira";"Com Vítimas Feridas";"Plena Noite";"Crescente";"Céu Claro";"Dupla";"Reta";"Não";3;0;1;0;2;0;1;2;-27,45939;-48,63891;"SR-SC";"UOP01";"DEL01"
269322;2020-02-15;"sábado";"05:00:00";"AL";101;83;"RIO LARGO";"Falta de Atenção à Condução";"Colisão traseira";"Com Vítimas Feridas";"Pleno dia";"Crescente";"Céu Claro";"Dupla";"Não Informado";"Não";2;0;1;0;1;0;1;2;-9,451163;-35,86953;"SR-AL";"UOP01";"DEL01"
269323;2020-02-15;"sábado";"04:20:00";"SC";101;332;"TUBARAO";"Falta de Atenção à Condução";"Colisão lateral";"Sem Vítimas";"Plena Noite";"Decrescente";"Nublado";"Simples";"Reta";"Sim";2;0;0;0;2;0;0;2;-28,46016;-48,98969;"SR-SC";"UOP01";"DEL02"
269324;2020-02-15;"sábado";"05:40:00";"ES";101;449,9;"MIMOSO DO SUL";"Condutor Dormindo";"Colisão frontal";"Com Vítimas Feridas";"Amanhecer";"Crescente";"Céu Claro";"Simples";"Curva";"Não";3;0;1;0;2;0;1;2;-21,13878;-41,27739;"SR-ES";"UOP02";"DEL03"
269325;2020-02-15;"sábado";"05:45:00";"PR";376;598,5;"CURITIBA";"Falta de Atenção à Condução";"Atropelamento de Pedestre";"Com Vítimas Fatais";"Amanhecer";"Crescente";"Céu Claro";"Dupla";"Reta";"Não";2;1;0;1;0;0;1;1;-25,51888;-49,33507;"SR-PR";"UOP04";"DEL01"
269326;2020-02-15;"sábado";"05:50:00";"PR";116;101,5;"SAO JOSE DOS PINHAIS";"Desobediência às normas de trânsito pelo condutor";"Colisão traseira";"Com Vítimas Feridas";"Pleno dia";"Crescente";"Nublado";"Dupla";"Reta";"Não";2;0;1;0;1;0;1;2;-25,54168;-49,15094;"SR-PR";"UOP01";"DEL01"
269327;2020-02-15;"sábado";"06:05:00";"BA";324;0;"FEIRA DE SANTANA";"Defeito Mecânico no Veículo";"Queda de ocupante de veículo";"Com Vítimas Feridas";"Pleno dia";"Decrescente";"Céu Claro";"Dupla";"Reta";"Sim";2;0;2;0;0;0;2;1;-12,26711;-38,96699;"SR-BA";"UOP01";"DEL02"
269328;2020-02-15;"sábado";"05:30:00";"MG";365;19,8;"MONTES CLAROS";"Ingestão de Álcool";"Tombamento";"Com Vítimas Feridas";"Amanhecer";"Crescente";"Ignorado";"Simples";"Reta";"Não";1;0;0;1;0;0;1;1;-16,87542;-44,01143;"SR-MG";"UOP01";"DEL12"
269329;2020-02-15;"sábado";"05:10:00";"SC";280;237,3;"CANOINHAS";"Condutor Dormindo";"Colisão frontal";"Com Vítimas Feridas";"Amanhecer";"Crescente";"Céu Claro";"Simples";"Reta";"Não";2;0;2;0;0;0;2;2;-26,19845;-50,43217;"SR-SC";"UOP04";"DEL06"
269330;2020-02-15;"sábado";"04:00:00";"RS";386;8,3;"IRAI";"Condutor Dormindo";"Saída de leito carroçável";"Com Vítimas Feridas";"Plena Noite";"Decrescente";"Nublado";"Simples";"Curva";"Não";2;0;1;0;1;0;1;1;-27,20169;-53,29281;"SR-RS";"UOP02";"DEL08"
269331;2020-02-15;"sábado";"04:00:00";"PE";232;182;"BELO JARDIM";"Animais na Pista";"Atropelamento de Animal";"Com Vítimas Feridas";"Amanhecer";"Decrescente";"Céu Claro";"Simples";"Reta";"Não";1;0;1;0;0;0;1;1;-8,348047;-36,44665;"SR-PE";"UOP02";"DEL02"
269332;2020-02-15;"sábado";"05:50:00";"MG";40;472;"SETE LAGOAS";"Condutor Dormindo";"Saída de leito carroçável";"Sem Vítimas";"Amanhecer";"Decrescente";"Nublado";"Dupla";"Reta";"Sim";1;0;0;0;1;0;0;1;-19,47544;-44,29067;"SR-MG";"UOP01";"DEL02"
269333;2020-02-15;"sábado";"04:30:00";"RS";158;283;"JULIO DE CASTILHOS";"Condutor Dormindo";"Saída de leito carroçável";"Com Vítimas Feridas";"Amanhecer";"Decrescente";"Garoa/Chuvisco";"Simples";"Curva";"Não";1;0;0;1;0;0;1;1;-29,4066;-53,66805;"SR-RS";"UOP01";"DEL09"
269334;2020-02-15;"sábado";"04:40:00";"MS";163;34;"ELDORADO";"Ultrapassagem Indevida";"Colisão frontal";"Com Vítimas Feridas";"Amanhecer";"Decrescente";"Céu Claro";"Simples";"Curva";"Não";5;0;2;0;3;0;2;2;-23,81545;-54,32824;"SR-MS";"UOP02";"DEL09"
269335;2020-02-15;"sábado";"06:40:00";"PE";232;44;"VITORIA DE SANTO ANTAO";"Defeito na Via";"Queda de ocupante de veículo";"Com Vítimas Feridas";"Pleno dia";"Crescente";"Sol";"Dupla";"Reta";"Não";1;0;1;0;0;0;1;1;-8,136792;-35,33543;"SR-PE";"UOP04";"DEL01"
269336;2020-02-15;"sábado";"04:15:00";"MT";364;255;"JUSCIMEIRA";"Desobediência às normas de trânsito pelo condutor";"Derramamento de carga";"Com Vítimas Feridas";"Plena Noite";"Decrescente";"Céu Claro";"Dupla";"Não Informado";"Não";1;0;0;1;0;0;1;1;-16,08923;-54,86946;"SR-MT";"UOP01";"DEL02"
269338;2020-02-15;"sábado";"07:00:00";"BA";116;683;"JEQUIE";"Ultrapassagem Indevida";"Saída de leito carroçável";"Com Vítimas Feridas";"Pleno dia";"Decrescente";"Céu Claro";"Simples";"Reta";"Não";1;0;1;0;0;0;1;1;-13,92942;-40,16096;"SR-BA";"UOP01";"DEL03"
269339;2020-02-15;"sábado";"06:20:00";"SC";282;15,6;"PALHOCA";"Desobediência às normas de trânsito pelo condutor";"Colisão lateral";"Sem Vítimas";"Amanhecer";"Crescente";"Céu Claro";"Simples";"Interseção de vias";"Sim";2;0;0;0;2;0;0;2;-27,65597;-48,67942;"SR-SC";"UOP02";"DEL01"
269340;2020-02-15;"sábado";"06:24:00";"SE";235;3,7;"ARACAJU";"Desobediência às normas de trânsito pelo condutor";"Colisão lateral";"Com Vítimas Feridas";"Pleno dia";"Crescente";"Nublado";"Dupla";"Reta";"Sim";3;0;2;0;0;1;2;2;-10,9059;-37,111;"SR-SE";"UOP01";"DEL01"
269341;2020-02-15;"sábado";"05:50:00";"PR";153;4,1;"JACAREZINHO";"Desobediência às normas de trânsito pelo condutor";"Saída de leito carroçável";"Com Vítimas Feridas";"Plena Noite";"Crescente";"Céu Claro";"Simples";"Curva";"Não";2;0;1;1;0;0;2;1;-23,027;-49,91481;"SR-PR";"UOP05";"DEL07"