"id";"data_inversa";"dia_semana";"horario";"uf";"br";"km";"municipio";"causa_acidente";"tipo_acidente";"classificacao_acidente";"fase_dia";"sentido_via";"condicao_metereologica";"tipo_pista";"tracado_via";"uso_solo";"pessoas";"mortos";"feridos_leves";"feridos_graves";"ilesos";"ignorados";"feridos";"veiculos";"latitude";"longitude";"regional";"delegacia";"uop"
269434;2020-02-15;"sábado";"16:40:00";"RN";427;99,1;"CAICO";"Ingestão de Álcool";"Colisão frontal";"Com Vítimas Feridas";"Pleno dia";"Crescente";"Céu Claro";"Simples";"Reta";"Sim";2;0;0;2;0;0;2;2;-6,459299;-37,09848;"SR-RN";"UOP01";"DEL03"
269435;2020-02-15;"sábado";"17:10:00";"PE";101;69,9;"RECIFE";"Desobediência às normas de trânsito pelo condutor";"Colisão lateral";"Sem Vítimas";"Pleno dia";"Decrescente";"Céu Claro";"Múltipla";"Curva";"Sim";2;0;0;0;2;0;0;2;-8,059832;-34,94565;"SR-PE";"UOP01";"DEL01"
269436;2020-02-15;"sábado";"17:00:00";"GO";414;388,1;"CORUMBA DE GOIAS";"Velocidade Incompatível";"Saída de leito carroçável";"Com Vítimas Feridas";"Pleno dia";"Crescente";"Céu Claro";"Simples";"Não Informado";"Não";7;0;0;7;0;0;7;2;-15,88576;-48,79661;"SR-GO";"UOP01";"DEL02"
269437;2020-02-15;"sábado";"15:20:00";"SP";116;412;"JUQUIA";"Desobediência às normas de trânsito pelo pedestre";"Atropelamento de Pedestre";"Com Vítimas Fatais";"Pleno dia";"Crescente";"Céu Claro";"Múltipla";"Desvio Temporário";"Não";2;1;0;0;1;0;0;1;-24,33094;-47,61325;"SR-SP";"UOP01";"DEL05"
269438;2020-02-15;"sábado";"17:05:00";"RJ";101;330,9;"RIO DE JANEIRO";"Condutor Dormindo";"Colisão lateral";"Sem Vítimas";"Pleno dia";"Decrescente";"Céu Claro";"Dupla";"Reta";"Não";2;0;0;0;2;0;0;2;-22,8685;-43,18549;"SR-RJ";"UOP01";"DEL02"
269439;2020-02-15;"sábado";"17:00:00";"SP";116;117,9;"TAUBATE";"Falta de Atenção à Condução";"Colisão com objeto estático";"Com Vítimas Feridas";"Pleno dia";"Crescente";"Nublado";"Dupla";"Não Informado";"Sim";3;0;3;0;0;0;3;1;-23,05823;-45,6177;"SR-SP";"UOP01";"DEL06"
269440;2020-02-06;"quinta-feira";"06:45:00";"AC";364;139;"RIO BRANCO";"Falta de Atenção à Condução";"Colisão transversal";"Com Vítimas Feridas";"Amanhecer";"Decrescente";"Nublado";"Dupla";"Rotatória";"Sim";4;0;0;1;1;2;1;2;-9,953593;-67,8612;"SR-AC";"UOP01";"DEL01"
269441;2020-02-15;"sábado";"17:30:00";"GO";153;434,5;"ANAPOLIS";"Falta de Atenção à Condução";"Colisão frontal";"Com Vítimas Feridas";"Pleno dia";"Decrescente";"Céu Claro";"Simples";"Reta";"Sim";2;0;0;1;1;0;1;2;-16,2756;-48,96777;"SR-GO";"UOP01";"DEL02"
269442;2020-02-14;"sexta-feira";"00:30:00";"MT";163;1110;"GUARANTA DO NORTE";"Velocidade Incompatível";"Tombamento";"Sem Vítimas";"Plena Noite";"Crescente";"Nublado";"Simples";"Não Informado";"Não";1;0;0;0;1;0;0;1;-9,601826;-54,87946;"SR-MT";"UOP02";"DEL06"
269443;2020-02-15;"sábado";"17:30:00";"RS";116;40,4;"VACARIA";"Desobediência às normas de trânsito pelo condutor";"Colisão transversal";"Com Vítimas Feridas";"Pleno dia";"Crescente";"Céu Claro";"Múltipla";"Interseção de vias";"Sim";3;0;1;0;2;0;1;2;-28,51839;-50,93942;"SR-RS";"UOP03";"DEL05"
269445;2020-02-15;"sábado";"18:00:00";"MG";267;302,5;"CAXAMBU";"Ingestão de Álcool";"Colisão transversal";"Com Vítimas Feridas";"Pleno dia";"Crescente";"Céu Claro";"Simples";"Curva";"Não";3;0;0;1;1;1;1;2;-21,95796;-44,91533;"SR-MG";"UOP01";"DEL17"
269446;2020-02-15;"sábado";"17:50:00";"MG";116;274;"TEOFILO OTONI";"Não guardar distância de segurança";"Colisão traseira";"Com Vítimas Feridas";"Anoitecer";"Decrescente";"Céu Claro";"Simples";"Interseção de vias";"Sim";3;0;1;0;2;0;1;2;-17,83385;-41,51094;"SR-MG";"UOP01";"DEL11"
269447;2020-02-15;"sábado";"17:00:00";"GO";20;212;"POSSE";"Falta de Atenção à Condução";"Tombamento";"Com Vítimas Feridas";"Pleno dia";"Crescente";"Nublado";"Simples";"Reta";"Não";1;0;0;1;0;0;1;1;-14,2594;-46,36586;"SR-DF";"UOP02";"DEL02"
269448;2020-02-15;"sábado";"16:15:00";"MT";163;758;"SORRISO";"Ingestão de Substâncias Psicoativas";"Colisão com objeto estático";"Sem Vítimas";"Pleno dia";"Crescente";"Nublado";"Simples";"Rotatória";"Não";1;0;0;0;1;0;0;1;-12,50841;-55,69285;"SR-MT";"UOP01";"DEL06"
269449;2020-02-15;"sábado";"18:30:00";"RN";110;46;"MOSSORO";"Desobediência às normas de trânsito pelo condutor";"Colisão transversal";"Com Vítimas Feridas";"Plena Noite";"Decrescente";"Nublado";"Simples";"Reta";"Sim";2;0;1;0;1;0;1;2;-5,197977;-37,3184;"SR-RN";"UOP01";"DEL04"
269450;2020-02-15;"sábado";"14:30:00";"BA";101;676;"EUNAPOLIS";"Defeito Mecânico no Veículo";"Incêndio";"Com Vítimas Feridas";"Pleno dia";"Crescente";"Céu Claro";"Simples";"Não Informado";"Não";3;0;1;0;2;0;1;1;-16,25093;-39,5985;"SR-BA";"UOP01";"DEL09"
269452;2020-02-15;"sábado";"18:20:00";"PB";230;445,3;"APARECIDA";"Não guardar distância de segurança";"Colisão lateral";"Com Vítimas Feridas";"Plena Noite";"Crescente";"Chuva";"Simples";"Reta";"Sim";2;0;0;1;1;0;1;2;-6,7856;-38,0652;"SR-PB";"UOP03";"DEL03"
269453;2020-02-15;"sábado";"15:30:00";"BA";116;603;"IRAJUBA";"Condutor Dormindo";"Colisão transversal";"Sem Vítimas";"Pleno dia";"Crescente";"Céu Claro";"Simples";"Reta";"Não";2;0;0;0;2;0;0;2;-13,2254;-40,01949;"SR-BA";"UOP02";"DEL03"
269455;2020-02-15;"sábado";"18:45:00";"MG";262;676,5;"ARAXA";"Falta de Atenção à Condução";"Saída de leito carroçável";"Sem Vítimas";"Plena Noite";"Crescente";"Chuva";"Simples";"Reta";"Não";1;0;0;0;1;0;0;1;-19,55096;-46,85118;"SR-MG";"UOP01";"DEL08"
269456;2020-02-15;"sábado";"17:15:00";"MG";381;942;"EXTREMA";"Falta de Atenção à Condução";"Saída de leito carroçável";"Com Vítimas Feridas";"Pleno dia";"Decrescente";"Céu Claro";"Múltipla";"Curva";"Não";3;0;1;0;2;0;1;2;-22,86606;-46,3494;"SR-MG";"UOP03";"DEL16"
269457;2020-02-15;"sábado";"19:35:00";"RS";101;24;"TRES CACHOEIRAS";"Falta de Atenção à Condução";"Atropelamento de Pedestre";"Com Vítimas Feridas";"Anoitecer";"Decrescente";"Nublado";"Múltipla";"Reta";"Sim";3;0;0;2;1;0;2;1;-29,45065;-49,91714;"SR-RS";"UOP02";"DEL03"
269458;2020-02-15;"sábado";"18:40:00";"PE";101;101;"CABO DE SANTO AGOSTINHO";"Desobediência às normas de trânsito pelo condutor";"Colisão traseira";"Sem Vítimas";"Plena Noite";"Crescente";"Nublado";"Simples";"Reta";"Sim";3;0;0;0;2;1;0;2;-8,275743;-35,05378;"SR-PE";"UOP03";"DEL01"
269459;2020-02-15;"sábado";"14:00:00";"MA";316;463;"CODO";"Velocidade Incompatível";"Colisão com objeto estático";"Com Vítimas Feridas";"Pleno dia";"Crescente";"Chuva";"Simples";"Curva";"Não";1;0;1;0;0;0;1;1;-4,532152;-44,03346;"SR-MA";"UOP01";"DEL03"
269460;2020-02-15;"sábado";"19:40:00";"PR";277;5;"FOZ DO IGUACU";"Falta de Atenção do Pedestre";"Colisão traseira";"Com Vítimas Feridas";"Plena Noite";"Crescente";"Nublado";"Dupla";"Reta";"Sim";2;0;1;0;1;0;1;2;-25,5469;-54,5882;"SR-PR";"UOP02";"DEL05"
269461;2020-02-03;"segunda-feira";"10:50:00";"PA";316;49,6;"SANTA IZABEL DO PARA";"Desobediência às normas de trânsito pelo condutor";"Danos eventuais";"Com Vítimas Feridas";"Pleno dia";"Decrescente";"Nublado";"Dupla";"Reta";"Não";3;0;1;0;0;2;1;2;-1,305694;-48,04112;"SR-PA";"DEL19/1";"UOP01/PA"
269462;2020-02-15;"sábado";"19:55:00";"ES";101;267;"SERRA";"Ingestão de Álcool";"Colisão lateral";"Com Vítimas Feridas";"Plena Noite";"Decrescente";"Céu Claro";"Simples";"Reta";"Sim";3;0;0;1;1;1;1;2;-20,19931;-40,26885;"SR-ES";"UOP01";"DEL02"
269463;2020-02-15;"sábado";"19:00:00";"DF";20;14;"BRASILIA";"Não guardar distância de segurança";"Colisão lateral";"Sem Vítimas";"Plena Noite";"Crescente";"Céu Claro";"Dupla";"Reta";"Não";3;0;0;0;2;1;0;2;-15,63494;-47,74124;"SR-DF";"UOP01";"DEL02"
269464;2020-02-15;"sábado";"20:10:00";"SP";153;49,1;"SAO JOSE DO RIO PRETO";"Desobediência às normas de trânsito pelo pedestre";"Atropelamento de Pedestre";"Com Vítimas Feridas";"Plena Noite";"Decrescente";"Céu Claro";"Simples";"Reta";"Não";3;0;0;1;0;2;1;1;-20,7;-49,33946;"SR-SP";"UOP01";"DEL09"
269465;2020-02-15;"sábado";"15:00:00";"MG";116;124;"ITAOBIM";"Falta de Atenção à Condução";"Tombamento";"Sem Vítimas";"Pleno dia";"Decrescente";"Céu Claro";"Simples";"Curva";"Não";1;0;0;0;1;0;0;1;-16,636;-41,50255;"SR-MG";"UOP02";"DEL11"
269466;2020-02-15;"sábado";"17:50:00";"MG";116;96,5;"MEDINA";"Velocidade Incompatível";"Saída de leito carroçável";"Com Vítimas Feridas";"Pleno dia";"Crescente";"Céu Claro";"Simples";"Não Informado";"Não";2;0;0;2;0;0;2;1;-16,40245;-41,47432;"SR-MG";"UOP02";"DEL11"
269467;2020-02-15;"sábado";"20:20:00";"PA";163;998,9;"SANTAREM";"Ingestão de Álcool";"Saída de leito carroçável";"Com Vítimas Feridas";"Plena Noite";"Decrescente";"Ignorado";"Simples";"Reta";"Não";2;0;2;0;0;0;2;1;-2,48288;-54,73173;"SR-PA";"UOP01";"DEL05"
269468;2020-02-15;"sábado";"19:45:00";"SC";101;409;"ARARANGUA";"Defeito Mecânico no Veículo";"Saída de leito carroçável";"Com Vítimas Feridas";"Plena Noite";"Decrescente";"Céu Claro";"Dupla";"Rotatória";"Sim";1;0;0;1;0;0;1;1;-28,91483;-49,48625;"SR-SC";"UOP02";"DEL02"
269469;2020-02-15;"sábado";"20:15:00";"MG";381;278;"JAGUARACU";"Falta de Atenção à Condução";"Colisão frontal";"Com Vítimas Feridas";"Plena Noite";"Crescente";"Céu Claro";"Simples";"Curva";"Sim";2;0;0;1;1;0;1;2;-19,55761;-42,71038;"SR-MG";"UOP02";"DEL03"
269470;2020-02-15;"sábado";"20:30:00";"RS";290;92;"PORTO ALEGRE";"Falta de Atenção à Condução";"Saída de leito carroçável";"Com Vítimas Feridas";"Plena Noite";"Crescente";"Céu Claro";"Múltipla";"Curva";"Sim";2;0;1;0;0;1;1;1;-29,97192;-51,17684;"SR-RS";"UOP01";"DEL01"
269471;2020-02-15;"sábado";"20:50:00";"CE";116;18,1;"EUSEBIO";"Não guardar distância de segurança";"Queda de ocupante de veículo";"Com Vítimas Feridas";"Plena Noite";"Decrescente";"Nublado";"Dupla";"Desvio Temporário";"Sim";1;0;0;1;0;0;1;1;-3,904966;-38,50519;"SR-CE";"UOP02";"DEL01"
269472;2020-02-15;"sábado";"17:15:00";"SC";101;122;"ITAJAI";"Falta de Atenção à Condução";"Colisão transversal";"Com Vítimas Feridas";"Pleno dia";"Decrescente";"Céu Claro";"Simples";"Reta";"Sim";2;0;2;0;0;0;2;2;-26,92956;-48,705;"SR-SC";"UOP04";"DEL04"
269473;2020-02-15;"sábado";"19:15:00";"SP";116;146,1;"SAO JOSE DOS CAMPOS";"Ingestão de Álcool";"Colisão lateral";"Com Vítimas Feridas";"Plena Noite";"Decrescente";"Céu Claro";"Dupla";"Não Informado";"Não";2;0;1;0;1;0;1;2;-23,19123;-45,86328;"SR-SP";"UOP01";"DEL02"
269474;2020-02-15;"sábado";"19:20:00";"BA";101;710,6;"EUNAPOLIS";"Ingestão de Álcool";"Tombamento";"Com Vítimas Feridas";"Plena Noite";"Decrescente";"Céu Claro";"Simples";"Não Informado";"Não";1;0;0;1;0;0;1;1;-16,32475;-39,59232;"SR-BA";"UOP01";"DEL09"
269475;2020-02-15;"sábado";"19:20:00";"MG";262;442,2;"NOVA SERRANA";"Desobediência às normas de trânsito pelo pedestre";"Atropelamento de Pedestre";"Com Vítimas Fatais";"Plena Noite";"Decrescente";"Céu Claro";"Múltipla";"Reta";"Sim";2;1;0;0;1;0;0;1;-19,88062;-44,91232;"SR-MG";"UOP03";"DEL08"
269476;2020-02-15;"sábado";"21:20:00";"SP";116;209,7;"GUARULHOS";"Falta de Atenção à Condução";"Colisão lateral";"Com Vítimas Feridas";"Plena Noite";"Crescente";"Nublado";"Dupla";"Reta";"Não";2;0;1;0;0;1;1;2;-23,42512;-46,40221;"SR-SP";"UOP01";"DEL01"
269477;2020-02-15;"sábado";"19:20:00";"MA";316;538;"CAXIAS";"Ingestão de Álcool";"Saída de leito carroçável";"Com Vítimas Feridas";"Plena Noite";"Decrescente";"Garoa/Chuvisco";"Simples";"Reta";"Não";2;0;2;0;0;0;2;1;-4,845354;-43,46089;"SR-MA";"UOP02";"DEL03"
269478;2020-02-15;"sábado";"20:30:00";"BA";116;10;"VITORIA DA CONQUISTA";"Desobediência às normas de trânsito pelo condutor";"Colisão transversal";"Com Vítimas Feridas";"Plena Noite";"Crescente";"Céu Claro";"Simples";"Reta";"Sim";2;0;2;0;0;0;2;2;-14,87076;-40,87157;"SR-BA";"UOP01";"DEL08"
269479;2020-02-15;"sábado";"20:00:00";"MS";60;513,8;"NIOAQUE";"Defeito Mecânico no Veículo";"Incêndio";"Sem Vítimas";"Plena Noite";"Decrescente";"Céu Claro";"Simples";"Reta";"Não";1;0;0;0;1;0;0;1;-21,17882;-55,61991;"SR-MS";"UOP01";"DEL05"
269480;2020-02-15;"sábado";"20:00:00";"MS";163;88,5;"ITAQUIRAI";"Animais na Pista";"Atropelamento de Animal";"Com Vítimas Feridas";"Plena Noite";"Crescente";"Céu Claro";"Simples";"Não Informado";"Não";1;0;1;0;0;0;1;1;-23,38801;-54,21145;"SR-MS";"UOP01";"DEL09"
269481;2020-02-15;"sábado";"21:00:00";"RS";153;106;"COXILHA";"Velocidade Incompatível";"Colisão com objeto estático";"Com Vítimas Feridas";"Plena Noite";"Decrescente";"Céu Claro";"Simples";"Reta";"Não";1;0;1;0;0;0;1;1;-28,11529;-52,39579;"SR-RS";"UOP03";"DEL08"
269482;2020-02-15;"sábado";"20:50:00";"MS";163;610,4;"SAO GABRIEL DO OESTE";"Animais na Pista";"Atropelamento de Animal";"Com Vítimas Feridas";"Plena Noite";"Decrescente";"Céu Claro";"Simples";"Reta";"Não";1;0;1;0;0;0;1;1;-19,43416;-54,53706;"SR-MS";"UOP02";"DEL06"
269483;2020-02-15;"sábado";"21:00:00";"PE";423;62,3;"LAJEDO";"Ingestão de Álcool";"Colisão frontal";"Com Vítimas Fatais";"Plena Noite";"Crescente";"Céu Claro";"Simples";"Desvio Temporário";"Não";6;1;0;1;4;0;1;2;-8,662195;-36,34709;"SR-PE";"UOP01";"DEL03"
269484;2020-02-07;"sexta-feira";"13:20:00";"MS";158;142;"APARECIDA DO TABOADO";"Falta de Atenção à Condução";"Tombamento";"Com Vítimas Feridas";"Pleno dia";"Decrescente";"Céu Claro";"Dupla";"Rotatória";"Sim";1;0;1;0;0;0;1;1;-20,05241;-51,11219;"SR-MS";"UOP01";"DEL08"
269485;2020-02-15;"sábado";"22:10:00";"PE";104;111,2;"PANELAS";"Falta de Atenção à Condução";"Colisão com objeto estático";"Com Vítimas Fatais";"Plena Noite";"Decrescente";"Céu Claro";"Simples";"Ponte";"Não";1;1;0;0;0;0;0;1;-8,628445;-36,00894;"SR-PE";"UOP01";"DEL02"
269486;2020-02-15;"sábado";"18:00:00";"BA";367;25,9;"PORTO SEGURO";"Ingestão de Álcool";"Colisão lateral";"Com Vítimas Feridas";"Anoitecer";"Decrescente";"Céu Claro";"Múltipla";"Reta";"Sim";3;0;2;0;0;1;2;2;-16,43805;-39,09107;"SR-BA";"UOP01";"DEL09"
269487;2020-02-15;"sábado";"21:40:00";"PB";101;89,5;"JOAO PESSOA";"Falta de Atenção à Condução";"Colisão transversal";"Com Vítimas Feridas";"Plena Noite";"Crescente";"Nublado";"Dupla";"Retorno Regulamentado";"Sim";5;0;2;2;1;0;4;3;-7,178132;-34,89968;"SR-PB";"UOP01";"DEL01"
269488;2020-02-15;"sábado";"21:25:00";"PA";222;245;"MARABA";"Falta de Atenção à Condução";"Colisão transversal";"Com Vítimas Feridas";"Plena Noite";"Decrescente";"Céu Claro";"Simples";"Interseção de vias";"Sim";3;0;3;0;0;0;3;2;-5,355886;-49,07942;"SR-PA";"UOP01";"DEL03"
269489;2020-02-15;"sábado";"21:50:00";"GO";153;701;"ITUMBIARA";"Desobediência às normas de trânsito pelo condutor";"Colisão frontal";"Com Vítimas Feridas";"Plena Noite";"Crescente";"Céu Claro";"Simples";"Reta";"Sim";3;0;2;0;1;0;2;2;-18,4034;-49,202;"SR-GO";"UOP02";"DEL03"
269490;2020-02-15;"sábado";"21:20:00";"DF";20;13,5;"BRASILIA";"Velocidade Incompatível";"Saída de leito carroçável";"Com Vítimas Feridas";"Plena Noite";"Crescente";"Céu Claro";"Dupla";"Reta";"Não";1;0;1;0;0;0;1;1;-15,63875;-47,7496;"SR-DF";"UOP01";"DEL02"
269491;2020-02-15;"sábado";"21:35:00";"PB";101;86;"BAYEUX";"Desobediência às normas de trânsito pelo condutor";"Colisão traseira";"Sem Vítimas";"Plena Noite";"Crescente";"Céu Claro";"Dupla";"Reta";"Não";3;0;0;0;3;0;0;2;-7,139579;-34,92313;"SR-PB";"UOP01";"DEL01"
269492;2020-02-15;"sábado";"22:30:00";"RS";116;148;"CAXIAS DO SUL";"Falta de Atenção à Condução";"Saída de leito carroçável";"Com Vítimas Feridas";"Plena Noite";"Decrescente";"Céu Claro";"Dupla";"Curva";"Sim";1;0;1;0;0;0;1;1;-29,15445;-51,15102;"SR-RS";"UOP01";"DEL05"
269493;2020-02-15;"sábado";"20:50:00";"MS";163;281,9;"DOURADOS";"Não guardar distância de segurança";"Colisão traseira";"Sem Vítimas";"Plena Noite";"Decrescente";"Céu Claro";"Simples";"Reta";"Não";4;0;0;0;3;1;0;3;-22,1273;-54,60585;"SR-MS";"UOP01";"DEL04"
269494;2020-02-15;"sábado";"20:00:00";"PA";230;93,3;"SAO JOAO DO ARAGUAIA";"Ingestão de Álcool";"Tombamento";"Com Vítimas Fatais";"Plena Noite";"Decrescente";"Ignorado";"Simples";"Reta";"Não";1;1;0;0;0;0;0;1;-5,447879;-48,90257;"SR-PA";"UOP01";"DEL03"
269495;2020-02-15;"sábado";"22:30:00";"MG";116;588,9;"MANHUACU";"Falta de Atenção à Condução";"Saída de leito carroçável";"Com Vítimas Feridas";"Plena Noite";"Crescente";"Céu Claro";"Simples";"Curva";"Não";1;0;1;0;0;0;1;1;-20,24643;-42,15786;"SR-MG";"UOP04";"DEL06"
269497;2020-02-15;"sábado";"22:30:00";"GO";50;117,4;"IPAMERI";"Condutor Dormindo";"Saída de leito carroçável";"Com Vítimas Feridas";"Plena Noite";"Crescente";"Chuva";"Dupla";"Reta";"Não";1;0;1;0;0;0;1;1;-16,9309;-47,7117;"SR-DF";"UOP04";"DEL01"
269498;2020-02-15;"sábado";"23:00:00";"RS";471;158,5;"RIO PARDO";"Não guardar distância de segurança";"Colisão lateral";"Com Vítimas Feridas";"Plena Noite";"Decrescente";"Céu Claro";"Simples";"Não Informado";"Não";3;0;2;0;1;0;2;2;-29,85066;-52,3933;"SR-RS";"UOP03";"DEL02"
269499;2020-02-15;"sábado";"19:50:00";"PR";153;335;"IRATI";"Falta de Atenção à Condução";"Colisão transversal";"Com Vítimas Feridas";"Plena Noite";"Crescente";"Ignorado";"Simples";"Reta";"Sim";2;0;1;0;1;0;1;2;-25,48894;-50,64509;"SR-PR";"UOP02";"DEL08"
269500;2020-02-15;"sábado";"22:10:00";"BA";101;160,5;"CONCEICAO DO JACUIPE";"Ingestão de Álcool";"Saída de leito carroçável";"Com Vítimas Feridas";"Plena Noite";"Decrescente";"Céu Claro";"Simples";"Desvio Temporário";"Não";2;0;1;1;0;0;2;1;-12,35551;-38,78248;"SR-BA";"UOP03";"DEL01"
269501;2020-02-15;"sábado";"15:00:00";"RO";364;811;"PORTO VELHO";"Desobediência às normas de trânsito pelo condutor";"Colisão frontal";"Com Vítimas Fatais";"Pleno dia";"Crescente";"Céu Claro";"Simples";"Reta";"Não";5;2;0;1;1;1;1;2;-9,271174;-64,49327;"SR-RO";"UOP02";"DEL01"
269502;2020-02-15;"sábado";"21:30:00";"PR";376;158,7;"MANDAGUACU";"Falta de Atenção à Condução";"Colisão traseira";"Com Vítimas Feridas";"Plena Noite";"Crescente";"Céu Claro";"Múltipla";"Reta";"Sim";3;0;0;1;2;0;1;2;-23,3617;-52,08593;"SR-PR";"UOP01";"DEL09"
269503;2020-02-15;"sábado";"21:10:00";"PR";376;158,7;"MANDAGUACU";"Falta de Atenção à Condução";"Colisão com objeto estático";"Com Vítimas Feridas";"Pleno dia";"Decrescente";"Nublado";"Dupla";"Reta";"Sim";1;0;1;0;0;0;1;1;-23,3617;-52,08593;"SR-PR";"UOP01";"DEL09"
269504;2020-02-15;"sábado";"21:45:00";"PR";376;158,2;"MANDAGUACU";"Falta de Atenção à Condução";"Colisão traseira";"Sem Vítimas";"Plena Noite";"Crescente";"Nublado";"Dupla";"Reta";"Sim";2;0;0;0;0;2;0;2;-23,35519;-52,09034;"SR-PR";"UOP01";"DEL09"
269505;2020-02-15;"sábado";"23:40:00";"RJ";116;170;"SAO JOAO DE MERITI";"Defeito Mecânico no Veículo";"Incêndio";"Sem Vítimas";"Plena Noite";"Crescente";"Céu Claro";"Dupla";"Reta";"Não";1;0;0;0;1;0;0;1;-22,81113;-43,33367;"SR-RJ";"UOP02";"DEL01"
269506;2020-02-15;"sábado";"23:15:00";"CE";116;9,8;"FORTALEZA";"Ingestão de Álcool";"Colisão com objeto estático";"Sem Vítimas";"Plena Noite";"Decrescente";"Garoa/Chuvisco";"Múltipla";"Reta";"Sim";1;0;0;0;1;0;0;1;-3,81928;-38,50268;"SR-CE";"UOP02";"DEL01"
269507;2020-02-15;"sábado";"20:40:00";"SC";282;217;"LAGES";"Não guardar distância de segurança";"Colisão traseira";"Sem Vítimas";"Plena Noite";"Decrescente";"Céu Claro";"Dupla";"Viaduto";"Sim";2;0;0;0;2;0;0;2;-27,79782;-50,29762;"SR-SC";"UOP01";"DEL05"
269508;2020-02-15;"sábado";"21:30:00";"PR";116;40;"CAMPINA GRANDE DO SUL";"Falta de Atenção à Condução";"Tombamento";"Com Vítimas Feridas";"Plena Noite";"Decrescente";"Nublado";"Dupla";"Reta";"Não";1;0;1;0;0;0;1;1;-25,16445;-48,86238;"SR-PR";"UOP02";"DEL01"
269509;2020-02-16;"domingo";"00:15:00";"RS";386;440;"CANOAS";"Desobediência às normas de trânsito pelo condutor";"Saída de leito carroçável";"Com Vítimas Feridas";"Plena Noite";"Crescente";"Céu Claro";"Dupla";"Curva";"Não";2;0;1;0;0;1;1;1;-29,87826;-51,24195;"SR-RS";"UOP02";"DEL04"
269510;2020-02-15;"sábado";"21:05:00";"PE";316;54,5;"TRINDADE";"Desobediência às normas de trânsito pelo condutor";"Colisão frontal";"Com Vítimas Fatais";"Plena Noite";"Decrescente";"Ignorado";"Simples";"Reta";"Não";2;1;0;0;0;1;0;2;-7,736698;-40,2945;"SR-PE";"UOP02";"DEL05"
269511;2020-02-15;"sábado";"23:40:00";"PI";343;3,2;"TERESINA";"Pista Escorregadia";"Queda de ocupante de veículo";"Com Vítimas Feridas";"Plena Noite";"Decrescente";"Chuva";"Múltipla";"Reta";"Não";2;0;2;0;0;0;2;1;-5,089569;-42,80229;"SR-PI";"UOP01";"DEL01"
269512;2020-02-15;"sábado";"23:00:00";"PR";369;60;"BANDEIRANTES";"Ingestão de Álcool";"Colisão lateral";"Com Vítimas Feridas";"Plena Noite";"Decrescente";"Nublado";"Simples";"Reta";"Sim";3;0;1;0;2;0;1;2;-23,13085;-50,39272;"SR-PR";"UOP04";"DEL07"
269513;2020-02-15;"sábado";"23:12:00";"CE";116;375,6;"ICO";"Desobediência às normas de trânsito pelo condutor";"Colisão transversal";"Com Vítimas Fatais";"Plena Noite";"Crescente";"Nublado";"Simples";"Interseção de vias";"Sim";3;1;0;0;1;1;0;2;-6,405303;-38,84562;"SR-CE";"UOP01";"DEL05"
269514;2020-02-15;"sábado";"16:25:00";"MG";40;154;"JOAO PINHEIRO";"Falta de Atenção à Condução";"Colisão traseira";"Com Vítimas Feridas";"Pleno dia";"Crescente";"Nublado";"Simples";"Reta";"Não";5;0;1;0;4;0;1;2;-17,82509;-46,13234;"SR-MG";"UOP02";"DEL14"
269515;2020-02-15;"sábado";"14:15:00";"SC";282;492;"XANXERE";"Velocidade Incompatível";"Colisão lateral";"Sem Vítimas";"Pleno dia";"Decrescente";"Céu Claro";"Simples";"Curva";"Não";1;0;0;0;1;0;0;1;-26,87153;-52,30092;"SR-SC";"UOP01";"DEL07"
269516;2020-02-16;"domingo";"00:00:00";"RN";226;136,2;"CAMPO REDONDO";"Animais na Pista";"Atropelamento de Animal";"Sem Vítimas";"Plena Noite";"Decrescente";"Céu Claro";"Simples";"Reta";"Não";3;0;0;0;3;0;0;1;-6,205053;-36,19084;"SR-RN";"UOP02";"DEL03"
269517;2020-02-16;"domingo";"01:00:00";"RJ";116;107;"GUAPIMIRIM";"Ingestão de Álcool";"Colisão frontal";"Com Vítimas Feridas";"Plena Noite";"Crescente";"Céu Claro";"Múltipla";"Não Informado";"Sim";2;0;1;0;1;0;1;2;-22,52826;-42,99738;"SR-RJ";"UOP02";"DEL04"
269518;2020-02-16;"domingo";"01:00:00";"SE";101;93;"NOSSA SENHORA DO SOCORRO";"Velocidade Incompatível";"Colisão traseira";"Sem Vítimas";"Plena Noite";"Decrescente";"Garoa/Chuvisco";"Dupla";"Retorno Regulamentado";"Sim";4;0;0;0;4;0;0;2;-10,90212;-37,14495;"SR-SE";"UOP01";"DEL01"
269519;2020-02-16;"domingo";"00:05:00";"PE";232;415,7;"SERRA TALHADA";"Ingestão de Álcool";"Atropelamento de Pedestre";"Com Vítimas Feridas";"Plena Noite";"Crescente";"Céu Claro";"Simples";"Reta";"Não";2;0;0;1;0;1;1;1;-7,996057;-38,34534;"SR-PE";"UOP01";"DEL04"
269520;2020-02-05;"quarta-feira";"16:35:00";"PA";230;114;"MARABA";"Velocidade Incompatível";"Tombamento";"Com Vítimas Feridas";"Pleno dia";"Crescente";"Sol";"Dupla";"Rotatória";"Sim";2;0;2;0;0;0;2;1;-5,364667;-49,06623;"SR-PA";"DEL19/3";"UOP01/PA"