"id";"data_inversa";"dia_semana";"horario";"uf";"br";"km";"municipio";"causa_acidente";"tipo_acidente";"classificacao_acidente";"fase_dia";"sentido_via";"condicao_metereologica";"tipo_pista";"tracado_via";"uso_solo";"pessoas";"mortos";"feridos_leves";"feridos_graves";"ilesos";"ignorados";"feridos";"veiculos";"latitude";"longitude";"regional";"delegacia";"uop"
269521;2020-02-16;"domingo";"00:55:00";"DF";20;1;"BRASILIA";"Velocidade Incompatível";"Colisão lateral";"Sem Vítimas";"Plena Noite";"Crescente";"Céu Claro";"Múltipla";"Reta";"Sim";5;0;0;0;4;1;0;2;-15,68581;-47,84984;"SR-DF";"UOP01";"DEL02"
269522;2020-02-16;"domingo";"01:30:00";"GO";40;4,9;"VALPARAISO DE GOIAS";"Falta de Atenção à Condução";"Saída de leito carroçável";"Sem Vítimas";"Plena Noite";"Crescente";"Chuva";"Dupla";"Curva";"Sim";1;0;0;0;1;0;0;1;-16,09255;-47,98292;"SR-DF";"UOP01";"DEL01"
269523;2020-02-16;"domingo";"00:50:00";"SC";101;438,6;"SOMBRIO";"Desobediência às normas de trânsito pelo condutor";"Colisão traseira";"Com Vítimas Feridas";"Plena Noite";"Crescente";"Nublado";"Dupla";"Desvio Temporário";"Não";3;0;2;0;0;1;2;2;-29,12329;-49,6467;"SR-SC";"UOP02";"DEL02"
269524;2020-02-16;"domingo";"01:35:00";"PR";376;189,2;"MARIALVA";"Falta de Atenção à Condução";"Colisão traseira";"Com Vítimas Feridas";"Plena Noite";"Crescente";"Céu Claro";"Dupla";"Reta";"Não";2;0;0;1;0;1;1;2;-23,46677;-51,82764;"SR-PR";"UOP01";"DEL09"
269525;2020-02-16;"domingo";"01:30:00";"GO";40;9;"LUZIANIA";"Desobediência às normas de trânsito pelo condutor";"Saída de leito carroçável";"Com Vítimas Feridas";"Plena Noite";"Decrescente";"Garoa/Chuvisco";"Dupla";"Reta";"Sim";3;0;1;0;2;0;1;1;-16,13116;-47,95774;"SR-DF";"UOP01";"DEL01"
269526;2020-02-16;"domingo";"01:40:00";"MG";365;407;"PATOS DE MINAS";"Ingestão de Álcool";"Colisão transversal";"Sem Vítimas";"Plena Noite";"Crescente";"Céu Claro";"Simples";"Viaduto";"Sim";5;0;0;0;5;0;0;2;-18,63844;-46,4883;"SR-MG";"PM/MG";""
269527;2020-02-15;"sábado";"21:30:00";"ES";259;82;"COLATINA";"Falta de Atenção à Condução";"Colisão com objeto estático";"Com Vítimas Feridas";"Plena Noite";"Crescente";"Céu Claro";"Dupla";"Reta";"Não";2;0;1;1;0;0;2;1;-19,51079;-40,85082;"SR-ES";"UOP01";"DEL02"
269530;2020-02-16;"domingo";"01:20:00";"MS";163;611;"SAO GABRIEL DO OESTE";"Animais na Pista";"Atropelamento de Animal";"Com Vítimas Feridas";"Plena Noite";"Crescente";"Céu Claro";"Simples";"Reta";"Não";2;0;2;0;0;0;2;1;-19,42738;-54,54333;"SR-MS";"UOP02";"DEL06"
269531;2020-02-16;"domingo";"01:50:00";"MG";262;405,4;"PARA DE MINAS";"Ingestão de Álcool";"Saída de leito carroçável";"Sem Vítimas";"Plena Noite";"Decrescente";"Chuva";"Dupla";"Curva";"Não";1;0;0;0;1;0;0;1;-19,88921;-44,58978;"SR-MG";"UOP03";"DEL08"
269532;2020-02-16;"domingo";"02:30:00";"SP";116;129,3;"CACAPAVA";"Falta de Atenção à Condução";"Colisão traseira";"Com Vítimas Feridas";"Plena Noite";"Crescente";"Nublado";"Dupla";"Reta";"Sim";2;0;1;0;1;0;1;2;-23,11886;-45,71948;"SR-SP";"UOP01";"DEL06"
269533;2020-02-16;"domingo";"02:10:00";"PB";230;0,7;"CABEDELO";"Ingestão de Álcool";"Tombamento";"Com Vítimas Feridas";"Plena Noite";"Crescente";"Céu Claro";"Simples";"Curva";"Sim";1;0;0;1;0;0;1;1;-6,9711;-34,8382;"SR-PB";"UOP01";"DEL01"
269534;2020-02-15;"sábado";"21:25:00";"PR";376;175,2;"MARINGA";"Falta de Atenção à Condução";"Colisão lateral";"Com Vítimas Feridas";"Plena Noite";"Decrescente";"Céu Claro";"Dupla";"Reta";"Sim";2;0;1;0;1;0;1;2;-23,41136;-51,94078;"SR-PR";"UOP01";"DEL09"
269535;2020-02-16;"domingo";"02:25:00";"PE";101;73,7;"RECIFE";"Animais na Pista";"Tombamento";"Com Vítimas Fatais";"Plena Noite";"Decrescente";"Céu Claro";"Dupla";"Reta";"Sim";1;1;0;0;0;0;0;1;-8,093369;-34,94746;"SR-PE";"UOP01";"DEL01"
269536;2020-02-16;"domingo";"02:30:00";"DF";60;4,3;"BRASILIA";"Falta de Atenção à Condução";"Colisão transversal";"Sem Vítimas";"Plena Noite";"Decrescente";"Céu Claro";"Dupla";"Reta";"Sim";2;0;0;0;1;1;0;2;-15,89272;-48,09574;"SR-DF";"UOP02";"DEL01"
269537;2020-02-16;"domingo";"03:05:00";"RJ";101;485;"ANGRA DOS REIS";"Desobediência às normas de trânsito pelo condutor";"Colisão frontal";"Com Vítimas Feridas";"Plena Noite";"Decrescente";"Céu Claro";"Simples";"Reta";"Sim";5;0;1;1;3;0;2;2;-22,98574;-44,2971;"SR-RJ";"UOP02";"DEL03"
269538;2020-02-16;"domingo";"01:30:00";"MS";163;537;"JARAGUARI";"Ingestão de Álcool";"Tombamento";"Sem Vítimas";"Plena Noite";"Decrescente";"Nublado";"Simples";"Reta";"Não";1;0;0;0;0;1;0;1;-20,0158;-54,40174;"SR-MS";"UOP02";"DEL01"
269539;2020-02-16;"domingo";"03:05:00";"RN";304;43,8;"MOSSORO";"Ingestão de Álcool";"Saída de leito carroçável";"Sem Vítimas";"Plena Noite";"Crescente";"Nublado";"Dupla";"Reta";"Sim";1;0;0;0;1;0;0;1;-5,218158;-37,365;"SR-RN";"UOP01";"DEL04"
269540;2020-02-16;"domingo";"02:20:00";"PR";277;695,1;"SAO MIGUEL DO IGUACU";"Condutor Dormindo";"Saída de leito carroçável";"Com Vítimas Feridas";"Plena Noite";"Crescente";"Céu Claro";"Dupla";"Reta";"Não";4;0;3;1;0;0;4;1;-25,38205;-54,28674;"SR-PR";"UOP01";"DEL05"
269541;2020-02-16;"domingo";"03:30:00";"RS";116;151,1;"CAXIAS DO SUL";"Ingestão de Álcool";"Colisão com objeto estático";"Com Vítimas Feridas";"Plena Noite";"Decrescente";"Céu Claro";"Dupla";"Reta";"Sim";1;0;0;1;0;0;1;1;-29,17695;-51,16174;"SR-RS";"UOP01";"DEL05"
269542;2020-02-16;"domingo";"00:50:00";"ES";482;86;"ALEGRE";"Falta de Atenção à Condução";"Colisão traseira";"Com Vítimas Feridas";"Plena Noite";"Decrescente";"Céu Claro";"Simples";"Curva";"Não";2;0;0;1;1;0;1;2;-20,7587;-41,54813;"SR-ES";"UOP02";"DEL03"
269543;2020-02-16;"domingo";"03:55:00";"MG";381;508;"SAO JOAQUIM DE BICAS";"Condutor Dormindo";"Colisão com objeto estático";"Sem Vítimas";"Plena Noite";"Crescente";"Chuva";"Múltipla";"Curva";"Sim";1;0;0;0;1;0;0;1;-20,04512;-44,27368;"SR-MG";"UOP03";"DEL01"
269544;2020-02-16;"domingo";"02:00:00";"MT";364;275,3;"JACIARA";"Falta de Atenção à Condução";"Tombamento";"Com Vítimas Feridas";"Plena Noite";"Decrescente";"Ignorado";"Simples";"Não Informado";"Não";1;0;1;0;0;0;1;1;-15,95086;-54,98238;"SR-MT";"UOP02";"DEL05"
269545;2020-02-16;"domingo";"04:20:00";"GO";60;163,5;"GOIANIA";"Condutor Dormindo";"Colisão com objeto estático";"Com Vítimas Feridas";"Plena Noite";"Decrescente";"Nublado";"Dupla";"Não Informado";"Sim";1;0;0;1;0;0;1;1;-16,7036;-49,342;"SR-GO";"UOP02";"DEL01"
269546;2020-02-16;"domingo";"01:35:00";"MA";135;38;"BACABEIRA";"Animais na Pista";"Atropelamento de Animal";"Com Vítimas Feridas";"Plena Noite";"Crescente";"Ignorado";"Dupla";"Reta";"Não";2;0;1;1;0;0;2;1;-2,867093;-44,37482;"SR-MA";"UOP01";"DEL01"
269547;2020-02-16;"domingo";"04:35:00";"RJ";101;480;"ANGRA DOS REIS";"Ingestão de Álcool";"Capotamento";"Com Vítimas Feridas";"Plena Noite";"Crescente";"Céu Claro";"Simples";"Curva";"Não";1;0;1;0;0;0;1;1;-23,01331;-44,28362;"SR-RJ";"UOP02";"DEL03"
269548;2020-02-16;"domingo";"04:05:00";"CE";116;32;"AQUIRAZ";"Ingestão de Álcool";"Colisão com objeto estático";"Sem Vítimas";"Plena Noite";"Decrescente";"Nublado";"Dupla";"Curva";"Não";1;0;0;0;1;0;0;1;-4,026762;-38,51393;"SR-CE";"UOP02";"DEL01"
269549;2020-02-16;"domingo";"05:00:00";"SP";116;209;"GUARULHOS";"Falta de Atenção à Condução";"Colisão lateral";"Com Vítimas Feridas";"Plena Noite";"Crescente";"Nublado";"Múltipla";"Reta";"Não";3;0;1;0;2;0;1;2;-23,42512;-46,40221;"SR-SP";"UOP01";"DEL01"
269550;2020-02-16;"domingo";"04:40:00";"SC";101;213,7;"PALHOCA";"Ingestão de Álcool";"Tombamento";"Com Vítimas Feridas";"Plena Noite";"Decrescente";"Céu Claro";"Dupla";"Reta";"Sim";1;0;0;1;0;0;1;1;-27,63697;-48,66514;"SR-SC";"UOP02";"DEL01"
269551;2020-02-16;"domingo";"02:10:00";"MG";116;102,7;"ITAOBIM";"Condutor Dormindo";"Saída de leito carroçável";"Com Vítimas Feridas";"Plena Noite";"Crescente";"Céu Claro";"Simples";"Reta";"Não";1;0;1;0;0;0;1;1;-16,44666;-41,49918;"SR-MG";"UOP02";"DEL11"
269552;2020-02-16;"domingo";"02:00:00";"PE";101;84;"JABOATAO DOS GUARARAPES";"Desobediência às normas de trânsito pelo condutor";"Capotamento";"Sem Vítimas";"Plena Noite";"Decrescente";"Nublado";"Dupla";"Reta";"Não";1;0;0;0;0;1;0;1;-8,177786;-34,95087;"SR-PE";"UOP03";"DEL01"
269553;2020-02-16;"domingo";"05:00:00";"TO";153;134;"ARAGUAINA";"Ingestão de Álcool";"Saída de leito carroçável";"Com Vítimas Feridas";"Amanhecer";"Decrescente";"Céu Claro";"Simples";"Rotatória";"Não";1;0;1;0;0;0;1;1;-7,121784;-48,19294;"SR-TO";"UOP04";"DEL02"
269554;2020-02-16;"domingo";"05:25:00";"TO";153;335;"GUARAI";"Ingestão de Álcool";"Colisão traseira";"Com Vítimas Feridas";"Amanhecer";"Decrescente";"Céu Claro";"Múltipla";"Reta";"Sim";3;0;1;0;2;0;1;3;-8,844816;-48,51073;"SR-TO";"UOP03";"DEL02"
269555;2020-02-16;"domingo";"05:10:00";"SP";116;54;"LORENA";"Ingestão de Álcool";"Colisão traseira";"Sem Vítimas";"Amanhecer";"Decrescente";"Céu Claro";"Dupla";"Reta";"Sim";2;0;0;0;2;0;0;2;-22,75804;-45,11508;"SR-SP";"UOP02";"DEL08"
269557;2020-02-16;"domingo";"05:42:00";"PR";376;171,4;"MARINGA";"Velocidade Incompatível";"Colisão traseira";"Com Vítimas Feridas";"Amanhecer";"Crescente";"Céu Claro";"Dupla";"Reta";"Não";2;0;1;0;1;0;1;2;-23,41823;-51,97501;"SR-PR";"UOP01";"DEL09"
269558;2020-02-16;"domingo";"04:30:00";"SC";470;142;"RIO DO SUL";"Ingestão de Álcool";"Capotamento";"Com Vítimas Feridas";"Plena Noite";"Decrescente";"Céu Claro";"Simples";"Reta";"Sim";3;0;2;0;0;1;2;1;-27,2298;-49,6693;"SR-SC";"UOP02";"DEL04"
269559;2020-02-16;"domingo";"05:05:00";"RO";364;198,3;"PIMENTA BUENO";"Ingestão de álcool e/ou substâncias psicoativas pelo pedestre";"Atropelamento de Pedestre";"Com Vítimas Feridas";"Plena Noite";"Crescente";"Céu Claro";"Simples";"Ponte";"Sim";2;0;1;1;0;0;2;1;-11,67049;-61,19146;"SR-RO";"UOP02";"DEL02"
269560;2020-02-16;"domingo";"06:30:00";"SP";381;82;"SAO PAULO";"Falta de Atenção à Condução";"Colisão traseira";"Com Vítimas Feridas";"Pleno dia";"Decrescente";"Céu Claro";"Dupla";"Reta";"Não";3;0;0;1;1;1;1;2;-23,44025;-46,5683;"SR-SP";"UOP01";"DEL03"
269561;2020-02-16;"domingo";"05:30:00";"RJ";40;123;"DUQUE DE CAXIAS";"Falta de Atenção à Condução";"Tombamento";"Com Vítimas Feridas";"Pleno dia";"Crescente";"Céu Claro";"Dupla";"Reta";"Sim";1;0;0;1;0;0;1;1;-22,79908;-43,29016;"SR-RJ";"UOP01";"DEL01"
269562;2020-02-16;"domingo";"04:40:00";"SC";282;221,6;"LAGES";"Ingestão de Álcool";"Saída de leito carroçável";"Com Vítimas Feridas";"Plena Noite";"Crescente";"Chuva";"Simples";"Rotatória";"Sim";1;0;1;0;0;0;1;1;-27,79505;-50,33906;"SR-SC";"UOP01";"DEL05"
269563;2020-02-16;"domingo";"04:40:00";"PR";467;93,5;"CASCAVEL";"Ingestão de Álcool";"Saída de leito carroçável";"Com Vítimas Feridas";"Plena Noite";"Crescente";"Céu Claro";"Dupla";"Reta";"Não";3;0;2;0;1;0;2;1;-24,8599;-53,5868;"SR-PR";"UOP01";"DEL04"
269564;2020-02-16;"domingo";"05:30:00";"MS";163;216,4;"CAARAPO";"Falta de Atenção à Condução";"Saída de leito carroçável";"Sem Vítimas";"Amanhecer";"Crescente";"Céu Claro";"Simples";"Reta";"Não";1;0;0;0;1;0;0;1;-22,56604;-54,82349;"SR-MS";"UOP02";"DEL04"
269565;2020-02-16;"domingo";"06:50:00";"DF";20;9;"BRASILIA";"Desobediência às normas de trânsito pelo condutor";"Saída de leito carroçável";"Sem Vítimas";"Pleno dia";"Decrescente";"Céu Claro";"Dupla";"Não Informado";"Sim";1;0;0;0;1;0;0;1;-15,65467;-47,78292;"SR-DF";"UOP01";"DEL02"
269566;2020-02-16;"domingo";"06:10:00";"CE";116;5,6;"FORTALEZA";"Falta de Atenção à Condução";"Colisão com objeto estático";"Sem Vítimas";"Amanhecer";"Crescente";"Chuva";"Dupla";"Viaduto";"Sim";1;0;0;0;1;0;0;1;-3,799905;-38,50606;"SR-CE";"UOP02";"DEL01"
269567;2020-02-16;"domingo";"03:00:00";"SC";282;632;"DESCANSO";"Velocidade Incompatível";"Saída de leito carroçável";"Sem Vítimas";"Plena Noite";"Decrescente";"Nublado";"Simples";"Curva";"Não";2;0;0;0;0;2;0;1;-26,8253;-53,40422;"SR-SC";"UOP03";"DEL07"
269568;2020-02-16;"domingo";"07:20:00";"TO";153;705,6;"CARIRI DO TOCANTINS";"Ingestão de Álcool";"Saída de leito carroçável";"Com Vítimas Feridas";"Amanhecer";"Crescente";"Céu Claro";"Simples";"Reta";"Não";5;0;2;3;0;0;5;1;-11,9958;-49,20151;"SR-TO";"UOP01";"DEL02"
269570;2020-02-16;"domingo";"03:20:00";"GO";50;281;"CATALAO";"Ingestão de Álcool";"Colisão com objeto estático";"Com Vítimas Feridas";"Plena Noite";"Crescente";"Ignorado";"Simples";"Não Informado";"Sim";1;0;1;0;0;0;1;1;-18,19517;-47,95588;"SR-GO";"UOP01";"DEL06"
269571;2020-02-16;"domingo";"07:30:00";"CE";222;314;"TIANGUA";"Não guardar distância de segurança";"Colisão traseira";"Com Vítimas Feridas";"Pleno dia";"Decrescente";"Céu Claro";"Simples";"Reta";"Não";3;0;1;1;1;0;2;2;-3,7311;-41,00095;"SR-CE";"UOP02";"DEL04"
269572;2020-02-16;"domingo";"07:20:00";"RJ";40;120;"DUQUE DE CAXIAS";"Falta de Atenção à Condução";"Queda de ocupante de veículo";"Com Vítimas Feridas";"Pleno dia";"Decrescente";"Céu Claro";"Dupla";"Reta";"Sim";1;0;1;0;0;0;1;1;-22,77281;-43,28627;"SR-RJ";"UOP01";"DEL01"
269573;2020-02-16;"domingo";"06:20:00";"RR";174;511;"BOA VISTA";"Ultrapassagem Indevida";"Colisão lateral";"Com Vítimas Feridas";"Pleno dia";"Decrescente";"Sol";"Simples";"Reta";"Sim";2;0;1;0;1;0;1;2;2,861408;-60,69804;"SR-RR";"UOP01";"DEL01"
269574;2020-02-15;"sábado";"23:30:00";"PR";277;676,5;"MEDIANEIRA";"Falta de Atenção à Condução";"Saída de leito carroçável";"Com Vítimas Fatais";"Plena Noite";"Decrescente";"Céu Claro";"Dupla";"Reta";"Não";1;1;0;0;0;0;0;1;-25,30325;-54,13195;"SR-PR";"UOP01";"DEL05"
269575;2020-02-14;"sexta-feira";"17:30:00";"MT";70;573;"NOSSA SENHORA DO LIVRAMENTO";"Pista Escorregadia";"Colisão frontal";"Com Vítimas Feridas";"Anoitecer";"Crescente";"Chuva";"Simples";"Reta";"Não";5;0;3;1;1;0;4;2;-15,72283;-56,51041;"SR-MT";"UOP02";"DEL03"
269576;2020-02-16;"domingo";"08:10:00";"SC";101;115,7;"ITAJAI";"Defeito Mecânico no Veículo";"Capotamento";"Com Vítimas Feridas";"Pleno dia";"Decrescente";"Sol";"Dupla";"Reta";"Não";1;0;1;0;0;0;1;1;-26,86868;-48,71806;"SR-SC";"UOP04";"DEL04"
269577;2020-01-14;"terça-feira";"07:15:00";"SC";470;286,8;"BRUNOPOLIS";"Condutor Dormindo";"Colisão lateral";"Com Vítimas Feridas";"Pleno dia";"Crescente";"Céu Claro";"Simples";"Curva";"Não";2;0;1;1;0;0;2;2;-27,32847;-50,92261;"SR-SC";"DEL7";"UOP08/SC"
269578;2020-02-16;"domingo";"06:40:00";"BA";415;47,8;"ITABUNA";"Ingestão de Álcool";"Colisão traseira";"Com Vítimas Feridas";"Pleno dia";"Decrescente";"Céu Claro";"Simples";"Reta";"Sim";3;0;1;0;1;1;1;2;-14,81709;-39,30085;"SR-BA";"UOP01";"DEL05"
269579;2020-02-16;"domingo";"07:10:00";"PB";230;45,3;"SANTA RITA";"Falta de Atenção à Condução";"Saída de leito carroçável";"Sem Vítimas";"Pleno dia";"Crescente";"Sol";"Dupla";"Reta";"Não";1;0;0;0;0;1;0;1;-7,1583;-35,0176;"SR-PB";"UOP02";"DEL01"
269581;2020-02-16;"domingo";"08:20:00";"PI";343;13;"PARNAIBA";"Desobediência às normas de trânsito pelo condutor";"Colisão transversal";"Com Vítimas Feridas";"Pleno dia";"Decrescente";"Nublado";"Dupla";"Interseção de vias";"Sim";2;0;0;1;0;1;1;2;-2,919254;-41,75411;"SR-PI";"UOP01";"DEL05"
269582;2020-02-16;"domingo";"02:00:00";"MG";267;175,3;"LIMA DUARTE";"Deficiência ou não Acionamento do Sistema de Iluminação/Sinalização do Veículo";"Colisão traseira";"Com Vítimas Fatais";"Plena Noite";"Decrescente";"Nevoeiro/Neblina";"Simples";"Reta";"Não";3;1;0;1;1;0;1;2;-21,86889;-43,91161;"SR-MG";"UOP01";"DEL05"
269583;2020-02-16;"domingo";"08:15:00";"MG";116;281,3;"TEOFILO OTONI";"Condutor Dormindo";"Saída de leito carroçável";"Com Vítimas Feridas";"Pleno dia";"Crescente";"Céu Claro";"Simples";"Não Informado";"Não";1;0;1;0;0;0;1;1;-17,89353;-41,52352;"SR-MG";"UOP01";"DEL11"
269584;2020-02-16;"domingo";"08:40:00";"MG";381;665,7;"PERDOES";"Velocidade Incompatível";"Capotamento";"Com Vítimas Feridas";"Pleno dia";"Crescente";"Chuva";"Dupla";"Curva";"Não";4;0;3;0;1;0;3;1;-21,05494;-45,03104;"SR-MG";"UOP02";"DEL04"
269585;2020-02-16;"domingo";"07:00:00";"MT";163;813;"SINOP";"Falta de Atenção à Condução";"Saída de leito carroçável";"Sem Vítimas";"Amanhecer";"Crescente";"Céu Claro";"Simples";"Reta";"Não";1;0;0;0;0;1;0;1;-12,18053;-55,52607;"SR-MT";"UOP01";"DEL06"
269586;2020-02-16;"domingo";"07:40:00";"MG";365;591,5;"ARAGUARI";"Falta de Atenção à Condução";"Colisão frontal";"Com Vítimas Fatais";"Pleno dia";"Decrescente";"Céu Claro";"Simples";"Reta";"Não";2;1;0;0;1;0;0;2;-18,88302;-48,03573;"SR-MG";"UOP02";"DEL15"
269588;2020-02-16;"domingo";"09:00:00";"MG";40;473;"SETE LAGOAS";"Falta de Atenção à Condução";"Colisão traseira";"Com Vítimas Feridas";"Pleno dia";"Decrescente";"Nublado";"Dupla";"Curva";"Sim";2;0;1;0;0;1;1;2;-19,48467;-44,28124;"SR-MG";"UOP01";"DEL02"
269589;2020-02-16;"domingo";"09:45:00";"PR";277;123,9;"CAMPO LARGO";"Falta de Atenção à Condução";"Queda de ocupante de veículo";"Com Vítimas Feridas";"Pleno dia";"Crescente";"Céu Claro";"Dupla";"Interseção de vias";"Não";3;0;0;1;1;1;1;2;-25,44998;-49,58319;"SR-PR";"UOP03";"DEL03"
269590;2020-02-16;"domingo";"09:00:00";"PR";277;444,5;"LARANJEIRAS DO SUL";"Falta de Atenção à Condução";"Capotamento";"Com Vítimas Feridas";"Pleno dia";"Crescente";"Nublado";"Simples";"Não Informado";"Não";2;0;0;1;1;0;1;1;-25,3728;-52,32281;"SR-PR";"UOP03";"DEL04"
269591;2020-02-16;"domingo";"05:40:00";"RS";285;50,7;"BOM JESUS";"Velocidade Incompatível";"Saída de leito carroçável";"Com Vítimas Fatais";"Amanhecer";"Decrescente";"Céu Claro";"Simples";"Curva";"Não";1;1;0;0;0;0;0;1;-28,66447;-50,32706;"SR-RS";"UOP03";"DEL05"
269592;2020-02-16;"domingo";"10:10:00";"SP";116;302;"SAO LOURENCO DA SERRA";"Não guardar distância de segurança";"Colisão traseira";"Com Vítimas Feridas";"Pleno dia";"Crescente";"Céu Claro";"Dupla";"Não Informado";"Não";2;0;1;0;1;0;1;2;-23,81957;-46,92449;"SR-SP";"UOP01";"DEL04"
269593;2020-02-16;"domingo";"10:15:00";"MG";116;780,7;"LEOPOLDINA";"Velocidade Incompatível";"Saída de leito carroçável";"Com Vítimas Feridas";"Pleno dia";"Decrescente";"Sol";"Simples";"Curva";"Não";1;0;1;0;0;0;1;1;-21,61482;-42,69263;"SR-MG";"UOP01";"DEL07"
269594;2020-02-16;"domingo";"10:00:00";"PB";230;146,3;"CAMPINA GRANDE";"Desobediência às normas de trânsito pelo condutor";"Colisão traseira";"Sem Vítimas";"Pleno dia";"Crescente";"Céu Claro";"Dupla";"Reta";"Sim";2;0;0;0;1;1;0;2;-7,2468;-35,8484;"SR-PB";"UOP01";"DEL02"
269595;2020-02-16;"domingo";"08:55:00";"MT";174;314,7;"PONTES E LACERDA";"Falta de Atenção à Condução";"Tombamento";"Sem Vítimas";"Pleno dia";"Crescente";"Céu Claro";"Simples";"Reta";"Não";5;0;0;0;5;0;0;4;-15,01544;-59,28943;"SR-MT";"UOP01";"DEL04"
269597;2020-02-16;"domingo";"10:00:00";"PE";101;46;"IGARASSU";"Falta de Atenção à Condução";"Colisão lateral";"Sem Vítimas";"Pleno dia";"Crescente";"Céu Claro";"Dupla";"Retorno Regulamentado";"Sim";2;0;0;0;2;0;0;2;-7,87406;-34,90588;"SR-PE";"UOP02";"DEL01"
269598;2020-02-16;"domingo";"07:45:00";"CE";222;1,8;"FORTALEZA";"Ingestão de Substâncias Psicoativas";"Colisão transversal";"Sem Vítimas";"Pleno dia";"Decrescente";"Garoa/Chuvisco";"Dupla";"Reta";"Sim";3;0;0;0;3;0;0;2;-3,737804;-38,57806;"SR-CE";"UOP01";"DEL01"
269599;2020-02-16;"domingo";"07:25:00";"MG";381;402,7;"BOM JESUS DO AMPARO";"Falta de Atenção à Condução";"Saída de leito carroçável";"Com Vítimas Feridas";"Pleno dia";"Crescente";"Céu Claro";"Simples";"Não Informado";"Não";2;0;2;0;0;0;2;1;-19,75364;-43,52828;"SR-MG";"UOP01";"DEL01"
269601;2020-02-16;"domingo";"09:30:00";"MG";50;67;"UBERLANDIA";"Falta de Atenção à Condução";"Colisão traseira";"Com Vítimas Feridas";"Pleno dia";"Decrescente";"Sol";"Dupla";"Rotatória";"Sim";3;0;0;2;1;0;2;2;-18,8514;-48,25346;"SR-MG";"UOP01";"DEL15"
269602;2020-02-16;"domingo";"06:00:00";"PI";316;3,9;"TERESINA";"Desobediência às normas de trânsito pelo condutor";"Colisão com objeto estático";"Sem Vítimas";"Amanhecer";"Decrescente";"Céu Claro";"Múltipla";"Reta";"Sim";3;0;0;0;3;0;0;1;-5,128264;-42,79292;"SR-PI";"UOP02";"DEL01"
269603;2020-02-16;"domingo";"10:50:00";"SE";101;115;"ITAPORANGA DAJUDA";"Defeito Mecânico no Veículo";"Tombamento";"Com Vítimas Feridas";"Pleno dia";"Decrescente";"Céu Claro";"Dupla";"Reta";"Não";1;0;1;0;0;0;1;1;-11,00451;-37,30888;"SR-SE";"UOP01";"DEL02"
269604;2020-02-16;"domingo";"11:00:00";"ES";101;270;"SERRA";"Desobediência às normas de trânsito pelo condutor";"Colisão transversal";"Com Vítimas Feridas";"Pleno dia";"Decrescente";"Sol";"Múltipla";"Interseção de vias";"Sim";3;0;0;1;2;0;1;2;-20,23089;-40,27326;"SR-ES";"UOP01";"DEL02"
269605;2020-02-16;"domingo";"10:20:00";"MS";163;721,6;"COXIM";"Avarias e/ou desgaste excessivo no pneu";"Tombamento";"Com Vítimas Feridas";"Pleno dia";"Crescente";"Céu Claro";"Simples";"Não Informado";"Não";2;0;2;0;0;0;2;1;-18,5845;-54,76831;"SR-MS";"UOP01";"DEL06"
269606;2020-02-16;"domingo";"11:15:00";"SP";116;326,5;"JUQUITIBA";"Falta de Atenção à Condução";"Colisão com objeto estático";"Com Vítimas Feridas";"Pleno dia";"Decrescente";"Céu Claro";"Dupla";"Curva";"Não";1;0;0;1;0;0;1;1;-23,93901;-47,06241;"SR-SP";"UOP01";"DEL04"
269607;2020-02-16;"domingo";"12:00:00";"RJ";356;147,7;"CAMPOS DOS GOYTACAZES";"Desobediência às normas de trânsito pelo condutor";"Colisão transversal";"Com Vítimas Feridas";"Pleno dia";"Crescente";"Sol";"Dupla";"Reta";"Sim";2;0;1;1;0;0;2;2;-21,77877;-41,29048;"SR-RJ";"UOP02";"DEL08"
269608;2020-02-16;"domingo";"12:00:00";"PE";101;50,3;"ABREU E LIMA";"Desobediência às normas de trânsito pelo condutor";"Colisão traseira";"Sem Vítimas";"Pleno dia";"Decrescente";"Céu Claro";"Múltipla";"Reta";"Sim";2;0;0;0;2;0;0;2;-7,909386;-34,90123;"SR-PE";"UOP02";"DEL01"
269609;2020-02-16;"domingo";"12:00:00";"MG";251;478,7;"FRANCISCO SA";"Defeito Mecânico no Veículo";"Incêndio";"Sem Vítimas";"Pleno dia";"Crescente";"Céu Claro";"Simples";"Reta";"Não";1;0;0;0;1;0;0;1;-16,4818;-43,50646;"SR-MG";"UOP01";"DEL12"
269610;2020-02-16;"domingo";"12:15:00";"RJ";116;299;"BARRA MANSA";"Pista Escorregadia";"Tombamento";"Com Vítimas Feridas";"Pleno dia";"Decrescente";"Sol";"Dupla";"Reta";"Não";1;0;1;0;0;0;1;1;-22,45154;-44,34628;"SR-RJ";"UOP02";"DEL07"
269611;2020-02-16;"domingo";"08:00:00";"SC";470;244,5;"CURITIBANOS";"Ingestão de Álcool";"Tombamento";"Com Vítimas Feridas";"Amanhecer";"Crescente";"Nublado";"Simples";"Desvio Temporário";"Não";2;0;1;0;0;1;1;1;-27,31458;-50,51583;"SR-SC";"UOP03";"DEL05"
269612;2020-02-16;"domingo";"07:35:00";"RS";468;85,7;"BOM PROGRESSO";"Ingestão de Álcool";"Colisão traseira";"Com Vítimas Feridas";"Pleno dia";"Decrescente";"Céu Claro";"Simples";"Reta";"Não";2;0;1;0;1;0;1;2;-27,58371;-53,86861;"SR-RS";"UOP02";"DEL08"