"id";"data_inversa";"dia_semana";"horario";"uf";"br";"km";"municipio";"causa_acidente";"tipo_acidente";"classificacao_acidente";"fase_dia";"sentido_via";"condicao_metereologica";"tipo_pista";"tracado_via";"uso_solo";"pessoas";"mortos";"feridos_leves";"feridos_graves";"ilesos";"ignorados";"feridos";"veiculos";"latitude";"longitude";"regional";"delegacia";"uop"
269613;2020-02-16;"domingo";"10:30:00";"SC";116;220,6;"CORREIA PINTO";"Animais na Pista";"Tombamento";"Com Vítimas Feridas";"Pleno dia";"Crescente";"Nublado";"Simples";"Não Informado";"Sim";1;0;1;0;0;0;1;1;-27,59167;-50,36201;"SR-SC";"UOP03";"DEL05"
269614;2020-02-16;"domingo";"12:00:00";"PI";230;174;"SAO JOAO DA VARJOTA";"Falta de Atenção à Condução";"Saída de leito carroçável";"Sem Vítimas";"Pleno dia";"Decrescente";"Céu Claro";"Simples";"Reta";"Não";1;0;0;0;1;0;0;1;-6,941423;-41,93897;"SR-PI";"UOP01";"DEL04"
269615;2020-02-16;"domingo";"13:40:00";"TO";153;609,9;"CRIXAS DO TOCANTINS";"Falta de Atenção à Condução";"Colisão frontal";"Com Vítimas Fatais";"Pleno dia";"Decrescente";"Sol";"Simples";"Reta";"Não";2;1;0;0;1;0;0;2;-11,17595;-48,92782;"SR-TO";"UOP01";"DEL02"
269616;2020-02-16;"domingo";"13:00:00";"SC";101;354;"SANGAO";"Defeito Mecânico no Veículo";"Tombamento";"Com Vítimas Feridas";"Pleno dia";"Decrescente";"Céu Claro";"Dupla";"Desvio Temporário";"Não";2;0;2;0;0;0;2;1;-28,63335;-49,09172;"SR-SC";"UOP01";"DEL02"
269617;2020-02-16;"domingo";"13:30:00";"GO";60;2;"ALEXANIA";"Desobediência às normas de trânsito pelo condutor";"Saída de leito carroçável";"Sem Vítimas";"Pleno dia";"Decrescente";"Chuva";"Simples";"Curva";"Não";1;0;0;0;0;1;0;1;-16,09417;-48,51721;"SR-DF";"UOP02";"DEL01"
269618;2020-02-16;"domingo";"13:15:00";"PR";163;38,3;"PRANCHITA";"Desobediência às normas de trânsito pelo condutor";"Saída de leito carroçável";"Com Vítimas Feridas";"Pleno dia";"Decrescente";"Garoa/Chuvisco";"Simples";"Curva";"Não";3;0;1;0;2;0;1;1;-26,03995;-53,72946;"SR-PR";"UOP02";"DEL02"
269619;2020-02-16;"domingo";"09:30:00";"RO";429;116;"ALVORADA DOESTE";"Defeito na Via";"Queda de ocupante de veículo";"Com Vítimas Feridas";"Pleno dia";"Decrescente";"Nublado";"Simples";"Reta";"Não";2;0;2;0;0;0;2;1;-11,50374;-62,43618;"SR-RO";"UOP03";"DEL02"
269620;2020-02-16;"domingo";"13:20:00";"PR";376;627,2;"SAO JOSE DOS PINHAIS";"Ingestão de Álcool";"Colisão lateral";"Sem Vítimas";"Pleno dia";"Crescente";"Nublado";"Dupla";"Reta";"Sim";3;0;0;0;3;0;0;2;-25,66964;-49,15232;"SR-PR";"UOP05";"DEL01"
269621;2020-02-16;"domingo";"14:10:00";"MG";381;452;"SABARA";"Falta de Atenção à Condução";"Colisão traseira";"Com Vítimas Feridas";"Pleno dia";"Crescente";"Céu Claro";"Simples";"Reta";"Não";2;0;1;0;1;0;1;2;-19,83832;-43,88069;"SR-MG";"UOP01";"DEL01"
269622;2020-02-16;"domingo";"14:00:00";"SP";116;225;"GUARULHOS";"Falta de Atenção à Condução";"Colisão lateral";"Com Vítimas Feridas";"Pleno dia";"Decrescente";"Nublado";"Múltipla";"Reta";"Sim";2;0;1;0;1;0;1;2;-23,48587;-46,54075;"SR-SP";"UOP01";"DEL01"
269623;2020-02-16;"domingo";"14:00:00";"GO";60;48,6;"ABADIANIA";"Velocidade Incompatível";"Capotamento";"Com Vítimas Feridas";"Pleno dia";"Decrescente";"Chuva";"Dupla";"Curva";"Não";6;0;4;2;0;0;6;1;-16,1529;-48,6109;"SR-GO";"UOP01";"DEL02"
269624;2020-02-16;"domingo";"14:10:00";"SC";101;187,7;"BIGUACU";"Falta de Atenção à Condução";"Capotamento";"Com Vítimas Feridas";"Pleno dia";"Crescente";"Céu Claro";"Dupla";"Reta";"Sim";5;0;4;0;1;0;4;2;-27,44307;-48,62848;"SR-SC";"UOP01";"DEL01"
269625;2020-02-16;"domingo";"14:30:00";"TO";153;131;"ARAGUAINA";"Falta de Atenção à Condução";"Queda de ocupante de veículo";"Com Vítimas Feridas";"Pleno dia";"Decrescente";"Nublado";"Simples";"Reta";"Não";1;0;1;0;0;0;1;1;-7,100252;-48,17644;"SR-TO";"UOP04";"DEL02"
269626;2020-02-16;"domingo";"12:10:00";"MG";381;214,7;"NAQUE";"Mal Súbito";"Colisão lateral";"Com Vítimas Feridas";"Pleno dia";"Crescente";"Céu Claro";"Simples";"Curva";"Sim";2;0;0;1;1;0;1;2;-19,22861;-42,32619;"SR-MG";"UOP01";"DEL06"
269627;2020-02-16;"domingo";"14:10:00";"SC";280;20,3;"BALNEARIO BARRA DO SUL";"Falta de Atenção à Condução";"Colisão traseira";"Com Vítimas Feridas";"Pleno dia";"Crescente";"Céu Claro";"Simples";"Reta";"Não";2;0;1;0;1;0;1;2;-26,3699;-48,68224;"SR-SC";"UOP03";"DEL03"
269628;2020-02-16;"domingo";"14:00:00";"SC";101;217;"PALHOCA";"Ingestão de álcool e/ou substâncias psicoativas pelo pedestre";"Saída de leito carroçável";"Sem Vítimas";"Pleno dia";"Decrescente";"Céu Claro";"Dupla";"Reta";"Sim";1;0;0;0;1;0;0;1;-27,66779;-48,67394;"SR-SC";"UOP02";"DEL01"
269629;2020-02-16;"domingo";"04:00:00";"RJ";101;539;"PARATY";"Velocidade Incompatível";"Capotamento";"Sem Vítimas";"Plena Noite";"Crescente";"Céu Claro";"Simples";"Curva";"Não";1;0;0;0;0;1;0;1;-23,0541;-44,58191;"SR-RJ";"UOP03";"DEL03"
269630;2020-02-16;"domingo";"14:29:00";"GO";80;141;"BARRO ALTO";"Desobediência às normas de trânsito pelo condutor";"Saída de leito carroçável";"Com Vítimas Feridas";"Pleno dia";"Crescente";"Céu Claro";"Simples";"Curva";"Não";1;0;1;0;0;0;1;1;-14,90948;-48,95819;"SR-GO";"UOP01";"DEL07"
269631;2020-02-16;"domingo";"12:40:00";"MS";267;232;"NOVA ALVORADA DO SUL";"Agressão Externa";"Tombamento";"Sem Vítimas";"Pleno dia";"Decrescente";"Sol";"Simples";"Reta";"Não";1;0;0;0;1;0;0;1;-21,52043;-54,23226;"SR-MS";"UOP01";"DEL02"
269632;2020-02-16;"domingo";"14:45:00";"MG";356;285,6;"EUGENOPOLIS";"Falta de Atenção à Condução";"Atropelamento de Pedestre";"Com Vítimas Feridas";"Pleno dia";"Decrescente";"Sol";"Simples";"Rotatória";"Sim";3;0;1;0;1;1;1;1;-21,12715;-42,20166;"SR-MG";"UOP02";"DEL07"
269633;2020-02-16;"domingo";"14:10:00";"MS";163;470,2;"CAMPO GRANDE";"Defeito Mecânico no Veículo";"Tombamento";"Com Vítimas Feridas";"Pleno dia";"Crescente";"Sol";"Simples";"Curva";"Não";1;0;1;0;0;0;1;1;-20,55999;-54,55711;"SR-MS";"UOP01";"DEL01"
269634;2020-02-16;"domingo";"12:00:00";"BA";242;560;"OLIVEIRA DOS BREJINHOS";"Falta de Atenção à Condução";"Colisão traseira";"Com Vítimas Fatais";"Pleno dia";"Crescente";"Sol";"Simples";"Não Informado";"Não";2;1;0;0;0;1;0;2;-12,04645;-43,08089;"SR-BA";"UOP02";"DEL10"
269635;2020-02-16;"domingo";"13:50:00";"MT";70;735;"CACERES";"Falta de Atenção à Condução";"Colisão com objeto estático";"Com Vítimas Feridas";"Pleno dia";"Decrescente";"Céu Claro";"Simples";"Reta";"Não";1;0;1;0;0;0;1;1;-16,13515;-57,65415;"SR-MT";"UOP01";"DEL03"
269636;2020-02-16;"domingo";"11:45:00";"RS";471;175,3;"RIO PARDO";"Desobediência às normas de trânsito pelo condutor";"Colisão transversal";"Com Vítimas Feridas";"Pleno dia";"Crescente";"Céu Claro";"Simples";"Interseção de vias";"Não";3;0;2;0;1;0;2;2;-29,99295;-52,36829;"SR-RS";"UOP03";"DEL02"
269637;2020-02-16;"domingo";"14:30:00";"GO";60;239,2;"INDIARA";"Pista Escorregadia";"Saída de leito carroçável";"Com Vítimas Feridas";"Pleno dia";"Crescente";"Chuva";"Dupla";"Reta";"Não";1;0;1;0;0;0;1;1;-17,0946;-49,8649;"SR-GO";"UOP02";"DEL01"
269638;2020-02-16;"domingo";"12:00:00";"PR";277;0,3;"PARANAGUA";"Desobediência às normas de trânsito pelo condutor";"Colisão transversal";"Com Vítimas Feridas";"Pleno dia";"Decrescente";"Sol";"Simples";"Interseção de vias";"Sim";2;0;1;0;1;0;1;2;-25,5205;-48,5095;"SR-PR";"UOP07";"DEL01"
269639;2020-02-16;"domingo";"15:20:00";"PA";316;20;"BENEVIDES";"Falta de Atenção à Condução";"Colisão lateral";"Com Vítimas Feridas";"Pleno dia";"Decrescente";"Garoa/Chuvisco";"Dupla";"Reta";"Sim";2;0;1;0;1;0;1;2;-1,364234;-48,26658;"SR-PA";"UOP01";"DEL01"
269640;2020-02-16;"domingo";"15:45:00";"SP";116;289;"ITAPECERICA DA SERRA";"Não guardar distância de segurança";"Colisão lateral";"Com Vítimas Feridas";"Pleno dia";"Decrescente";"Céu Claro";"Dupla";"Reta";"Sim";1;0;1;0;0;0;1;1;-23,72291;-46,89097;"SR-SP";"UOP01";"DEL04"
269641;2020-02-16;"domingo";"15:00:00";"MG";381;432;"SABARA";"Velocidade Incompatível";"Saída de leito carroçável";"Com Vítimas Feridas";"Pleno dia";"Decrescente";"Céu Claro";"Simples";"Curva";"Não";1;0;1;0;0;0;1;1;-19,7878;-43,69044;"SR-MG";"UOP01";"DEL01"
269642;2020-02-16;"domingo";"14:30:00";"SP";116;191;"SANTA ISABEL";"Falta de Atenção à Condução";"Capotamento";"Com Vítimas Feridas";"Pleno dia";"Decrescente";"Chuva";"Dupla";"Curva";"Não";2;0;1;1;0;0;2;1;-23,37124;-46,2426;"SR-SP";"UOP01";"DEL02"
269643;2020-02-16;"domingo";"15:35:00";"PR";116;79,7;"PIRAQUARA";"Falta de Atenção à Condução";"Tombamento";"Com Vítimas Feridas";"Pleno dia";"Decrescente";"Sol";"Dupla";"Reta";"Não";2;0;1;0;1;0;1;1;-25,397;-49,05721;"SR-PR";"UOP01";"DEL01"
269645;2020-02-16;"domingo";"15:55:00";"GO";60;42;"ALEXANIA";"Defeito Mecânico no Veículo";"Saída de leito carroçável";"Com Vítimas Feridas";"Pleno dia";"Decrescente";"Nublado";"Dupla";"Curva";"Não";3;0;1;0;2;0;1;1;-16,11;-48,5835;"SR-DF";"UOP02";"DEL01"
269647;2020-02-16;"domingo";"16:30:00";"RS";386;34,1;"FREDERICO WESTPHALEN";"Desobediência às normas de trânsito pelo condutor";"Colisão transversal";"Com Vítimas Feridas";"Pleno dia";"Crescente";"Nublado";"Simples";"Interseção de vias";"Sim";2;0;1;0;1;0;1;2;-27,35844;-53,3883;"SR-RS";"UOP02";"DEL08"
269648;2020-02-16;"domingo";"16:30:00";"SC";101;223;"PALHOCA";"Não guardar distância de segurança";"Colisão traseira";"Com Vítimas Feridas";"Pleno dia";"Decrescente";"Nublado";"Múltipla";"Reta";"Não";2;0;0;1;1;0;1;2;-27,71553;-48,64881;"SR-SC";"UOP02";"DEL01"
269649;2020-02-16;"domingo";"16:25:00";"GO";40;4;"VALPARAISO DE GOIAS";"Velocidade Incompatível";"Colisão traseira";"Sem Vítimas";"Pleno dia";"Crescente";"Chuva";"Dupla";"Reta";"Sim";2;0;0;0;1;1;0;2;-16,08524;-47,98675;"SR-DF";"UOP01";"DEL01"
269650;2020-02-16;"domingo";"16:30:00";"SC";101;222;"PALHOCA";"Desobediência às normas de trânsito pelo condutor";"Colisão traseira";"Com Vítimas Feridas";"Pleno dia";"Decrescente";"Céu Claro";"Dupla";"Desvio Temporário";"Não";2;0;1;0;1;0;1;2;-27,70865;-48,65586;"SR-SC";"UOP02";"DEL01"
269651;2020-02-16;"domingo";"15:00:00";"SC";282;445,8;"PONTE SERRADA";"Velocidade Incompatível";"Saída de leito carroçável";"Sem Vítimas";"Pleno dia";"Crescente";"Chuva";"Simples";"Curva";"Não";1;0;0;0;1;0;0;1;-26,91534;-51,90491;"SR-SC";"UOP05";"DEL07"
269652;2020-02-16;"domingo";"16:20:00";"SE";235;53,9;"ITABAIANA";"Não guardar distância de segurança";"Colisão traseira";"Com Vítimas Feridas";"Anoitecer";"Decrescente";"Céu Claro";"Simples";"Reta";"Sim";2;0;1;0;1;0;1;2;-10,68471;-37,44054;"SR-SE";"UOP02";"DEL01"
269653;2020-02-16;"domingo";"17:29:00";"GO";40;10,5;"CIDADE OCIDENTAL";"Falta de Atenção do Pedestre";"Atropelamento de Pedestre";"Com Vítimas Feridas";"Anoitecer";"Crescente";"Garoa/Chuvisco";"Dupla";"Reta";"Sim";2;0;1;0;1;0;1;1;-16,13128;-47,95792;"SR-DF";"UOP01";"DEL01"
269656;2020-02-16;"domingo";"11:50:00";"MG";262;746,9;"PERDIZES";"Pista Escorregadia";"Saída de leito carroçável";"Com Vítimas Feridas";"Pleno dia";"Crescente";"Nublado";"Simples";"Reta";"Não";1;0;1;0;0;0;1;1;-19,61979;-47,47739;"SR-MG";"UOP01";"DEL08"
269658;2020-02-16;"domingo";"16:50:00";"PR";277;94,6;"CURITIBA";"Falta de Atenção à Condução";"Colisão traseira";"Com Vítimas Feridas";"Pleno dia";"Decrescente";"Céu Claro";"Múltipla";"Reta";"Sim";2;0;1;0;0;1;1;2;-25,43104;-49,31669;"SR-PR";"UOP04";"DEL01"
269659;2020-02-16;"domingo";"17:45:00";"RS";290;98,6;"PORTO ALEGRE";"Não guardar distância de segurança";"Colisão traseira";"Sem Vítimas";"Pleno dia";"Crescente";"Céu Claro";"Dupla";"Reta";"Sim";2;0;0;0;2;0;0;2;-29,99482;-51,2174;"SR-RS";"UOP01";"DEL01"
269661;2020-02-16;"domingo";"18:00:00";"MG";262;801,9;"UBERABA";"Falta de Atenção à Condução";"Tombamento";"Com Vítimas Feridas";"Pleno dia";"Decrescente";"Nublado";"Dupla";"Reta";"Sim";1;0;1;0;0;0;1;1;-19,7792;-47,95532;"SR-MG";"UOP01";"DEL13"
269662;2020-02-16;"domingo";"16:45:00";"BA";324;534;"FEIRA DE SANTANA";"Falta de Atenção à Condução";"Colisão traseira";"Com Vítimas Feridas";"Pleno dia";"Decrescente";"Céu Claro";"Dupla";"Reta";"Não";2;0;1;0;0;1;1;2;-12,36017;-38,82527;"SR-BA";"UOP01";"DEL01"
269663;2020-02-16;"domingo";"14:40:00";"GO";20;14;"FORMOSA";"Não guardar distância de segurança";"Queda de ocupante de veículo";"Com Vítimas Feridas";"Pleno dia";"Decrescente";"Céu Claro";"Dupla";"Reta";"Não";1;0;1;0;0;0;1;1;-15,56757;-47,23154;"SR-DF";"UOP01";"DEL02"
269664;2020-02-16;"domingo";"17:20:00";"PR";153;473;"PORTO VITORIA";"Falta de Atenção à Condução";"Colisão transversal";"Com Vítimas Feridas";"Pleno dia";"Decrescente";"Nublado";"Simples";"Reta";"Não";3;0;2;0;1;0;2;2;-26,31332;-51,21861;"SR-PR";"UOP03";"DEL08"
269665;2020-02-16;"domingo";"18:00:00";"PR";376;446;"TIBAGI";"Animais na Pista";"Saída de leito carroçável";"Com Vítimas Feridas";"Pleno dia";"Decrescente";"Sol";"Dupla";"Curva";"Não";2;0;2;0;0;0;2;1;-24,8494;-50,4644;"SR-PR";"UOP04";"DEL03"
269666;2020-02-16;"domingo";"14:30:00";"GO";20;74,5;"FORMOSA";"Falta de Atenção à Condução";"Saída de leito carroçável";"Com Vítimas Feridas";"Pleno dia";"Crescente";"Nublado";"Simples";"Reta";"Não";3;0;0;1;2;0;1;1;-15,13662;-47,13024;"SR-DF";"UOP01";"DEL02"
269667;2020-02-16;"domingo";"17:10:00";"SC";101;146,8;"ITAPEMA";"Velocidade Incompatível";"Colisão traseira";"Com Vítimas Feridas";"Pleno dia";"Decrescente";"Céu Claro";"Dupla";"Reta";"Sim";2;0;1;0;1;0;1;2;-27,08667;-48,60956;"SR-SC";"UOP03";"DEL04"
269668;2020-02-16;"domingo";"15:30:00";"SC";280;232;"CANOINHAS";"Falta de Atenção à Condução";"Capotamento";"Sem Vítimas";"Pleno dia";"Decrescente";"Céu Claro";"Simples";"Reta";"Sim";1;0;0;0;0;1;0;1;-26,19015;-50,38187;"SR-SC";"UOP04";"DEL06"
269669;2020-02-16;"domingo";"15:40:00";"AC";364;151;"RIO BRANCO";"Defeito na Via";"Colisão traseira";"Com Vítimas Feridas";"Pleno dia";"Decrescente";"Sol";"Simples";"Reta";"Não";2;0;1;0;1;0;1;2;-9,864355;-67,91499;"SR-AC";"UOP01";"DEL01"
269670;2020-02-16;"domingo";"17:20:00";"PR";476;142;"CURITIBA";"Avarias e/ou desgaste excessivo no pneu";"Saída de leito carroçável";"Com Vítimas Fatais";"Anoitecer";"Decrescente";"Céu Claro";"Dupla";"Reta";"Sim";3;1;0;2;0;0;2;1;-25,53716;-49,30163;"SR-PR";"UOP03";"DEL01"
269671;2020-02-16;"domingo";"14:10:00";"BA";110;132;"CICERO DANTAS";"Ingestão de Álcool";"Colisão lateral";"Com Vítimas Feridas";"Pleno dia";"Decrescente";"Céu Claro";"Simples";"Reta";"Não";3;0;0;1;1;1;1;2;-10,55659;-38,37483;"SR-BA";"UOP02";"DEL07"
269672;2020-02-16;"domingo";"18:29:00";"SP";116;209,8;"GUARULHOS";"Falta de Atenção à Condução";"Colisão lateral";"Sem Vítimas";"Anoitecer";"Crescente";"Céu Claro";"Dupla";"Reta";"Sim";3;0;0;0;3;0;0;2;-23,42512;-46,40221;"SR-SP";"UOP01";"DEL01"
269673;2020-02-16;"domingo";"16:00:00";"SP";381;72,9;"SAO PAULO";"Falta de Atenção à Condução";"Tombamento";"Com Vítimas Feridas";"Pleno dia";"Crescente";"Céu Claro";"Dupla";"Curva";"Não";3;0;2;0;0;1;2;1;-23,35762;-46,5497;"SR-SP";"UOP01";"DEL03"
269674;2020-02-16;"domingo";"18:00:00";"PR";376;218,5;"JANDAIA DO SUL";"Desobediência às normas de trânsito pelo condutor";"Colisão transversal";"Com Vítimas Feridas";"Anoitecer";"Decrescente";"Céu Claro";"Simples";"Interseção de vias";"Não";7;0;2;0;4;1;2;2;-23,5986;-51,62781;"SR-PR";"UOP03";"DEL07"
269675;2020-02-16;"domingo";"18:28:00";"PR";153;485;"GENERAL CARNEIRO";"Desobediência às normas de trânsito pelo condutor";"Capotamento";"Com Vítimas Feridas";"Pleno dia";"Crescente";"Céu Claro";"Simples";"Curva";"Não";2;0;1;0;1;0;1;1;-26,39495;-51,2792;"SR-PR";"UOP03";"DEL08"
269676;2020-02-16;"domingo";"17:14:00";"MG";40;515;"RIBEIRAO DAS NEVES";"Falta de Atenção à Condução";"Colisão traseira";"Sem Vítimas";"Pleno dia";"Crescente";"Nublado";"Dupla";"Reta";"Sim";3;0;0;0;3;0;0;3;-19,80901;-44,09493;"SR-MG";"UOP02";"DEL01"
269678;2020-02-16;"domingo";"18:50:00";"SE";235;49;"ITABAIANA";"Falta de Atenção à Condução";"Colisão frontal";"Com Vítimas Feridas";"Plena Noite";"Crescente";"Céu Claro";"Simples";"Reta";"Sim";3;0;0;2;0;1;2;2;-10,71622;-37,42167;"SR-SE";"UOP02";"DEL01"
269681;2020-02-16;"domingo";"19:00:00";"AL";416;40,2;"IBATEGUARA";"Ingestão de Álcool";"Colisão frontal";"Com Vítimas Feridas";"Plena Noite";"Crescente";"Céu Claro";"Simples";"Reta";"Não";4;0;1;3;0;0;4;2;-8,95432;-35,87403;"SR-AL";"UOP02";"DEL01"
269682;2020-02-16;"domingo";"17:00:00";"CE";222;6;"CAUCAIA";"Desobediência às normas de trânsito pelo condutor";"Colisão transversal";"Com Vítimas Feridas";"Anoitecer";"Decrescente";"Nublado";"Simples";"Reta";"Sim";3;0;1;1;0;1;2;2;-3,736507;-38,65337;"SR-CE";"UOP01";"DEL01"
269684;2020-02-16;"domingo";"16:25:00";"SC";158;116,7;"CUNHA PORA";"Falta de Atenção à Condução";"Colisão transversal";"Com Vítimas Feridas";"Pleno dia";"Crescente";"Nublado";"Simples";"Curva";"Não";4;0;1;3;0;0;4;3;-26,94123;-53,20492;"SR-SC";"UOP02";"DEL07"
269685;2020-02-16;"domingo";"07:30:00";"MA";402;127;"PRIMEIRA CRUZ";"Animais na Pista";"Saída de leito carroçável";"Com Vítimas Fatais";"Pleno dia";"Crescente";"Nublado";"Simples";"Reta";"Não";5;1;0;4;0;0;4;1;-2,740591;-43,36111;"SR-MA";"UOP01";"DEL01"
269686;2020-02-16;"domingo";"19:15:00";"SP";116;140,9;"SAO JOSE DOS CAMPOS";"Desobediência às normas de trânsito pelo pedestre";"Atropelamento de Pedestre";"Com Vítimas Feridas";"Plena Noite";"Decrescente";"Céu Claro";"Dupla";"Reta";"Sim";6;0;0;1;1;4;1;1;-23,16578;-45,81246;"SR-SP";"UOP01";"DEL06"
269687;2020-02-16;"domingo";"19:20:00";"SC";101;199,8;"SAO JOSE";"Não guardar distância de segurança";"Engavetamento";"Com Vítimas Feridas";"Plena Noite";"Crescente";"Céu Claro";"Múltipla";"Não Informado";"Sim";5;0;1;0;4;0;1;4;-27,53715;-48,62626;"SR-SC";"UOP01";"DEL01"
269688;2020-02-16;"domingo";"19:20:00";"RJ";101;407,8;"ITAGUAI";"Desobediência às normas de trânsito pelo condutor";"Colisão com objeto estático";"Com Vítimas Feridas";"Plena Noite";"Decrescente";"Chuva";"Dupla";"Reta";"Não";4;0;0;3;0;1;3;1;-22,87672;-43,81632;"SR-RJ";"UOP01";"DEL03"
269689;2020-02-16;"domingo";"19:10:00";"BA";324;517;"FEIRA DE SANTANA";"Ingestão de Álcool";"Colisão traseira";"Com Vítimas Feridas";"Plena Noite";"Decrescente";"Céu Claro";"Múltipla";"Reta";"Sim";3;0;2;0;1;0;2;2;-12,24953;-38,93363;"SR-BA";"UOP01";"DEL02"
269690;2020-02-16;"domingo";"19:30:00";"RS";392;76;"PELOTAS";"Falta de Atenção à Condução";"Colisão transversal";"Com Vítimas Feridas";"Anoitecer";"Decrescente";"Céu Claro";"Simples";"Reta";"Não";3;0;1;0;2;0;1;2;-31,69748;-52,42086;"SR-RS";"UOP01";"DEL07"
269691;2020-02-16;"domingo";"09:30:00";"BA";101;422;"IBIRAPITANGA";"Falta de Atenção à Condução";"Saída de leito carroçável";"Sem Vítimas";"Pleno dia";"Decrescente";"Sol";"Simples";"Curva";"Não";1;0;0;0;1;0;0;1;-14,13957;-39,35165;"SR-BA";"UOP03";"DEL05"
269692;2020-02-16;"domingo";"16:55:00";"SC";101;79;"ARAQUARI";"Falta de Atenção à Condução";"Queda de ocupante de veículo";"Com Vítimas Feridas";"Pleno dia";"Decrescente";"Sol";"Múltipla";"Reta";"Sim";2;0;2;0;0;0;2;1;-26,5856;-48,72192;"SR-SC";"UOP02";"DEL03"
269693;2020-02-16;"domingo";"19:38:00";"SP";116;111,1;"TAUBATE";"Falta de Atenção à Condução";"Colisão frontal";"Com Vítimas Feridas";"Plena Noite";"Crescente";"Nublado";"Dupla";"Reta";"Sim";2;0;1;1;0;0;2;2;-23,03887;-45,56097;"SR-SP";"UOP01";"DEL06"
269694;2020-02-16;"domingo";"15:20:00";"SC";282;519,2;"XAXIM";"Ingestão de Álcool";"Colisão frontal";"Com Vítimas Feridas";"Pleno dia";"Crescente";"Chuva";"Simples";"Reta";"Sim";6;0;2;2;1;1;4;3;-26,94753;-52,51754;"SR-SC";"UOP01";"DEL07"
269695;2020-02-16;"domingo";"19:10:00";"PR";277;116;"CAMPO LARGO";"Ingestão de Álcool";"Colisão lateral";"Sem Vítimas";"Plena Noite";"Crescente";"Nublado";"Dupla";"Reta";"Sim";2;0;0;0;2;0;0;2;-25,43531;-49,51733;"SR-PR";"UOP03";"DEL03"
269696;2020-02-16;"domingo";"20:12:00";"RN";101;78;"NATAL";"Animais na Pista";"Atropelamento de Animal";"Com Vítimas Feridas";"Plena Noite";"Decrescente";"Céu Claro";"Dupla";"Reta";"Sim";1;0;1;0;0;0;1;1;-5,740719;-35,29021;"SR-RN";"UOP01";"DEL02"
269697;2020-02-16;"domingo";"18:00:00";"MS";163;484,4;"CAMPO GRANDE";"Falta de Atenção à Condução";"Colisão transversal";"Sem Vítimas";"Plena Noite";"Decrescente";"Nublado";"Simples";"Reta";"Não";3;0;0;0;3;0;0;2;-20,45105;-54,54033;"SR-MS";"UOP02";"DEL01"
269698;2020-02-16;"domingo";"20:15:00";"MG";116;682;"MIRADOURO";"Restrição de Visibilidade";"Tombamento";"Com Vítimas Feridas";"Plena Noite";"Crescente";"Céu Claro";"Simples";"Reta";"Não";2;0;2;0;0;0;2;1;-20,95667;-42,34993;"SR-MG";"UOP02";"DEL07"
269699;2020-02-16;"domingo";"20:00:00";"PR";376;384,9;"IMBAU";"Falta de Atenção do Pedestre";"Atropelamento de Pedestre";"Com Vítimas Feridas";"Plena Noite";"Decrescente";"Nublado";"Dupla";"Desvio Temporário";"Sim";2;0;0;1;1;0;1;1;-24,4376;-50,76325;"SR-PR";"UOP04";"DEL03"
269700;2020-02-16;"domingo";"20:25:00";"SC";470;6;"NAVEGANTES";"Velocidade Incompatível";"Colisão traseira";"Com Vítimas Feridas";"Plena Noite";"Crescente";"Nublado";"Simples";"Reta";"Sim";10;0;1;0;9;0;1;2;-26,85224;-48,70954;"SR-SC";"UOP04";"DEL04"
269701;2020-02-16;"domingo";"15:30:00";"SC";282;556,8;"NOVA ITABERABA";"Velocidade Incompatível";"Saída de leito carroçável";"Com Vítimas Feridas";"Pleno dia";"Crescente";"Nublado";"Simples";"Curva";"Não";2;0;1;0;1;0;1;1;-26,93096;-52,8192;"SR-SC";"UOP01";"DEL07"
269702;2020-02-16;"domingo";"20:35:00";"RS";287;249;"SANTA MARIA";"Não guardar distância de segurança";"Colisão traseira";"Com Vítimas Feridas";"Plena Noite";"Decrescente";"Céu Claro";"Simples";"Reta";"Sim";4;0;2;0;0;2;2;2;-29,69401;-53,861;"SR-RS";"UOP01";"DEL09"
269703;2020-02-16;"domingo";"15:30:00";"BA";116;740,3;"BOA NOVA";"Falta de Atenção do Pedestre";"Atropelamento de Pedestre";"Com Vítimas Feridas";"Pleno dia";"Decrescente";"Céu Claro";"Simples";"Desvio Temporário";"Não";2;0;0;1;1;0;1;1;-14,39579;-40,35312;"SR-BA";"UOP02";"DEL08"
269704;2020-02-16;"domingo";"19:40:00";"MT";70;506;"CUIABA";"Desobediência às normas de trânsito pelo condutor";"Colisão lateral";"Com Vítimas Feridas";"Plena Noite";"Crescente";"Céu Claro";"Simples";"Reta";"Sim";4;0;1;2;1;0;3;3;-15,66089;-55,97312;"SR-MT";"UOP02";"DEL01"
269705;2020-02-16;"domingo";"19:30:00";"RJ";116;104;"GUAPIMIRIM";"Velocidade Incompatível";"Colisão com objeto estático";"Com Vítimas Feridas";"Plena Noite";"Decrescente";"Chuva";"Dupla";"Curva";"Não";2;0;1;0;1;0;1;1;-22,50842;-42,99821;"SR-RJ";"UOP02";"DEL04"
269706;2020-02-16;"domingo";"18:40:00";"SC";101;168,1;"TIJUCAS";"Defeito Mecânico no Veículo";"Saída de leito carroçável";"Com Vítimas Feridas";"Anoitecer";"Crescente";"Céu Claro";"Dupla";"Rotatória";"Não";1;0;0;1;0;0;1;1;-27,27911;-48,63155;"SR-SC";"UOP03";"DEL04"