"id";"data_inversa";"dia_semana";"horario";"uf";"br";"km";"municipio";"causa_acidente";"tipo_acidente";"classificacao_acidente";"fase_dia";"sentido_via";"condicao_metereologica";"tipo_pista";"tracado_via";"uso_solo";"pessoas";"mortos";"feridos_leves";"feridos_graves";"ilesos";"ignorados";"feridos";"veiculos";"latitude";"longitude";"regional";"delegacia";"uop"
270264;2020-02-19;"quarta-feira";"16:00:00";"PR";476;136;"CURITIBA";"Falta de Atenção do Pedestre";"Atropelamento de Pedestre";"Com Vítimas Feridas";"Pleno dia";"Decrescente";"Nublado";"Múltipla";"Reta";"Não";2;0;1;0;1;0;1;1;-25,49105;-49,27168;"SR-PR";"UOP03";"DEL01"
270266;2020-02-19;"quarta-feira";"15:25:00";"SE";101;31,4;"CAPELA";"Não guardar distância de segurança";"Tombamento";"Com Vítimas Feridas";"Pleno dia";"Crescente";"Sol";"Simples";"Reta";"Não";1;0;1;0;0;0;1;1;-10,45377;-36,94004;"SR-SE";"UOP02";"DEL02"
270267;2020-02-19;"quarta-feira";"16:28:00";"ES";101;251,7;"SERRA";"Desobediência às normas de trânsito pelo condutor";"Colisão transversal";"Com Vítimas Feridas";"Pleno dia";"Decrescente";"Céu Claro";"Simples";"Reta";"Não";4;0;0;1;3;0;1;2;-20,08799;-40,34352;"SR-ES";"UOP01";"DEL02"
270268;2020-02-19;"quarta-feira";"14:20:00";"MT";70;733,4;"CACERES";"Falta de Atenção à Condução";"Colisão frontal";"Com Vítimas Feridas";"Pleno dia";"Decrescente";"Céu Claro";"Simples";"Reta";"Não";2;0;2;0;0;0;2;2;-16,08922;-57,69358;"SR-MT";"UOP01";"DEL03"
270269;2020-02-19;"quarta-feira";"16:20:00";"PR";277;519;"GUARANIACU";"Desobediência às normas de trânsito pelo condutor";"Colisão transversal";"Com Vítimas Feridas";"Pleno dia";"Crescente";"Sol";"Simples";"Reta";"Não";3;0;1;1;1;0;2;2;-25,11162;-52,84195;"SR-PR";"UOP02";"DEL04"
270270;2020-02-19;"quarta-feira";"15:50:00";"CE";20;267;"CANINDE";"Condutor Dormindo";"Colisão transversal";"Sem Vítimas";"Pleno dia";"Crescente";"Chuva";"Simples";"Curva";"Não";2;0;0;0;2;0;0;2;-4,674002;-39,41489;"SR-CE";"UOP01";"DEL02"
270271;2020-02-19;"quarta-feira";"15:30:00";"RS";116;39,4;"VACARIA";"Desobediência às normas de trânsito pelo condutor";"Colisão transversal";"Com Vítimas Feridas";"Pleno dia";"Crescente";"Céu Claro";"Simples";"Interseção de vias";"Sim";3;0;3;0;0;0;3;2;-28,51201;-50,93238;"SR-RS";"UOP03";"DEL05"
270272;2020-02-19;"quarta-feira";"17:45:00";"PE";101;50,9;"ABREU E LIMA";"Desobediência às normas de trânsito pelo condutor";"Colisão lateral";"Com Vítimas Feridas";"Plena Noite";"Crescente";"Céu Claro";"Simples";"Reta";"Sim";2;0;0;1;1;0;1;2;-7,909386;-34,90123;"SR-PE";"UOP02";"DEL01"
270273;2020-02-19;"quarta-feira";"15:30:00";"SC";101;41,7;"JOINVILLE";"Falta de Atenção à Condução";"Colisão lateral";"Com Vítimas Feridas";"Pleno dia";"Crescente";"Nublado";"Dupla";"Reta";"Sim";2;0;1;0;0;1;1;2;-26,28215;-48,88973;"SR-SC";"UOP01";"DEL03"
270274;2020-02-19;"quarta-feira";"14:45:00";"MG";262;606,7;"CAMPOS ALTOS";"Falta de Atenção à Condução";"Colisão traseira";"Com Vítimas Feridas";"Pleno dia";"Decrescente";"Chuva";"Simples";"Curva";"Não";3;0;1;0;2;0;1;3;-19,61195;-46,28226;"SR-MG";"UOP02";"DEL08"
270275;2020-02-19;"quarta-feira";"16:50:00";"RJ";40;124;"DUQUE DE CAXIAS";"Falta de Atenção à Condução";"Colisão lateral";"Com Vítimas Feridas";"Pleno dia";"Decrescente";"Céu Claro";"Múltipla";"Reta";"Sim";2;0;1;0;1;0;1;2;-22,80509;-43,28942;"SR-RJ";"UOP02";"DEL01"
270276;2020-02-19;"quarta-feira";"18:00:00";"PR";277;586;"CASCAVEL";"Desobediência às normas de trânsito pelo condutor";"Colisão transversal";"Com Vítimas Feridas";"Pleno dia";"Crescente";"Céu Claro";"Simples";"Rotatória";"Não";3;0;1;1;1;0;2;2;-24,96495;-53,42105;"SR-PR";"UOP01";"DEL04"
270277;2020-02-19;"quarta-feira";"17:50:00";"ES";101;290,2;"CARIACICA";"Falta de Atenção à Condução";"Colisão lateral";"Com Vítimas Feridas";"Pleno dia";"Crescente";"Céu Claro";"Dupla";"Reta";"Não";3;0;2;0;0;1;2;2;-20,28928;-40,39182;"SR-ES";"UOP01";"DEL01"
270278;2020-02-19;"quarta-feira";"18:00:00";"ES";101;276,9;"SERRA";"Falta de Atenção do Pedestre";"Atropelamento de Pedestre";"Com Vítimas Fatais";"Plena Noite";"Decrescente";"Céu Claro";"Múltipla";"Reta";"Sim";5;1;1;0;3;0;1;1;-20,20789;-40,31335;"SR-ES";"UOP01";"DEL02"
270280;2020-02-19;"quarta-feira";"16:05:00";"SC";470;125;"LONTRAS";"Falta de Atenção à Condução";"Colisão transversal";"Com Vítimas Feridas";"Pleno dia";"Decrescente";"Céu Claro";"Simples";"Não Informado";"Não";2;0;0;1;1;0;1;2;-27,12051;-49,53495;"SR-SC";"UOP02";"DEL04"
270281;2020-02-19;"quarta-feira";"17:00:00";"PR";277;659,2;"MATELANDIA";"Falta de Atenção à Condução";"Tombamento";"Com Vítimas Feridas";"Pleno dia";"Crescente";"Céu Claro";"Dupla";"Não Informado";"Sim";1;0;1;0;0;0;1;1;-25,24664;-53,98335;"SR-PR";"UOP05";"DEL04"
270282;2020-02-19;"quarta-feira";"17:00:00";"GO";153;529;"HIDROLANDIA";"Pista Escorregadia";"Saída de leito carroçável";"Com Vítimas Feridas";"Pleno dia";"Crescente";"Chuva";"Dupla";"Não Informado";"Não";2;0;2;0;0;0;2;1;-16,9603;-49,2384;"SR-GO";"UOP03";"DEL01"
270283;2020-02-19;"quarta-feira";"18:15:00";"ES";101;158,5;"LINHARES";"Falta de Atenção à Condução";"Engavetamento";"Com Vítimas Feridas";"Anoitecer";"Decrescente";"Céu Claro";"Simples";"Reta";"Não";6;0;3;0;3;0;3;4;-19,46095;-40,10491;"SR-ES";"UOP01";"DEL04"
270284;2020-02-19;"quarta-feira";"07:30:00";"PI";343;591;"FLORIANO";"Falta de Atenção à Condução";"Queda de ocupante de veículo";"Com Vítimas Feridas";"Pleno dia";"Decrescente";"Nublado";"Dupla";"Reta";"Sim";2;0;1;0;0;1;1;1;-6,781361;-43,02322;"SR-PI";"UOP01";"DEL03"
270285;2020-02-19;"quarta-feira";"17:20:00";"PR";277;669,2;"MEDIANEIRA";"Falta de Atenção à Condução";"Colisão traseira";"Sem Vítimas";"Pleno dia";"Decrescente";"Sol";"Dupla";"Não Informado";"Sim";2;0;0;0;2;0;0;2;-25,27562;-54,07099;"SR-PR";"UOP05";"DEL04"
270286;2020-02-19;"quarta-feira";"18:00:00";"PR";277;593,4;"CASCAVEL";"Não guardar distância de segurança";"Colisão traseira";"Sem Vítimas";"Anoitecer";"Decrescente";"Nublado";"Simples";"Reta";"Sim";2;0;0;0;2;0;0;2;-24,98082;-53,48255;"SR-PR";"UOP01";"DEL04"
270287;2020-02-19;"quarta-feira";"17:00:00";"SP";116;114;"TAUBATE";"Avarias e/ou desgaste excessivo no pneu";"Tombamento";"Com Vítimas Feridas";"Pleno dia";"Decrescente";"Nublado";"Dupla";"Reta";"Não";1;0;1;0;0;0;1;1;-23,04654;-45,59018;"SR-SP";"UOP01";"DEL06"
270288;2020-02-19;"quarta-feira";"18:30:00";"PB";230;153;"CAMPINA GRANDE";"Ingestão de Álcool";"Colisão lateral";"Com Vítimas Feridas";"Plena Noite";"Decrescente";"Céu Claro";"Dupla";"Interseção de vias";"Sim";2;0;1;0;1;0;1;2;-7,2763;-35,8887;"SR-PB";"UOP01";"DEL02"
270289;2020-02-19;"quarta-feira";"18:20:00";"GO";50;280,6;"CATALAO";"Falta de Atenção à Condução";"Colisão transversal";"Com Vítimas Feridas";"Anoitecer";"Crescente";"Nublado";"Simples";"Não Informado";"Sim";3;0;1;0;2;0;1;2;-18,18174;-47,94136;"SR-GO";"UOP01";"DEL06"
270290;2020-02-19;"quarta-feira";"17:30:00";"MG";116;277;"TEOFILO OTONI";"Falta de Atenção à Condução";"Colisão com objeto estático";"Com Vítimas Feridas";"Pleno dia";"Decrescente";"Céu Claro";"Simples";"Reta";"Não";1;0;1;0;0;0;1;1;-17,85994;-41,51514;"SR-MG";"UOP01";"DEL11"
270291;2020-02-19;"quarta-feira";"18:15:00";"RS";290;499;"ROSARIO DO SUL";"Defeito Mecânico no Veículo";"Incêndio";"Sem Vítimas";"Pleno dia";"Decrescente";"Céu Claro";"Simples";"Curva";"Não";1;0;0;0;1;0;0;1;-30,18672;-55,09568;"SR-RS";"UOP02";"DEL11"
270292;2020-02-19;"quarta-feira";"18:40:00";"GO";153;499;"GOIANIA";"Falta de Atenção à Condução";"Queda de ocupante de veículo";"Com Vítimas Feridas";"Anoitecer";"Crescente";"Garoa/Chuvisco";"Dupla";"Reta";"Sim";1;0;1;0;0;0;1;1;-16,7033;-49,2311;"SR-GO";"UOP01";"DEL01"
270293;2020-02-19;"quarta-feira";"16:30:00";"MG";365;445,2;"GUIMARANIA";"Condutor Dormindo";"Saída de leito carroçável";"Com Vítimas Feridas";"Pleno dia";"Decrescente";"Céu Claro";"Simples";"Não Informado";"Não";1;0;1;0;0;0;1;1;-18,82121;-46,78224;"SR-MG";"UOP01";"DEL10"
270294;2020-02-19;"quarta-feira";"18:15:00";"SC";470;174;"POUSO REDONDO";"Falta de Atenção à Condução";"Colisão transversal";"Com Vítimas Feridas";"Pleno dia";"Decrescente";"Nublado";"Simples";"Reta";"Sim";2;0;1;0;1;0;1;2;-27,25818;-49,92915;"SR-SC";"UOP02";"DEL04"
270295;2020-02-19;"quarta-feira";"17:20:00";"RJ";40;114;"DUQUE DE CAXIAS";"Agressão Externa";"Queda de ocupante de veículo";"Com Vítimas Feridas";"Pleno dia";"Decrescente";"Céu Claro";"Múltipla";"Reta";"Sim";1;0;1;0;0;0;1;1;-22,71854;-43,28993;"SR-RJ";"UOP01";"DEL01"
270296;2020-02-19;"quarta-feira";"17:40:00";"BA";116;643,8;"JEQUIE";"Não guardar distância de segurança";"Colisão traseira";"Com Vítimas Feridas";"Pleno dia";"Decrescente";"Sol";"Simples";"Não Informado";"Não";2;0;1;0;1;0;1;2;-13,88122;-40,13659;"SR-BA";"UOP01";"DEL03"
270298;2020-02-19;"quarta-feira";"18:10:00";"RN";226;250,8;"JUCURUTU";"Defeito Mecânico no Veículo";"Saída de leito carroçável";"Com Vítimas Feridas";"Plena Noite";"Decrescente";"Chuva";"Simples";"Reta";"Não";2;0;0;1;1;0;1;2;-5,999146;-37,03559;"SR-RN";"UOP01";"DEL03"
270299;2020-02-19;"quarta-feira";"18:30:00";"MG";50;80;"UBERLANDIA";"Falta de Atenção à Condução";"Colisão lateral";"Sem Vítimas";"Anoitecer";"Crescente";"Céu Claro";"Dupla";"Reta";"Não";3;0;0;0;2;1;0;2;-18,96527;-48,21548;"SR-MG";"UOP01";"DEL15"
270301;2020-02-19;"quarta-feira";"17:55:00";"GO";70;2;"AGUAS LINDAS DE GOIAS";"Ingestão de Álcool";"Danos eventuais";"Sem Vítimas";"Pleno dia";"Decrescente";"Céu Claro";"Dupla";"Desvio Temporário";"Não";1;0;0;0;0;1;0;1;-15,76702;-48,22995;"SR-DF";"UOP03";"DEL01"
270302;2020-02-19;"quarta-feira";"19:20:00";"PR";373;198,3;"IPIRANGA";"Desobediência às normas de trânsito pelo condutor";"Colisão lateral";"Com Vítimas Feridas";"Plena Noite";"Crescente";"Nublado";"Simples";"Reta";"Não";4;0;0;2;2;0;2;2;-25,07408;-50,39315;"SR-PR";"UOP01";"DEL03"
270303;2020-02-19;"quarta-feira";"14:16:00";"MG";40;343;"FELIXLANDIA";"Defeito Mecânico no Veículo";"Danos eventuais";"Com Vítimas Feridas";"Pleno dia";"Decrescente";"Céu Claro";"Simples";"Desvio Temporário";"Não";2;0;0;1;1;0;1;1;-18,68806;-44,98724;"SR-MG";"UOP01";"DEL02"
270304;2020-02-19;"quarta-feira";"19:00:00";"RJ";116;168,3;"SAO JOAO DE MERITI";"Defeito Mecânico no Veículo";"Colisão com objeto estático";"Com Vítimas Feridas";"Plena Noite";"Crescente";"Céu Claro";"Múltipla";"Reta";"Sim";2;0;1;0;1;0;1;2;-22,81997;-43,315;"SR-RJ";"UOP02";"DEL01"
270305;2020-02-19;"quarta-feira";"19:15:00";"ES";262;121,9;"CONCEICAO DO CASTELO";"Velocidade Incompatível";"Colisão transversal";"Com Vítimas Feridas";"Plena Noite";"Decrescente";"Nublado";"Simples";"Reta";"Não";2;0;1;0;1;0;1;2;-20,28088;-41,27357;"SR-ES";"UOP02";"DEL01"
270306;2020-02-19;"quarta-feira";"16:30:00";"MT";364;267;"JACIARA";"Desobediência às normas de trânsito pelo condutor";"Saída de leito carroçável";"Com Vítimas Feridas";"Pleno dia";"Decrescente";"Chuva";"Simples";"Reta";"Não";2;0;2;0;0;0;2;1;-15,98825;-54,9268;"SR-MT";"UOP02";"DEL05"
270307;2020-02-19;"quarta-feira";"20:00:00";"PR";376;4,6;"APUCARANA";"Desobediência às normas de trânsito pelo condutor";"Colisão transversal";"Com Vítimas Feridas";"Plena Noite";"Decrescente";"Chuva";"Simples";"Interseção de vias";"Sim";2;0;0;1;1;0;1;2;-23,55224;-51,44823;"SR-PR";"UOP03";"DEL07"
270308;2020-02-19;"quarta-feira";"19:50:00";"PR";476;144,5;"CURITIBA";"Pista Escorregadia";"Saída de leito carroçável";"Com Vítimas Feridas";"Plena Noite";"Crescente";"Garoa/Chuvisco";"Dupla";"Desvio Temporário";"Sim";1;0;1;0;0;0;1;1;-25,54582;-49,31729;"SR-PR";"UOP04";"DEL01"
270309;2020-02-19;"quarta-feira";"19:50:00";"SP";116;160;"JACAREI";"Falta de Atenção à Condução";"Colisão lateral";"Com Vítimas Feridas";"Plena Noite";"Crescente";"Chuva";"Dupla";"Reta";"Não";1;0;1;0;0;0;1;1;-23,27102;-45,96788;"SR-SP";"UOP01";"DEL02"
270310;2020-02-19;"quarta-feira";"19:15:00";"AL";104;92,6;"RIO LARGO";"Falta de Atenção à Condução";"Colisão traseira";"Com Vítimas Feridas";"Plena Noite";"Decrescente";"Céu Claro";"Dupla";"Reta";"Sim";2;0;1;0;1;0;1;2;-9,518185;-35,80329;"SR-AL";"UOP01";"DEL01"
270311;2020-02-19;"quarta-feira";"14:35:00";"BA";242;856;"BARREIRAS";"Defeito Mecânico no Veículo";"Capotamento";"Com Vítimas Feridas";"Pleno dia";"Crescente";"Nublado";"Simples";"Reta";"Não";1;0;1;0;0;0;1;1;-12,10144;-45,34287;"SR-BA";"UOP01";"DEL10"
270312;2020-02-19;"quarta-feira";"19:45:00";"PB";101;12;"MAMANGUAPE";"Ingestão de Álcool";"Queda de ocupante de veículo";"Com Vítimas Feridas";"Plena Noite";"Decrescente";"Céu Claro";"Dupla";"Curva";"Sim";1;0;1;0;0;0;1;1;-6,601104;-35,1434;"SR-PB";"UOP03";"DEL01"
270313;2020-02-19;"quarta-feira";"20:15:00";"PR";476;136;"CURITIBA";"Falta de Atenção à Condução";"Engavetamento";"Sem Vítimas";"Plena Noite";"Crescente";"Nublado";"Múltipla";"Não Informado";"Sim";4;0;0;0;4;0;0;4;-25,49674;-49,27672;"SR-PR";"UOP03";"DEL01"
270314;2020-01-19;"domingo";"02:10:00";"ES";101;430,4;"ATILIO VIVACQUA";"Condutor Dormindo";"Colisão frontal";"Com Vítimas Feridas";"Plena Noite";"Crescente";"Nublado";"Simples";"Reta";"Não";2;0;1;1;0;0;2;2;-21,02621;-41,17084;"SR-ES";"DEL12/3";"UOP02/ES"
270315;2020-02-19;"quarta-feira";"14:45:00";"RS";290;365,4;"VILA NOVA DO SUL";"Falta de Atenção à Condução";"Saída de leito carroçável";"Com Vítimas Feridas";"Pleno dia";"Decrescente";"Céu Claro";"Simples";"Reta";"Não";4;0;4;0;0;0;4;1;-30,36079;-53,81754;"SR-RS";"UOP02";"DEL09"
270316;2020-02-19;"quarta-feira";"21:00:00";"ES";101;401,4;"ITAPEMIRIM";"Falta de Atenção à Condução";"Colisão transversal";"Com Vítimas Feridas";"Plena Noite";"Decrescente";"Céu Claro";"Simples";"Curva";"Não";2;0;0;1;1;0;1;2;-20,88556;-40,98237;"SR-ES";"UOP02";"DEL03"
270317;2020-02-19;"quarta-feira";"20:50:00";"PR";376;115;"ALTO PARANA";"Ingestão de Álcool";"Colisão com objeto estático";"Com Vítimas Feridas";"Plena Noite";"Crescente";"Nublado";"Dupla";"Reta";"Não";1;0;1;0;0;0;1;1;-23,09911;-52,36362;"SR-PR";"UOP02";"DEL09"
270319;2020-02-19;"quarta-feira";"21:10:00";"DF";40;2;"BRASILIA";"Desobediência às normas de trânsito pelo condutor";"Colisão lateral";"Com Vítimas Feridas";"Plena Noite";"Crescente";"Nublado";"Dupla";"Reta";"Sim";2;0;1;0;1;0;1;2;-15,99435;-47,98595;"SR-DF";"UOP01";"DEL01"
270320;2020-02-19;"quarta-feira";"21:15:00";"MG";262;371;"JUATUBA";"Falta de Atenção à Condução";"Capotamento";"Com Vítimas Feridas";"Plena Noite";"Crescente";"Nublado";"Dupla";"Rotatória";"Sim";1;0;1;0;0;0;1;1;-19,97212;-44,30818;"SR-MG";"UOP03";"DEL01"
270321;2020-02-19;"quarta-feira";"20:10:00";"RS";293;161,2;"HULHA NEGRA";"Falta de Atenção à Condução";"Queda de ocupante de veículo";"Com Vítimas Feridas";"Plena Noite";"Crescente";"Céu Claro";"Simples";"Reta";"Não";1;0;0;1;0;0;1;1;-31,39017;-53,88196;"SR-RS";"UOP03";"DEL11"
270322;2020-02-19;"quarta-feira";"18:00:00";"RJ";116;165;"RIO DE JANEIRO";"Não guardar distância de segurança";"Colisão traseira";"Com Vítimas Feridas";"Anoitecer";"Crescente";"Nublado";"Dupla";"Reta";"Sim";3;0;2;0;1;0;2;2;-22,81549;-43,29087;"SR-RJ";"UOP02";"DEL01"
270323;2020-02-19;"quarta-feira";"20:00:00";"RJ";465;4;"SEROPEDICA";"Ultrapassagem Indevida";"Colisão lateral";"Com Vítimas Feridas";"Plena Noite";"Crescente";"Garoa/Chuvisco";"Simples";"Reta";"Sim";3;0;1;0;2;0;1;2;-22,74097;-43,7056;"SR-RJ";"UOP03";"DEL01"
270324;2020-02-19;"quarta-feira";"21:30:00";"MG";40;553;"NOVA LIMA";"Falta de Atenção à Condução";"Colisão com objeto estático";"Com Vítimas Feridas";"Plena Noite";"Decrescente";"Nublado";"Dupla";"Curva";"Sim";1;0;1;0;0;0;1;1;-20,06863;-43,98195;"SR-MG";"UOP02";"DEL01"
270325;2020-02-19;"quarta-feira";"18:10:00";"MG";116;488,9;"DOM CAVATI";"Falta de Atenção à Condução";"Colisão lateral";"Com Vítimas Feridas";"Anoitecer";"Crescente";"Céu Claro";"Simples";"Curva";"Sim";3;0;1;0;1;1;1;2;-19,39396;-42,11351;"SR-MG";"UOP02";"DEL06"
270327;2020-02-19;"quarta-feira";"17:40:00";"MG";116;529,5;"CARATINGA";"Não guardar distância de segurança";"Colisão traseira";"Com Vítimas Feridas";"Pleno dia";"Crescente";"Céu Claro";"Simples";"Reta";"Sim";2;0;0;1;1;0;1;2;-19,8021;-42,13678;"SR-MG";"UOP02";"DEL06"
270328;2020-02-19;"quarta-feira";"21:40:00";"PB";101;84,9;"JOAO PESSOA";"Falta de Atenção à Condução";"Tombamento";"Com Vítimas Feridas";"Plena Noite";"Decrescente";"Chuva";"Dupla";"Reta";"Sim";1;0;1;0;0;0;1;1;-7,14;-34,91352;"SR-PB";"UOP01";"DEL01"
270329;2020-02-19;"quarta-feira";"22:40:00";"PR";376;175;"MARINGA";"Restrição de Visibilidade";"Atropelamento de Pedestre";"Com Vítimas Feridas";"Plena Noite";"Crescente";"Céu Claro";"Múltipla";"Desvio Temporário";"Sim";4;0;1;1;0;2;2;1;-23,41136;-51,94078;"SR-PR";"UOP01";"DEL09"
270330;2020-02-19;"quarta-feira";"22:22:00";"MG";381;492,5;"BETIM";"Desobediência às normas de trânsito pelo condutor";"Saída de leito carroçável";"Sem Vítimas";"Plena Noite";"Crescente";"Céu Claro";"Dupla";"Reta";"Sim";1;0;0;0;0;1;0;1;-19,96221;-44,16474;"SR-MG";"UOP03";"DEL01"
270331;2020-02-19;"quarta-feira";"22:30:00";"SC";101;198;"BIGUACU";"Ingestão de Álcool";"Colisão lateral";"Com Vítimas Feridas";"Plena Noite";"Decrescente";"Nublado";"Múltipla";"Reta";"Sim";2;0;1;0;1;0;1;2;-27,52659;-48,63506;"SR-SC";"UOP01";"DEL01"
270332;2020-02-19;"quarta-feira";"22:45:00";"SC";101;254;"PAULO LOPES";"Defeito Mecânico no Veículo";"Incêndio";"Sem Vítimas";"Plena Noite";"Decrescente";"Nublado";"Dupla";"Reta";"Sim";1;0;0;0;1;0;0;1;-27,97369;-48,6794;"SR-SC";"UOP03";"DEL02"
270333;2020-02-19;"quarta-feira";"23:00:00";"PA";230;117;"MARABA";"Ingestão de Álcool";"Colisão lateral";"Com Vítimas Feridas";"Plena Noite";"Crescente";"Céu Claro";"Dupla";"Reta";"Sim";2;0;1;0;1;0;1;2;-5,355699;-49,09047;"SR-PA";"UOP01";"DEL03"
270334;2020-02-19;"quarta-feira";"21:30:00";"PE";428;124;"LAGOA GRANDE";"Falta de Atenção do Pedestre";"Atropelamento de Pedestre";"Com Vítimas Fatais";"Plena Noite";"Crescente";"Céu Claro";"Simples";"Reta";"Não";2;1;0;0;0;1;0;1;-8,938721;-40,14007;"SR-PE";"UOP03";"DEL06"
270335;2020-02-19;"quarta-feira";"16:30:00";"SE";101;69,2;"MARUIM";"Ultrapassagem Indevida";"Saída de leito carroçável";"Sem Vítimas";"Pleno dia";"Crescente";"Nublado";"Simples";"Não Informado";"Não";1;0;0;0;1;0;0;1;-10,72937;-37,08101;"SR-SE";"UOP01";"DEL01"
270336;2020-02-19;"quarta-feira";"23:00:00";"PR";476;142;"CURITIBA";"Falta de Atenção à Condução";"Colisão traseira";"Com Vítimas Feridas";"Plena Noite";"Crescente";"Nublado";"Dupla";"Reta";"Não";1;0;1;0;0;0;1;1;-25,53716;-49,30163;"SR-PR";"UOP03";"DEL01"
270337;2020-02-19;"quarta-feira";"21:40:00";"BA";116;854;"VITORIA DA CONQUISTA";"Falta de Atenção à Condução";"Capotamento";"Com Vítimas Feridas";"Plena Noite";"Crescente";"Céu Claro";"Simples";"Reta";"Não";3;0;2;0;1;0;2;1;-15,07367;-41,00447;"SR-BA";"UOP03";"DEL08"
270338;2020-02-19;"quarta-feira";"23:10:00";"SC";280;58,3;"GUARAMIRIM";"Falta de Atenção à Condução";"Colisão traseira";"Com Vítimas Feridas";"Plena Noite";"Crescente";"Chuva";"Simples";"Reta";"Não";2;0;2;0;0;0;2;2;-26,47416;-49,02121;"SR-SC";"UOP03";"DEL03"
270339;2020-02-19;"quarta-feira";"22:55:00";"MG";262;639,8;"IBIA";"Falta de Atenção à Condução";"Colisão traseira";"Com Vítimas Feridas";"Plena Noite";"Decrescente";"Nublado";"Simples";"Não Informado";"Não";2;0;1;0;0;1;1;2;-19,57548;-46,53425;"SR-MG";"UOP01";"DEL08"
270340;2020-02-20;"quinta-feira";"00:20:00";"SC";470;58,1;"BLUMENAU";"Ingestão de Álcool";"Colisão frontal";"Sem Vítimas";"Plena Noite";"Decrescente";"Céu Claro";"Simples";"Reta";"Não";2;0;0;0;2;0;0;2;-26,88388;-49,14562;"SR-SC";"UOP01";"DEL04"
270341;2020-02-19;"quarta-feira";"23:30:00";"MA";10;247,8;"IMPERATRIZ";"Ingestão de Álcool";"Colisão frontal";"Com Vítimas Feridas";"Plena Noite";"Crescente";"Garoa/Chuvisco";"Simples";"Não Informado";"Sim";3;0;1;1;1;0;2;2;-5,573772;-47,44389;"SR-MA";"UOP01";"DEL04"
270342;2020-02-19;"quarta-feira";"23:50:00";"SC";101;347,4;"JAGUARUNA";"Ingestão de Álcool";"Colisão com objeto estático";"Com Vítimas Feridas";"Plena Noite";"Crescente";"Céu Claro";"Dupla";"Curva";"Sim";1;0;1;0;0;0;1;1;-28,57873;-49,05232;"SR-SC";"UOP01";"DEL02"
270343;2020-02-19;"quarta-feira";"19:30:00";"SC";470;145;"RIO DO SUL";"Falta de Atenção à Condução";"Colisão transversal";"Com Vítimas Fatais";"Plena Noite";"Decrescente";"Céu Claro";"Simples";"Reta";"Sim";2;1;0;0;1;0;0;2;-27,2373;-49,68222;"SR-SC";"UOP02";"DEL04"
270344;2020-02-19;"quarta-feira";"20:00:00";"SC";470;190;"POUSO REDONDO";"Velocidade Incompatível";"Tombamento";"Com Vítimas Feridas";"Plena Noite";"Decrescente";"Nublado";"Simples";"Curva";"Não";2;0;1;1;0;0;2;1;-27,2815;-50,06977;"SR-SC";"UOP02";"DEL04"
270345;2020-02-19;"quarta-feira";"23:40:00";"MG";116;316;"ITAMBACURI";"Condutor Dormindo";"Colisão frontal";"Com Vítimas Feridas";"Plena Noite";"Crescente";"Nublado";"Simples";"Reta";"Não";3;0;1;1;1;0;2;2;-18,11965;-41,69402;"SR-MG";"UOP01";"DEL11"
270346;2020-02-19;"quarta-feira";"21:50:00";"MT";364;100,2;"ALTO GARCAS";"Defeito Mecânico no Veículo";"Incêndio";"Sem Vítimas";"Plena Noite";"Decrescente";"Chuva";"Simples";"Não Informado";"Não";1;0;0;0;1;0;0;1;-16,8415;-53,77703;"SR-MT";"UOP04";"DEL02"
270347;2020-02-20;"quinta-feira";"00:45:00";"SC";101;334,5;"TUBARAO";"Falta de Atenção à Condução";"Colisão traseira";"Sem Vítimas";"Plena Noite";"Crescente";"Nublado";"Simples";"Reta";"Sim";2;0;0;0;2;0;0;2;-28,4673;-49,00604;"SR-SC";"UOP01";"DEL02"
270348;2020-02-20;"quinta-feira";"01:15:00";"SC";282;52,6;"RANCHO QUEIMADO";"Falta de Atenção à Condução";"Tombamento";"Com Vítimas Feridas";"Plena Noite";"Crescente";"Chuva";"Simples";"Curva";"Não";1;0;1;0;0;0;1;1;-27,69694;-48,96414;"SR-SC";"UOP03";"DEL01"
270349;2020-02-19;"quarta-feira";"19:00:00";"PI";316;259;"IPIRANGA DO PIAUI";"Falta de Atenção à Condução";"Colisão traseira";"Sem Vítimas";"Plena Noite";"Decrescente";"Céu Claro";"Simples";"Reta";"Sim";2;0;0;0;2;0;0;2;-6,819616;-41,73781;"SR-PI";"UOP02";"DEL04"
270350;2020-02-20;"quinta-feira";"01:00:00";"CE";222;35,9;"CAUCAIA";"Pista Escorregadia";"Saída de leito carroçável";"Sem Vítimas";"Plena Noite";"Decrescente";"Chuva";"Simples";"Rotatória";"Não";1;0;0;0;0;1;0;1;-3,698448;-38,87238;"SR-CE";"UOP01";"DEL01"
270351;2020-02-20;"quinta-feira";"02:15:00";"RJ";116;119;"MAGE";"Animais na Pista";"Atropelamento de Animal";"Com Vítimas Fatais";"Plena Noite";"Decrescente";"Céu Claro";"Dupla";"Reta";"Não";3;1;1;0;1;0;1;1;-22,61573;-43,0375;"SR-RJ";"UOP02";"DEL04"
270352;2020-02-20;"quinta-feira";"01:30:00";"RS";116;40,4;"VACARIA";"Falta de Atenção à Condução";"Colisão com objeto estático";"Sem Vítimas";"Plena Noite";"Crescente";"Nevoeiro/Neblina";"Simples";"Interseção de vias";"Sim";1;0;0;0;0;1;0;1;-28,52054;-50,94204;"SR-RS";"UOP03";"DEL05"