"id";"data_inversa";"dia_semana";"horario";"uf";"br";"km";"municipio";"causa_acidente";"tipo_acidente";"classificacao_acidente";"fase_dia";"sentido_via";"condicao_metereologica";"tipo_pista";"tracado_via";"uso_solo";"pessoas";"mortos";"feridos_leves";"feridos_graves";"ilesos";"ignorados";"feridos";"veiculos";"latitude";"longitude";"regional";"delegacia";"uop"
270456;2020-02-20;"quinta-feira";"12:30:00";"RN";304;261,9;"SAO PEDRO";"Defeito Mecânico no Veículo";"Derramamento de carga";"Sem Vítimas";"Pleno dia";"Crescente";"Chuva";"Simples";"Reta";"Não";1;0;0;0;1;0;0;1;-5,85031;-35,65639;"SR-RN";"UOP02";"DEL01"
270457;2020-02-20;"quinta-feira";"10:00:00";"SC";282;599;"CUNHA PORA";"Falta de Atenção à Condução";"Colisão transversal";"Com Vítimas Feridas";"Pleno dia";"Crescente";"Céu Claro";"Simples";"Curva";"Não";2;0;1;0;1;0;1;2;-26,82021;-53,15505;"SR-SC";"UOP02";"DEL07"
270458;2020-02-20;"quinta-feira";"13:30:00";"PE";101;4,5;"GOIANA";"Defeito Mecânico no Veículo";"Colisão com objeto estático";"Com Vítimas Feridas";"Pleno dia";"Decrescente";"Chuva";"Dupla";"Reta";"Não";1;0;0;1;0;0;1;1;-7,532645;-34,99146;"SR-PE";"UOP02";"DEL01"
270459;2020-02-20;"quinta-feira";"12:45:00";"RJ";101;295,7;"ITABORAI";"Falta de Atenção à Condução";"Tombamento";"Com Vítimas Feridas";"Pleno dia";"Decrescente";"Céu Claro";"Dupla";"Curva";"Sim";1;0;1;0;0;0;1;1;-22,76365;-42,90224;"SR-RJ";"UOP03";"DEL02"
270460;2020-02-20;"quinta-feira";"13:35:00";"MG";40;463;"SETE LAGOAS";"Não guardar distância de segurança";"Saída de leito carroçável";"Com Vítimas Feridas";"Pleno dia";"Crescente";"Céu Claro";"Dupla";"Não Informado";"Não";1;0;1;0;0;0;1;1;-19,42225;-44,3387;"SR-MG";"UOP01";"DEL02"
270462;2020-02-20;"quinta-feira";"12:30:00";"SC";101;98,1;"BALNEARIO PICARRAS";"Defeito Mecânico no Veículo";"Saída de leito carroçável";"Com Vítimas Feridas";"Pleno dia";"Decrescente";"Céu Claro";"Dupla";"Reta";"Sim";1;0;1;0;0;0;1;1;-26,73761;-48,69919;"SR-SC";"UOP02";"DEL03"
270463;2020-02-20;"quinta-feira";"14:00:00";"GO";40;54;"LUZIANIA";"Desobediência às normas de trânsito pelo condutor";"Colisão traseira";"Com Vítimas Feridas";"Pleno dia";"Crescente";"Céu Claro";"Dupla";"Reta";"Não";3;0;1;0;2;0;1;3;-16,47645;-47,81116;"SR-DF";"UOP04";"DEL01"
270464;2020-02-20;"quinta-feira";"12:40:00";"SC";101;102,5;"BALNEARIO PICARRAS";"Falta de Atenção à Condução";"Colisão lateral";"Com Vítimas Feridas";"Pleno dia";"Crescente";"Céu Claro";"Dupla";"Reta";"Não";1;0;1;0;0;0;1;1;-26,77383;-48,68594;"SR-SC";"UOP02";"DEL03"
270465;2020-02-20;"quinta-feira";"13:55:00";"SC";101;210;"SAO JOSE";"Não guardar distância de segurança";"Colisão traseira";"Com Vítimas Feridas";"Pleno dia";"Decrescente";"Sol";"Múltipla";"Reta";"Sim";2;0;1;0;1;0;1;2;-27,61355;-48,64243;"SR-SC";"UOP01";"DEL01"
270466;2020-02-20;"quinta-feira";"13:20:00";"MG";262;441;"NOVA SERRANA";"Falta de Atenção à Condução";"Saída de leito carroçável";"Com Vítimas Feridas";"Pleno dia";"Decrescente";"Céu Claro";"Dupla";"Desvio Temporário";"Sim";1;0;1;0;0;0;1;1;-19,88296;-44,90293;"SR-MG";"UOP03";"DEL08"
270467;2020-02-20;"quinta-feira";"14:10:00";"SP";116;291;"ITAPECERICA DA SERRA";"Não guardar distância de segurança";"Colisão traseira";"Com Vítimas Feridas";"Pleno dia";"Decrescente";"Chuva";"Dupla";"Curva";"Sim";2;0;0;1;1;0;1;2;-23,73827;-46,89673;"SR-SP";"UOP01";"DEL04"
270468;2020-02-20;"quinta-feira";"11:40:00";"PR";376;671,1;"GUARATUBA";"Velocidade Incompatível";"Colisão traseira";"Com Vítimas Feridas";"Pleno dia";"Crescente";"Nublado";"Dupla";"Reta";"Não";2;0;0;1;1;0;1;2;-25,88532;-48,93515;"SR-PR";"UOP05";"DEL01"
270469;2020-02-20;"quinta-feira";"13:45:00";"MS";262;486,2;"ANASTACIO";"Condutor Dormindo";"Colisão com objeto estático";"Com Vítimas Feridas";"Pleno dia";"Crescente";"Nublado";"Simples";"Reta";"Não";1;0;1;0;0;0;1;1;-20,50016;-55,77789;"SR-MS";"UOP01";"DEL03"
270470;2020-02-20;"quinta-feira";"12:20:00";"PR";376;281,2;"MARILANDIA DO SUL";"Velocidade Incompatível";"Colisão traseira";"Sem Vítimas";"Pleno dia";"Decrescente";"Sol";"Simples";"Não Informado";"Não";2;0;0;0;2;0;0;2;-23,85909;-51,25983;"SR-PR";"UOP02";"DEL07"
270471;2020-02-20;"quinta-feira";"13:35:00";"RJ";101;301;"SAO GONCALO";"Falta de Atenção à Condução";"Engavetamento";"Com Vítimas Feridas";"Pleno dia";"Decrescente";"Sol";"Dupla";"Reta";"Sim";5;0;3;0;2;0;3;3;-22,77857;-42,95745;"SR-RJ";"UOP01";"DEL02"
270472;2020-02-20;"quinta-feira";"12:55:00";"MS";262;348,8;"CAMPO GRANDE";"Falta de Atenção à Condução";"Colisão lateral";"Com Vítimas Feridas";"Pleno dia";"Crescente";"Nublado";"Simples";"Reta";"Não";2;0;1;0;1;0;1;2;-20,56324;-54,61259;"SR-MS";"UOP03";"DEL01"
270473;2020-02-20;"quinta-feira";"11:45:00";"MA";10;248;"IMPERATRIZ";"Desobediência às normas de trânsito pelo condutor";"Colisão lateral";"Com Vítimas Feridas";"Pleno dia";"Decrescente";"Céu Claro";"Simples";"Reta";"Sim";2;0;0;1;1;0;1;2;-5,566143;-47,44903;"SR-MA";"UOP01";"DEL04"
270474;2020-01-17;"sexta-feira";"20:20:00";"PR";376;650;"TIJUCAS DO SUL";"Defeito Mecânico no Veículo";"Colisão com objeto estático";"Com Vítimas Feridas";"Plena Noite";"Decrescente";"Nublado";"Dupla";"Curva";"Não";4;0;1;2;1;0;3;3;-25,84565;-49,08816;"SR-PR";"DEL7/1";"UOP08/PR"
270475;2020-02-20;"quinta-feira";"14:50:00";"PA";163;998;"SANTAREM";"Não guardar distância de segurança";"Engavetamento";"Com Vítimas Feridas";"Pleno dia";"Decrescente";"Nublado";"Simples";"Reta";"Não";4;0;1;0;3;0;1;3;-2,49064;-54,73373;"SR-PA";"UOP01";"DEL05"
270476;2020-02-20;"quinta-feira";"15:05:00";"SC";101;205;"SAO JOSE";"Não guardar distância de segurança";"Colisão traseira";"Com Vítimas Feridas";"Pleno dia";"Decrescente";"Nublado";"Dupla";"Reta";"Sim";3;0;1;0;1;1;1;2;-27,58313;-48,61533;"SR-SC";"UOP01";"DEL01"
270477;2020-02-20;"quinta-feira";"14:48:00";"SC";116;218,5;"CORREIA PINTO";"Desobediência às normas de trânsito pelo condutor";"Colisão transversal";"Com Vítimas Feridas";"Pleno dia";"Decrescente";"Céu Claro";"Simples";"Reta";"Não";3;0;2;0;1;0;2;2;-27,57163;-50,37287;"SR-SC";"UOP03";"DEL05"
270478;2020-02-20;"quinta-feira";"14:00:00";"PR";277;60;"SAO JOSE DOS PINHAIS";"Falta de Atenção à Condução";"Atropelamento de Pedestre";"Com Vítimas Feridas";"Pleno dia";"Decrescente";"Céu Claro";"Múltipla";"Reta";"Não";3;0;1;0;2;0;1;1;-25,5729;-48,99038;"SR-PR";"UOP06";"DEL01"
270479;2020-02-20;"quinta-feira";"08:25:00";"PA";10;313;"IRITUIA";"Defeito Mecânico no Veículo";"Tombamento";"Sem Vítimas";"Pleno dia";"Decrescente";"Chuva";"Simples";"Desvio Temporário";"Não";1;0;0;0;1;0;0;1;-1,693098;-47,50216;"SR-PA";"UOP02";"DEL01"
270480;2020-02-20;"quinta-feira";"15:00:00";"MT";364;441;"VARZEA GRANDE";"Pista Escorregadia";"Saída de leito carroçável";"Sem Vítimas";"Pleno dia";"Decrescente";"Chuva";"Simples";"Curva";"Não";1;0;0;0;1;0;0;1;-15,6056;-56,20282;"SR-MT";"DEL2/4";"UOP02/MT"
270481;2020-02-20;"quinta-feira";"16:20:00";"SE";235;1;"ARACAJU";"Falta de Atenção à Condução";"Colisão traseira";"Sem Vítimas";"Pleno dia";"Crescente";"Céu Claro";"Dupla";"Reta";"Sim";2;0;0;0;2;0;0;2;-10,9073;-37,0947;"SR-SE";"UOP01";"DEL01"
270482;2020-02-20;"quinta-feira";"15:50:00";"AL";101;143,6;"SAO MIGUEL DOS CAMPOS";"Avarias e/ou desgaste excessivo no pneu";"Saída de leito carroçável";"Com Vítimas Feridas";"Pleno dia";"Crescente";"Chuva";"Dupla";"Curva";"Não";5;0;1;0;4;0;1;1;-9,848821;-36,14035;"SR-AL";"UOP01";"DEL02"
270483;2020-02-20;"quinta-feira";"15:15:00";"BA";116;777,9;"PLANALTO";"Defeito Mecânico no Veículo";"Atropelamento de Pedestre";"Com Vítimas Feridas";"Pleno dia";"Decrescente";"Céu Claro";"Simples";"Reta";"Sim";2;0;0;1;1;0;1;1;-14,67538;-40,49788;"SR-BA";"UOP02";"DEL08"
270484;2020-02-20;"quinta-feira";"15:40:00";"RS";116;268;"CANOAS";"Desobediência às normas de trânsito pelo condutor";"Colisão frontal";"Com Vítimas Feridas";"Pleno dia";"Decrescente";"Sol";"Múltipla";"Reta";"Sim";2;0;1;0;1;0;1;2;-29,95043;-51,17653;"SR-RS";"UOP01";"DEL01"
270488;2020-02-20;"quinta-feira";"16:00:00";"PE";101;60,5;"RECIFE";"Falta de Atenção à Condução";"Colisão traseira";"Com Vítimas Feridas";"Pleno dia";"Decrescente";"Nublado";"Dupla";"Reta";"Sim";3;0;1;0;1;1;1;3;-7,983443;-34,93177;"SR-PE";"UOP02";"DEL01"
270489;2020-02-20;"quinta-feira";"15:20:00";"MT";163;1039,7;"MATUPA";"Desobediência às normas de trânsito pelo condutor";"Colisão transversal";"Com Vítimas Feridas";"Pleno dia";"Crescente";"Chuva";"Simples";"Não Informado";"Sim";3;0;2;0;1;0;2;2;-10,17254;-54,93974;"SR-MT";"UOP02";"DEL06"
270490;2020-02-20;"quinta-feira";"17:15:00";"SP";153;62,2;"SAO JOSE DO RIO PRETO";"Falta de Atenção à Condução";"Colisão traseira";"Sem Vítimas";"Pleno dia";"Crescente";"Nublado";"Dupla";"Não Informado";"Sim";2;0;0;0;2;0;0;2;-20,81325;-49,35676;"SR-SP";"UOP01";"DEL09"
270491;2020-02-20;"quinta-feira";"17:15:00";"RS";293;13,7;"CAPAO DO LEAO";"Falta de Atenção à Condução";"Colisão transversal";"Com Vítimas Feridas";"Pleno dia";"Crescente";"Céu Claro";"Simples";"Interseção de vias";"Não";3;0;2;0;1;0;2;2;-31,75435;-52,45089;"SR-RS";"UOP01";"DEL07"
270492;2020-02-20;"quinta-feira";"11:00:00";"BA";242;329;"LENCOIS";"Velocidade Incompatível";"Tombamento";"Com Vítimas Fatais";"Pleno dia";"Crescente";"Sol";"Simples";"Não Informado";"Não";2;1;1;0;0;0;1;1;-12,4854;-41,14102;"SR-BA";"UOP01";"DEL06"
270493;2020-02-20;"quinta-feira";"17:05:00";"SC";282;2,9;"FLORIANOPOLIS";"Falta de Atenção à Condução";"Engavetamento";"Com Vítimas Feridas";"Pleno dia";"Crescente";"Céu Claro";"Múltipla";"Reta";"Sim";3;0;1;0;2;0;1;3;-27,60329;-48,59042;"SR-SC";"UOP01";"DEL01"
270494;2020-01-25;"sábado";"21:30:00";"RN";101;97;"NATAL";"Agressão Externa";"Queda de ocupante de veículo";"Com Vítimas Feridas";"Plena Noite";"Decrescente";"Ignorado";"Dupla";"Reta";"Sim";1;0;1;0;0;0;1;1;-5,857589;-35,21271;"SR-RN";"UOP01";"DEL01"
270495;2020-02-20;"quinta-feira";"16:10:00";"CE";20;391,1;"CAUCAIA";"Desobediência às normas de trânsito pelo condutor";"Colisão transversal";"Com Vítimas Feridas";"Pleno dia";"Decrescente";"Nublado";"Simples";"Não Informado";"Não";8;0;4;0;4;0;4;2;-3,849055;-38,77922;"SR-CE";"UOP01";"DEL01"
270496;2020-02-20;"quinta-feira";"17:10:00";"PR";277;655;"MATELANDIA";"Defeito Mecânico no Veículo";"Saída de leito carroçável";"Sem Vítimas";"Pleno dia";"Decrescente";"Céu Claro";"Simples";"Não Informado";"Não";1;0;0;0;1;0;0;1;-25,23079;-53,95279;"SR-PR";"UOP05";"DEL04"
270497;2020-02-20;"quinta-feira";"17:25:00";"RS";290;91,3;"PORTO ALEGRE";"Desobediência às normas de trânsito pelo condutor";"Colisão lateral";"Com Vítimas Feridas";"Pleno dia";"Decrescente";"Céu Claro";"Dupla";"Reta";"Sim";2;0;0;1;0;1;1;2;-29,96906;-51,16744;"SR-RS";"UOP01";"DEL01"
270498;2020-02-20;"quinta-feira";"14:15:00";"SC";116;218;"CORREIA PINTO";"Não guardar distância de segurança";"Colisão traseira";"Com Vítimas Feridas";"Pleno dia";"Crescente";"Sol";"Simples";"Reta";"Sim";2;0;1;0;1;0;1;2;-27,56248;-50,37617;"SR-SC";"UOP03";"DEL05"
270500;2020-02-20;"quinta-feira";"15:00:00";"BA";324;473;"TANQUINHO";"Condutor Dormindo";"Colisão lateral";"Com Vítimas Feridas";"Pleno dia";"Crescente";"Céu Claro";"Simples";"Reta";"Não";4;0;3;0;1;0;3;2;-11,97628;-39,11947;"SR-BA";"UOP01";"DEL02"
270501;2020-02-20;"quinta-feira";"10:50:00";"ES";101;85,1;"SAO MATEUS";"Falta de Atenção à Condução";"Colisão transversal";"Com Vítimas Feridas";"Pleno dia";"Crescente";"Céu Claro";"Simples";"Reta";"Não";2;0;0;2;0;0;2;2;-18,8582;-39,93425;"SR-ES";"UOP02";"DEL04"
270502;2020-02-20;"quinta-feira";"16:15:00";"PR";272;528;"FRANCISCO ALVES";"Velocidade Incompatível";"Saída de leito carroçável";"Com Vítimas Feridas";"Pleno dia";"Crescente";"Chuva";"Simples";"Reta";"Não";1;0;1;0;0;0;1;1;-24,06469;-53,85683;"SR-PR";"UOP02";"DEL06"
270503;2020-02-20;"quinta-feira";"16:00:00";"SC";282;443,2;"PONTE SERRADA";"Ultrapassagem Indevida";"Colisão lateral";"Com Vítimas Feridas";"Pleno dia";"Crescente";"Céu Claro";"Simples";"Reta";"Não";4;0;1;1;2;0;2;2;-26,91758;-51,891;"SR-SC";"UOP05";"DEL07"
270504;2020-02-20;"quinta-feira";"16:00:00";"SC";116;219,9;"CORREIA PINTO";"Falta de Atenção à Condução";"Colisão lateral";"Com Vítimas Feridas";"Pleno dia";"Crescente";"Sol";"Simples";"Reta";"Sim";2;0;0;1;1;0;1;2;-27,57013;-50,37319;"SR-SC";"UOP03";"DEL05"
270505;2020-02-20;"quinta-feira";"17:45:00";"SP";116;157,5;"SAO JOSE DOS CAMPOS";"Falta de Atenção à Condução";"Colisão traseira";"Com Vítimas Feridas";"Pleno dia";"Crescente";"Nublado";"Dupla";"Reta";"Não";2;0;1;0;1;0;1;2;-23,25558;-45,94378;"SR-SP";"UOP01";"DEL02"
270506;2020-02-20;"quinta-feira";"16:20:00";"SC";101;128,5;"BALNEARIO CAMBORIU";"Falta de Atenção à Condução";"Colisão lateral";"Com Vítimas Feridas";"Pleno dia";"Decrescente";"Céu Claro";"Dupla";"Reta";"Sim";3;0;1;0;2;0;1;2;-26,97284;-48,68299;"SR-SC";"UOP03";"DEL04"
270507;2020-02-20;"quinta-feira";"17:10:00";"CE";20;412;"MARACANAU";"Não guardar distância de segurança";"Colisão traseira";"Com Vítimas Feridas";"Pleno dia";"Crescente";"Céu Claro";"Dupla";"Reta";"Sim";2;0;0;1;1;0;1;2;-3,807337;-38,63871;"SR-CE";"UOP01";"DEL01"
270509;2020-02-20;"quinta-feira";"16:50:00";"RO";364;714;"PORTO VELHO";"Não guardar distância de segurança";"Colisão traseira";"Com Vítimas Feridas";"Pleno dia";"Decrescente";"Céu Claro";"Dupla";"Viaduto";"Sim";3;0;1;0;2;0;1;2;-8,773237;-63,88521;"SR-RO";"UOP01";"DEL01"
270510;2020-02-20;"quinta-feira";"17:15:00";"RO";174;9,6;"VILHENA";"Desobediência às normas de trânsito pelo condutor";"Tombamento";"Com Vítimas Feridas";"Pleno dia";"Crescente";"Garoa/Chuvisco";"Dupla";"Reta";"Sim";2;0;1;0;1;0;1;2;-12,75499;-60,1035;"SR-RO";"UOP01";"DEL04"
270511;2020-02-20;"quinta-feira";"17:45:00";"SC";470;69,9;"INDAIAL";"Falta de Atenção do Pedestre";"Colisão transversal";"Com Vítimas Feridas";"Anoitecer";"Crescente";"Nublado";"Simples";"Reta";"Sim";2;0;0;2;0;0;2;2;-26,88375;-49,2467;"SR-SC";"UOP01";"DEL04"
270512;2020-02-20;"quinta-feira";"17:45:00";"RS";116;47,4;"VACARIA";"Falta de Atenção à Condução";"Capotamento";"Com Vítimas Feridas";"Pleno dia";"Crescente";"Céu Claro";"Simples";"Reta";"Não";2;0;1;0;1;0;1;2;-28,55967;-50,98829;"SR-RS";"UOP03";"DEL05"
270513;2020-02-20;"quinta-feira";"13:40:00";"MT";174;251,8;"JAURU";"Pista Escorregadia";"Saída de leito carroçável";"Com Vítimas Feridas";"Pleno dia";"Decrescente";"Chuva";"Simples";"Não Informado";"Não";6;0;5;1;0;0;6;1;-15,48352;-59,07537;"SR-MT";"UOP01";"DEL04"
270514;2020-02-20;"quinta-feira";"17:45:00";"SC";282;28,2;"SANTO AMARO DA IMPERATRIZ";"Falta de Atenção à Condução";"Colisão traseira";"Com Vítimas Feridas";"Pleno dia";"Crescente";"Nublado";"Simples";"Reta";"Não";2;0;1;0;1;0;1;2;-27,67478;-48,7789;"SR-SC";"UOP03";"DEL01"
270515;2020-02-20;"quinta-feira";"18:20:00";"PR";376;191,2;"MARIALVA";"Falta de Atenção à Condução";"Tombamento";"Com Vítimas Feridas";"Anoitecer";"Crescente";"Chuva";"Dupla";"Curva";"Não";1;0;1;0;0;0;1;1;-23,48118;-51,82257;"SR-PR";"UOP01";"DEL09"
270516;2020-02-12;"quarta-feira";"08:45:00";"SP";116;274;"TABOAO DA SERRA";"Falta de Atenção à Condução";"Colisão lateral";"Com Vítimas Feridas";"Pleno dia";"Decrescente";"Nublado";"Dupla";"Reta";"Sim";3;0;1;1;1;0;2;2;-23,63445;-46,82419;"SR-SP";"DEL6/4";"UOP01/SP"
270517;2020-02-20;"quinta-feira";"16:40:00";"ES";101;294;"CARIACICA";"Defeito Mecânico no Veículo";"Colisão lateral";"Com Vítimas Feridas";"Pleno dia";"Decrescente";"Céu Claro";"Dupla";"Não Informado";"Sim";4;0;1;0;3;0;1;4;-20,32509;-40,39587;"SR-ES";"UOP01";"DEL01"
270518;2020-02-20;"quinta-feira";"18:20:00";"SC";116;246,1;"LAGES";"Falta de Atenção à Condução";"Colisão transversal";"Com Vítimas Feridas";"Anoitecer";"Decrescente";"Céu Claro";"Simples";"Reta";"Sim";2;0;1;0;1;0;1;2;-27,8042;-50,36509;"SR-SC";"UOP02";"DEL05"
270520;2020-02-20;"quinta-feira";"18:10:00";"MG";40;581;"ITABIRITO";"Falta de Atenção à Condução";"Saída de leito carroçável";"Com Vítimas Feridas";"Anoitecer";"Decrescente";"Chuva";"Dupla";"Reta";"Não";2;0;1;0;0;1;1;1;-20,30234;-43,93887;"SR-MG";"UOP02";"DEL01"
270521;2020-02-20;"quinta-feira";"18:55:00";"AL";101;141;"SAO MIGUEL DOS CAMPOS";"Não guardar distância de segurança";"Colisão traseira";"Com Vítimas Feridas";"Plena Noite";"Crescente";"Chuva";"Dupla";"Não Informado";"Não";2;0;0;1;0;1;1;2;-9,833217;-36,13098;"SR-AL";"UOP01";"DEL02"
270522;2020-02-20;"quinta-feira";"18:20:00";"AL";316;270;"SATUBA";"Pista Escorregadia";"Colisão com objeto estático";"Sem Vítimas";"Anoitecer";"Crescente";"Chuva";"Simples";"Reta";"Não";1;0;0;0;1;0;0;1;-9,571656;-35,82411;"SR-AL";"UOP01";"DEL02"
270523;2020-02-20;"quinta-feira";"18:40:00";"MG";40;495;"ESMERALDAS";"Desobediência às normas de trânsito pelo condutor";"Colisão lateral";"Sem Vítimas";"Plena Noite";"Crescente";"Céu Claro";"Dupla";"Reta";"Não";2;0;0;0;1;1;0;2;-19,66272;-44,19692;"SR-MG";"UOP01";"DEL02"
270525;2020-02-20;"quinta-feira";"16:10:00";"SP";116;228,7;"SAO PAULO";"Falta de Atenção à Condução";"Colisão lateral";"Com Vítimas Feridas";"Pleno dia";"Crescente";"Nublado";"Múltipla";"Reta";"Sim";4;0;1;0;2;1;1;3;-23,50343;-46,56639;"SR-SP";"UOP01";"DEL01"
270527;2020-02-20;"quinta-feira";"18:00:00";"PB";230;498,1;"CAJAZEIRAS";"Pista Escorregadia";"Saída de leito carroçável";"Com Vítimas Feridas";"Plena Noite";"Decrescente";"Chuva";"Simples";"Reta";"Não";2;0;2;0;0;0;2;1;-6,900493;-38,50384;"SR-PB";"UOP03";"DEL03"
270528;2020-02-20;"quinta-feira";"19:20:00";"RJ";116;228,9;"PIRAI";"Sinalização da via insuficiente ou inadequada";"Colisão traseira";"Com Vítimas Feridas";"Plena Noite";"Decrescente";"Céu Claro";"Dupla";"Reta";"Não";7;0;3;0;4;0;3;5;-22,66724;-43,85193;"SR-RJ";"UOP01";"DEL07"
270529;2020-02-20;"quinta-feira";"19:40:00";"MG";381;485;"BETIM";"Objeto estático sobre o leito carroçável";"Tombamento";"Com Vítimas Feridas";"Plena Noite";"Decrescente";"Chuva";"Dupla";"Reta";"Sim";1;0;1;0;0;0;1;1;-19,95659;-44,12623;"SR-MG";"UOP03";"DEL01"
270530;2020-02-20;"quinta-feira";"19:20:00";"PE";101;58,2;"PAULISTA";"Falta de Atenção à Condução";"Colisão com objeto estático";"Com Vítimas Feridas";"Plena Noite";"Crescente";"Chuva";"Dupla";"Reta";"Não";1;0;1;0;0;0;1;1;-7,939611;-34,90357;"SR-PE";"UOP02";"DEL01"
270531;2020-01-31;"sexta-feira";"16:00:00";"PR";487;159;"ARARUNA";"Não guardar distância de segurança";"Colisão traseira";"Com Vítimas Feridas";"Pleno dia";"Decrescente";"Céu Claro";"Simples";"Reta";"Sim";2;0;1;0;1;0;1;2;-23,96965;-52,56497;"SR-PR";"UOP03";"DEL09"
270532;2020-02-20;"quinta-feira";"20:00:00";"SC";101;213,8;"PALHOCA";"Desobediência às normas de trânsito pelo condutor";"Colisão lateral";"Com Vítimas Feridas";"Plena Noite";"Crescente";"Céu Claro";"Dupla";"Reta";"Sim";2;0;1;0;1;0;1;2;-27,63697;-48,66514;"SR-SC";"UOP02";"DEL01"
270533;2020-02-20;"quinta-feira";"19:50:00";"PR";277;8,6;"PARANAGUA";"Falta de Atenção à Condução";"Capotamento";"Com Vítimas Feridas";"Plena Noite";"Decrescente";"Nublado";"Dupla";"Reta";"Não";1;0;1;0;0;0;1;1;-25,5682;-48,61529;"SR-PR";"UOP07";"DEL01"
270534;2020-02-20;"quinta-feira";"18:20:00";"MS";262;462,8;"DOIS IRMAOS DO BURITI";"Pista Escorregadia";"Saída de leito carroçável";"Com Vítimas Feridas";"Anoitecer";"Crescente";"Chuva";"Simples";"Reta";"Não";1;0;0;1;0;0;1;1;-20,54141;-55,55579;"SR-MS";"UOP01";"DEL03"
270535;2020-02-20;"quinta-feira";"20:20:00";"SC";101;206,4;"SAO JOSE";"Falta de Atenção à Condução";"Colisão traseira";"Com Vítimas Feridas";"Plena Noite";"Decrescente";"Nublado";"Múltipla";"Reta";"Não";2;0;0;1;1;0;1;2;-27,59194;-48,61825;"SR-SC";"UOP01";"DEL01"
270536;2020-02-20;"quinta-feira";"19:00:00";"CE";116;14,8;"FORTALEZA";"Pista Escorregadia";"Queda de ocupante de veículo";"Com Vítimas Feridas";"Plena Noite";"Decrescente";"Chuva";"Dupla";"Reta";"Sim";2;0;2;0;0;0;2;1;-3,877357;-38,50021;"SR-CE";"UOP02";"DEL01"
270537;2020-02-11;"terça-feira";"19:20:00";"MS";267;24;"BATAGUASSU";"Animais na Pista";"Atropelamento de Animal";"Com Vítimas Feridas";"Anoitecer";"Decrescente";"Nublado";"Simples";"Reta";"Não";1;0;1;0;0;0;1;1;-21,72586;-52,37459;"SR-MS";"DEL2";"UOP04/MS"
270539;2020-02-20;"quinta-feira";"20:20:00";"MG";40;516,7;"RIBEIRAO DAS NEVES";"Falta de Atenção do Pedestre";"Atropelamento de Pedestre";"Com Vítimas Feridas";"Plena Noite";"Decrescente";"Céu Claro";"Dupla";"Não Informado";"Sim";2;0;0;1;1;0;1;1;-19,82021;-44,08607;"SR-MG";"UOP02";"DEL01"
270541;2020-02-20;"quinta-feira";"20:40:00";"PB";101;83;"BAYEUX";"Defeito Mecânico no Veículo";"Colisão com objeto em movimento";"Com Vítimas Feridas";"Plena Noite";"Decrescente";"Garoa/Chuvisco";"Dupla";"Reta";"Sim";2;0;1;0;0;1;1;2;-7,13377;-34,92964;"SR-PB";"UOP01";"DEL01"
270542;2020-02-20;"quinta-feira";"20:40:00";"PA";230;108;"MARABA";"Animais na Pista";"Atropelamento de Animal";"Com Vítimas Feridas";"Plena Noite";"Decrescente";"Nublado";"Simples";"Reta";"Não";3;0;1;0;1;1;1;1;-5,377334;-49,01367;"SR-PA";"UOP01";"DEL03"
270543;2020-02-20;"quinta-feira";"21:40:00";"ES";101;146,6;"LINHARES";"Desobediência às normas de trânsito pelo condutor";"Colisão transversal";"Com Vítimas Feridas";"Plena Noite";"Crescente";"Nublado";"Dupla";"Interseção de vias";"Sim";2;0;1;0;1;0;1;2;-19,36991;-40,06561;"SR-ES";"UOP01";"DEL04"
270544;2020-02-20;"quinta-feira";"17:35:00";"RJ";393;241,1;"VASSOURAS";"Avarias e/ou desgaste excessivo no pneu";"Colisão frontal";"Com Vítimas Feridas";"Pleno dia";"Decrescente";"Chuva";"Simples";"Curva";"Não";3;0;0;2;1;0;2;2;-22,41972;-43,68447;"SR-RJ";"UOP01";"DEL05"
270545;2020-02-20;"quinta-feira";"21:30:00";"ES";101;0,5;"SERRA";"Falta de Atenção à Condução";"Colisão traseira";"Com Vítimas Feridas";"Plena Noite";"Crescente";"Céu Claro";"Múltipla";"Interseção de vias";"Sim";2;0;1;0;1;0;1;2;-20,12909;-40,30812;"SR-ES";"UOP01";"DEL02"
270546;2020-02-20;"quinta-feira";"20:30:00";"MT";163;853;"SINOP";"Ingestão de Álcool";"Colisão transversal";"Com Vítimas Feridas";"Plena Noite";"Crescente";"Céu Claro";"Simples";"Não Informado";"Sim";2;0;1;0;1;0;1;2;-11,6969;-55,45248;"SR-MT";"UOP02";"DEL06"
270547;2020-02-20;"quinta-feira";"17:40:00";"ES";262;111,2;"VENDA NOVA DO IMIGRANTE";"Desobediência às normas de trânsito pelo condutor";"Colisão transversal";"Com Vítimas Feridas";"Anoitecer";"Crescente";"Nublado";"Dupla";"Reta";"Não";2;0;0;1;0;1;1;2;-20,33711;-41,19043;"SR-ES";"UOP02";"DEL01"
270548;2020-02-20;"quinta-feira";"20:30:00";"MA";10;326,4;"ACAILANDIA";"Condutor Dormindo";"Saída de leito carroçável";"Com Vítimas Feridas";"Plena Noite";"Decrescente";"Nublado";"Simples";"Reta";"Não";1;0;0;1;0;0;1;1;-4,864507;-47,51534;"SR-MA";"UOP03";"DEL04"