"id";"data_inversa";"dia_semana";"horario";"uf";"br";"km";"municipio";"causa_acidente";"tipo_acidente";"classificacao_acidente";"fase_dia";"sentido_via";"condicao_metereologica";"tipo_pista";"tracado_via";"uso_solo";"pessoas";"mortos";"feridos_leves";"feridos_graves";"ilesos";"ignorados";"feridos";"veiculos";"latitude";"longitude";"regional";"delegacia";"uop"
270728;2020-02-21;"sexta-feira";"13:50:00";"MG";116;714;"MURIAE";"Defeito Mecânico no Veículo";"Incêndio";"Sem Vítimas";"Pleno dia";"Crescente";"Céu Claro";"Simples";"Não Informado";"Não";1;0;0;0;1;0;0;1;-21,1979;-42,38409;"SR-MG";"UOP02";"DEL07"
270729;2020-02-21;"sexta-feira";"15:40:00";"GO";153;48;"PORANGATU";"Falta de Atenção à Condução";"Colisão frontal";"Com Vítimas Feridas";"Pleno dia";"Decrescente";"Céu Claro";"Simples";"Não Informado";"Não";2;0;2;0;0;0;2;2;-13,23362;-49,14435;"SR-GO";"UOP01";"DEL07"
270730;2020-02-21;"sexta-feira";"14:30:00";"SC";282;26,6;"SANTO AMARO DA IMPERATRIZ";"Falta de Atenção à Condução";"Colisão lateral";"Com Vítimas Feridas";"Pleno dia";"Crescente";"Nublado";"Simples";"Reta";"Sim";2;0;0;1;1;0;1;2;-27,68027;-48,76248;"SR-SC";"UOP03";"DEL01"
270731;2020-02-21;"sexta-feira";"15:15:00";"SP";116;42,9;"CACHOEIRA PAULISTA";"Falta de Atenção à Condução";"Colisão traseira";"Sem Vítimas";"Pleno dia";"Crescente";"Nublado";"Dupla";"Reta";"Não";4;0;0;0;2;2;0;2;-22,69735;-45,03014;"SR-SP";"UOP01";"DEL08"
270732;2020-02-21;"sexta-feira";"16:37:00";"PB";230;25;"JOAO PESSOA";"Falta de Atenção à Condução";"Colisão lateral";"Com Vítimas Feridas";"Pleno dia";"Crescente";"Céu Claro";"Simples";"Reta";"Sim";2;0;1;0;1;0;1;2;-7,1707;-34,8684;"SR-PB";"UOP01";"DEL01"
270733;2020-02-21;"sexta-feira";"15:20:00";"RN";304;298;"MACAIBA";"Falta de Atenção à Condução";"Colisão lateral";"Com Vítimas Feridas";"Pleno dia";"Crescente";"Nublado";"Dupla";"Reta";"Sim";2;0;1;0;1;0;1;2;-5,868234;-35,33218;"SR-RN";"UOP02";"DEL01"
270735;2020-02-21;"sexta-feira";"16:00:00";"PE";101;50;"ABREU E LIMA";"Falta de Atenção à Condução";"Colisão transversal";"Sem Vítimas";"Pleno dia";"Decrescente";"Sol";"Dupla";"Reta";"Sim";1;0;0;0;1;0;0;1;-7,909386;-34,90123;"SR-PE";"UOP02";"DEL01"
270736;2020-02-21;"sexta-feira";"16:25:00";"SP";101;49;"UBATUBA";"Desobediência às normas de trânsito pelo condutor";"Colisão traseira";"Com Vítimas Feridas";"Pleno dia";"Decrescente";"Chuva";"Simples";"Reta";"Sim";3;0;1;0;1;1;1;2;-23,44411;-45,08376;"SR-SP";"UOP02";"DEL06"
270738;2020-02-21;"sexta-feira";"16:30:00";"RJ";101;319,3;"SAO GONCALO";"Falta de Atenção à Condução";"Colisão lateral";"Com Vítimas Feridas";"Pleno dia";"Decrescente";"Nublado";"Dupla";"Reta";"Sim";2;0;1;0;1;0;1;2;-22,85412;-43,1018;"SR-RJ";"UOP01";"DEL02"
270739;2020-02-21;"sexta-feira";"14:50:00";"RJ";116;170;"SAO JOAO DE MERITI";"Falta de Atenção à Condução";"Colisão traseira";"Com Vítimas Feridas";"Pleno dia";"Crescente";"Céu Claro";"Dupla";"Reta";"Sim";3;0;1;0;2;0;1;2;-22,81113;-43,33367;"SR-RJ";"UOP02";"DEL01"
270740;2020-02-21;"sexta-feira";"16:31:00";"GO";153;507,4;"APARECIDA DE GOIANIA";"Não guardar distância de segurança";"Colisão traseira";"Sem Vítimas";"Pleno dia";"Crescente";"Nublado";"Múltipla";"Reta";"Sim";3;0;0;0;3;0;0;2;-16,7715;-49,2387;"SR-GO";"UOP03";"DEL01"
270742;2020-02-21;"sexta-feira";"16:10:00";"CE";20;431;"EUSEBIO";"Falta de Atenção à Condução";"Colisão transversal";"Com Vítimas Feridas";"Anoitecer";"Crescente";"Céu Claro";"Dupla";"Reta";"Não";2;0;0;1;1;0;1;2;-3,871918;-38,48465;"SR-CE";"UOP02";"DEL01"
270743;2020-02-21;"sexta-feira";"15:55:00";"SP";459;7,9;"PIQUETE";"Velocidade Incompatível";"Saída de leito carroçável";"Sem Vítimas";"Pleno dia";"Decrescente";"Chuva";"Simples";"Curva";"Não";1;0;0;0;1;0;0;1;-22,57378;-45,19343;"SR-SP";"DEL6/8";"UOP03/SP"
270744;2020-02-21;"sexta-feira";"16:20:00";"BA";367;129;"ITAGIMIRIM";"Velocidade Incompatível";"Colisão frontal";"Com Vítimas Fatais";"Pleno dia";"Crescente";"Céu Claro";"Simples";"Curva";"Não";2;1;0;0;1;0;0;2;-16,08243;-39,77514;"SR-BA";"UOP01";"DEL09"
270745;2020-02-21;"sexta-feira";"16:00:00";"RS";386;306,9;"POUSO NOVO";"Falta de Atenção à Condução";"Saída de leito carroçável";"Sem Vítimas";"Pleno dia";"Decrescente";"Céu Claro";"Dupla";"Curva";"Não";1;0;0;0;1;0;0;1;-29,1947;-52,18572;"SR-RS";"UOP01";"DEL04"
270746;2020-02-21;"sexta-feira";"17:10:00";"GO";40;3,2;"VALPARAISO DE GOIAS";"Não guardar distância de segurança";"Colisão traseira";"Com Vítimas Feridas";"Pleno dia";"Crescente";"Céu Claro";"Dupla";"Reta";"Sim";2;0;1;0;1;0;1;2;-16,07608;-47,98567;"SR-DF";"UOP01";"DEL01"
270747;2020-02-21;"sexta-feira";"16:00:00";"GO";414;332,3;"COCALZINHO DE GOIAS";"Velocidade Incompatível";"Saída de leito carroçável";"Com Vítimas Feridas";"Pleno dia";"Decrescente";"Chuva";"Simples";"Curva";"Não";3;0;3;0;0;0;3;1;-15,58099;-48,62866;"SR-GO";"UOP01";"DEL02"
270748;2020-02-21;"sexta-feira";"15:50:00";"RJ";40;119;"DUQUE DE CAXIAS";"Desobediência às normas de trânsito pelo condutor";"Colisão traseira";"Com Vítimas Feridas";"Pleno dia";"Decrescente";"Céu Claro";"Dupla";"Reta";"Sim";6;0;2;0;4;0;2;4;-22,76376;-43,28683;"SR-RJ";"UOP01";"DEL01"
270749;2020-02-21;"sexta-feira";"16:40:00";"PR";116;117;"CURITIBA";"Falta de Atenção à Condução";"Queda de ocupante de veículo";"Com Vítimas Feridas";"Pleno dia";"Crescente";"Nublado";"Dupla";"Reta";"Não";1;0;1;0;0;0;1;1;-25,54989;-49,28248;"SR-PR";"UOP03";"DEL01"
270750;2020-02-21;"sexta-feira";"16:50:00";"PR";376;3;"SAO JOSE DOS PINHAIS";"Falta de Atenção do Pedestre";"Queda de ocupante de veículo";"Com Vítimas Feridas";"Pleno dia";"Crescente";"Nublado";"Dupla";"Reta";"Sim";1;0;1;0;0;0;1;1;-25,5307;-49,1958;"SR-PR";"UOP01";"DEL01"
270751;2020-01-29;"quarta-feira";"10:30:00";"PR";277;633,1;"CEU AZUL";"Desobediência às normas de trânsito pelo condutor";"Colisão transversal";"Sem Vítimas";"Pleno dia";"Decrescente";"Céu Claro";"Simples";"Rotatória";"Não";3;0;0;0;3;0;0;2;-25,12585;-53,81903;"SR-PR";"DEL7/5";"UOP02/PR"
270753;2020-02-21;"sexta-feira";"16:30:00";"RJ";116;228;"PIRAI";"Pista Escorregadia";"Colisão com objeto estático";"Com Vítimas Feridas";"Pleno dia";"Decrescente";"Chuva";"Dupla";"Curva";"Não";2;0;2;0;0;0;2;1;-22,66062;-43,82667;"SR-RJ";"UOP01";"DEL07"
270754;2020-02-21;"sexta-feira";"16:55:00";"PB";230;119;"RIACHAO DO BACAMARTE";"Avarias e/ou desgaste excessivo no pneu";"Queda de ocupante de veículo";"Com Vítimas Feridas";"Pleno dia";"Decrescente";"Nublado";"Dupla";"Reta";"Não";2;0;1;0;1;0;1;1;-7,2423;-35,6312;"SR-PB";"UOP01";"DEL02"
270755;2020-02-21;"sexta-feira";"16:50:00";"PR";116;17;"CAMPINA GRANDE DO SUL";"Velocidade Incompatível";"Saída de leito carroçável";"Com Vítimas Feridas";"Pleno dia";"Crescente";"Garoa/Chuvisco";"Dupla";"Reta";"Não";4;0;0;3;1;0;3;1;-25,10306;-48,70104;"SR-PR";"UOP02";"DEL01"
270756;2020-02-21;"sexta-feira";"17:00:00";"PR";116;28,1;"CAMPINA GRANDE DO SUL";"Velocidade Incompatível";"Saída de leito carroçável";"Sem Vítimas";"Pleno dia";"Decrescente";"Chuva";"Dupla";"Curva";"Não";1;0;0;0;1;0;0;1;-25,1067;-48,80406;"SR-PR";"UOP02";"DEL01"
270757;2020-02-21;"sexta-feira";"16:45:00";"MG";381;516,8;"IGARAPE";"Pista Escorregadia";"Saída de leito carroçável";"Com Vítimas Feridas";"Pleno dia";"Decrescente";"Chuva";"Dupla";"Curva";"Não";2;0;1;0;1;0;1;1;-20,10867;-44,31489;"SR-MG";"UOP03";"DEL01"
270758;2020-02-21;"sexta-feira";"14:30:00";"MG";50;72,5;"UBERLANDIA";"Velocidade Incompatível";"Queda de ocupante de veículo";"Com Vítimas Feridas";"Pleno dia";"Decrescente";"Garoa/Chuvisco";"Dupla";"Reta";"Não";2;0;1;0;1;0;1;2;-18,8514;-48,25346;"SR-MG";"UOP01";"DEL15"
270759;2020-02-21;"sexta-feira";"17:30:00";"ES";101;306,1;"VIANA";"Pista Escorregadia";"Queda de ocupante de veículo";"Com Vítimas Feridas";"Anoitecer";"Crescente";"Garoa/Chuvisco";"Dupla";"Retorno Regulamentado";"Não";1;0;1;0;0;0;1;1;-20,39179;-40,46265;"SR-ES";"UOP01";"DEL03"
270761;2020-02-21;"sexta-feira";"17:20:00";"RS";116;195,9;"PICADA CAFE";"Desobediência às normas de trânsito pelo condutor";"Colisão frontal";"Com Vítimas Feridas";"Pleno dia";"Decrescente";"Céu Claro";"Simples";"Interseção de vias";"Não";2;0;1;0;1;0;1;2;-29,46159;-51,14093;"SR-RS";"UOP02";"DEL05"
270762;2020-02-21;"sexta-feira";"17:10:00";"ES";101;412,5;"ITAPEMIRIM";"Pista Escorregadia";"Colisão transversal";"Com Vítimas Feridas";"Pleno dia";"Crescente";"Chuva";"Simples";"Curva";"Não";5;0;4;0;1;0;4;2;-20,90878;-41,06944;"SR-ES";"UOP02";"DEL03"
270763;2020-02-21;"sexta-feira";"16:20:00";"RO";364;712;"PORTO VELHO";"Desobediência às normas de trânsito pelo condutor";"Colisão transversal";"Com Vítimas Feridas";"Pleno dia";"Crescente";"Céu Claro";"Dupla";"Interseção de vias";"Sim";2;0;0;1;1;0;1;2;-8,777035;-63,87316;"SR-RO";"UOP01";"DEL01"
270764;2020-02-21;"sexta-feira";"16:30:00";"BA";420;258,7;"MUTUIPE";"Falta de Atenção à Condução";"Atropelamento de Pedestre";"Com Vítimas Fatais";"Pleno dia";"Crescente";"Céu Claro";"Simples";"Não Informado";"Sim";3;1;1;0;0;1;1;1;-13,22889;-39,52658;"SR-BA";"UOP02";"DEL01"
270765;2020-02-21;"sexta-feira";"18:05:00";"PR";277;58;"SAO JOSE DOS PINHAIS";"Ingestão de álcool e/ou substâncias psicoativas pelo pedestre";"Atropelamento de Pedestre";"Com Vítimas Fatais";"Pleno dia";"Crescente";"Chuva";"Dupla";"Não Informado";"Não";3;1;0;0;2;0;0;1;-25,57739;-48,9717;"SR-PR";"UOP06";"DEL01"
270766;2020-02-21;"sexta-feira";"17:25:00";"MG";381;925,5;"ITAPEVA";"Velocidade Incompatível";"Colisão com objeto estático";"Com Vítimas Feridas";"Pleno dia";"Crescente";"Chuva";"Dupla";"Curva";"Não";2;0;2;0;0;0;2;1;-22,77721;-46,23911;"SR-MG";"UOP03";"DEL16"
270767;2020-02-21;"sexta-feira";"15:40:00";"SC";101;108;"PENHA";"Defeito Mecânico no Veículo";"Tombamento";"Com Vítimas Feridas";"Pleno dia";"Decrescente";"Nublado";"Dupla";"Reta";"Sim";1;0;0;1;0;0;1;1;-26,82607;-48,69052;"SR-SC";"UOP02";"DEL03"
270768;2020-02-21;"sexta-feira";"18:15:00";"DF";40;3;"BRASILIA";"Falta de Atenção à Condução";"Colisão lateral";"Com Vítimas Feridas";"Plena Noite";"Crescente";"Céu Claro";"Dupla";"Reta";"Sim";2;0;1;0;1;0;1;2;-16,00314;-47,98394;"SR-DF";"UOP01";"DEL01"
270769;2020-02-21;"sexta-feira";"18:40:00";"RJ";101;315;"SAO GONCALO";"Condutor Dormindo";"Colisão com objeto estático";"Com Vítimas Feridas";"Anoitecer";"Decrescente";"Chuva";"Múltipla";"Reta";"Sim";1;0;1;0;0;0;1;1;-22,82262;-43,08461;"SR-RJ";"UOP01";"DEL02"
270770;2020-02-21;"sexta-feira";"14:50:00";"MG";381;616,5;"OLIVEIRA";"Velocidade Incompatível";"Saída de leito carroçável";"Com Vítimas Feridas";"Pleno dia";"Decrescente";"Chuva";"Dupla";"Reta";"Não";1;0;1;0;0;0;1;1;-20,75305;-44,77476;"SR-MG";"UOP01";"DEL04"
270771;2020-02-21;"sexta-feira";"18:00:00";"PI";230;309,8;"FLORIANO";"Desobediência às normas de trânsito pelo condutor";"Colisão transversal";"Com Vítimas Feridas";"Anoitecer";"Decrescente";"Céu Claro";"Simples";"Interseção de vias";"Sim";4;0;1;0;3;0;1;2;-6,774331;-43,00632;"SR-PI";"UOP01";"DEL03"
270772;2020-02-21;"sexta-feira";"19:00:00";"PB";101;83,4;"BAYEUX";"Falta de Atenção à Condução";"Colisão traseira";"Sem Vítimas";"Plena Noite";"Decrescente";"Céu Claro";"Dupla";"Viaduto";"Sim";8;0;0;0;8;0;0;2;-7,13377;-34,92964;"SR-PB";"UOP01";"DEL01"
270774;2020-02-21;"sexta-feira";"16:30:00";"MT";163;118;"RONDONOPOLIS";"Avarias e/ou desgaste excessivo no pneu";"Colisão traseira";"Com Vítimas Feridas";"Pleno dia";"Crescente";"Nublado";"Dupla";"Reta";"Não";2;0;0;1;1;0;1;2;-16,51361;-54,6552;"SR-MT";"UOP01";"DEL02"
270775;2020-02-21;"sexta-feira";"19:10:00";"ES";101;144;"LINHARES";"Falta de Atenção à Condução";"Colisão lateral";"Com Vítimas Feridas";"Plena Noite";"Crescente";"Céu Claro";"Simples";"Reta";"Sim";3;0;1;0;2;0;1;3;-19,35188;-40,06367;"SR-ES";"UOP01";"DEL04"
270776;2020-02-21;"sexta-feira";"17:20:00";"AC";364;136,1;"RIO BRANCO";"Não guardar distância de segurança";"Colisão traseira";"Com Vítimas Feridas";"Anoitecer";"Decrescente";"Chuva";"Dupla";"Reta";"Sim";2;0;1;0;1;0;1;2;-9,977578;-67,8489;"SR-AC";"UOP01";"DEL01"
270777;2020-02-21;"sexta-feira";"18:20:00";"PR";158;536;"PATO BRANCO";"Falta de Atenção à Condução";"Colisão frontal";"Com Vítimas Feridas";"Anoitecer";"Crescente";"Céu Claro";"Simples";"Reta";"Sim";2;0;1;0;1;0;1;2;-26,24249;-52,69698;"SR-PR";"UOP01";"DEL02"
270778;2020-02-21;"sexta-feira";"19:45:00";"SP";153;98,7;"JOSE BONIFACIO";"Ingestão de álcool e/ou substâncias psicoativas pelo pedestre";"Colisão traseira";"Com Vítimas Feridas";"Plena Noite";"Decrescente";"Céu Claro";"Múltipla";"Reta";"Não";3;0;2;0;1;0;2;2;-20,99185;-49,62327;"SR-SP";"UOP01";"DEL09"
270779;2020-02-21;"sexta-feira";"17:30:00";"RS";116;264;"CANOAS";"Falta de Atenção à Condução";"Atropelamento de Pedestre";"Com Vítimas Feridas";"Pleno dia";"Decrescente";"Céu Claro";"Múltipla";"Reta";"Sim";2;0;1;0;1;0;1;1;-29,91444;-51,17754;"SR-RS";"UOP01";"DEL01"
270780;2020-02-21;"sexta-feira";"18:15:00";"RJ";116;111;"MAGE";"Pista Escorregadia";"Colisão com objeto estático";"Sem Vítimas";"Amanhecer";"Crescente";"Chuva";"Dupla";"Reta";"Não";3;0;0;0;3;0;0;1;-22,55838;-42,99482;"SR-RJ";"UOP02";"DEL04"
270781;2020-02-21;"sexta-feira";"17:00:00";"SC";282;445,8;"PONTE SERRADA";"Velocidade Incompatível";"Saída de leito carroçável";"Com Vítimas Feridas";"Pleno dia";"Decrescente";"Sol";"Simples";"Curva";"Não";1;0;1;0;0;0;1;1;-26,90855;-51,90579;"SR-SC";"UOP05";"DEL07"
270782;2020-02-21;"sexta-feira";"18:30:00";"RS";116;270;"CANOAS";"Mal Súbito";"Colisão frontal";"Com Vítimas Fatais";"Pleno dia";"Decrescente";"Céu Claro";"Múltipla";"Reta";"Sim";1;1;0;0;0;0;0;1;-29,96839;-51,17624;"SR-RS";"UOP01";"DEL01"
270783;2020-02-21;"sexta-feira";"18:15:00";"RS";386;276,1;"FONTOURA XAVIER";"Defeito Mecânico no Veículo";"Colisão traseira";"Com Vítimas Fatais";"Pleno dia";"Crescente";"Céu Claro";"Simples";"Ponte";"Não";8;1;4;0;3;0;4;6;-29,00722;-52,33866;"SR-RS";"UOP03";"DEL04"
270784;2020-02-21;"sexta-feira";"01:30:00";"MA";10;178;"CAMPESTRE DO MARANHAO";"Ingestão de Álcool";"Atropelamento de Pedestre";"Com Vítimas Fatais";"Plena Noite";"Decrescente";"Garoa/Chuvisco";"Simples";"Reta";"Não";3;1;2;0;0;0;2;1;-6,158751;-47,36765;"SR-MA";"UOP02";"DEL04"
270785;2020-02-21;"sexta-feira";"12:30:00";"PR";376;3,4;"APUCARANA";"Falta de Atenção à Condução";"Colisão lateral";"Com Vítimas Feridas";"Pleno dia";"Decrescente";"Nublado";"Simples";"Curva";"Sim";2;0;1;0;1;0;1;2;-23,55904;-51,43921;"SR-PR";"UOP03";"DEL07"
270786;2020-02-21;"sexta-feira";"19:20:00";"PI";316;6,5;"TERESINA";"Falta de Atenção à Condução";"Atropelamento de Pedestre";"Com Vítimas Fatais";"Plena Noite";"Crescente";"Céu Claro";"Múltipla";"Reta";"Sim";2;1;0;0;1;0;0;1;-5,149255;-42,77393;"SR-PI";"UOP02";"DEL01"
270787;2020-02-21;"sexta-feira";"19:30:00";"RN";304;114,9;"ACU";"Defeito Mecânico no Veículo";"Incêndio";"Sem Vítimas";"Plena Noite";"Decrescente";"Nublado";"Simples";"Reta";"Sim";1;0;0;0;1;0;0;1;-5,614417;-36,89591;"SR-RN";"UOP01";"DEL04"
270788;2020-02-21;"sexta-feira";"20:00:00";"ES";262;19;"VIANA";"Falta de Atenção à Condução";"Colisão com objeto estático";"Sem Vítimas";"Plena Noite";"Crescente";"Chuva";"Simples";"Reta";"Não";1;0;0;0;1;0;0;1;-20,39112;-40,49187;"SR-ES";"UOP01";"DEL01"
270790;2020-02-21;"sexta-feira";"19:20:00";"ES";101;146,7;"LINHARES";"Não guardar distância de segurança";"Engavetamento";"Com Vítimas Feridas";"Plena Noite";"Decrescente";"Nublado";"Simples";"Reta";"Sim";6;0;1;0;5;0;1;6;-19,36991;-40,06561;"SR-ES";"UOP01";"DEL04"
270791;2020-02-21;"sexta-feira";"19:10:00";"MS";262;405,7;"TERENOS";"Ingestão de Álcool";"Colisão traseira";"Com Vítimas Feridas";"Plena Noite";"Crescente";"Nublado";"Simples";"Reta";"Não";4;0;1;0;3;0;1;3;-20,43018;-55,06754;"SR-MS";"UOP03";"DEL01"
270793;2020-02-21;"sexta-feira";"17:00:00";"SC";101;216;"PALHOCA";"Falta de Atenção à Condução";"Colisão lateral";"Com Vítimas Feridas";"Pleno dia";"Decrescente";"Nublado";"Dupla";"Reta";"Sim";3;0;1;0;1;1;1;2;-27,65981;-48,67748;"SR-SC";"UOP02";"DEL01"
270794;2020-02-21;"sexta-feira";"19:20:00";"SC";101;461;"PASSO DE TORRES";"Falta de Atenção à Condução";"Colisão traseira";"Com Vítimas Feridas";"Plena Noite";"Decrescente";"Céu Claro";"Dupla";"Reta";"Não";2;0;0;2;0;0;2;2;-29,26682;-49,75518;"SR-RS";"UOP02";"DEL03"
270795;2020-02-21;"sexta-feira";"20:24:00";"GO";153;507,9;"APARECIDA DE GOIANIA";"Desobediência às normas de trânsito pelo condutor";"Colisão traseira";"Com Vítimas Feridas";"Plena Noite";"Crescente";"Garoa/Chuvisco";"Múltipla";"Desvio Temporário";"Sim";2;0;0;1;1;0;1;2;-16,7715;-49,2387;"SR-GO";"UOP03";"DEL01"
270796;2020-02-21;"sexta-feira";"11:09:00";"MA";226;562;"PORTO FRANCO";"Defeito na Via";"Saída de leito carroçável";"Com Vítimas Feridas";"Pleno dia";"Decrescente";"Céu Claro";"Simples";"Desvio Temporário";"Não";2;0;2;0;0;0;2;1;-6,313796;-47,31215;"SR-MA";"UOP02";"DEL04"
270797;2020-02-21;"sexta-feira";"20:20:00";"ES";262;5,7;"CARIACICA";"Não guardar distância de segurança";"Colisão traseira";"Com Vítimas Feridas";"Plena Noite";"Decrescente";"Chuva";"Múltipla";"Reta";"Sim";2;0;1;0;1;0;1;2;-20,33707;-40,3865;"SR-ES";"UOP01";"DEL01"
270798;2020-02-21;"sexta-feira";"19:00:00";"RJ";40;6;"COMENDADOR LEVY GASPARIAN";"Velocidade Incompatível";"Colisão lateral";"Com Vítimas Feridas";"Anoitecer";"Crescente";"Garoa/Chuvisco";"Dupla";"Curva";"Sim";3;0;0;1;2;0;1;2;-22,02617;-43,23147;"SR-RJ";"UOP01";"DEL06"
270799;2020-02-21;"sexta-feira";"16:20:00";"MT";163;548;"DIAMANTINO";"Falta de Atenção à Condução";"Colisão lateral";"Sem Vítimas";"Pleno dia";"Crescente";"Céu Claro";"Simples";"Reta";"Não";2;0;0;0;2;0;0;2;-14,23667;-56,1167;"SR-MT";"UOP01";"DEL01"
270801;2020-02-21;"sexta-feira";"20:10:00";"MG";40;517,6;"RIBEIRAO DAS NEVES";"Falta de Atenção à Condução";"Colisão transversal";"Com Vítimas Feridas";"Plena Noite";"Crescente";"Céu Claro";"Dupla";"Reta";"Sim";2;0;1;0;1;0;1;2;-19,82351;-44,08439;"SR-MG";"UOP02";"DEL01"
270803;2020-02-21;"sexta-feira";"19:40:00";"PB";230;3;"CABEDELO";"Velocidade Incompatível";"Atropelamento de Animal";"Com Vítimas Feridas";"Plena Noite";"Crescente";"Céu Claro";"Dupla";"Reta";"Não";4;0;0;1;1;2;1;2;-6,9915;-34,8287;"SR-PB";"UOP01";"DEL01"
270804;2020-02-21;"sexta-feira";"20:00:00";"PR";467;81,3;"CASCAVEL";"Velocidade Incompatível";"Saída de leito carroçável";"Com Vítimas Feridas";"Plena Noite";"Decrescente";"Céu Claro";"Dupla";"Reta";"Não";2;0;1;0;1;0;1;1;-24,7961;-53,6747;"SR-PR";"UOP01";"DEL04"
270805;2020-02-21;"sexta-feira";"22:00:00";"SP";381;41;"ATIBAIA";"Falta de Atenção à Condução";"Colisão traseira";"Com Vítimas Feridas";"Plena Noite";"Decrescente";"Céu Claro";"Dupla";"Reta";"Sim";2;0;1;0;1;0;1;2;-23,13864;-46,57584;"SR-SP";"UOP01";"DEL03"
270806;2020-02-21;"sexta-feira";"20:50:00";"RJ";101;293;"ITABORAI";"Pista Escorregadia";"Queda de ocupante de veículo";"Com Vítimas Feridas";"Plena Noite";"Crescente";"Chuva";"Dupla";"Curva";"Não";2;0;0;2;0;0;2;1;-22,7562;-42,88724;"SR-RJ";"UOP03";"DEL02"
270808;2020-02-21;"sexta-feira";"21:10:00";"GO";40;18;"LUZIANIA";"Falta de Atenção à Condução";"Colisão traseira";"Com Vítimas Feridas";"Plena Noite";"Crescente";"Ignorado";"Simples";"Reta";"Não";2;0;1;0;1;0;1;2;-16,19349;-47,92558;"SR-DF";"UOP01";"DEL01"
270809;2020-02-21;"sexta-feira";"20:15:00";"MG";381;857,8;"POUSO ALEGRE";"Condutor Dormindo";"Colisão lateral";"Com Vítimas Feridas";"Plena Noite";"Crescente";"Chuva";"Dupla";"Reta";"Não";4;0;3;0;1;0;3;3;-22,31226;-45,90351;"SR-MG";"UOP01";"DEL16"
270810;2020-02-21;"sexta-feira";"19:45:00";"RO";364;343;"JI-PARANA";"Falta de Atenção à Condução";"Colisão traseira";"Com Vítimas Feridas";"Plena Noite";"Crescente";"Chuva";"Dupla";"Reta";"Sim";2;0;1;0;1;0;1;2;-10,87879;-61,94499;"SR-RO";"UOP01";"DEL02"
270811;2020-02-21;"sexta-feira";"21:10:00";"MS";262;45,5;"TRES LAGOAS";"Falta de Atenção à Condução";"Capotamento";"Com Vítimas Feridas";"Plena Noite";"Crescente";"Garoa/Chuvisco";"Simples";"Desvio Temporário";"Não";2;0;1;1;0;0;2;1;-20,76374;-52,01456;"SR-MS";"UOP01";"DEL07"
270812;2020-02-21;"sexta-feira";"17:30:00";"MG";262;518,8;"LUZ";"Velocidade Incompatível";"Saída de leito carroçável";"Com Vítimas Feridas";"Pleno dia";"Decrescente";"Chuva";"Simples";"Não Informado";"Não";1;0;1;0;0;0;1;1;-19,79126;-45,60084;"SR-MG";"UOP03";"DEL08"
270813;2020-02-21;"sexta-feira";"18:40:00";"MG";365;418,5;"PATOS DE MINAS";"Pista Escorregadia";"Colisão lateral";"Com Vítimas Feridas";"Plena Noite";"Decrescente";"Chuva";"Simples";"Curva";"Não";4;0;2;0;2;0;2;3;-18,69067;-46,58674;"SR-MG";"UOP01";"DEL10"
270814;2020-01-20;"segunda-feira";"16:20:00";"AP";156;742;"OIAPOQUE";"Pista Escorregadia";"Capotamento";"Com Vítimas Feridas";"Pleno dia";"Decrescente";"Nublado";"Simples";"Desvio Temporário";"Não";4;0;2;0;2;0;2;1;3,264119;-51,59225;"SR-AP";"UOP03/AP";""
270815;2020-02-21;"sexta-feira";"20:00:00";"MG";365;534;"MONTE CARMELO";"Ultrapassagem Indevida";"Colisão frontal";"Com Vítimas Feridas";"Plena Noite";"Crescente";"Nublado";"Simples";"Curva";"Não";5;0;4;0;1;0;4;2;-18,92854;-47,53489;"SR-MG";"UOP01";"DEL10"
270816;2020-02-21;"sexta-feira";"20:44:00";"SC";101;131,8;"BALNEARIO CAMBORIU";"Falta de Atenção à Condução";"Colisão traseira";"Com Vítimas Fatais";"Plena Noite";"Crescente";"Céu Claro";"Dupla";"Reta";"Sim";4;2;0;0;2;0;0;3;-26,99064;-48,66311;"SR-SC";"UOP03";"DEL04"
270817;2020-02-21;"sexta-feira";"20:20:00";"MS";163;776;"COXIM";"Avarias e/ou desgaste excessivo no pneu";"Saída de leito carroçável";"Com Vítimas Feridas";"Plena Noite";"Decrescente";"Céu Claro";"Dupla";"Reta";"Não";2;0;1;0;1;0;1;1;-18,13078;-54,69813;"SR-MS";"UOP01";"DEL06"
270818;2020-02-21;"sexta-feira";"21:30:00";"PR";373;179;"PONTA GROSSA";"Falta de Atenção à Condução";"Colisão transversal";"Com Vítimas Feridas";"Plena Noite";"Crescente";"Céu Claro";"Simples";"Reta";"Sim";5;0;2;0;2;1;2;2;-25,04281;-50,2395;"SR-PR";"UOP01";"DEL03"
270819;2020-02-21;"sexta-feira";"20:50:00";"PB";101;81;"BAYEUX";"Falta de Atenção à Condução";"Colisão traseira";"Com Vítimas Feridas";"Plena Noite";"Crescente";"Céu Claro";"Dupla";"Rotatória";"Sim";4;0;1;0;3;0;1;2;-7,126811;-34,94179;"SR-PB";"UOP01";"DEL01"
270820;2020-02-21;"sexta-feira";"20:00:00";"RO";364;528;"ARIQUEMES";"Pista Escorregadia";"Queda de ocupante de veículo";"Com Vítimas Feridas";"Plena Noite";"Crescente";"Chuva";"Simples";"Reta";"Não";1;0;1;0;0;0;1;1;-9,811128;-63,07481;"SR-RO";"UOP01";"DEL03"
270821;2020-02-21;"sexta-feira";"20:00:00";"PR";476;116;"COLOMBO";"Falta de Atenção à Condução";"Colisão lateral";"Com Vítimas Feridas";"Plena Noite";"Decrescente";"Chuva";"Múltipla";"Curva";"Sim";2;0;1;0;1;0;1;2;-25,34996;-49,16642;"SR-PR";"UOP06";"DEL01"