"id";"data_inversa";"dia_semana";"horario";"uf";"br";"km";"municipio";"causa_acidente";"tipo_acidente";"classificacao_acidente";"fase_dia";"sentido_via";"condicao_metereologica";"tipo_pista";"tracado_via";"uso_solo";"pessoas";"mortos";"feridos_leves";"feridos_graves";"ilesos";"ignorados";"feridos";"veiculos";"latitude";"longitude";"regional";"delegacia";"uop"
271190;2020-02-23;"domingo";"10:00:00";"MG";40;471;"SETE LAGOAS";"Defeito Mecânico no Veículo";"Queda de ocupante de veículo";"Com Vítimas Feridas";"Pleno dia";"Decrescente";"Céu Claro";"Dupla";"Reta";"Não";2;0;2;0;0;0;2;1;-19,47544;-44,29067;"SR-MG";"UOP01";"DEL02"
271191;2020-02-23;"domingo";"10:00:00";"PB";230;9,2;"CABEDELO";"Velocidade Incompatível";"Colisão traseira";"Com Vítimas Feridas";"Pleno dia";"Decrescente";"Sol";"Simples";"Não Informado";"Sim";3;0;2;1;0;0;3;2;-7,0355;-34,8429;"SR-PB";"UOP01";"DEL01"
271192;2020-02-23;"domingo";"10:20:00";"GO";153;627;"MORRINHOS";"Mal Súbito";"Colisão com objeto estático";"Com Vítimas Feridas";"Pleno dia";"Crescente";"Nublado";"Dupla";"Reta";"Não";1;0;0;1;0;0;1;1;-17,7734;-49,17437;"SR-GO";"UOP01";"DEL03"
271193;2020-02-23;"domingo";"10:10:00";"PR";476;142;"CURITIBA";"Falta de Atenção à Condução";"Capotamento";"Com Vítimas Feridas";"Pleno dia";"Crescente";"Céu Claro";"Dupla";"Não Informado";"Sim";4;0;2;1;1;0;3;1;-25,53716;-49,30163;"SR-PR";"UOP03";"DEL01"
271194;2020-02-23;"domingo";"10:20:00";"MG";381;844,9;"SAO SEBASTIAO DA BELA VISTA";"Ultrapassagem Indevida";"Colisão lateral";"Com Vítimas Feridas";"Pleno dia";"Decrescente";"Céu Claro";"Dupla";"Reta";"Não";2;0;1;0;1;0;1;2;-22,22984;-45,87614;"SR-MG";"UOP01";"DEL16"
271195;2020-02-23;"domingo";"10:15:00";"MG";267;213,7;"BOM JARDIM DE MINAS";"Desobediência às normas de trânsito pelo condutor";"Colisão transversal";"Com Vítimas Fatais";"Pleno dia";"Decrescente";"Céu Claro";"Simples";"Interseção de vias";"Sim";4;1;0;1;1;1;1;2;-21,94003;-44,18926;"SR-MG";"UOP01";"DEL17"
271196;2020-02-23;"domingo";"09:40:00";"MA";10;249;"IMPERATRIZ";"Falta de Atenção à Condução";"Colisão traseira";"Com Vítimas Feridas";"Pleno dia";"Decrescente";"Céu Claro";"Simples";"Reta";"Sim";4;0;1;0;3;0;1;2;-5,558508;-47,45417;"SR-MA";"UOP01";"DEL04"
271197;2020-02-23;"domingo";"08:10:00";"MG";381;526,1;"BRUMADINHO";"Velocidade Incompatível";"Queda de ocupante de veículo";"Com Vítimas Feridas";"Pleno dia";"Crescente";"Nublado";"Dupla";"Curva";"Não";1;0;1;0;0;0;1;1;-20,16175;-44,34145;"SR-MG";"UOP03";"DEL04"
271198;2020-02-23;"domingo";"10:00:00";"AL";104;11,9;"SAO JOSE DA LAJE";"Falta de Atenção à Condução";"Saída de leito carroçável";"Com Vítimas Feridas";"Pleno dia";"Decrescente";"Céu Claro";"Simples";"Reta";"Não";2;0;2;0;0;0;2;1;-8,982145;-36,02842;"SR-AL";"UOP02";"DEL01"
271199;2020-02-23;"domingo";"04:30:00";"MS";267;313;"RIO BRILHANTE";"Ingestão de Álcool";"Saída de leito carroçável";"Com Vítimas Feridas";"Plena Noite";"Crescente";"Céu Claro";"Simples";"Curva";"Não";1;0;1;0;0;0;1;1;-21,69062;-54,71375;"SR-MS";"UOP02";"DEL02"
271200;2020-02-23;"domingo";"07:40:00";"SC";282;571,6;"NOVA ERECHIM";"Ingestão de Álcool";"Saída de leito carroçável";"Com Vítimas Feridas";"Pleno dia";"Decrescente";"Sol";"Simples";"Reta";"Não";3;0;2;0;1;0;2;1;-26,88305;-52,93982;"SR-SC";"UOP02";"DEL07"
271201;2020-02-23;"domingo";"10:30:00";"SC";101;416,5;"ARARANGUA";"Falta de Atenção à Condução";"Colisão traseira";"Com Vítimas Feridas";"Pleno dia";"Crescente";"Céu Claro";"Simples";"Reta";"Sim";2;0;1;0;1;0;1;2;-28,96709;-49,52339;"SR-SC";"UOP02";"DEL02"
271202;2020-02-23;"domingo";"11:10:00";"ES";259;16;"JOAO NEIVA";"Desobediência às normas de trânsito pelo condutor";"Colisão frontal";"Com Vítimas Feridas";"Pleno dia";"Crescente";"Garoa/Chuvisco";"Simples";"Curva";"Não";6;0;0;2;4;0;2;2;-19,65668;-40,42317;"SR-ES";"UOP01";"DEL02"
271203;2020-02-23;"domingo";"10:41:00";"PI";343;3,8;"TERESINA";"Falta de Atenção à Condução";"Colisão traseira";"Sem Vítimas";"Pleno dia";"Crescente";"Céu Claro";"Simples";"Reta";"Sim";2;0;0;0;2;0;0;2;-5,089569;-42,80229;"SR-PI";"UOP01";"DEL01"
271204;2020-02-23;"domingo";"11:12:00";"MG";262;380,1;"JUATUBA";"Velocidade Incompatível";"Tombamento";"Com Vítimas Fatais";"Pleno dia";"Crescente";"Nublado";"Dupla";"Curva";"Não";2;1;0;0;0;1;0;1;-19,94786;-44,38123;"SR-MG";"UOP03";"DEL01"
271205;2020-02-23;"domingo";"11:30:00";"GO";40;10,1;"LUZIANIA";"Falta de Atenção do Pedestre";"Atropelamento de Pedestre";"Com Vítimas Feridas";"Pleno dia";"Crescente";"Céu Claro";"Dupla";"Reta";"Sim";2;0;0;1;1;0;1;2;-16,13128;-47,95792;"SR-DF";"UOP01";"DEL01"
271206;2020-02-23;"domingo";"11:40:00";"DF";60;1;"BRASILIA";"Mal Súbito";"Colisão com objeto estático";"Com Vítimas Feridas";"Pleno dia";"Crescente";"Chuva";"Dupla";"Reta";"Sim";1;0;0;1;0;0;1;1;-15,88509;-48,06895;"SR-DF";"UOP02";"DEL01"
271208;2020-02-23;"domingo";"11:55:00";"SC";282;15,6;"PALHOCA";"Falta de Atenção à Condução";"Colisão traseira";"Com Vítimas Feridas";"Pleno dia";"Decrescente";"Sol";"Simples";"Reta";"Sim";2;0;1;0;1;0;1;2;-27,6561;-48,67957;"SR-SC";"UOP02";"DEL01"
271209;2020-02-23;"domingo";"12:00:00";"AL";101;199;"SAO SEBASTIAO";"Desobediência às normas de trânsito pelo condutor";"Colisão lateral";"Com Vítimas Feridas";"Pleno dia";"Decrescente";"Céu Claro";"Dupla";"Reta";"Não";2;0;1;1;0;0;2;2;-9,943156;-36,53647;"SR-AL";"UOP02";"DEL02"
271210;2020-02-23;"domingo";"12:00:00";"GO";364;332,8;"PORTELANDIA";"Defeito na Via";"Tombamento";"Com Vítimas Fatais";"Pleno dia";"Crescente";"Garoa/Chuvisco";"Simples";"Reta";"Não";6;3;1;0;2;0;1;3;-17,39324;-52,74625;"SR-GO";"UOP01";"DEL05"
271211;2020-02-23;"domingo";"11:20:00";"RS";470;256;"SALVADOR DO SUL";"Falta de Atenção à Condução";"Colisão transversal";"Com Vítimas Feridas";"Pleno dia";"Decrescente";"Céu Claro";"Simples";"Reta";"Sim";2;0;0;1;1;0;1;2;-29,42219;-51,52058;"SR-RS";"UOP01";"DEL06"
271212;2020-02-23;"domingo";"11:15:00";"PI";316;7,4;"TERESINA";"Desobediência às normas de trânsito pelo condutor";"Colisão transversal";"Com Vítimas Feridas";"Pleno dia";"Decrescente";"Céu Claro";"Simples";"Reta";"Não";2;0;1;0;1;0;1;2;-5,155846;-42,77173;"SR-PI";"UOP02";"DEL01"
271213;2020-02-23;"domingo";"10:30:00";"MT";364;170,2;"PEDRA PRETA";"Ingestão de Álcool";"Colisão lateral";"Com Vítimas Feridas";"Pleno dia";"Crescente";"Céu Claro";"Simples";"Não Informado";"Não";2;0;1;0;1;0;1;2;-16,64654;-54,41444;"SR-MT";"UOP01";"DEL02"
271215;2020-02-23;"domingo";"12:00:00";"TO";153;462,7;"BARROLANDIA";"Avarias e/ou desgaste excessivo no pneu";"Colisão com objeto estático";"Com Vítimas Feridas";"Pleno dia";"Decrescente";"Chuva";"Simples";"Ponte";"Não";1;0;1;0;0;0;1;1;-9,938189;-48,7395;"SR-TO";"UOP02";"DEL02"
271216;2020-02-23;"domingo";"11:30:00";"MS";267;232,7;"NOVA ALVORADA DO SUL";"Falta de Atenção à Condução";"Colisão frontal";"Com Vítimas Fatais";"Pleno dia";"Crescente";"Céu Claro";"Simples";"Reta";"Não";6;1;3;0;2;0;3;3;-21,52043;-54,23226;"SR-MS";"UOP01";"DEL02"
271217;2020-02-23;"domingo";"10:50:00";"RJ";116;226;"PIRAI";"Pista Escorregadia";"Colisão com objeto estático";"Sem Vítimas";"Pleno dia";"Decrescente";"Garoa/Chuvisco";"Simples";"Curva";"Não";3;0;0;0;3;0;0;1;-22,67057;-43,83592;"SR-RJ";"UOP01";"DEL07"
271218;2020-02-23;"domingo";"10:35:00";"SC";280;47,9;"GUARAMIRIM";"Falta de Atenção à Condução";"Colisão transversal";"Com Vítimas Feridas";"Pleno dia";"Decrescente";"Nublado";"Simples";"Reta";"Sim";2;0;1;0;1;0;1;2;-26,45507;-48,92767;"SR-SC";"UOP03";"DEL03"
271219;2020-02-23;"domingo";"13:20:00";"PE";408;89;"SAO LOURENCO DA MATA";"Velocidade Incompatível";"Colisão traseira";"Com Vítimas Feridas";"Pleno dia";"Decrescente";"Sol";"Múltipla";"Não Informado";"Não";5;0;1;1;3;0;2;2;-7,981491;-35,08112;"SR-PE";"UOP01";"DEL01"
271220;2020-02-23;"domingo";"13:20:00";"PR";373;243;"GUAMIRANGA";"Falta de Atenção à Condução";"Colisão lateral";"Com Vítimas Feridas";"Pleno dia";"Crescente";"Céu Claro";"Simples";"Reta";"Não";3;0;0;2;1;0;2;2;-25,19384;-50,78682;"SR-PR";"UOP01";"DEL03"
271221;2020-02-23;"domingo";"07:50:00";"BA";101;444;"UBAITABA";"Desobediência às normas de trânsito pelo condutor";"Tombamento";"Com Vítimas Feridas";"Pleno dia";"Crescente";"Céu Claro";"Dupla";"Reta";"Sim";2;0;2;0;0;0;2;1;-14,30749;-39,32263;"SR-BA";"UOP01";"DEL05"
271222;2020-02-23;"domingo";"08:01:00";"BA";330;828;"UBAITABA";"Velocidade Incompatível";"Colisão traseira";"Com Vítimas Feridas";"Pleno dia";"Crescente";"Céu Claro";"Simples";"Interseção de vias";"Não";3;0;1;1;1;0;2;2;-14,26661;-39,32661;"SR-BA";"UOP01";"DEL05"
271223;2020-02-23;"domingo";"13:30:00";"RN";226;2,3;"NATAL";"Desobediência às normas de trânsito pelo condutor";"Colisão frontal";"Com Vítimas Feridas";"Pleno dia";"Crescente";"Nublado";"Dupla";"Interseção de vias";"Sim";2;0;1;0;1;0;1;2;-5,813649;-35,24665;"SR-RN";"UOP02";"DEL01"
271224;2020-02-23;"domingo";"13:35:00";"SP";381;43;"ATIBAIA";"Defeito Mecânico no Veículo";"Tombamento";"Com Vítimas Feridas";"Pleno dia";"Decrescente";"Nublado";"Dupla";"Reta";"Sim";2;0;2;0;0;0;2;1;-23,15597;-46,57402;"SR-SP";"UOP01";"DEL03"
271225;2020-02-23;"domingo";"10:45:00";"PE";407;86,4;"PETROLINA";"Defeito Mecânico no Veículo";"Colisão lateral";"Sem Vítimas";"Pleno dia";"Decrescente";"Céu Claro";"Simples";"Reta";"Não";2;0;0;0;2;0;0;2;-9,058913;-40,67237;"SR-PE";"UOP02";"DEL06"
271226;2020-02-23;"domingo";"13:55:00";"SC";101;202;"SAO JOSE";"Ultrapassagem Indevida";"Colisão lateral";"Com Vítimas Feridas";"Pleno dia";"Decrescente";"Céu Claro";"Múltipla";"Reta";"Não";6;0;5;0;1;0;5;3;-27,55712;-48,61898;"SR-SC";"UOP01";"DEL01"
271227;2020-02-23;"domingo";"13:30:00";"DF";60;2,8;"BRASILIA";"Pista Escorregadia";"Queda de ocupante de veículo";"Com Vítimas Feridas";"Pleno dia";"Crescente";"Chuva";"Dupla";"Reta";"Sim";2;0;2;0;0;0;2;1;-15,88738;-48,07799;"SR-DF";"UOP02";"DEL01"
271230;2020-02-23;"domingo";"13:45:00";"SC";101;313;"PESCARIA BRAVA";"Não guardar distância de segurança";"Colisão traseira";"Com Vítimas Feridas";"Pleno dia";"Decrescente";"Sol";"Dupla";"Reta";"Sim";2;0;1;0;1;0;1;2;-28,44044;-48,81403;"SR-SC";"UOP01";"DEL02"
271231;2020-02-23;"domingo";"14:00:00";"ES";101;450,2;"MIMOSO DO SUL";"Falta de Atenção à Condução";"Saída de leito carroçável";"Com Vítimas Feridas";"Pleno dia";"Crescente";"Nublado";"Simples";"Curva";"Não";1;0;1;0;0;0;1;1;-21,14473;-41,27037;"SR-ES";"UOP02";"DEL03"
271232;2020-02-23;"domingo";"13:30:00";"PR";373;243,1;"GUAMIRANGA";"Falta de Atenção do Pedestre";"Atropelamento de Pedestre";"Com Vítimas Feridas";"Pleno dia";"Crescente";"Sol";"Simples";"Reta";"Não";3;0;0;1;1;1;1;1;-25,19384;-50,78682;"SR-PR";"UOP01";"DEL03"
271233;2020-02-23;"domingo";"12:50:00";"RS";290;213,4;"PANTANO GRANDE";"Velocidade Incompatível";"Colisão com objeto estático";"Sem Vítimas";"Pleno dia";"Crescente";"Céu Claro";"Simples";"Interseção de vias";"Sim";1;0;0;0;1;0;0;1;-30,18757;-52,35878;"SR-RS";"UOP03";"DEL02"
271234;2020-02-23;"domingo";"14:30:00";"SC";470;48,7;"BLUMENAU";"Desobediência às normas de trânsito pelo condutor";"Colisão transversal";"Com Vítimas Feridas";"Pleno dia";"Decrescente";"Céu Claro";"Simples";"Não Informado";"Sim";3;0;1;0;2;0;1;2;-26,85972;-49,06246;"SR-SC";"UOP01";"DEL04"
271235;2020-02-23;"domingo";"10:30:00";"GO";158;271;"JATAI";"Restrição de Visibilidade";"Colisão frontal";"Com Vítimas Feridas";"Pleno dia";"Crescente";"Céu Claro";"Simples";"Não Informado";"Sim";5;0;1;1;3;0;2;2;-17,8729;-51,72988;"SR-GO";"UOP01";"DEL05"
271236;2020-02-23;"domingo";"14:10:00";"BA";116;410,9;"FEIRA DE SANTANA";"Ingestão de Álcool";"Colisão frontal";"Sem Vítimas";"Pleno dia";"Crescente";"Sol";"Simples";"Reta";"Não";2;0;0;0;2;0;0;2;-12,1165;-38,96846;"SR-BA";"UOP01";"DEL02"
271237;2020-02-23;"domingo";"08:35:00";"MT";70;282;"PRIMAVERA DO LESTE";"Falta de Atenção à Condução";"Colisão lateral";"Com Vítimas Feridas";"Pleno dia";"Crescente";"Céu Claro";"Simples";"Interseção de vias";"Sim";4;0;0;2;1;1;2;2;-15,57124;-54,31324;"SR-MT";"UOP01";"DEL05"
271238;2020-02-23;"domingo";"14:40:00";"SC";101;65,3;"ARAQUARI";"Não guardar distância de segurança";"Colisão traseira";"Com Vítimas Feridas";"Pleno dia";"Crescente";"Sol";"Dupla";"Reta";"Não";4;0;2;0;2;0;2;2;-26,47136;-48,74457;"SR-SC";"UOP02";"DEL03"
271240;2020-02-23;"domingo";"14:55:00";"GO";414;412,5;"ABADIANIA";"Mal Súbito";"Saída de leito carroçável";"Com Vítimas Feridas";"Pleno dia";"Crescente";"Nublado";"Simples";"Não Informado";"Não";2;0;2;0;0;0;2;1;-16,07655;-48,85262;"SR-GO";"UOP01";"DEL02"
271241;2020-02-23;"domingo";"15:05:00";"PI";316;17,4;"TERESINA";"Desobediência às normas de trânsito pelo condutor";"Colisão traseira";"Sem Vítimas";"Pleno dia";"Crescente";"Céu Claro";"Simples";"Reta";"Não";2;0;0;0;2;0;0;2;-5,245757;-42,73371;"SR-PI";"UOP02";"DEL01"
271242;2020-02-23;"domingo";"14:30:00";"BA";110;106;"ANTAS";"Mal Súbito";"Saída de leito carroçável";"Com Vítimas Feridas";"Pleno dia";"Crescente";"Céu Claro";"Simples";"Curva";"Não";1;0;1;0;0;0;1;1;-10,34513;-38,3291;"SR-BA";"UOP01";"DEL07"
271245;2020-02-23;"domingo";"14:15:00";"MT";364;268;"JACIARA";"Falta de Atenção à Condução";"Capotamento";"Com Vítimas Feridas";"Pleno dia";"Crescente";"Chuva";"Simples";"Reta";"Não";2;0;2;0;0;0;2;1;-15,98124;-54,9324;"SR-MT";"UOP02";"DEL05"
271246;2020-02-23;"domingo";"10:00:00";"MT";70;630;"POCONE";"Velocidade Incompatível";"Saída de leito carroçável";"Com Vítimas Feridas";"Pleno dia";"Decrescente";"Céu Claro";"Simples";"Reta";"Não";3;0;2;0;1;0;2;1;-15,92893;-56,94977;"SR-MT";"UOP02";"DEL03"
271247;2020-02-23;"domingo";"15:00:00";"SP";153;59,9;"SAO JOSE DO RIO PRETO";"Ingestão de Álcool";"Saída de leito carroçável";"Com Vítimas Feridas";"Pleno dia";"Decrescente";"Céu Claro";"Dupla";"Reta";"Sim";2;0;2;0;0;0;2;1;-20,78733;-49,35399;"SR-SP";"UOP01";"DEL09"
271250;2020-02-23;"domingo";"15:00:00";"BA";20;149;"SAO DESIDERIO";"Ingestão de Álcool";"Colisão frontal";"Com Vítimas Fatais";"Pleno dia";"Crescente";"Chuva";"Simples";"Reta";"Não";2;1;0;0;1;0;0;2;-12,63663;-45,91889;"SR-BA";"UOP01";"DEL10"
271251;2020-02-23;"domingo";"13:00:00";"MG";381;344;"BELA VISTA DE MINAS";"Pista Escorregadia";"Saída de leito carroçável";"Com Vítimas Feridas";"Pleno dia";"Decrescente";"Garoa/Chuvisco";"Simples";"Curva";"Não";2;0;1;0;1;0;1;1;-19,85987;-43,11281;"SR-MG";"UOP01";"DEL03"
271253;2020-02-23;"domingo";"16:40:00";"CE";222;4,9;"CAUCAIA";"Desobediência às normas de trânsito pelo condutor";"Colisão transversal";"Com Vítimas Feridas";"Pleno dia";"Crescente";"Céu Claro";"Múltipla";"Reta";"Sim";3;0;0;1;2;0;1;2;-3,741648;-38,6045;"SR-CE";"UOP01";"DEL01"
271254;2020-02-23;"domingo";"08:45:00";"SC";470;112;"IBIRAMA";"Carga excessiva e/ou mal acondicionada";"Tombamento";"Com Vítimas Feridas";"Pleno dia";"Crescente";"Céu Claro";"Simples";"Curva";"Não";1;0;1;0;0;0;1;1;-27,09701;-49,46289;"SR-SC";"UOP02";"DEL04"
271255;2020-02-23;"domingo";"16:30:00";"MG";381;450;"SANTA LUZIA";"Desobediência às normas de trânsito pelo condutor";"Colisão lateral";"Com Vítimas Feridas";"Pleno dia";"Crescente";"Céu Claro";"Simples";"Reta";"Sim";2;0;1;0;1;0;1;2;-19,84131;-43,87177;"SR-MG";"UOP01";"DEL01"
271256;2020-02-23;"domingo";"16:40:00";"MG";153;176;"COMENDADOR GOMES";"Falta de Atenção à Condução";"Colisão lateral";"Com Vítimas Fatais";"Pleno dia";"Crescente";"Nublado";"Simples";"Reta";"Não";2;1;1;0;0;0;1;2;-19,7632;-48,96598;"SR-MG";"UOP02";"DEL13"
271257;2020-02-23;"domingo";"15:00:00";"AC";364;123,7;"RIO BRANCO";"Ingestão de Álcool";"Tombamento";"Com Vítimas Feridas";"Pleno dia";"Crescente";"Nublado";"Dupla";"Reta";"Sim";2;0;1;0;0;1;1;1;-10,01171;-67,78237;"SR-AC";"UOP01";"DEL01"
271258;2020-02-23;"domingo";"16:05:00";"SC";116;225,1;"CORREIA PINTO";"Desobediência às normas de trânsito pelo condutor";"Saída de leito carroçável";"Sem Vítimas";"Pleno dia";"Crescente";"Sol";"Simples";"Interseção de vias";"Não";1;0;0;0;1;0;0;1;-27,63214;-50,34004;"SR-SC";"UOP03";"DEL05"
271259;2020-02-23;"domingo";"16:50:00";"MG";354;747,3;"ITANHANDU";"Falta de Atenção à Condução";"Colisão transversal";"Com Vítimas Feridas";"Pleno dia";"Crescente";"Céu Claro";"Simples";"Curva";"Não";6;0;1;1;4;0;2;2;-22,26579;-44,90426;"SR-MG";"UOP01";"DEL17"
271260;2020-02-23;"domingo";"16:40:00";"GO";153;515;"APARECIDA DE GOIANIA";"Falta de Atenção à Condução";"Colisão transversal";"Com Vítimas Feridas";"Pleno dia";"Crescente";"Céu Claro";"Dupla";"Reta";"Sim";4;0;2;0;2;0;2;2;-16,8413;-49,2454;"SR-GO";"UOP03";"DEL01"
271261;2020-02-23;"domingo";"17:00:00";"BA";101;877;"TEIXEIRA DE FREITAS";"Desobediência às normas de trânsito pelo condutor";"Colisão transversal";"Com Vítimas Feridas";"Pleno dia";"Crescente";"Céu Claro";"Simples";"Reta";"Não";2;0;0;1;1;0;1;2;-17,53275;-39,71146;"SR-BA";"UOP02";"DEL09"
271262;2020-02-23;"domingo";"17:03:00";"PE";101;60,2;"RECIFE";"Ingestão de Álcool";"Tombamento";"Com Vítimas Feridas";"Pleno dia";"Crescente";"Céu Claro";"Dupla";"Curva";"Sim";1;0;1;0;0;0;1;1;-7,985269;-34,932;"SR-PE";"UOP02";"DEL01"
271263;2020-02-23;"domingo";"17:25:00";"ES";101;66,5;"SAO MATEUS";"Defeito Mecânico no Veículo";"Queda de ocupante de veículo";"Com Vítimas Feridas";"Pleno dia";"Crescente";"Céu Claro";"Múltipla";"Reta";"Sim";2;0;2;0;0;0;2;1;-18,71652;-39,87436;"SR-ES";"UOP02";"DEL04"
271264;2020-02-23;"domingo";"17:30:00";"RJ";40;93,6;"DUQUE DE CAXIAS";"Pista Escorregadia";"Tombamento";"Com Vítimas Feridas";"Pleno dia";"Crescente";"Chuva";"Dupla";"Curva";"Não";2;0;1;0;1;0;1;1;-22,55543;-43,2583;"SR-RJ";"UOP01";"DEL01"
271265;2020-02-23;"domingo";"16:47:00";"PR";469;20,6;"FOZ DO IGUACU";"Desobediência às normas de trânsito pelo condutor";"Colisão frontal";"Com Vítimas Feridas";"Pleno dia";"Crescente";"Sol";"Dupla";"Não Informado";"Sim";2;0;0;1;1;0;1;2;-25,6062;-54,4945;"SR-PR";"UOP03";"DEL05"
271268;2020-02-23;"domingo";"16:50:00";"PE";424;81,4;"GARANHUNS";"Velocidade Incompatível";"Saída de leito carroçável";"Com Vítimas Feridas";"Anoitecer";"Decrescente";"Céu Claro";"Simples";"Reta";"Não";2;0;1;1;0;0;2;1;-8,83787;-36,53617;"SR-PE";"UOP01";"DEL03"
271269;2020-02-23;"domingo";"17:15:00";"ES";101;390;"RIO NOVO DO SUL";"Condutor Dormindo";"Colisão com objeto estático";"Sem Vítimas";"Pleno dia";"Decrescente";"Céu Claro";"Simples";"Reta";"Não";2;0;0;0;1;1;0;1;-20,86541;-40,88782;"SR-ES";"UOP02";"DEL03"
271270;2020-02-23;"domingo";"17:45:00";"PR";277;662,5;"MATELANDIA";"Falta de Atenção à Condução";"Colisão traseira";"Com Vítimas Feridas";"Pleno dia";"Crescente";"Céu Claro";"Dupla";"Curva";"Não";3;0;0;1;2;0;1;2;-25,25122;-54,00914;"SR-PR";"UOP05";"DEL04"
271271;2020-02-23;"domingo";"18:10:00";"CE";222;3;"FORTALEZA";"Ingestão de Álcool";"Colisão traseira";"Com Vítimas Feridas";"Plena Noite";"Crescente";"Céu Claro";"Múltipla";"Reta";"Sim";2;0;1;0;1;0;1;2;-3,740377;-38,59569;"SR-CE";"UOP01";"DEL01"
271272;2020-02-23;"domingo";"17:50:00";"RS";290;39;"SANTO ANTONIO DA PATRULHA";"Desobediência às normas de trânsito pelo condutor";"Saída de leito carroçável";"Com Vítimas Feridas";"Pleno dia";"Decrescente";"Sol";"Dupla";"Reta";"Não";1;0;0;1;0;0;1;1;-29,88625;-50,64823;"SR-RS";"UOP01";"DEL03"
271273;2020-02-23;"domingo";"17:35:00";"BA";324;517,9;"FEIRA DE SANTANA";"Desobediência às normas de trânsito pelo condutor";"Colisão transversal";"Sem Vítimas";"Anoitecer";"Decrescente";"Céu Claro";"Simples";"Interseção de vias";"Sim";2;0;0;0;2;0;0;2;-12,24953;-38,93363;"SR-BA";"UOP01";"DEL02"
271274;2020-02-23;"domingo";"18:20:00";"PE";101;51,5;"ABREU E LIMA";"Não guardar distância de segurança";"Colisão traseira";"Com Vítimas Feridas";"Plena Noite";"Crescente";"Céu Claro";"Dupla";"Não Informado";"Sim";4;0;1;0;3;0;1;2;-7,916997;-34,89689;"SR-PE";"UOP02";"DEL01"
271275;2020-02-23;"domingo";"17:00:00";"MG";381;694,9;"LAVRAS";"Falta de Atenção à Condução";"Colisão com objeto estático";"Com Vítimas Feridas";"Pleno dia";"Crescente";"Ignorado";"Dupla";"Não Informado";"Não";1;0;1;0;0;0;1;1;-21,26844;-45,13722;"SR-MG";"UOP02";"DEL04"
271276;2020-02-23;"domingo";"17:15:00";"PR";277;31;"MORRETES";"Falta de Atenção à Condução";"Queda de ocupante de veículo";"Com Vítimas Feridas";"Pleno dia";"Crescente";"Céu Claro";"Dupla";"Curva";"Não";1;0;0;1;0;0;1;1;-25,52875;-48,73513;"SR-PR";"UOP07";"DEL01"
271277;2020-02-23;"domingo";"17:18:00";"RJ";40;58,6;"PETROPOLIS";"Falta de Atenção à Condução";"Tombamento";"Com Vítimas Feridas";"Pleno dia";"Decrescente";"Chuva";"Dupla";"Curva";"Não";1;0;1;0;0;0;1;1;-22,37878;-43,13152;"SR-RJ";"UOP01";"DEL06"
271278;2020-02-23;"domingo";"18:40:00";"ES";259;87,5;"BAIXO GUANDU";"Ingestão de Álcool";"Colisão lateral";"Com Vítimas Feridas";"Plena Noite";"Crescente";"Nublado";"Simples";"Curva";"Não";2;0;0;1;1;0;1;2;-19,50802;-40,9251;"SR-ES";"UOP01";"DEL02"
271279;2020-02-23;"domingo";"17:30:00";"BA";101;839;"TEIXEIRA DE FREITAS";"Ingestão de Álcool";"Colisão frontal";"Com Vítimas Feridas";"Pleno dia";"Crescente";"Céu Claro";"Simples";"Reta";"Não";2;0;0;1;1;0;1;2;-17,42807;-39,68626;"SR-BA";"UOP01";"DEL09"
271280;2020-02-23;"domingo";"18:30:00";"SE";101;93,2;"NOSSA SENHORA DO SOCORRO";"Falta de Atenção à Condução";"Colisão com objeto estático";"Com Vítimas Feridas";"Plena Noite";"Decrescente";"Céu Claro";"Dupla";"Curva";"Sim";2;0;1;1;0;0;2;1;-10,90212;-37,14495;"SR-SE";"UOP01";"DEL01"
271281;2020-02-23;"domingo";"18:40:00";"BA";116;523;"ITATIM";"Falta de Atenção à Condução";"Colisão lateral";"Com Vítimas Feridas";"Plena Noite";"Decrescente";"Céu Claro";"Simples";"Reta";"Não";2;0;0;1;1;0;1;2;-12,69632;-39,70397;"SR-BA";"UOP02";"DEL03"
271282;2020-02-23;"domingo";"18:50:00";"CE";116;544;"PENAFORTE";"Ingestão de Álcool";"Colisão frontal";"Sem Vítimas";"Plena Noite";"Decrescente";"Nublado";"Simples";"Curva";"Sim";2;0;0;0;2;0;0;2;-7,795384;-39,07774;"SR-CE";"UOP03";"DEL05"
271284;2020-02-23;"domingo";"19:10:00";"RS";287;261;"SANTA MARIA";"Ingestão de Álcool";"Saída de leito carroçável";"Com Vítimas Feridas";"Anoitecer";"Decrescente";"Céu Claro";"Simples";"Não Informado";"Não";4;0;2;0;2;0;2;2;-29,67387;-53,98129;"SR-RS";"UOP01";"DEL09"
271285;2020-02-23;"domingo";"18:45:00";"DF";70;4;"BRASILIA";"Ingestão de Álcool";"Colisão transversal";"Com Vítimas Feridas";"Anoitecer";"Crescente";"Chuva";"Dupla";"Reta";"Não";3;0;0;1;1;1;1;2;-15,79811;-48,08932;"SR-DF";"UOP03";"DEL01"
271286;2020-02-23;"domingo";"19:23:00";"PR";277;717,8;"SANTA TEREZINHA DE ITAIPU";"Falta de Atenção à Condução";"Saída de leito carroçável";"Com Vítimas Feridas";"Anoitecer";"Crescente";"Céu Claro";"Dupla";"Reta";"Não";4;0;1;0;3;0;1;1;-25,47637;-54,47652;"SR-PR";"UOP01";"DEL05"