"id";"data_inversa";"dia_semana";"horario";"uf";"br";"km";"municipio";"causa_acidente";"tipo_acidente";"classificacao_acidente";"fase_dia";"sentido_via";"condicao_metereologica";"tipo_pista";"tracado_via";"uso_solo";"pessoas";"mortos";"feridos_leves";"feridos_graves";"ilesos";"ignorados";"feridos";"veiculos";"latitude";"longitude";"regional";"delegacia";"uop"
272321;2020-02-29;"sábado";"05:30:00";"RJ";40;119;"DUQUE DE CAXIAS";"Falta de Atenção à Condução";"Colisão traseira";"Com Vítimas Feridas";"Pleno dia";"Decrescente";"Nublado";"Múltipla";"Reta";"Sim";5;0;4;0;1;0;4;3;-22,76376;-43,28683;"SR-RJ";"UOP01";"DEL01"
272322;2020-02-29;"sábado";"07:30:00";"SE";101;103;"SAO CRISTOVAO";"Pista Escorregadia";"Colisão traseira";"Sem Vítimas";"Pleno dia";"Crescente";"Chuva";"Dupla";"Reta";"Não";2;0;0;0;2;0;0;2;-10,95276;-37,21921;"SR-SE";"UOP01";"DEL02"
272323;2020-02-29;"sábado";"07:30:00";"PA";163;991;"SANTAREM";"Não guardar distância de segurança";"Colisão frontal";"Com Vítimas Fatais";"Amanhecer";"Decrescente";"Céu Claro";"Simples";"Reta";"Não";6;2;1;0;3;0;1;3;-2,547851;-54,72278;"SR-PA";"UOP01";"DEL05"
272324;2020-02-28;"sexta-feira";"15:30:00";"MG";116;39;"PEDRA AZUL";"Pista Escorregadia";"Saída de leito carroçável";"Com Vítimas Feridas";"Anoitecer";"Crescente";"Chuva";"Simples";"Curva";"Não";1;0;1;0;0;0;1;1;-15,97458;-41,40205;"SR-MG";"UOP02";"DEL11"
272325;2020-02-29;"sábado";"08:25:00";"PE";423;20,4;"SAO CAITANO";"Agressão Externa";"Colisão transversal";"Com Vítimas Feridas";"Pleno dia";"Decrescente";"Sol";"Simples";"Reta";"Não";3;0;1;1;1;0;2;2;-8,339325;-36,1591;"SR-PE";"UOP02";"DEL02"
272326;2020-02-29;"sábado";"08:25:00";"CE";116;4,1;"FORTALEZA";"Defeito Mecânico no Veículo";"Queda de ocupante de veículo";"Com Vítimas Feridas";"Pleno dia";"Decrescente";"Céu Claro";"Dupla";"Reta";"Sim";2;0;1;1;0;0;2;1;-3,786721;-38,51146;"SR-CE";"UOP02";"DEL01"
272327;2020-02-29;"sábado";"08:00:00";"PR";467;98,2;"CASCAVEL";"Falta de Atenção à Condução";"Colisão lateral";"Com Vítimas Feridas";"Pleno dia";"Crescente";"Céu Claro";"Dupla";"Curva";"Não";2;0;1;0;1;0;1;2;-24,8897;-53,5525;"SR-PR";"UOP06";"DEL04"
272328;2020-02-29;"sábado";"06:55:00";"PR";476;146,4;"ARAUCARIA";"Defeito Mecânico no Veículo";"Incêndio";"Sem Vítimas";"Pleno dia";"Decrescente";"Céu Claro";"Dupla";"Não Informado";"Sim";1;0;0;0;1;0;0;1;-25,55119;-49,33011;"SR-PR";"UOP04";"DEL01"
272329;2020-02-29;"sábado";"02:15:00";"RS";290;494,3;"ROSARIO DO SUL";"Animais na Pista";"Atropelamento de Animal";"Sem Vítimas";"Plena Noite";"Decrescente";"Céu Claro";"Simples";"Reta";"Não";1;0;0;0;1;0;0;1;-30,21247;-55,05344;"SR-RS";"UOP02";"DEL11"
272330;2020-02-29;"sábado";"07:20:00";"MT";364;201;"RONDONOPOLIS";"Falta de Atenção à Condução";"Queda de ocupante de veículo";"Com Vítimas Feridas";"Pleno dia";"Decrescente";"Nublado";"Dupla";"Rotatória";"Sim";1;0;1;0;0;0;1;1;-16,49141;-54,64638;"SR-MT";"UOP01";"DEL02"
272332;2020-02-29;"sábado";"07:40:00";"SC";282;30,4;"SANTO AMARO DA IMPERATRIZ";"Falta de Atenção à Condução";"Saída de leito carroçável";"Com Vítimas Feridas";"Pleno dia";"Decrescente";"Céu Claro";"Simples";"Curva";"Não";1;0;1;0;0;0;1;1;-27,68738;-48,79071;"SR-SC";"UOP03";"DEL01"
272333;2020-02-29;"sábado";"08:50:00";"PI";316;12,3;"TERESINA";"Desobediência às normas de trânsito pelo condutor";"Colisão transversal";"Com Vítimas Feridas";"Pleno dia";"Crescente";"Céu Claro";"Dupla";"Reta";"Sim";4;0;2;1;1;0;3;2;-5,200644;-42,758;"SR-PI";"UOP02";"DEL01"
272334;2020-02-29;"sábado";"08:45:00";"RS";116;204,4;"PICADA CAFE";"Velocidade Incompatível";"Tombamento";"Com Vítimas Feridas";"Pleno dia";"Crescente";"Céu Claro";"Simples";"Curva";"Não";2;0;0;2;0;0;2;1;-29,49494;-51,14114;"SR-RS";"UOP02";"DEL05"
272335;2020-02-29;"sábado";"06:40:00";"BA";20;123,5;"SAO DESIDERIO";"Defeito Mecânico no Veículo";"Tombamento";"Com Vítimas Feridas";"Pleno dia";"Crescente";"Céu Claro";"Simples";"Reta";"Sim";1;0;1;0;0;0;1;1;-12,863;-45,966;"SR-BA";"UOP01";"DEL10"
272336;2020-02-29;"sábado";"09:00:00";"SC";101;123;"ITAJAI";"Falta de Atenção à Condução";"Colisão lateral";"Com Vítimas Feridas";"Pleno dia";"Crescente";"Céu Claro";"Simples";"Interseção de vias";"Sim";3;0;1;0;2;0;1;2;-26,93669;-48,69877;"SR-SC";"UOP04";"DEL04"
272337;2020-02-29;"sábado";"07:30:00";"GO";153;504;"APARECIDA DE GOIANIA";"Pista Escorregadia";"Colisão traseira";"Com Vítimas Feridas";"Pleno dia";"Crescente";"Chuva";"Dupla";"Reta";"Sim";4;0;1;0;3;0;1;2;-16,7451;-49,2408;"SR-GO";"UOP01";"DEL01"
272338;2020-02-29;"sábado";"09:30:00";"PR";369;152,7;"LONDRINA";"Não guardar distância de segurança";"Colisão traseira";"Com Vítimas Feridas";"Pleno dia";"Crescente";"Sol";"Dupla";"Não Informado";"Sim";2;0;0;1;1;0;1;2;-23,29352;-51,18732;"SR-PR";"UOP01";"DEL07"
272339;2020-02-29;"sábado";"09:55:00";"MG";381;360;"JOAO MONLEVADE";"Desobediência às normas de trânsito pelo condutor";"Queda de ocupante de veículo";"Com Vítimas Feridas";"Pleno dia";"Decrescente";"Nublado";"Simples";"Não Informado";"Sim";5;0;2;0;3;0;2;3;-19,83815;-43,18547;"SR-MG";"UOP01";"DEL03"
272340;2020-02-29;"sábado";"09:40:00";"CE";20;416;"MARACANAU";"Falta de Atenção à Condução";"Colisão lateral";"Com Vítimas Feridas";"Pleno dia";"Crescente";"Céu Claro";"Dupla";"Interseção de vias";"Não";3;0;2;1;0;0;3;2;-3,76999;-38,67006;"SR-CE";"UOP02";"DEL01"
272341;2020-02-29;"sábado";"08:40:00";"MG";381;732,5;"CARMO DA CACHOEIRA";"Velocidade Incompatível";"Saída de leito carroçável";"Sem Vítimas";"Pleno dia";"Decrescente";"Nublado";"Dupla";"Curva";"Não";1;0;0;0;1;0;0;1;-21,5224;-45,22359;"SR-MG";"UOP02";"DEL04"
272342;2020-02-29;"sábado";"10:00:00";"GO";414;409;"ABADIANIA";"Falta de Atenção à Condução";"Colisão transversal";"Com Vítimas Feridas";"Pleno dia";"Crescente";"Nublado";"Simples";"Interseção de vias";"Sim";2;0;1;0;1;0;1;2;-16,05859;-48,85402;"SR-GO";"UOP01";"DEL02"
272343;2020-02-15;"sábado";"19:00:00";"BA";110;367;"CATU";"Ingestão de Álcool";"Colisão traseira";"Com Vítimas Feridas";"Plena Noite";"Crescente";"Ignorado";"Simples";"Não Informado";"Sim";2;0;1;0;1;0;1;2;-12,36903;-38,38654;"SR-BA";"UOP04";"DEL01"
272344;2020-02-29;"sábado";"09:50:00";"PR";476;277,2;"SAO MATEUS DO SUL";"Desobediência às normas de trânsito pelo condutor";"Colisão lateral";"Com Vítimas Feridas";"Pleno dia";"Decrescente";"Nublado";"Simples";"Reta";"Sim";2;0;1;0;1;0;1;2;-25,87505;-50,39092;"SR-PR";"UOP05";"DEL03"
272345;2020-02-29;"sábado";"10:00:00";"MG";262;635,5;"IBIA";"Falta de Atenção à Condução";"Colisão lateral";"Com Vítimas Feridas";"Pleno dia";"Decrescente";"Nublado";"Simples";"Curva";"Não";6;0;2;0;4;0;2;2;-19,58854;-46,49859;"SR-MG";"UOP01";"DEL08"
272347;2020-02-29;"sábado";"10:50:00";"PR";369;153;"LONDRINA";"Velocidade Incompatível";"Colisão com objeto estático";"Com Vítimas Fatais";"Pleno dia";"Decrescente";"Céu Claro";"Simples";"Viaduto";"Sim";2;1;0;0;0;1;0;1;-23,29843;-51,19462;"SR-PR";"UOP01";"DEL07"
272348;2020-02-29;"sábado";"10:20:00";"PR";116;14;"CAMPINA GRANDE DO SUL";"Falta de Atenção à Condução";"Saída de leito carroçável";"Com Vítimas Feridas";"Pleno dia";"Crescente";"Garoa/Chuvisco";"Dupla";"Curva";"Não";2;0;1;0;1;0;1;1;-25,09836;-48,67392;"SR-PR";"UOP02";"DEL01"
272349;2020-02-29;"sábado";"10:30:00";"RJ";101;290;"ITABORAI";"Falta de Atenção à Condução";"Colisão lateral";"Com Vítimas Feridas";"Pleno dia";"Crescente";"Nublado";"Dupla";"Curva";"Não";3;0;1;0;2;0;1;2;-22,76708;-42,86081;"SR-RJ";"UOP03";"DEL02"
272350;2020-02-29;"sábado";"10:55:00";"GO";70;0,1;"AGUAS LINDAS DE GOIAS";"Pista Escorregadia";"Saída de leito carroçável";"Sem Vítimas";"Pleno dia";"Decrescente";"Garoa/Chuvisco";"Dupla";"Não Informado";"Não";1;0;0;0;1;0;0;1;-15,78362;-48,23274;"SR-DF";"UOP03";"DEL01"
272352;2020-02-29;"sábado";"10:55:00";"SC";470;7,4;"NAVEGANTES";"Desobediência às normas de trânsito pelo condutor";"Colisão frontal";"Com Vítimas Feridas";"Pleno dia";"Crescente";"Céu Claro";"Simples";"Reta";"Não";3;0;0;1;1;1;1;2;-26,84499;-48,71505;"SR-SC";"UOP04";"DEL04"
272353;2020-02-29;"sábado";"11:25:00";"SC";282;18,3;"PALHOCA";"Desobediência às normas de trânsito pelo condutor";"Colisão transversal";"Sem Vítimas";"Pleno dia";"Crescente";"Céu Claro";"Simples";"Reta";"Sim";2;0;0;0;2;0;0;2;-27,6728;-48,69429;"SR-SC";"UOP02";"DEL01"
272354;2020-02-29;"sábado";"11:25:00";"RS";285;293,1;"PASSO FUNDO";"Velocidade Incompatível";"Tombamento";"Sem Vítimas";"Pleno dia";"Crescente";"Céu Claro";"Dupla";"Rotatória";"Sim";1;0;0;0;1;0;0;1;-28,23691;-52,37408;"SR-RS";"UOP03";"DEL08"
272355;2020-02-29;"sábado";"11:30:00";"SC";101;134,4;"BALNEARIO CAMBORIU";"Não guardar distância de segurança";"Colisão traseira";"Com Vítimas Feridas";"Pleno dia";"Crescente";"Céu Claro";"Dupla";"Reta";"Sim";3;0;2;0;1;0;2;2;-27,00218;-48,63643;"SR-SC";"UOP03";"DEL04"
272356;2020-02-17;"segunda-feira";"16:20:00";"RS";386;69,3;"BOA VISTA DAS MISSOES";"Defeito na Via";"Saída de leito carroçável";"Com Vítimas Feridas";"Pleno dia";"Decrescente";"Sol";"Simples";"Reta";"Não";1;0;1;0;0;0;1;1;-27,66005;-53,31626;"SR-RS";"UOP02";"DEL08"
272357;2020-02-29;"sábado";"12:10:00";"ES";101;109,7;"SOORETAMA";"Falta de Atenção à Condução";"Saída de leito carroçável";"Com Vítimas Feridas";"Pleno dia";"Decrescente";"Nublado";"Simples";"Desvio Temporário";"Não";3;0;2;1;0;0;3;1;-19,05398;-40,03082;"SR-ES";"UOP01";"DEL04"
272358;2020-02-29;"sábado";"11:50:00";"SC";282;15;"PALHOCA";"Desobediência às normas de trânsito pelo condutor";"Atropelamento de Pedestre";"Com Vítimas Feridas";"Pleno dia";"Decrescente";"Céu Claro";"Simples";"Reta";"Sim";3;0;1;0;2;0;1;2;-27,65185;-48,67605;"SR-SC";"UOP02";"DEL01"
272359;2020-02-29;"sábado";"10:30:00";"SC";470;168,5;"POUSO REDONDO";"Falta de Atenção à Condução";"Colisão transversal";"Com Vítimas Feridas";"Pleno dia";"Crescente";"Céu Claro";"Simples";"Reta";"Não";2;0;1;0;1;0;1;2;-27,26699;-49,87252;"SR-SC";"UOP02";"DEL04"
272360;2020-02-29;"sábado";"11:50:00";"BA";415;27,3;"ILHEUS";"Objeto estático sobre o leito carroçável";"Colisão com objeto estático";"Com Vítimas Feridas";"Pleno dia";"Decrescente";"Céu Claro";"Simples";"Curva";"Não";1;0;1;0;0;0;1;1;-14,8482;-39,28199;"SR-BA";"UOP01";"DEL05"
272361;2020-02-29;"sábado";"10:45:00";"MA";135;2,9;"SAO LUIS";"Pista Escorregadia";"Colisão frontal";"Sem Vítimas";"Pleno dia";"Crescente";"Nublado";"Dupla";"Não Informado";"Sim";1;0;0;0;1;0;0;1;-2,598067;-44,24574;"SR-MA";"UOP01";"DEL01"
272362;2020-02-29;"sábado";"13:00:00";"MG";381;341;"BELA VISTA DE MINAS";"Defeito Mecânico no Veículo";"Incêndio";"Sem Vítimas";"Pleno dia";"Crescente";"Chuva";"Simples";"Não Informado";"Não";1;0;0;0;1;0;0;1;-19,84403;-43,10352;"SR-MG";"UOP01";"DEL03"
272363;2020-02-29;"sábado";"12:10:00";"MG";381;492;"BETIM";"Mal Súbito";"Colisão traseira";"Com Vítimas Feridas";"Pleno dia";"Decrescente";"Céu Claro";"Dupla";"Reta";"Sim";2;0;0;1;1;0;1;2;-19,99621;-44,20888;"SR-MG";"UOP03";"DEL01"
272364;2020-02-29;"sábado";"12:30:00";"SP";153;24,5;"NOVA GRANADA";"Condutor Dormindo";"Saída de leito carroçável";"Com Vítimas Feridas";"Pleno dia";"Crescente";"Céu Claro";"Simples";"Reta";"Não";1;0;0;1;0;0;1;1;-20,49019;-49,30945;"SR-SP";"UOP01";"DEL09"
272365;2020-02-29;"sábado";"13:00:00";"MG";381;348;"BELA VISTA DE MINAS";"Velocidade Incompatível";"Colisão frontal";"Com Vítimas Feridas";"Pleno dia";"Decrescente";"Chuva";"Simples";"Não Informado";"Não";2;0;1;0;1;0;1;2;-19,85244;-43,14084;"SR-MG";"UOP01";"DEL03"
272366;2020-02-29;"sábado";"11:40:00";"MT";163;841;"SINOP";"Falta de Atenção à Condução";"Colisão traseira";"Com Vítimas Feridas";"Pleno dia";"Crescente";"Céu Claro";"Simples";"Reta";"Sim";2;0;1;0;1;0;1;2;-11,80084;-55,47935;"SR-MT";"UOP02";"DEL06"
272367;2020-02-29;"sábado";"11:39:00";"MS";163;469,2;"CAMPO GRANDE";"Defeito Mecânico no Veículo";"Colisão transversal";"Com Vítimas Feridas";"Pleno dia";"Decrescente";"Céu Claro";"Simples";"Reta";"Não";2;0;2;0;0;0;2;2;-20,56777;-54,56218;"SR-MS";"UOP01";"DEL01"
272368;2020-02-29;"sábado";"13:20:00";"RS";392;644,4;"GUARANI DAS MISSOES";"Ingestão de álcool e/ou substâncias psicoativas pelo pedestre";"Atropelamento de Pedestre";"Com Vítimas Feridas";"Pleno dia";"Crescente";"Sol";"Simples";"Curva";"Não";2;0;1;0;1;0;1;1;-28,14774;-54,57266;"SR-RS";"UOP01";"DEL10"
272369;2020-02-29;"sábado";"12:20:00";"PR";116;38;"CAMPINA GRANDE DO SUL";"Falta de Atenção à Condução";"Saída de leito carroçável";"Com Vítimas Feridas";"Pleno dia";"Crescente";"Chuva";"Dupla";"Curva";"Não";2;0;1;0;1;0;1;1;-25,14803;-48,85922;"SR-PR";"UOP02";"DEL01"
272370;2020-02-29;"sábado";"12:45:00";"PR";467;91,1;"CASCAVEL";"Desobediência às normas de trânsito pelo condutor";"Colisão transversal";"Com Vítimas Feridas";"Pleno dia";"Decrescente";"Céu Claro";"Dupla";"Retorno Regulamentado";"Não";6;0;3;1;2;0;4;2;-24,8515;-53,6035;"SR-PR";"UOP01";"DEL04"
272372;2020-02-29;"sábado";"12:45:00";"TO";153;358;"FORTALEZA DO TABOCAO";"Pista Escorregadia";"Capotamento";"Com Vítimas Feridas";"Pleno dia";"Decrescente";"Garoa/Chuvisco";"Simples";"Não Informado";"Não";1;0;1;0;0;0;1;1;-9,047193;-48,51468;"SR-TO";"UOP03";"DEL02"
272373;2020-02-29;"sábado";"11:50:00";"SP";116;308,8;"SAO LOURENCO DA SERRA";"Pista Escorregadia";"Saída de leito carroçável";"Com Vítimas Feridas";"Pleno dia";"Decrescente";"Chuva";"Dupla";"Reta";"Não";2;0;2;0;0;0;2;1;-23,86214;-46,94719;"SR-SP";"UOP01";"DEL04"
272374;2020-02-29;"sábado";"12:45:00";"MS";163;125,2;"NAVIRAI";"Falta de Atenção à Condução";"Tombamento";"Com Vítimas Feridas";"Pleno dia";"Crescente";"Céu Claro";"Simples";"Desvio Temporário";"Não";1;0;1;0;0;0;1;1;-23,07205;-54,22991;"SR-MS";"UOP01";"DEL09"
272375;2020-02-29;"sábado";"11:20:00";"SC";153;59;"IRANI";"Falta de Atenção à Condução";"Colisão transversal";"Com Vítimas Feridas";"Pleno dia";"Decrescente";"Céu Claro";"Simples";"Interseção de vias";"Não";3;0;1;0;2;0;1;2;-26,9692;-51,85444;"SR-SC";"UOP05";"DEL07"
272376;2020-02-29;"sábado";"12:26:00";"MG";251;471,9;"FRANCISCO SA";"Velocidade Incompatível";"Colisão com objeto estático";"Com Vítimas Feridas";"Pleno dia";"Crescente";"Chuva";"Simples";"Não Informado";"Não";2;0;1;0;1;0;1;1;-16,46801;-43,43121;"SR-MG";"UOP01";"DEL12"
272377;2020-02-29;"sábado";"12:50:00";"MG";381;761,3;"TRES CORACOES";"Velocidade Incompatível";"Colisão com objeto estático";"Com Vítimas Feridas";"Pleno dia";"Crescente";"Chuva";"Dupla";"Curva";"Não";2;0;2;0;0;0;2;1;-21,70299;-45,36828;"SR-MG";"UOP02";"DEL16"
272378;2020-02-29;"sábado";"13:15:00";"SC";101;208,4;"SAO JOSE";"Não guardar distância de segurança";"Colisão traseira";"Com Vítimas Feridas";"Pleno dia";"Decrescente";"Céu Claro";"Múltipla";"Reta";"Sim";3;0;1;0;2;0;1;2;-27,60328;-48,63202;"SR-SC";"UOP01";"DEL01"
272379;2020-02-29;"sábado";"13:00:00";"RN";226;407,1;"PAU DOS FERROS";"Desobediência às normas de trânsito pelo condutor";"Colisão frontal";"Com Vítimas Fatais";"Pleno dia";"Crescente";"Sol";"Simples";"Reta";"Não";2;1;0;0;0;1;0;2;-6,106863;-38,18264;"SR-RN";"UOP02";"DEL04"
272380;2020-02-29;"sábado";"10:35:00";"RO";364;343,9;"JI-PARANA";"Desobediência às normas de trânsito pelo condutor";"Colisão transversal";"Com Vítimas Feridas";"Pleno dia";"Crescente";"Sol";"Simples";"Desvio Temporário";"Sim";2;0;1;0;1;0;1;2;-10,85305;-61,90527;"SR-RO";"UOP01";"DEL02"
272381;2020-02-29;"sábado";"08:25:00";"RS";153;2;"MARCELINO RAMOS";"Defeito Mecânico no Veículo";"Incêndio";"Sem Vítimas";"Pleno dia";"Crescente";"Céu Claro";"Simples";"Reta";"Não";1;0;0;0;1;0;0;1;-27,38514;-52,00302;"SR-RS";"UOP04";"DEL08"
272382;2020-02-29;"sábado";"10:00:00";"RO";364;345,2;"JI-PARANA";"Falta de Atenção à Condução";"Colisão com objeto estático";"Com Vítimas Feridas";"Pleno dia";"Crescente";"Nublado";"Dupla";"Reta";"Sim";1;0;1;0;0;0;1;1;-10,86881;-61,96018;"SR-RO";"UOP01";"DEL02"
272383;2020-02-29;"sábado";"14:20:00";"PR";116;122;"FAZENDA RIO GRANDE";"Defeito Mecânico no Veículo";"Saída de leito carroçável";"Com Vítimas Feridas";"Pleno dia";"Crescente";"Céu Claro";"Dupla";"Curva";"Sim";2;0;2;0;0;0;2;1;-25,64315;-49,31278;"SR-PR";"UOP03";"DEL01"
272384;2020-02-29;"sábado";"14:40:00";"RN";101;58,3;"CEARA-MIRIM";"Desobediência às normas de trânsito pelo condutor";"Colisão transversal";"Com Vítimas Feridas";"Pleno dia";"Decrescente";"Céu Claro";"Simples";"Rotatória";"Sim";3;0;2;0;1;0;2;2;-5,588865;-35,27562;"SR-RN";"UOP01";"DEL02"
272385;2020-02-29;"sábado";"14:40:00";"PE";408;85;"PAUDALHO";"Condutor Dormindo";"Saída de leito carroçável";"Com Vítimas Feridas";"Pleno dia";"Decrescente";"Céu Claro";"Dupla";"Reta";"Não";1;0;1;0;0;0;1;1;-7,954301;-35,10253;"SR-PE";"UOP01";"DEL01"
272387;2020-02-29;"sábado";"11:30:00";"MG";381;667,9;"PERDOES";"Defeito Mecânico no Veículo";"Incêndio";"Sem Vítimas";"Pleno dia";"Decrescente";"Nublado";"Dupla";"Não Informado";"Não";1;0;0;0;1;0;0;1;-21,05392;-45,0228;"SR-MG";"UOP02";"DEL04"
272388;2020-02-01;"sábado";"23:15:00";"RO";364;714;"PORTO VELHO";"Falta de Atenção à Condução";"Colisão frontal";"Com Vítimas Feridas";"Plena Noite";"Crescente";"Céu Claro";"Dupla";"Reta";"Sim";2;0;0;1;1;0;1;2;-8,773237;-63,88521;"SR-RO";"DEL21/1";"UOP01/RO"
272389;2020-02-29;"sábado";"12:00:00";"SC";282;522;"XAXIM";"Velocidade Incompatível";"Saída de leito carroçável";"Com Vítimas Feridas";"Pleno dia";"Crescente";"Céu Claro";"Simples";"Reta";"Não";1;0;0;1;0;0;1;1;-26,95624;-52,54264;"SR-SC";"UOP01";"DEL07"
272390;2020-02-29;"sábado";"14:15:00";"MS";163;680;"RIO VERDE DE MATO GROSSO";"Ingestão de Álcool";"Colisão traseira";"Sem Vítimas";"Pleno dia";"Crescente";"Céu Claro";"Simples";"Reta";"Sim";3;0;0;0;3;0;0;2;-18,92417;-54,83539;"SR-MS";"UOP02";"DEL06"
272391;2020-02-29;"sábado";"15:00:00";"BA";101;808,4;"ITAMARAJU";"Agressão Externa";"Colisão lateral";"Com Vítimas Feridas";"Pleno dia";"Crescente";"Céu Claro";"Simples";"Rotatória";"Sim";2;0;0;1;1;0;1;2;-17,19644;-39,59172;"SR-BA";"UOP01";"DEL09"
272392;2020-02-29;"sábado";"15:30:00";"PR";476;152;"ARAUCARIA";"Falta de Atenção à Condução";"Colisão lateral";"Com Vítimas Feridas";"Pleno dia";"Decrescente";"Céu Claro";"Múltipla";"Interseção de vias";"Sim";2;0;1;0;0;1;1;2;-25,47427;-49,43367;"SR-PR";"UOP04";"DEL01"
272393;2020-02-29;"sábado";"15:20:00";"RJ";116;219,6;"PIRAI";"Defeito Mecânico no Veículo";"Queda de ocupante de veículo";"Com Vítimas Feridas";"Pleno dia";"Crescente";"Chuva";"Dupla";"Reta";"Não";2;0;2;0;0;0;2;1;-22,67928;-43,81485;"SR-RJ";"UOP01";"DEL07"
272394;2020-02-29;"sábado";"15:40:00";"MG";381;888,8;"CAMBUI";"Velocidade Incompatível";"Colisão com objeto estático";"Com Vítimas Feridas";"Pleno dia";"Decrescente";"Chuva";"Dupla";"Não Informado";"Não";4;0;1;0;3;0;1;1;-22,57037;-46,04169;"SR-MG";"UOP03";"DEL16"
272395;2020-02-29;"sábado";"15:30:00";"SP";116;219,7;"GUARULHOS";"Não guardar distância de segurança";"Queda de ocupante de veículo";"Com Vítimas Feridas";"Pleno dia";"Crescente";"Céu Claro";"Simples";"Reta";"Não";1;0;1;0;0;0;1;1;-23,46144;-46,48885;"SR-SP";"UOP01";"DEL01"
272397;2020-02-29;"sábado";"15:50:00";"PR";277;37;"MORRETES";"Avarias e/ou desgaste excessivo no pneu";"Colisão traseira";"Com Vítimas Feridas";"Pleno dia";"Decrescente";"Chuva";"Dupla";"Desvio Temporário";"Não";3;0;2;0;1;0;2;2;-25,56012;-48,8144;"SR-PR";"UOP07";"DEL01"
272398;2020-02-25;"terça-feira";"23:50:00";"SC";101;207;"SAO JOSE";"Pista Escorregadia";"Colisão com objeto estático";"Sem Vítimas";"Plena Noite";"Crescente";"Chuva";"Múltipla";"Reta";"Não";1;0;0;0;1;0;0;1;-27,60001;-48,62265;"SR-SC";"UOP01";"DEL01"
272399;2020-02-29;"sábado";"15:20:00";"SP";116;231;"SAO PAULO";"Falta de Atenção à Condução";"Colisão com objeto estático";"Com Vítimas Feridas";"Pleno dia";"Decrescente";"Nublado";"Múltipla";"Reta";"Sim";1;0;1;0;0;0;1;1;-23,52359;-46,586;"SR-SP";"UOP01";"DEL01"
272400;2020-02-29;"sábado";"07:20:00";"BA";116;691;"JEQUIE";"Falta de Atenção à Condução";"Saída de leito carroçável";"Com Vítimas Feridas";"Pleno dia";"Decrescente";"Céu Claro";"Simples";"Reta";"Não";1;0;1;0;0;0;1;1;-13,92076;-40,15667;"SR-BA";"UOP01";"DEL03"
272401;2020-02-29;"sábado";"16:05:00";"SP";116;430;"REGISTRO";"Falta de Atenção à Condução";"Colisão lateral";"Com Vítimas Feridas";"Pleno dia";"Decrescente";"Garoa/Chuvisco";"Dupla";"Reta";"Sim";2;0;1;0;1;0;1;2;-24,40731;-47,74599;"SR-SP";"UOP01";"DEL05"
272402;2020-02-29;"sábado";"16:00:00";"SC";101;205;"SAO JOSE";"Ingestão de Álcool";"Colisão lateral";"Com Vítimas Feridas";"Pleno dia";"Decrescente";"Céu Claro";"Dupla";"Reta";"Sim";2;0;1;0;1;0;1;2;-27,58313;-48,61533;"SR-SC";"UOP01";"DEL01"
272403;2020-02-29;"sábado";"08:00:00";"PA";230;711,2;"MEDICILANDIA";"Desobediência às normas de trânsito pelo condutor";"Colisão transversal";"Sem Vítimas";"Pleno dia";"Decrescente";"Nublado";"Simples";"Reta";"Sim";2;0;0;0;2;0;0;2;-3,425391;-52,80493;"SR-PA";"UOP01";"DEL04"
272404;2020-02-29;"sábado";"15:00:00";"MG";40;272;"SAO GONCALO DO ABAETE";"Velocidade Incompatível";"Saída de leito carroçável";"Sem Vítimas";"Pleno dia";"Decrescente";"Céu Claro";"Simples";"Reta";"Não";1;0;0;0;1;0;0;1;-18,18478;-45,26087;"SR-MG";"UOP02";"DEL14"
272405;2020-02-29;"sábado";"12:40:00";"TO";153;801,4;"TALISMA";"Defeito na Via";"Saída de leito carroçável";"Sem Vítimas";"Pleno dia";"Crescente";"Chuva";"Simples";"Reta";"Não";1;0;0;0;1;0;0;1;-12,82926;-49,10098;"SR-TO";"UOP01";"DEL02"
272406;2020-02-29;"sábado";"10:10:00";"BA";116;652;"JEQUIE";"Desobediência às normas de trânsito pelo condutor";"Colisão transversal";"Sem Vítimas";"Pleno dia";"Crescente";"Céu Claro";"Simples";"Interseção de vias";"Não";2;0;0;0;2;0;0;2;-13,62856;-40,09263;"SR-BA";"UOP01";"DEL03"
272407;2020-02-29;"sábado";"14:30:00";"RJ";40;54;"PETROPOLIS";"Desobediência às normas de trânsito pelo condutor";"Colisão lateral";"Sem Vítimas";"Pleno dia";"Crescente";"Céu Claro";"Dupla";"Curva";"Sim";4;0;0;0;3;1;0;2;-22,33571;-43,1332;"SR-RJ";"UOP01";"DEL06"
272408;2020-02-29;"sábado";"16:20:00";"DF";251;19;"BRASILIA";"Condutor Dormindo";"Colisão frontal";"Com Vítimas Feridas";"Pleno dia";"Crescente";"Céu Claro";"Simples";"Desvio Temporário";"Não";5;0;3;1;1;0;4;2;-15,95642;-47,63344;"SR-DF";"UOP01";"DEL01"
272409;2020-02-29;"sábado";"16:40:00";"BA";324;566,6;"SAO SEBASTIAO DO PASSE";"Falta de Atenção à Condução";"Colisão com objeto estático";"Com Vítimas Feridas";"Pleno dia";"Decrescente";"Nublado";"Dupla";"Reta";"Sim";2;0;1;0;1;0;1;1;-12,52456;-38,6104;"SR-BA";"UOP01";"DEL01"