"id";"data_inversa";"dia_semana";"horario";"uf";"br";"km";"municipio";"causa_acidente";"tipo_acidente";"classificacao_acidente";"fase_dia";"sentido_via";"condicao_metereologica";"tipo_pista";"tracado_via";"uso_solo";"pessoas";"mortos";"feridos_leves";"feridos_graves";"ilesos";"ignorados";"feridos";"veiculos";"latitude";"longitude";"regional";"delegacia";"uop"
272410;2020-02-29;"sábado";"13:15:00";"BA";116;876,1;"VITORIA DA CONQUISTA";"Ultrapassagem Indevida";"Colisão transversal";"Com Vítimas Feridas";"Pleno dia";"Crescente";"Céu Claro";"Simples";"Não Informado";"Não";3;0;1;0;2;0;1;2;-15,25154;-41,11271;"SR-BA";"UOP03";"DEL08"
272411;2020-02-29;"sábado";"16:50:00";"ES";101;287;"CARIACICA";"Defeito Mecânico no Veículo";"Queda de ocupante de veículo";"Com Vítimas Feridas";"Pleno dia";"Decrescente";"Nublado";"Dupla";"Reta";"Sim";2;0;2;0;0;0;2;1;-20,26494;-40,38472;"SR-ES";"UOP01";"DEL01"
272412;2020-02-29;"sábado";"10:22:00";"PR";277;73;"SAO JOSE DOS PINHAIS";"Fenômenos da Natureza";"Tombamento";"Com Vítimas Feridas";"Pleno dia";"Crescente";"Nublado";"Dupla";"Reta";"Não";1;0;1;0;0;0;1;1;-25,52124;-49,10648;"SR-PR";"UOP01";"DEL01"
272413;2020-02-29;"sábado";"15:40:00";"MG";267;164,5;"LIMA DUARTE";"Avarias e/ou desgaste excessivo no pneu";"Colisão frontal";"Com Vítimas Feridas";"Pleno dia";"Crescente";"Chuva";"Simples";"Não Informado";"Sim";3;0;0;3;0;0;3;2;-21,85426;-43,81804;"SR-MG";"UOP01";"DEL05"
272414;2020-02-29;"sábado";"16:25:00";"MG";40;464,9;"SETE LAGOAS";"Pista Escorregadia";"Saída de leito carroçável";"Com Vítimas Feridas";"Pleno dia";"Decrescente";"Chuva";"Dupla";"Reta";"Não";3;0;2;0;1;0;2;1;-19,43111;-44,33657;"SR-MG";"UOP01";"DEL02"
272415;2020-02-29;"sábado";"14:20:00";"SC";280;30,1;"ARAQUARI";"Falta de Atenção à Condução";"Colisão lateral";"Com Vítimas Fatais";"Pleno dia";"Crescente";"Sol";"Simples";"Reta";"Não";3;1;0;1;1;0;1;3;-26,41415;-48,76209;"SR-SC";"UOP03";"DEL03"
272416;2020-02-29;"sábado";"17:30:00";"PR";376;492,9;"PONTA GROSSA";"Velocidade Incompatível";"Tombamento";"Com Vítimas Feridas";"Pleno dia";"Decrescente";"Céu Claro";"Dupla";"Não Informado";"Sim";2;0;0;1;1;0;1;1;-25,1556;-50,13323;"SR-PR";"UOP02";"DEL03"
272417;2020-02-29;"sábado";"16:25:00";"PR";277;334,6;"GUARAPUAVA";"Avarias e/ou desgaste excessivo no pneu";"Colisão com objeto estático";"Com Vítimas Feridas";"Pleno dia";"Crescente";"Sol";"Dupla";"Não Informado";"Não";2;0;2;0;0;0;2;1;-25,34852;-51,39008;"SR-PR";"UOP01";"DEL08"
272418;2020-02-29;"sábado";"18:00:00";"CE";116;482,9;"MILAGRES";"Ingestão de Álcool";"Colisão lateral";"Com Vítimas Fatais";"Plena Noite";"Crescente";"Nublado";"Simples";"Reta";"Não";3;1;0;1;1;0;1;3;-7,305537;-38,91991;"SR-CE";"UOP03";"DEL05"
272419;2020-02-29;"sábado";"17:00:00";"BA";101;436;"ITACARE";"Velocidade Incompatível";"Colisão lateral";"Com Vítimas Feridas";"Anoitecer";"Crescente";"Céu Claro";"Simples";"Reta";"Não";4;0;1;0;3;0;1;2;-14,40054;-39,32321;"SR-BA";"UOP01";"DEL05"
272420;2020-02-29;"sábado";"17:20:00";"MG";40;699,1;"BARBACENA";"Falta de Atenção à Condução";"Tombamento";"Com Vítimas Feridas";"Pleno dia";"Crescente";"Nublado";"Dupla";"Curva";"Sim";1;0;1;0;0;0;1;1;-21,16945;-43,7565;"SR-MG";"UOP02";"DEL05"
272421;2020-02-29;"sábado";"17:15:00";"RJ";101;465;"ANGRA DOS REIS";"Ingestão de Álcool";"Colisão com objeto estático";"Sem Vítimas";"Pleno dia";"Decrescente";"Chuva";"Simples";"Curva";"Não";7;0;0;0;7;0;0;2;-23,01795;-44,21352;"SR-RJ";"UOP02";"DEL03"
272422;2020-02-29;"sábado";"18:05:00";"SC";101;212,4;"PALHOCA";"Desobediência às normas de trânsito pelo condutor";"Saída de leito carroçável";"Com Vítimas Feridas";"Pleno dia";"Crescente";"Nublado";"Múltipla";"Reta";"Sim";2;0;1;0;1;0;1;2;-27,62997;-48,65904;"SR-SC";"UOP02";"DEL01"
272423;2020-02-29;"sábado";"17:15:00";"PI";402;36;"PARNAIBA";"Falta de Atenção à Condução";"Colisão traseira";"Com Vítimas Feridas";"Anoitecer";"Decrescente";"Céu Claro";"Simples";"Reta";"Não";2;0;1;0;0;1;1;2;-2,944276;-41,73591;"SR-PI";"UOP01";"DEL05"
272425;2020-02-29;"sábado";"18:30:00";"RN";101;35;"RIO DO FOGO";"Animais na Pista";"Atropelamento de Animal";"Com Vítimas Feridas";"Plena Noite";"Crescente";"Céu Claro";"Simples";"Reta";"Não";2;0;1;1;0;0;2;1;-5,408551;-35,35684;"SR-RN";"UOP01";"DEL02"
272426;2020-02-29;"sábado";"18:20:00";"MG";116;531;"CARATINGA";"Ingestão de Álcool";"Colisão traseira";"Com Vítimas Feridas";"Plena Noite";"Crescente";"Chuva";"Simples";"Reta";"Sim";4;0;1;0;2;1;1;3;-19,81938;-42,13693;"SR-MG";"UOP02";"DEL06"
272428;2020-02-29;"sábado";"19:10:00";"RS";285;117,6;"VACARIA";"Falta de Atenção à Condução";"Colisão traseira";"Sem Vítimas";"Plena Noite";"Crescente";"Céu Claro";"Simples";"Reta";"Sim";2;0;0;0;2;0;0;2;-28,51425;-50,90641;"SR-RS";"UOP03";"DEL05"
272430;2020-02-29;"sábado";"19:35:00";"SP";381;72;"SAO PAULO";"Não guardar distância de segurança";"Colisão traseira";"Sem Vítimas";"Plena Noite";"Decrescente";"Céu Claro";"Dupla";"Reta";"Não";2;0;0;0;2;0;0;2;-23,35762;-46,5497;"SR-SP";"UOP01";"DEL03"
272431;2020-02-29;"sábado";"19:28:00";"PB";101;89;"JOAO PESSOA";"Falta de Atenção à Condução";"Colisão transversal";"Com Vítimas Feridas";"Plena Noite";"Decrescente";"Céu Claro";"Dupla";"Reta";"Sim";4;0;2;0;2;0;2;2;-7,171069;-34,89765;"SR-PB";"UOP01";"DEL01"
272432;2020-02-29;"sábado";"19:00:00";"CE";116;37,3;"HORIZONTE";"Falta de Atenção à Condução";"Colisão transversal";"Com Vítimas Fatais";"Plena Noite";"Decrescente";"Céu Claro";"Dupla";"Curva";"Não";3;1;0;1;1;0;1;2;-4,070036;-38,5018;"SR-CE";"UOP02";"DEL01"
272433;2020-02-29;"sábado";"19:00:00";"SC";101;196,7;"BIGUACU";"Ingestão de Álcool";"Tombamento";"Com Vítimas Feridas";"Plena Noite";"Crescente";"Céu Claro";"Múltipla";"Não Informado";"Sim";1;0;1;0;0;0;1;1;-27,51585;-48,63958;"SR-SC";"UOP01";"DEL01"
272434;2020-02-29;"sábado";"14:49:00";"SP";116;561,7;"BARRA DO TURVO";"Pista Escorregadia";"Engavetamento";"Com Vítimas Feridas";"Pleno dia";"Crescente";"Chuva";"Dupla";"Curva";"Não";10;0;4;0;6;0;4;9;-25,02468;-48,51947;"SR-SP";"UOP02";"DEL05"
272435;2020-02-29;"sábado";"15:20:00";"BA";116;710,8;"MANOEL VITORINO";"Desobediência às normas de trânsito pelo condutor";"Colisão frontal";"Com Vítimas Fatais";"Pleno dia";"Crescente";"Céu Claro";"Simples";"Reta";"Não";2;1;0;0;0;1;0;2;-14,11582;-40,22868;"SR-BA";"UOP01";"DEL03"
272436;2020-02-29;"sábado";"16:43:00";"BA";116;691;"JEQUIE";"Falta de Atenção à Condução";"Colisão lateral";"Sem Vítimas";"Pleno dia";"Decrescente";"Céu Claro";"Simples";"Curva";"Não";2;0;0;0;2;0;0;2;-13,94789;-40,16495;"SR-BA";"UOP01";"DEL03"
272437;2020-02-29;"sábado";"19:20:00";"PR";476;130;"CURITIBA";"Sinalização da via insuficiente ou inadequada";"Colisão com objeto estático";"Sem Vítimas";"Plena Noite";"Crescente";"Nublado";"Dupla";"Reta";"Sim";1;0;0;0;1;0;0;1;-25,44098;-49,23371;"SR-PR";"UOP06";"DEL01"
272438;2020-02-29;"sábado";"11:10:00";"SC";116;98,8;"MONTE CASTELO";"Falta de Atenção à Condução";"Colisão transversal";"Com Vítimas Feridas";"Pleno dia";"Crescente";"Céu Claro";"Simples";"Reta";"Não";2;0;0;1;1;0;1;2;-26,70617;-50,29253;"SR-SC";"UOP02";"DEL06"
272439;2020-02-29;"sábado";"19:40:00";"PI";316;10;"TERESINA";"Agressão Externa";"Tombamento";"Com Vítimas Feridas";"Plena Noite";"Crescente";"Garoa/Chuvisco";"Múltipla";"Reta";"Sim";1;0;1;0;0;0;1;1;-5,182802;-42,7635;"SR-PI";"UOP02";"DEL01"
272440;2020-02-29;"sábado";"19:30:00";"GO";153;162,2;"CAMPINORTE";"Defeito Mecânico no Veículo";"Colisão com objeto em movimento";"Com Vítimas Feridas";"Plena Noite";"Decrescente";"Nublado";"Simples";"Não Informado";"Não";4;0;0;1;2;1;1;1;-14,18849;-49,12718;"SR-GO";"UOP01";"DEL07"
272441;2020-02-29;"sábado";"16:30:00";"MG";153;214;"FRUTAL";"Avarias e/ou desgaste excessivo no pneu";"Saída de leito carroçável";"Com Vítimas Feridas";"Pleno dia";"Crescente";"Nublado";"Simples";"Reta";"Não";1;0;1;0;0;0;1;1;-20,06166;-49,0624;"SR-MG";"UOP02";"DEL13"
272442;2020-02-29;"sábado";"17:45:00";"SP";116;123;"CACAPAVA";"Pista Escorregadia";"Colisão com objeto estático";"Com Vítimas Feridas";"Pleno dia";"Decrescente";"Chuva";"Dupla";"Reta";"Não";3;0;1;0;2;0;1;2;-23,08754;-45,6697;"SR-SP";"UOP01";"DEL06"
272443;2020-02-29;"sábado";"19:00:00";"BA";242;700;"CRISTOPOLIS";"Defeito na Via";"Saída de leito carroçável";"Com Vítimas Feridas";"Plena Noite";"Decrescente";"Céu Claro";"Simples";"Reta";"Não";3;0;3;0;0;0;3;1;-12,22569;-43,99597;"SR-BA";"UOP02";"DEL10"
272444;2020-02-29;"sábado";"16:30:00";"MG";262;865,7;"CAMPO FLORIDO";"Defeito Mecânico no Veículo";"Tombamento";"Com Vítimas Feridas";"Pleno dia";"Decrescente";"Nublado";"Dupla";"Curva";"Não";2;0;2;0;0;0;2;1;-19,78754;-48,43399;"SR-MG";"UOP01";"DEL13"
272445;2020-02-29;"sábado";"18:45:00";"SC";282;32,7;"SANTO AMARO DA IMPERATRIZ";"Ingestão de Álcool";"Colisão transversal";"Com Vítimas Feridas";"Plena Noite";"Decrescente";"Céu Claro";"Simples";"Rotatória";"Não";3;0;1;0;2;0;1;2;-27,70431;-48,80487;"SR-SC";"UOP03";"DEL01"
272446;2020-02-29;"sábado";"18:30:00";"PI";222;67;"PIRIPIRI";"Falta de Atenção à Condução";"Colisão com objeto em movimento";"Com Vítimas Feridas";"Plena Noite";"Crescente";"Chuva";"Simples";"Reta";"Não";2;0;0;1;0;1;1;2;-4,199257;-41,52444;"SR-PI";"UOP01";"DEL02"
272447;2020-02-29;"sábado";"20:30:00";"PR";376;192,5;"MARIALVA";"Ingestão de Álcool";"Queda de ocupante de veículo";"Com Vítimas Feridas";"Plena Noite";"Decrescente";"Céu Claro";"Dupla";"Não Informado";"Não";1;0;1;0;0;0;1;1;-23,48962;-51,81718;"SR-PR";"UOP01";"DEL09"
272448;2020-02-29;"sábado";"20:30:00";"PR";369;68;"SANTA MARIANA";"Velocidade Incompatível";"Colisão traseira";"Com Vítimas Feridas";"Plena Noite";"Decrescente";"Céu Claro";"Simples";"Reta";"Não";4;0;2;0;2;0;2;2;-23,13507;-50,4778;"SR-PR";"UOP04";"DEL07"
272449;2020-02-29;"sábado";"20:45:00";"ES";101;270;"SERRA";"Falta de Atenção à Condução";"Colisão transversal";"Com Vítimas Feridas";"Plena Noite";"Crescente";"Nublado";"Dupla";"Reta";"Sim";2;0;0;2;0;0;2;2;-20,22662;-40,27075;"SR-ES";"UOP01";"DEL02"
272450;2020-02-29;"sábado";"19:19:00";"SC";470;134;"RIO DO SUL";"Restrição de Visibilidade";"Capotamento";"Com Vítimas Feridas";"Plena Noite";"Crescente";"Chuva";"Simples";"Rotatória";"Sim";1;0;1;0;0;0;1;1;-27,18185;-49,60013;"SR-SC";"UOP02";"DEL04"
272451;2020-02-29;"sábado";"20:40:00";"RN";101;165,8;"CANGUARETAMA";"Avarias e/ou desgaste excessivo no pneu";"Colisão lateral";"Com Vítimas Feridas";"Plena Noite";"Decrescente";"Nublado";"Dupla";"Ponte";"Não";2;0;1;0;1;0;1;2;-6,413641;-35,12818;"SR-RN";"UOP01";"DEL01"
272452;2020-02-29;"sábado";"19:00:00";"PR";373;383,5;"IMBAU";"Falta de Atenção à Condução";"Saída de leito carroçável";"Com Vítimas Feridas";"Plena Noite";"Decrescente";"Nublado";"Dupla";"Curva";"Não";2;0;0;1;0;1;1;1;-24,41856;-50,78196;"SR-PR";"UOP01";"DEL08"
272454;2020-02-29;"sábado";"22:00:00";"RS";116;129,6;"SAO MARCOS";"Ingestão de Álcool";"Saída de leito carroçável";"Com Vítimas Feridas";"Plena Noite";"Decrescente";"Céu Claro";"Simples";"Não Informado";"Não";1;0;1;0;0;0;1;1;-29,0336;-51,09729;"SR-RS";"UOP01";"DEL05"
272455;2020-02-29;"sábado";"19:20:00";"GO";80;180,1;"VILA PROPICIO";"Ultrapassagem Indevida";"Colisão frontal";"Com Vítimas Feridas";"Plena Noite";"Crescente";"Céu Claro";"Simples";"Reta";"Não";4;0;1;1;2;0;2;2;-15,20888;-48,69731;"SR-GO";"UOP01";"DEL07"
272456;2020-02-29;"sábado";"21:30:00";"SP";116;152,2;"SAO JOSE DOS CAMPOS";"Ingestão de Álcool";"Capotamento";"Com Vítimas Feridas";"Plena Noite";"Crescente";"Nublado";"Múltipla";"Reta";"Sim";1;0;1;0;0;0;1;1;-23,2262;-45,90683;"SR-SP";"UOP01";"DEL02"
272457;2020-02-29;"sábado";"18:30:00";"CE";116;424;"IPAUMIRIM";"Falta de Atenção à Condução";"Colisão lateral";"Com Vítimas Feridas";"Plena Noite";"Decrescente";"Nublado";"Dupla";"Reta";"Não";2;0;0;2;0;0;2;1;-6,790916;-38,76091;"SR-CE";"UOP03";"DEL05"
272459;2020-02-29;"sábado";"20:30:00";"DF";60;7;"BRASILIA";"Ingestão de Álcool";"Atropelamento de Pedestre";"Com Vítimas Feridas";"Plena Noite";"Crescente";"Garoa/Chuvisco";"Dupla";"Reta";"Sim";4;0;2;1;0;1;3;1;-15,90124;-48,12233;"SR-DF";"UOP02";"DEL01"
272460;2020-02-29;"sábado";"21:10:00";"MG";459;65,8;"SENADOR JOSE BENTO";"Velocidade Incompatível";"Tombamento";"Com Vítimas Feridas";"Plena Noite";"Crescente";"Céu Claro";"Simples";"Não Informado";"Não";1;0;0;1;0;0;1;1;-22,13089;-46,17408;"SR-MG";"UOP01";"DEL09"
272461;2020-02-29;"sábado";"20:00:00";"AL";423;87;"DELMIRO GOUVEIA";"Ingestão de Álcool";"Colisão transversal";"Com Vítimas Feridas";"Plena Noite";"Decrescente";"Céu Claro";"Simples";"Interseção de vias";"Não";4;0;2;0;2;0;2;2;-9,352033;-38,04571;"SR-BA";"UOP01";"DEL07"
272462;2020-02-29;"sábado";"21:20:00";"DF";70;19;"BRASILIA";"Ingestão de Álcool";"Saída de leito carroçável";"Com Vítimas Feridas";"Plena Noite";"Crescente";"Céu Claro";"Dupla";"Curva";"Sim";1;0;1;0;0;0;1;1;-15,78887;-48,22024;"SR-DF";"UOP03";"DEL01"
272463;2020-02-29;"sábado";"21:45:00";"PR";476;135,5;"CURITIBA";"Ingestão de Álcool";"Colisão traseira";"Sem Vítimas";"Plena Noite";"Decrescente";"Nublado";"Múltipla";"Reta";"Sim";3;0;0;0;3;0;0;3;-25,48379;-49,26581;"SR-PR";"UOP03";"DEL01"
272465;2020-02-29;"sábado";"17:40:00";"BA";116;696;"JEQUIE";"Falta de Atenção à Condução";"Saída de leito carroçável";"Com Vítimas Fatais";"Anoitecer";"Crescente";"Céu Claro";"Simples";"Curva";"Não";1;1;0;0;0;0;0;1;-13,99325;-40,17892;"SR-BA";"UOP01";"DEL03"
272466;2020-02-29;"sábado";"20:30:00";"MT";364;203;"RONDONOPOLIS";"Falta de Atenção à Condução";"Saída de leito carroçável";"Sem Vítimas";"Plena Noite";"Decrescente";"Céu Claro";"Dupla";"Rotatória";"Sim";1;0;0;0;1;0;0;1;-16,47555;-54,65345;"SR-MT";"UOP01";"DEL02"
272467;2020-02-29;"sábado";"20:42:00";"PR";369;437,4;"UBIRATA";"Ingestão de Álcool";"Colisão frontal";"Sem Vítimas";"Plena Noite";"Decrescente";"Céu Claro";"Simples";"Reta";"Não";2;0;0;0;2;0;0;2;-24,4956;-52,9036;"SR-PR";"UOP04";"DEL04"
272469;2020-02-29;"sábado";"20:45:00";"SP";116;298;"ITAPECERICA DA SERRA";"Restrição de Visibilidade";"Danos eventuais";"Sem Vítimas";"Plena Noite";"Decrescente";"Chuva";"Dupla";"Reta";"Não";2;0;0;0;2;0;0;1;-23,78358;-46,91428;"SR-SP";"UOP01";"DEL04"
272470;2020-02-29;"sábado";"17:58:00";"RS";392;85,6;"PELOTAS";"Falta de Atenção à Condução";"Colisão transversal";"Com Vítimas Feridas";"Pleno dia";"Decrescente";"Céu Claro";"Simples";"Reta";"Não";2;0;1;1;0;0;2;2;-31,64218;-52,48744;"SR-RS";"UOP01";"DEL07"
272471;2020-02-29;"sábado";"22:10:00";"SP";381;85,9;"SAO PAULO";"Desobediência às normas de trânsito pelo condutor";"Colisão lateral";"Sem Vítimas";"Plena Noite";"Decrescente";"Céu Claro";"Dupla";"Reta";"Sim";2;0;0;0;2;0;0;2;-23,44934;-46,56984;"SR-SP";"UOP01";"DEL03"
272472;2020-02-29;"sábado";"22:40:00";"GO";153;440,5;"ANAPOLIS";"Falta de Atenção à Condução";"Colisão com objeto estático";"Com Vítimas Feridas";"Plena Noite";"Crescente";"Nublado";"Dupla";"Reta";"Não";1;0;0;1;0;0;1;1;-16,30676;-48,92385;"SR-GO";"UOP01";"DEL02"
272473;2020-02-29;"sábado";"19:30:00";"SC";101;282,5;"IMBITUBA";"Falta de Atenção à Condução";"Colisão transversal";"Com Vítimas Feridas";"Plena Noite";"Decrescente";"Céu Claro";"Simples";"Não Informado";"Sim";2;0;1;0;1;0;1;2;-28,19626;-48,6974;"SR-SC";"UOP03";"DEL02"
272474;2020-02-29;"sábado";"20:25:00";"PI";316;9,9;"TERESINA";"Falta de Atenção à Condução";"Colisão traseira";"Com Vítimas Fatais";"Plena Noite";"Decrescente";"Garoa/Chuvisco";"Múltipla";"Reta";"Sim";3;1;0;0;2;0;0;2;-5,173817;-42,76625;"SR-PI";"UOP02";"DEL01"
272476;2020-02-29;"sábado";"21:25:00";"MG";40;660,9;"CARANDAI";"Velocidade Incompatível";"Tombamento";"Com Vítimas Feridas";"Plena Noite";"Decrescente";"Nublado";"Simples";"Não Informado";"Sim";1;0;1;0;0;0;1;1;-20,90065;-43,82707;"SR-MG";"UOP02";"DEL05"
272477;2020-02-29;"sábado";"22:30:00";"PB";101;87;"JOAO PESSOA";"Velocidade Incompatível";"Colisão com objeto estático";"Sem Vítimas";"Plena Noite";"Decrescente";"Céu Claro";"Dupla";"Interseção de vias";"Sim";1;0;0;0;1;0;0;1;-7,158868;-34,90629;"SR-PB";"UOP01";"DEL01"
272478;2020-02-29;"sábado";"23:00:00";"SP";116;56,6;"GUARATINGUETA";"Não guardar distância de segurança";"Colisão traseira";"Com Vítimas Feridas";"Plena Noite";"Decrescente";"Chuva";"Dupla";"Reta";"Não";3;0;0;2;0;1;2;2;-22,76904;-45,13041;"SR-SP";"UOP02";"DEL08"
272479;2020-02-29;"sábado";"22:20:00";"DF";70;3,6;"BRASILIA";"Não guardar distância de segurança";"Colisão com objeto estático";"Sem Vítimas";"Plena Noite";"Crescente";"Nublado";"Dupla";"Reta";"Sim";1;0;0;0;1;0;0;1;-15,80245;-48,08039;"SR-DF";"UOP03";"DEL01"
272480;2020-02-29;"sábado";"22:15:00";"RJ";101;60,9;"CAMPOS DOS GOYTACAZES";"Desobediência às normas de trânsito pelo condutor";"Colisão transversal";"Com Vítimas Feridas";"Plena Noite";"Decrescente";"Nublado";"Simples";"Reta";"Sim";2;0;1;0;0;1;1;2;-21,72048;-41,31449;"SR-RJ";"UOP01";"DEL08"
272481;2020-02-29;"sábado";"22:30:00";"PR";116;102;"SAO JOSE DOS PINHAIS";"Ingestão de álcool e/ou substâncias psicoativas pelo pedestre";"Colisão frontal";"Com Vítimas Fatais";"Plena Noite";"Decrescente";"Céu Claro";"Dupla";"Reta";"Não";3;1;0;0;2;0;0;3;-25,55945;-49,151;"SR-PR";"UOP01";"DEL01"
272483;2020-02-29;"sábado";"23:40:00";"PR";376;601,5;"CURITIBA";"Velocidade Incompatível";"Colisão traseira";"Sem Vítimas";"Plena Noite";"Decrescente";"Nublado";"Dupla";"Não Informado";"Sim";2;0;0;0;2;0;0;2;-25,53705;-49,31404;"SR-PR";"UOP04";"DEL01"
272484;2020-02-29;"sábado";"23:30:00";"MG";116;781,1;"LEOPOLDINA";"Pista Escorregadia";"Saída de leito carroçável";"Com Vítimas Feridas";"Plena Noite";"Decrescente";"Chuva";"Simples";"Curva";"Não";1;0;1;0;0;0;1;1;-21,62224;-42,69313;"SR-MG";"UOP01";"DEL07"
272485;2020-02-29;"sábado";"19:55:00";"SC";280;48,5;"GUARAMIRIM";"Ingestão de Álcool";"Colisão frontal";"Com Vítimas Feridas";"Plena Noite";"Crescente";"Céu Claro";"Simples";"Não Informado";"Sim";4;0;0;4;0;0;4;2;-26,45507;-48,92767;"SR-SC";"UOP03";"DEL03"
272486;2020-02-29;"sábado";"15:10:00";"RJ";116;261;"BARRA MANSA";"Pista Escorregadia";"Tombamento";"Com Vítimas Feridas";"Pleno dia";"Decrescente";"Chuva";"Dupla";"Curva";"Não";3;0;2;0;1;0;2;1;-22,58477;-44,05027;"SR-RJ";"UOP01";"DEL07"
272487;2020-02-29;"sábado";"21:00:00";"MA";222;672,3;"ACAILANDIA";"Pista Escorregadia";"Tombamento";"Com Vítimas Feridas";"Plena Noite";"Crescente";"Garoa/Chuvisco";"Simples";"Não Informado";"Não";1;0;1;0;0;0;1;1;-4,925081;-47,43822;"SR-MA";"UOP03";"DEL04"
272488;2020-02-29;"sábado";"23:50:00";"AL";101;215,1;"SAO SEBASTIAO";"Defeito Mecânico no Veículo";"Incêndio";"Sem Vítimas";"Plena Noite";"Decrescente";"Céu Claro";"Dupla";"Reta";"Não";1;0;0;0;1;0;0;1;-10,0354;-36,6405;"SR-AL";"UOP02";"DEL02"
272489;2020-02-29;"sábado";"22:50:00";"PB";230;482,1;"MARIZOPOLIS";"Ingestão de Álcool";"Atropelamento de Pedestre";"Com Vítimas Fatais";"Plena Noite";"Crescente";"Nublado";"Simples";"Desvio Temporário";"Não";2;1;0;0;1;0;0;1;-6,757514;-38,29147;"SR-PB";"UOP03";"DEL03"
272490;2020-02-29;"sábado";"22:10:00";"PR";277;31;"MORRETES";"Ingestão de Álcool";"Colisão traseira";"Com Vítimas Feridas";"Plena Noite";"Crescente";"Céu Claro";"Dupla";"Reta";"Não";2;0;2;0;0;0;2;1;-25,52875;-48,73513;"SR-PR";"UOP07";"DEL01"
272491;2020-02-29;"sábado";"21:00:00";"BA";407;40;"JUAZEIRO";"Defeito Mecânico no Veículo";"Capotamento";"Com Vítimas Feridas";"Plena Noite";"Crescente";"Céu Claro";"Simples";"Desvio Temporário";"Não";1;0;1;0;0;0;1;1;-9,730264;-40,35408;"SR-BA";"UOP01";"DEL04"
272492;2020-02-29;"sábado";"23:35:00";"PE";428;183;"PETROLINA";"Falta de Atenção à Condução";"Colisão traseira";"Com Vítimas Feridas";"Plena Noite";"Decrescente";"Céu Claro";"Simples";"Reta";"Não";1;0;1;0;0;0;1;1;-9,32413;-40,46211;"SR-PE";"UOP01";"DEL06"
272493;2020-03-01;"domingo";"00:00:00";"GO";60;387;"RIO VERDE";"Falta de Atenção do Pedestre";"Atropelamento de Pedestre";"Com Vítimas Feridas";"Plena Noite";"Crescente";"Nublado";"Dupla";"Curva";"Sim";3;0;3;0;0;0;3;1;-17,8098;-50,9267;"SR-GO";"UOP01";"DEL04"
272494;2020-02-29;"sábado";"18:30:00";"PR";158;348;"MARQUINHO";"Defeito Mecânico no Veículo";"Saída de leito carroçável";"Com Vítimas Feridas";"Pleno dia";"Crescente";"Céu Claro";"Simples";"Desvio Temporário";"Não";1;0;0;1;0;0;1;1;-24,9581;-52,28891;"SR-PR";"UOP03";"DEL04"
272495;2020-02-29;"sábado";"23:05:00";"RN";304;280,9;"MACAIBA";"Falta de Atenção à Condução";"Colisão traseira";"Com Vítimas Feridas";"Plena Noite";"Crescente";"Nublado";"Simples";"Interseção de vias";"Não";2;0;1;0;0;1;1;2;-5,889564;-35,48954;"SR-RN";"UOP02";"DEL01"
272496;2020-03-01;"domingo";"00:00:00";"PI";316;288;"PICOS";"Falta de Atenção à Condução";"Tombamento";"Com Vítimas Feridas";"Plena Noite";"Decrescente";"Céu Claro";"Simples";"Reta";"Não";1;0;0;1;0;0;1;1;-6,984598;-41,63276;"SR-PI";"UOP01";"DEL04"
272497;2020-03-01;"domingo";"00:30:00";"RJ";101;265;"RIO BONITO";"Desobediência às normas de trânsito pelo condutor";"Colisão frontal";"Com Vítimas Fatais";"Plena Noite";"Crescente";"Chuva";"Dupla";"Reta";"Sim";2;1;0;0;1;0;0;2;-22,7136;-42,64391;"SR-RJ";"UOP03";"DEL02"
272498;2020-03-01;"domingo";"01:00:00";"SP";116;271;"TABOAO DA SERRA";"Velocidade Incompatível";"Saída de leito carroçável";"Com Vítimas Feridas";"Plena Noite";"Crescente";"Chuva";"Dupla";"Reta";"Sim";5;0;5;0;0;0;5;1;-23,6106;-46,77314;"SR-SP";"UOP01";"DEL04"
272499;2020-02-29;"sábado";"14:58:00";"MG";116;222;"CATUJI";"Velocidade Incompatível";"Tombamento";"Com Vítimas Feridas";"Pleno dia";"Decrescente";"Céu Claro";"Simples";"Reta";"Não";3;0;1;2;0;0;3;1;-17,42343;-41,51419;"SR-MG";"UOP01";"DEL11"
272500;2020-02-29;"sábado";"17:15:00";"MG";116;216,4;"CATUJI";"Velocidade Incompatível";"Colisão com objeto estático";"Com Vítimas Feridas";"Pleno dia";"Decrescente";"Céu Claro";"Simples";"Reta";"Não";1;0;1;0;0;0;1;1;-17,37565;-41,52882;"SR-MG";"UOP01";"DEL11"
272501;2020-03-01;"domingo";"01:00:00";"MG";40;786,7;"JUIZ DE FORA";"Pista Escorregadia";"Saída de leito carroçável";"Com Vítimas Feridas";"Plena Noite";"Decrescente";"Chuva";"Dupla";"Curva";"Não";3;0;1;0;2;0;1;2;-21,72734;-43,43853;"SR-MG";"UOP01";"DEL05"
272502;2020-03-01;"domingo";"00:10:00";"PE";232;377;"FLORES";"Ingestão de Álcool";"Colisão traseira";"Com Vítimas Feridas";"Plena Noite";"Crescente";"Nublado";"Simples";"Reta";"Não";4;0;1;0;2;1;1;2;-8,027576;-37,98851;"SR-PE";"UOP01";"DEL04"