"id";"data_inversa";"dia_semana";"horario";"uf";"br";"km";"municipio";"causa_acidente";"tipo_acidente";"classificacao_acidente";"fase_dia";"sentido_via";"condicao_metereologica";"tipo_pista";"tracado_via";"uso_solo";"pessoas";"mortos";"feridos_leves";"feridos_graves";"ilesos";"ignorados";"feridos";"veiculos";"latitude";"longitude";"regional";"delegacia";"uop"
272872;2020-03-02;"segunda-feira";"12:30:00";"PI";20;143,9;"SAO JOAO DO PIAUI";"Animais na Pista";"Atropelamento de Animal";"Com Vítimas Fatais";"Pleno dia";"Decrescente";"Céu Claro";"Simples";"Reta";"Não";1;1;0;0;0;0;0;1;-8,397637;-42,26191;"SR-PI";"UOP01";"DEL03"
272873;2020-03-02;"segunda-feira";"12:30:00";"MG";40;122,1;"JOAO PINHEIRO";"Falta de Atenção à Condução";"Saída de leito carroçável";"Com Vítimas Feridas";"Pleno dia";"Crescente";"Chuva";"Simples";"Curva";"Não";1;0;1;0;0;0;1;1;-17,66604;-46,34649;"SR-MG";"UOP01";"DEL14"
272874;2020-03-02;"segunda-feira";"16:10:00";"MG";116;360;"JAMPRUCA";"Desobediência às normas de trânsito pelo condutor";"Colisão lateral";"Com Vítimas Feridas";"Pleno dia";"Crescente";"Céu Claro";"Simples";"Reta";"Não";9;0;1;0;8;0;1;2;-18,46116;-41,85182;"SR-MG";"UOP01";"DEL11"
272875;2020-03-02;"segunda-feira";"17:25:00";"RS";285;293,2;"PASSO FUNDO";"Desobediência às normas de trânsito pelo condutor";"Colisão transversal";"Com Vítimas Feridas";"Pleno dia";"Crescente";"Sol";"Dupla";"Interseção de vias";"Sim";3;0;1;0;2;0;1;2;-28,23664;-52,37516;"SR-RS";"UOP03";"DEL08"
272876;2020-03-02;"segunda-feira";"17:00:00";"SP";153;58,6;"SAO JOSE DO RIO PRETO";"Não guardar distância de segurança";"Colisão traseira";"Com Vítimas Feridas";"Pleno dia";"Decrescente";"Nublado";"Dupla";"Desvio Temporário";"Sim";3;0;1;0;1;1;1;2;-20,77838;-49,35301;"SR-SP";"UOP01";"DEL09"
272877;2020-03-02;"segunda-feira";"17:35:00";"MG";365;657;"MONTE ALEGRE DE MINAS";"Defeito na Via";"Saída de leito carroçável";"Com Vítimas Feridas";"Pleno dia";"Decrescente";"Nublado";"Dupla";"Reta";"Não";4;0;3;0;1;0;3;2;-18,88681;-48,61513;"SR-MG";"UOP01";"DEL15"
272878;2020-03-02;"segunda-feira";"17:40:00";"SC";280;25,6;"ARAQUARI";"Falta de Atenção à Condução";"Colisão traseira";"Com Vítimas Feridas";"Pleno dia";"Decrescente";"Nublado";"Simples";"Reta";"Não";2;0;1;0;1;0;1;2;-26,38353;-48,72678;"SR-SC";"UOP03";"DEL03"
272879;2020-03-02;"segunda-feira";"11:55:00";"RJ";101;238;"SILVA JARDIM";"Pista Escorregadia";"Colisão com objeto estático";"Sem Vítimas";"Pleno dia";"Decrescente";"Chuva";"Dupla";"Reta";"Não";3;0;0;0;3;0;0;1;-22,62073;-42,41971;"SR-RJ";"UOP03";"DEL02"
272880;2020-03-02;"segunda-feira";"16:30:00";"PE";101;81;"JABOATAO DOS GUARARAPES";"Desobediência às normas de trânsito pelo condutor";"Colisão traseira";"Com Vítimas Feridas";"Pleno dia";"Crescente";"Sol";"Dupla";"Reta";"Sim";2;0;1;0;1;0;1;2;-8,159749;-34,94025;"SR-PE";"UOP03";"DEL01"
272881;2020-03-02;"segunda-feira";"15:50:00";"PR";116;209;"RIO NEGRO";"Defeito Mecânico no Veículo";"Queda de ocupante de veículo";"Com Vítimas Feridas";"Pleno dia";"Decrescente";"Garoa/Chuvisco";"Simples";"Reta";"Sim";1;0;1;0;0;0;1;1;-26,08596;-49,77849;"SR-SC";"UOP01";"DEL06"
272882;2020-03-02;"segunda-feira";"16:30:00";"RR";174;203;"RORAINOPOLIS";"Ultrapassagem Indevida";"Colisão frontal";"Com Vítimas Fatais";"Pleno dia";"Crescente";"Céu Claro";"Simples";"Reta";"Sim";3;1;0;0;2;0;0;3;0,864854;-60,43526;"SR-RR";"UOP01";"DEL01"
272883;2020-03-02;"segunda-feira";"14:45:00";"MG";40;661,9;"CARANDAI";"Pista Escorregadia";"Saída de leito carroçável";"Com Vítimas Feridas";"Pleno dia";"Decrescente";"Chuva";"Simples";"Curva";"Não";1;0;1;0;0;0;1;1;-20,91646;-43,82515;"SR-MG";"UOP02";"DEL05"
272884;2020-03-02;"segunda-feira";"17:45:00";"SP";116;210,1;"GUARULHOS";"Não guardar distância de segurança";"Queda de ocupante de veículo";"Com Vítimas Feridas";"Pleno dia";"Crescente";"Garoa/Chuvisco";"Simples";"Reta";"Não";2;0;1;0;1;0;1;2;-23,4287;-46,41086;"SR-SP";"UOP01";"DEL01"
272885;2020-03-02;"segunda-feira";"14:55:00";"SC";282;522,1;"XAXIM";"Falta de Atenção do Pedestre";"Atropelamento de Pedestre";"Com Vítimas Feridas";"Pleno dia";"Decrescente";"Céu Claro";"Simples";"Curva";"Sim";2;0;0;1;1;0;1;1;-26,95624;-52,54264;"SR-SC";"UOP01";"DEL07"
272886;2020-03-02;"segunda-feira";"17:50:00";"PR";116;123,9;"CURITIBA";"Falta de Atenção à Condução";"Colisão traseira";"Com Vítimas Feridas";"Pleno dia";"Crescente";"Nublado";"Dupla";"Reta";"Não";3;0;2;0;1;0;2;2;-25,62237;-49,31602;"SR-PR";"UOP03";"DEL01"
272887;2020-03-02;"segunda-feira";"17:50:00";"SP";153;64,4;"SAO JOSE DO RIO PRETO";"Falta de Atenção à Condução";"Colisão traseira";"Com Vítimas Feridas";"Pleno dia";"Decrescente";"Céu Claro";"Dupla";"Curva";"Sim";8;0;1;0;7;0;1;2;-20,82919;-49,36046;"SR-SP";"UOP01";"DEL09"
272888;2020-02-10;"segunda-feira";"05:10:00";"RR";174;335;"CARACARAI";"Animais na Pista";"Atropelamento de Animal";"Com Vítimas Feridas";"Amanhecer";"Decrescente";"Céu Claro";"Simples";"Reta";"Não";2;0;2;0;0;0;2;1;1,609368;-61,01595;"SR-RR";"UOP01/RR";""
272889;2020-03-02;"segunda-feira";"18:15:00";"BA";116;275;"TUCANO";"Falta de Atenção à Condução";"Colisão traseira";"Com Vítimas Fatais";"Plena Noite";"Crescente";"Céu Claro";"Simples";"Reta";"Sim";4;1;2;0;0;1;2;3;-10,97024;-38,79154;"SR-BA";"UOP02";"DEL07"
272890;2020-03-02;"segunda-feira";"17:15:00";"RO";364;238,8;"CACOAL";"Falta de Atenção à Condução";"Saída de leito carroçável";"Com Vítimas Feridas";"Anoitecer";"Crescente";"Céu Claro";"Simples";"Reta";"Sim";1;0;0;1;0;0;1;1;-11,43886;-61,45471;"SR-RO";"UOP02";"DEL02"
272891;2020-03-02;"segunda-feira";"17:15:00";"RO";364;697;"PORTO VELHO";"Falta de Atenção à Condução";"Colisão traseira";"Com Vítimas Feridas";"Pleno dia";"Decrescente";"Nublado";"Dupla";"Interseção de vias";"Não";2;0;1;0;1;0;1;2;-8,801249;-63,74351;"SR-RO";"UOP01";"DEL01"
272892;2020-03-02;"segunda-feira";"18:30:00";"GO";153;514;"APARECIDA DE GOIANIA";"Falta de Atenção à Condução";"Colisão com objeto estático";"Com Vítimas Feridas";"Anoitecer";"Decrescente";"Nublado";"Dupla";"Reta";"Sim";1;0;1;0;0;0;1;1;-16,8315;-49,2434;"SR-GO";"UOP03";"DEL01"
272893;2020-03-02;"segunda-feira";"17:45:00";"PR";277;129,6;"CAMPO LARGO";"Pista Escorregadia";"Saída de leito carroçável";"Sem Vítimas";"Pleno dia";"Decrescente";"Garoa/Chuvisco";"Simples";"Não Informado";"Não";1;0;0;0;1;0;0;1;-25,44518;-49,49857;"SR-PR";"UOP03";"DEL03"
272894;2020-03-02;"segunda-feira";"18:20:00";"RJ";101;68,5;"CAMPOS DOS GOYTACAZES";"Mal Súbito";"Queda de ocupante de veículo";"Com Vítimas Feridas";"Plena Noite";"Crescente";"Garoa/Chuvisco";"Simples";"Reta";"Sim";1;0;1;0;0;0;1;1;-21,77187;-41,35705;"SR-RJ";"UOP02";"DEL08"
272895;2020-03-02;"segunda-feira";"18:55:00";"GO";20;8;"FORMOSA";"Velocidade Incompatível";"Colisão traseira";"Com Vítimas Feridas";"Plena Noite";"Crescente";"Chuva";"Simples";"Reta";"Não";2;0;1;0;1;0;1;2;-15,55115;-47,28325;"SR-DF";"UOP01";"DEL02"
272896;2020-03-02;"segunda-feira";"16:50:00";"PR";476;249,8;"LAPA";"Desobediência às normas de trânsito pelo condutor";"Colisão lateral";"Com Vítimas Feridas";"Pleno dia";"Decrescente";"Chuva";"Simples";"Reta";"Não";7;0;1;0;1;5;1;2;-25,86795;-50,14973;"SR-PR";"UOP05";"DEL03"
272897;2020-03-01;"domingo";"14:40:00";"MG";40;21,5;"PARACATU";"Falta de Atenção à Condução";"Saída de leito carroçável";"Com Vítimas Feridas";"Pleno dia";"Decrescente";"Nublado";"Simples";"Não Informado";"Não";2;0;1;0;1;0;1;1;-17,10863;-46,99995;"SR-MG";"UOP01";"DEL14"
272898;2020-03-02;"segunda-feira";"18:00:00";"SC";101;42,7;"JOINVILLE";"Falta de Atenção à Condução";"Saída de leito carroçável";"Com Vítimas Feridas";"Anoitecer";"Decrescente";"Nublado";"Dupla";"Curva";"Sim";1;0;1;0;0;0;1;1;-26,29252;-48,88474;"SR-SC";"UOP01";"DEL03"
272899;2020-03-02;"segunda-feira";"18:55:00";"SC";282;0;"FLORIANOPOLIS";"Falta de Atenção à Condução";"Colisão lateral";"Com Vítimas Feridas";"Plena Noite";"Decrescente";"Nublado";"Dupla";"Curva";"Não";2;0;1;0;1;0;1;2;-27,59845;-48,572;"SR-SC";"UOP01";"DEL01"
272900;2020-03-02;"segunda-feira";"17:35:00";"MG";262;574,1;"CORREGO DANTA";"Falta de Atenção à Condução";"Colisão frontal";"Com Vítimas Feridas";"Pleno dia";"Crescente";"Nublado";"Simples";"Curva";"Não";2;0;1;0;1;0;1;2;-19,69878;-46,02908;"SR-MG";"UOP02";"DEL08"
272901;2020-03-02;"segunda-feira";"18:00:00";"PR";116;121;"CURITIBA";"Falta de Atenção à Condução";"Queda de ocupante de veículo";"Com Vítimas Feridas";"Anoitecer";"Decrescente";"Céu Claro";"Dupla";"Reta";"Sim";2;0;2;0;0;0;2;1;-25,55993;-49,30744;"SR-PR";"UOP03";"DEL01"
272903;2020-03-02;"segunda-feira";"19:05:00";"TO";153;149;"ARAGUAINA";"Objeto estático sobre o leito carroçável";"Colisão lateral";"Com Vítimas Feridas";"Plena Noite";"Crescente";"Céu Claro";"Simples";"Curva";"Sim";8;0;1;0;7;0;1;2;-7,239191;-48,25429;"SR-TO";"UOP04";"DEL02"
272904;2020-03-02;"segunda-feira";"19:05:00";"RS";285;293;"PASSO FUNDO";"Desobediência às normas de trânsito pelo condutor";"Colisão transversal";"Com Vítimas Feridas";"Anoitecer";"Decrescente";"Céu Claro";"Dupla";"Rotatória";"Sim";2;0;0;1;1;0;1;2;-28,23664;-52,37516;"SR-RS";"UOP03";"DEL08"
272906;2020-03-02;"segunda-feira";"18:55:00";"PR";476;132,9;"CURITIBA";"Falta de Atenção do Pedestre";"Atropelamento de Pedestre";"Com Vítimas Feridas";"Anoitecer";"Decrescente";"Nublado";"Múltipla";"Reta";"Sim";2;0;0;1;1;0;1;1;-25,46907;-49,25377;"SR-PR";"UOP03";"DEL01"
272907;2020-03-02;"segunda-feira";"19:40:00";"RS";290;716;"URUGUAIANA";"Desobediência às normas de trânsito pelo condutor";"Colisão transversal";"Com Vítimas Feridas";"Plena Noite";"Crescente";"Céu Claro";"Simples";"Reta";"Sim";2;0;2;0;0;0;2;2;-29,78185;-57,02525;"SR-RS";"UOP01";"DEL13"
272908;2020-03-02;"segunda-feira";"19:10:00";"RS";116;251;"SAO LEOPOLDO";"Falta de Atenção à Condução";"Colisão traseira";"Com Vítimas Feridas";"Plena Noite";"Decrescente";"Céu Claro";"Dupla";"Interseção de vias";"Sim";3;0;1;0;2;0;1;2;-29,79776;-51,16497;"SR-RS";"UOP02";"DEL01"
272909;2020-03-02;"segunda-feira";"18:35:00";"PR";153;21,5;"JACAREZINHO";"Falta de Atenção à Condução";"Colisão traseira";"Com Vítimas Feridas";"Anoitecer";"Decrescente";"Nublado";"Simples";"Reta";"Não";4;0;1;0;3;0;1;2;-23,16713;-49,96068;"SR-PR";"UOP05";"DEL07"
272910;2020-03-02;"segunda-feira";"18:50:00";"RJ";101;56;"CAMPOS DOS GOYTACAZES";"Não guardar distância de segurança";"Queda de ocupante de veículo";"Com Vítimas Feridas";"Plena Noite";"Decrescente";"Garoa/Chuvisco";"Dupla";"Reta";"Não";2;0;1;0;1;0;1;2;-21,68714;-41,31064;"SR-RJ";"UOP01";"DEL08"
272911;2020-02-09;"domingo";"20:15:00";"SP";116;208;"GUARULHOS";"Não guardar distância de segurança";"Colisão traseira";"Com Vítimas Feridas";"Plena Noite";"Crescente";"Chuva";"Dupla";"Reta";"Sim";5;0;3;0;2;0;3;2;-23,42222;-46,39328;"SR-SP";"UOP01";"DEL01"
272912;2020-03-02;"segunda-feira";"19:10:00";"BA";324;595;"CANDEIAS";"Falta de Atenção do Pedestre";"Atropelamento de Pedestre";"Com Vítimas Fatais";"Plena Noite";"Crescente";"Céu Claro";"Dupla";"Reta";"Não";2;1;0;0;1;0;0;1;-12,71235;-38,45525;"SR-BA";"UOP01";"DEL01"
272913;2020-03-02;"segunda-feira";"19:40:00";"SC";101;207,3;"SAO JOSE";"Falta de Atenção à Condução";"Colisão lateral";"Com Vítimas Feridas";"Plena Noite";"Crescente";"Garoa/Chuvisco";"Dupla";"Reta";"Não";1;0;1;0;0;0;1;1;-27,60001;-48,62265;"SR-SC";"UOP01";"DEL01"
272915;2020-03-02;"segunda-feira";"18:30:00";"MT";364;404;"CUIABA";"Falta de Atenção à Condução";"Colisão transversal";"Com Vítimas Feridas";"Anoitecer";"Crescente";"Céu Claro";"Dupla";"Rotatória";"Não";2;0;1;0;1;0;1;2;-15,66159;-55,97144;"SR-MT";"UOP02";"DEL01"
272916;2020-03-02;"segunda-feira";"18:30:00";"BA";324;512;"FEIRA DE SANTANA";"Falta de Atenção à Condução";"Colisão traseira";"Com Vítimas Feridas";"Pleno dia";"Decrescente";"Céu Claro";"Simples";"Reta";"Sim";1;0;1;0;0;0;1;1;-12,2308;-38,9604;"SR-BA";"UOP01";"DEL02"
272917;2020-03-02;"segunda-feira";"18:40:00";"MG";116;527,8;"CARATINGA";"Falta de Atenção à Condução";"Colisão transversal";"Com Vítimas Feridas";"Plena Noite";"Crescente";"Chuva";"Múltipla";"Interseção de vias";"Sim";2;0;1;0;1;0;1;2;-19,77966;-42,13309;"SR-MG";"UOP02";"DEL06"
272918;2020-03-02;"segunda-feira";"20:10:00";"CE";222;5;"CAUCAIA";"Falta de Atenção à Condução";"Colisão traseira";"Com Vítimas Feridas";"Plena Noite";"Decrescente";"Céu Claro";"Múltipla";"Reta";"Não";4;0;0;2;1;1;2;2;-3,742969;-38,61331;"SR-CE";"UOP01";"DEL01"
272919;2020-03-02;"segunda-feira";"21:15:00";"SC";470;66,4;"INDAIAL";"Ingestão de Álcool";"Capotamento";"Com Vítimas Feridas";"Plena Noite";"Decrescente";"Nublado";"Simples";"Não Informado";"Sim";1;0;0;1;0;0;1;1;-26,87021;-49,22716;"SR-SC";"UOP01";"DEL04"
272920;2020-03-02;"segunda-feira";"20:27:00";"GO";60;65,4;"ABADIANIA";"Desobediência às normas de trânsito pelo condutor";"Colisão transversal";"Com Vítimas Fatais";"Plena Noite";"Decrescente";"Céu Claro";"Dupla";"Reta";"Não";5;2;1;1;0;1;2;2;-16,20886;-48,74268;"SR-GO";"UOP01";"DEL02"
272921;2020-03-02;"segunda-feira";"21:00:00";"DF";70;12;"BRASILIA";"Ingestão de Álcool";"Colisão traseira";"Com Vítimas Feridas";"Plena Noite";"Crescente";"Chuva";"Dupla";"Reta";"Não";7;0;1;0;6;0;1;4;-15,79224;-48,15854;"SR-DF";"UOP03";"DEL01"
272922;2020-03-02;"segunda-feira";"21:10:00";"PR";116;89;"PIRAQUARA";"Avarias e/ou desgaste excessivo no pneu";"Saída de leito carroçável";"Com Vítimas Feridas";"Plena Noite";"Decrescente";"Garoa/Chuvisco";"Dupla";"Reta";"Não";3;0;2;0;1;0;2;3;-25,45429;-49,08817;"SR-PR";"UOP01";"DEL01"
272923;2020-03-02;"segunda-feira";"19:00:00";"MT";174;539;"COMODORO";"Falta de Atenção à Condução";"Saída de leito carroçável";"Com Vítimas Feridas";"Plena Noite";"Crescente";"Céu Claro";"Simples";"Desvio Temporário";"Não";1;0;1;0;0;0;1;1;-13,19506;-59,86471;"SR-MT";"UOP01";"DEL04"
272924;2020-03-02;"segunda-feira";"20:10:00";"MT";364;202,4;"RONDONOPOLIS";"Falta de Atenção à Condução";"Colisão frontal";"Com Vítimas Feridas";"Plena Noite";"Decrescente";"Céu Claro";"Dupla";"Reta";"Sim";4;0;1;1;2;0;2;2;-16,47895;-54,65175;"SR-MT";"UOP01";"DEL02"
272925;2020-03-02;"segunda-feira";"21:15:00";"SP";116;176,4;"GUARAREMA";"Falta de Atenção do Pedestre";"Atropelamento de Pedestre";"Com Vítimas Fatais";"Plena Noite";"Decrescente";"Céu Claro";"Múltipla";"Não Informado";"Sim";3;1;0;0;2;0;0;1;-23,3219;-46,11032;"SR-SP";"UOP01";"DEL02"
272926;2020-03-02;"segunda-feira";"21:20:00";"BA";242;733;"CRISTOPOLIS";"Falta de Atenção à Condução";"Colisão frontal";"Sem Vítimas";"Plena Noite";"Decrescente";"Garoa/Chuvisco";"Simples";"Desvio Temporário";"Não";2;0;0;0;2;0;0;2;-12,20246;-44,47884;"SR-BA";"UOP01";"DEL10"
272927;2020-03-02;"segunda-feira";"15:30:00";"MG";381;331;"NOVA ERA";"Velocidade Incompatível";"Capotamento";"Com Vítimas Feridas";"Pleno dia";"Crescente";"Chuva";"Dupla";"Não Informado";"Sim";1;0;0;1;0;0;1;1;-19,79418;-43,05546;"SR-MG";"UOP01";"DEL03"
272928;2020-03-02;"segunda-feira";"17:30:00";"MA";402;12,2;"ROSARIO";"Falta de Atenção à Condução";"Colisão frontal";"Com Vítimas Fatais";"Anoitecer";"Crescente";"Nublado";"Simples";"Curva";"Não";2;1;0;0;1;0;0;2;-2,9456;-44,22842;"SR-MA";"UOP01";"DEL01"
272929;2020-03-02;"segunda-feira";"22:00:00";"PR";476;123;"CURITIBA";"Desobediência às normas de trânsito pelo condutor";"Colisão transversal";"Com Vítimas Feridas";"Plena Noite";"Crescente";"Nublado";"Múltipla";"Interseção de vias";"Sim";3;0;0;1;1;1;1;2;-25,3929;-49,20956;"SR-PR";"UOP06";"DEL01"
272930;2020-03-02;"segunda-feira";"07:00:00";"MG";251;298,2;"SALINAS";"Falta de Atenção à Condução";"Colisão traseira";"Com Vítimas Feridas";"Pleno dia";"Crescente";"Nublado";"Simples";"Reta";"Não";4;0;2;0;2;0;2;2;-16,1216;-42,21874;"SR-MG";"UOP02";"DEL11"
272931;2020-03-02;"segunda-feira";"21:40:00";"SC";101;368,3;"ICARA";"Ingestão de Álcool";"Colisão traseira";"Com Vítimas Feridas";"Plena Noite";"Decrescente";"Céu Claro";"Dupla";"Não Informado";"Não";2;0;1;0;0;1;1;2;-28,69902;-49,18983;"SR-SC";"UOP01";"DEL02"
272932;2020-03-02;"segunda-feira";"21:30:00";"PE";232;25,6;"MORENO";"Falta de Atenção à Condução";"Colisão com objeto estático";"Com Vítimas Feridas";"Plena Noite";"Crescente";"Chuva";"Dupla";"Reta";"Não";1;0;1;0;0;0;1;1;-8,111918;-35,10837;"SR-PE";"UOP04";"DEL01"
272933;2020-03-02;"segunda-feira";"22:59:00";"MG";50;73,5;"UBERLANDIA";"Falta de Atenção à Condução";"Colisão com objeto estático";"Com Vítimas Feridas";"Plena Noite";"Decrescente";"Nublado";"Dupla";"Curva";"Sim";1;0;1;0;0;0;1;1;-18,91044;-48,22384;"SR-MG";"UOP01";"DEL15"
272934;2020-03-02;"segunda-feira";"18:45:00";"MG";116;749,7;"LEOPOLDINA";"Restrição de Visibilidade";"Colisão frontal";"Com Vítimas Feridas";"Anoitecer";"Decrescente";"Chuva";"Simples";"Reta";"Não";9;0;7;2;0;0;9;2;-21,44739;-42,54573;"SR-MG";"UOP01";"DEL07"
272935;2020-03-02;"segunda-feira";"22:40:00";"RS";392;112,1;"CANGUCU";"Animais na Pista";"Atropelamento de Animal";"Com Vítimas Feridas";"Plena Noite";"Decrescente";"Céu Claro";"Simples";"Não Informado";"Sim";1;0;1;0;0;0;1;1;-31,44667;-52,64345;"SR-RS";"UOP01";"DEL07"
272936;2020-03-02;"segunda-feira";"23:05:00";"PR";369;144,6;"LONDRINA";"Desobediência às normas de trânsito pelo condutor";"Colisão transversal";"Com Vítimas Feridas";"Plena Noite";"Crescente";"Céu Claro";"Dupla";"Não Informado";"Sim";2;0;1;0;1;0;1;2;-23,29301;-51,10061;"SR-PR";"UOP01";"DEL07"
272937;2020-03-02;"segunda-feira";"22:30:00";"SP";116;224,2;"GUARULHOS";"Ingestão de Álcool";"Colisão traseira";"Sem Vítimas";"Plena Noite";"Crescente";"Chuva";"Múltipla";"Reta";"Não";2;0;0;0;1;1;0;2;-23,48072;-46,53272;"SR-SP";"UOP01";"DEL01"
272938;2020-03-02;"segunda-feira";"23:10:00";"PR";277;343,3;"GUARAPUAVA";"Falta de Atenção do Pedestre";"Atropelamento de Pedestre";"Com Vítimas Feridas";"Plena Noite";"Crescente";"Nublado";"Dupla";"Reta";"Sim";3;0;0;2;1;0;2;1;-25,36125;-51,46994;"SR-PR";"UOP01";"DEL08"
272939;2020-03-02;"segunda-feira";"22:45:00";"SC";101;145;"ITAPEMA";"Falta de Atenção à Condução";"Colisão lateral";"Com Vítimas Feridas";"Plena Noite";"Decrescente";"Chuva";"Dupla";"Não Informado";"Não";1;0;1;0;0;0;1;1;-27,08139;-48,60131;"SR-SC";"UOP03";"DEL04"
272940;2020-03-02;"segunda-feira";"23:50:00";"SP";116;228;"SAO PAULO";"Desobediência às normas de trânsito pelo condutor";"Colisão traseira";"Com Vítimas Feridas";"Plena Noite";"Decrescente";"Chuva";"Múltipla";"Reta";"Sim";2;0;1;0;1;0;1;2;-23,50606;-46,56959;"SR-SP";"UOP01";"DEL01"
272941;2020-03-02;"segunda-feira";"21:25:00";"RO";364;488;"ARIQUEMES";"Defeito na Via";"Queda de ocupante de veículo";"Com Vítimas Feridas";"Plena Noite";"Crescente";"Céu Claro";"Simples";"Reta";"Não";2;0;1;1;0;0;2;1;-10,10877;-62,92949;"SR-RO";"UOP01";"DEL03"
272942;2020-03-02;"segunda-feira";"23:45:00";"SP";381;36;"ATIBAIA";"Desobediência às normas de trânsito pelo condutor";"Saída de leito carroçável";"Com Vítimas Feridas";"Plena Noite";"Decrescente";"Nublado";"Múltipla";"Reta";"Sim";2;0;1;0;1;0;1;1;-23,10506;-46,56882;"SR-SP";"UOP01";"DEL03"
272943;2020-03-03;"terça-feira";"00:10:00";"PR";277;722,5;"FOZ DO IGUACU";"Ingestão de Álcool";"Colisão transversal";"Com Vítimas Feridas";"Plena Noite";"Decrescente";"Céu Claro";"Dupla";"Reta";"Sim";2;0;0;1;1;0;1;2;-25,49495;-54,52095;"SR-PR";"UOP01";"DEL05"
272944;2020-03-02;"segunda-feira";"22:20:00";"SC";282;98,3;"ALFREDO WAGNER";"Ingestão de Álcool";"Colisão frontal";"Com Vítimas Feridas";"Plena Noite";"Crescente";"Céu Claro";"Simples";"Reta";"Não";2;0;0;1;1;0;1;2;-27,70229;-49,27965;"SR-SC";"UOP03";"DEL01"
272945;2020-03-02;"segunda-feira";"23:30:00";"PE";424;88,4;"GARANHUNS";"Deficiência ou não Acionamento do Sistema de Iluminação/Sinalização do Veículo";"Colisão traseira";"Com Vítimas Fatais";"Plena Noite";"Crescente";"Nublado";"Simples";"Desvio Temporário";"Não";2;1;0;0;0;1;0;2;-8,882898;-36,50849;"SR-PE";"UOP01";"DEL03"
272946;2020-03-02;"segunda-feira";"23:00:00";"RO";364;456,9;"ARIQUEMES";"Velocidade Incompatível";"Colisão frontal";"Com Vítimas Fatais";"Plena Noite";"Decrescente";"Garoa/Chuvisco";"Simples";"Curva";"Não";2;1;0;0;1;0;0;2;-10,26349;-62,70464;"SR-RO";"UOP02";"DEL03"
272947;2020-03-02;"segunda-feira";"22:45:00";"AC";364;139;"RIO BRANCO";"Defeito na Via";"Tombamento";"Com Vítimas Feridas";"Plena Noite";"Decrescente";"Ignorado";"Dupla";"Reta";"Sim";2;0;2;0;0;0;2;1;-9,953593;-67,8612;"SR-AC";"UOP01";"DEL01"
272948;2020-03-03;"terça-feira";"00:30:00";"DF";20;1,9;"BRASILIA";"Falta de Atenção à Condução";"Colisão lateral";"Com Vítimas Feridas";"Plena Noite";"Crescente";"Chuva";"Dupla";"Reta";"Sim";3;0;1;0;2;0;1;2;-15,68581;-47,84984;"SR-DF";"UOP01";"DEL02"
272950;2020-03-03;"terça-feira";"01:10:00";"BA";135;34,9;"FORMOSA DO RIO PRETO";"Falta de Atenção à Condução";"Colisão com objeto estático";"Com Vítimas Feridas";"Plena Noite";"Decrescente";"Ignorado";"Simples";"Reta";"Não";3;0;3;0;0;0;3;1;-11,08732;-45,1357;"SR-BA";"UOP01";"DEL10"
272951;2020-03-03;"terça-feira";"01:00:00";"RS";290;80,9;"GRAVATAI";"Condutor Dormindo";"Saída de leito carroçável";"Com Vítimas Feridas";"Plena Noite";"Crescente";"Céu Claro";"Dupla";"Reta";"Não";1;0;1;0;0;0;1;1;-29,95343;-51,05845;"SR-RS";"UOP01";"DEL01"
272952;2020-03-02;"segunda-feira";"22:14:00";"BA";324;403;"NOVA FATIMA";"Não guardar distância de segurança";"Colisão traseira";"Com Vítimas Feridas";"Plena Noite";"Crescente";"Céu Claro";"Simples";"Reta";"Sim";4;0;2;0;2;0;2;2;-11,59897;-39,63873;"SR-BA";"UOP02";"DEL04"
272953;2020-03-03;"terça-feira";"02:10:00";"MG";381;744;"TRES CORACOES";"Condutor Dormindo";"Saída de leito carroçável";"Com Vítimas Feridas";"Plena Noite";"Crescente";"Nublado";"Dupla";"Curva";"Não";1;0;0;1;0;0;1;1;-21,63153;-45,2765;"SR-MG";"UOP02";"DEL16"
272954;2020-03-03;"terça-feira";"02:10:00";"PE";232;10,4;"JABOATAO DOS GUARARAPES";"Defeito Mecânico no Veículo";"Incêndio";"Sem Vítimas";"Plena Noite";"Decrescente";"Céu Claro";"Dupla";"Não Informado";"Não";1;0;0;0;1;0;0;1;-8,079172;-34,98719;"SR-PE";"UOP01";"DEL01"
272955;2020-03-03;"terça-feira";"01:00:00";"SC";101;48;"JOINVILLE";"Falta de Atenção à Condução";"Saída de leito carroçável";"Sem Vítimas";"Plena Noite";"Crescente";"Chuva";"Dupla";"Curva";"Não";1;0;0;0;0;1;0;1;-26,35346;-48,85868;"SR-SC";"UOP01";"DEL03"