"id";"data_inversa";"dia_semana";"horario";"uf";"br";"km";"municipio";"causa_acidente";"tipo_acidente";"classificacao_acidente";"fase_dia";"sentido_via";"condicao_metereologica";"tipo_pista";"tracado_via";"uso_solo";"pessoas";"mortos";"feridos_leves";"feridos_graves";"ilesos";"ignorados";"feridos";"veiculos";"latitude";"longitude";"regional";"delegacia";"uop"
272956;2020-03-03;"terça-feira";"02:55:00";"PR";376;493,5;"PONTA GROSSA";"Falta de Atenção à Condução";"Colisão traseira";"Com Vítimas Feridas";"Plena Noite";"Crescente";"Nublado";"Dupla";"Reta";"Sim";2;0;0;1;1;0;1;2;-25,1556;-50,13323;"SR-PR";"UOP02";"DEL03"
272957;2020-03-03;"terça-feira";"02:20:00";"PB";230;114,1;"INGA";"Condutor Dormindo";"Saída de leito carroçável";"Com Vítimas Feridas";"Plena Noite";"Crescente";"Nublado";"Dupla";"Curva";"Não";1;0;1;0;0;0;1;1;-7,2215;-35,5969;"SR-PB";"UOP02";"DEL01"
272958;2020-03-03;"terça-feira";"05:00:00";"AL";101;154,9;"JEQUIA DA PRAIA";"Animais na Pista";"Saída de leito carroçável";"Com Vítimas Feridas";"Amanhecer";"Crescente";"Sol";"Dupla";"Reta";"Não";1;0;1;0;0;0;1;1;-9,890578;-36,18583;"SR-AL";"UOP02";"DEL02"
272959;2020-03-03;"terça-feira";"04:40:00";"RJ";116;209,6;"SEROPEDICA";"Fenômenos da Natureza";"Colisão com objeto estático";"Com Vítimas Feridas";"Amanhecer";"Decrescente";"Nublado";"Dupla";"Reta";"Não";1;0;1;0;0;0;1;1;-22,72124;-43,68111;"SR-RJ";"UOP03";"DEL01"
272960;2020-03-03;"terça-feira";"04:05:00";"RN";304;122,1;"ITAJA";"Falta de Atenção à Condução";"Colisão traseira";"Com Vítimas Feridas";"Plena Noite";"Decrescente";"Nublado";"Simples";"Não Informado";"Não";2;0;1;0;1;0;1;2;-5,641871;-36,84007;"SR-RN";"UOP01";"DEL04"
272961;2020-03-03;"terça-feira";"05:20:00";"RJ";40;107;"DUQUE DE CAXIAS";"Ingestão de Álcool";"Atropelamento de Pedestre";"Com Vítimas Feridas";"Amanhecer";"Decrescente";"Céu Claro";"Múltipla";"Reta";"Sim";2;0;1;0;1;0;1;1;-22,65581;-43,28379;"SR-RJ";"UOP01";"DEL01"
272962;2020-03-03;"terça-feira";"06:30:00";"DF";20;14,5;"BRASILIA";"Pista Escorregadia";"Queda de ocupante de veículo";"Com Vítimas Feridas";"Pleno dia";"Decrescente";"Garoa/Chuvisco";"Dupla";"Reta";"Não";2;0;1;0;0;1;1;1;-15,63494;-47,74124;"SR-DF";"UOP01";"DEL02"
272963;2020-03-03;"terça-feira";"06:10:00";"GO";40;99;"CRISTALINA";"Desobediência às normas de trânsito pelo condutor";"Saída de leito carroçável";"Sem Vítimas";"Amanhecer";"Crescente";"Nublado";"Simples";"Reta";"Não";1;0;0;0;1;0;0;1;-16,77927;-47,58494;"SR-DF";"UOP04";"DEL01"
272964;2020-03-03;"terça-feira";"06:30:00";"PE";408;86,4;"PAUDALHO";"Desobediência às normas de trânsito pelo condutor";"Colisão lateral";"Com Vítimas Feridas";"Pleno dia";"Decrescente";"Céu Claro";"Dupla";"Reta";"Não";2;0;1;0;1;0;1;2;-7,96011;-35,09555;"SR-PE";"UOP01";"DEL01"
272965;2020-03-03;"terça-feira";"06:20:00";"RJ";40;120;"DUQUE DE CAXIAS";"Defeito Mecânico no Veículo";"Queda de ocupante de veículo";"Com Vítimas Feridas";"Pleno dia";"Crescente";"Garoa/Chuvisco";"Múltipla";"Reta";"Sim";2;0;1;0;1;0;1;2;-22,77281;-43,28627;"SR-RJ";"UOP01";"DEL01"
272966;2020-02-19;"quarta-feira";"09:35:00";"PA";316;41;"SANTA IZABEL DO PARA";"Defeito na Via";"Tombamento";"Sem Vítimas";"Pleno dia";"Decrescente";"Nublado";"Simples";"Reta";"Sim";2;0;0;0;2;0;0;1;-1,278658;-48,11355;"SR-PA";"UOP01";"DEL01"
272967;2020-03-03;"terça-feira";"06:10:00";"MS";262;472,1;"ANASTACIO";"Não guardar distância de segurança";"Colisão traseira";"Com Vítimas Feridas";"Pleno dia";"Decrescente";"Céu Claro";"Simples";"Não Informado";"Não";2;0;1;0;1;0;1;2;-20,5105;-55,64403;"SR-MS";"UOP01";"DEL03"
272968;2020-03-03;"terça-feira";"06:30:00";"DF";70;5;"BRASILIA";"Falta de Atenção à Condução";"Colisão transversal";"Com Vítimas Feridas";"Amanhecer";"Decrescente";"Céu Claro";"Dupla";"Reta";"Sim";2;0;1;0;1;0;1;2;-15,79466;-48,09678;"SR-DF";"UOP03";"DEL01"
272969;2020-03-03;"terça-feira";"03:00:00";"MG";40;500,9;"ESMERALDAS";"Animais na Pista";"Saída de leito carroçável";"Com Vítimas Fatais";"Plena Noite";"Decrescente";"Chuva";"Dupla";"Não Informado";"Não";1;1;0;0;0;0;0;1;-19,70074;-44,17383;"SR-MG";"UOP01";"DEL02"
272971;2020-03-03;"terça-feira";"06:30:00";"PE";316;283;"ITACURUBA";"Pista Escorregadia";"Colisão com objeto estático";"Sem Vítimas";"Pleno dia";"Crescente";"Garoa/Chuvisco";"Simples";"Reta";"Não";1;0;0;0;1;0;0;1;-8,662635;-38,75002;"SR-PE";"UOP02";"DEL04"
272972;2020-03-03;"terça-feira";"07:00:00";"MG";262;846,6;"UBERABA";"Falta de Atenção à Condução";"Colisão lateral";"Com Vítimas Feridas";"Pleno dia";"Decrescente";"Céu Claro";"Dupla";"Reta";"Não";4;0;4;0;0;0;4;2;-19,75909;-48,30782;"SR-MG";"UOP01";"DEL13"
272974;2020-03-03;"terça-feira";"07:10:00";"DF";40;5;"BRASILIA";"Desobediência às normas de trânsito pelo condutor";"Colisão transversal";"Com Vítimas Feridas";"Pleno dia";"Decrescente";"Nublado";"Dupla";"Reta";"Não";2;0;1;0;1;0;1;2;-16,0209;-47,98054;"SR-DF";"UOP01";"DEL01"
272975;2020-03-03;"terça-feira";"07:20:00";"PR";277;82;"CURITIBA";"Não guardar distância de segurança";"Engavetamento";"Sem Vítimas";"Pleno dia";"Crescente";"Chuva";"Dupla";"Reta";"Sim";3;0;0;0;2;1;0;3;-25,56894;-49,18198;"SR-PR";"UOP04";"DEL01"
272976;2020-03-03;"terça-feira";"07:30:00";"PR";376;173,2;"MARINGA";"Desobediência às normas de trânsito pelo condutor";"Colisão transversal";"Com Vítimas Feridas";"Pleno dia";"Crescente";"Céu Claro";"Múltipla";"Não Informado";"Sim";2;0;1;0;1;0;1;2;-23,41722;-51,95892;"SR-PR";"UOP01";"DEL09"
272977;2020-03-03;"terça-feira";"06:45:00";"RJ";40;99;"DUQUE DE CAXIAS";"Falta de Atenção à Condução";"Saída de leito carroçável";"Com Vítimas Feridas";"Pleno dia";"Crescente";"Chuva";"Simples";"Reta";"Não";1;0;0;1;0;0;1;1;-22,58585;-43,27716;"SR-RJ";"UOP01";"DEL01"
272978;2020-03-03;"terça-feira";"08:00:00";"PE";101;51;"ABREU E LIMA";"Não guardar distância de segurança";"Colisão traseira";"Com Vítimas Feridas";"Pleno dia";"Crescente";"Céu Claro";"Simples";"Reta";"Sim";3;0;1;1;1;0;2;2;-7,916997;-34,89689;"SR-PE";"UOP02";"DEL01"
272979;2020-03-03;"terça-feira";"08:00:00";"PE";101;43;"IGARASSU";"Falta de Atenção à Condução";"Colisão traseira";"Com Vítimas Feridas";"Pleno dia";"Decrescente";"Céu Claro";"Dupla";"Reta";"Sim";2;0;1;0;1;0;1;2;-7,847538;-34,90977;"SR-PE";"UOP02";"DEL01"
272980;2020-03-03;"terça-feira";"07:50:00";"RS";116;250,9;"SAO LEOPOLDO";"Falta de Atenção à Condução";"Colisão lateral";"Com Vítimas Feridas";"Pleno dia";"Crescente";"Céu Claro";"Simples";"Reta";"Sim";2;0;1;0;1;0;1;2;-29,79149;-51,164;"SR-RS";"UOP02";"DEL01"
272981;2020-03-03;"terça-feira";"07:25:00";"SC";163;67,5;"SAO MIGUEL DO OESTE";"Falta de Atenção à Condução";"Colisão traseira";"Com Vítimas Feridas";"Pleno dia";"Crescente";"Céu Claro";"Simples";"Reta";"Sim";2;0;0;1;1;0;1;2;-26,75944;-53,50055;"SR-SC";"UOP03";"DEL07"
272983;2020-03-03;"terça-feira";"07:20:00";"SC";163;66,9;"SAO MIGUEL DO OESTE";"Desobediência às normas de trânsito pelo condutor";"Colisão transversal";"Com Vítimas Feridas";"Pleno dia";"Crescente";"Céu Claro";"Dupla";"Não Informado";"Sim";3;0;0;2;1;0;2;2;-26,75944;-53,50055;"SR-SC";"UOP03";"DEL07"
272985;2020-03-03;"terça-feira";"08:20:00";"SC";280;54,2;"GUARAMIRIM";"Falta de Atenção à Condução";"Colisão transversal";"Com Vítimas Feridas";"Pleno dia";"Crescente";"Chuva";"Simples";"Reta";"Sim";3;0;0;2;1;0;2;2;-26,4754;-48,98375;"SR-SC";"UOP03";"DEL03"
272986;2020-03-03;"terça-feira";"08:10:00";"GO";153;501,7;"GOIANIA";"Não guardar distância de segurança";"Queda de ocupante de veículo";"Com Vítimas Feridas";"Pleno dia";"Crescente";"Nublado";"Dupla";"Viaduto";"Sim";1;0;1;0;0;0;1;1;-16,7189;-49,2382;"SR-GO";"UOP01";"DEL01"
272987;2020-03-03;"terça-feira";"08:20:00";"RS";386;339,5;"LAJEADO";"Falta de Atenção à Condução";"Colisão frontal";"Com Vítimas Feridas";"Pleno dia";"Decrescente";"Sol";"Simples";"Curva";"Não";3;0;1;1;1;0;2;2;-29,40405;-52,03652;"SR-RS";"UOP01";"DEL04"
272989;2020-03-03;"terça-feira";"07:25:00";"RJ";493;2,9;"ITABORAI";"Falta de Atenção à Condução";"Colisão traseira";"Com Vítimas Fatais";"Pleno dia";"Decrescente";"Nublado";"Simples";"Reta";"Sim";2;1;0;0;1;0;0;2;-22,7595;-42,93545;"SR-RJ";"UOP01";"DEL02"
272990;2020-03-03;"terça-feira";"08:40:00";"PE";101;50,7;"ABREU E LIMA";"Desobediência às normas de trânsito pelo condutor";"Colisão transversal";"Sem Vítimas";"Pleno dia";"Decrescente";"Sol";"Múltipla";"Retorno Regulamentado";"Sim";2;0;0;0;1;1;0;2;-7,909386;-34,90123;"SR-PE";"UOP02";"DEL01"
272991;2020-03-03;"terça-feira";"07:50:00";"SC";101;141;"BALNEARIO CAMBORIU";"Velocidade Incompatível";"Colisão com objeto estático";"Com Vítimas Feridas";"Pleno dia";"Crescente";"Céu Claro";"Múltipla";"Curva";"Não";1;0;1;0;0;0;1;1;-27,04762;-48,59996;"SR-SC";"UOP03";"DEL04"
272992;2020-03-03;"terça-feira";"09:42:00";"PB";230;4,3;"CABEDELO";"Falta de Atenção à Condução";"Tombamento";"Com Vítimas Feridas";"Pleno dia";"Crescente";"Nublado";"Simples";"Não Informado";"Sim";1;0;1;0;0;0;1;1;-7,0004;-34,8284;"SR-PB";"UOP01";"DEL01"
272993;2020-03-03;"terça-feira";"07:40:00";"PR";116;112;"CURITIBA";"Falta de Atenção à Condução";"Colisão traseira";"Com Vítimas Feridas";"Pleno dia";"Crescente";"Chuva";"Dupla";"Reta";"Não";2;0;1;0;1;0;1;2;-25,56731;-49,23707;"SR-PR";"UOP04";"DEL01"
272994;2020-03-03;"terça-feira";"08:30:00";"RN";304;43,7;"MOSSORO";"Objeto estático sobre o leito carroçável";"Colisão com objeto estático";"Com Vítimas Feridas";"Pleno dia";"Decrescente";"Céu Claro";"Dupla";"Reta";"Não";3;0;0;1;2;0;1;3;-5,218158;-37,365;"SR-RN";"UOP01";"DEL04"
272995;2020-03-03;"terça-feira";"08:02:00";"PR";476;154,5;"ARAUCARIA";"Mal Súbito";"Colisão traseira";"Com Vítimas Feridas";"Pleno dia";"Crescente";"Nublado";"Dupla";"Reta";"Sim";2;0;0;1;1;0;1;2;-25,58422;-49,40138;"SR-PR";"UOP04";"DEL01"
272996;2020-03-03;"terça-feira";"08:40:00";"SP";116;278;"EMBU DAS ARTES";"Defeito Mecânico no Veículo";"Saída de leito carroçável";"Com Vítimas Feridas";"Pleno dia";"Crescente";"Céu Claro";"Dupla";"Reta";"Sim";1;0;1;0;0;0;1;1;-23,65508;-46,84919;"SR-SP";"UOP01";"DEL04"
272997;2020-03-03;"terça-feira";"09:40:00";"GO";60;385;"RIO VERDE";"Desobediência às normas de trânsito pelo condutor";"Colisão traseira";"Com Vítimas Feridas";"Pleno dia";"Decrescente";"Céu Claro";"Múltipla";"Reta";"Sim";3;0;1;1;1;0;2;2;-17,7964;-50,914;"SR-GO";"UOP01";"DEL04"
272998;2020-03-03;"terça-feira";"08:35:00";"BA";324;614;"SALVADOR";"Falta de Atenção à Condução";"Colisão lateral";"Com Vítimas Feridas";"Pleno dia";"Decrescente";"Céu Claro";"Simples";"Reta";"Sim";2;0;1;0;1;0;1;2;-12,86398;-38,4237;"SR-BA";"UOP01";"DEL01"
272999;2020-03-03;"terça-feira";"08:10:00";"MG";40;823;"SIMAO PEREIRA";"Falta de Atenção à Condução";"Colisão traseira";"Com Vítimas Feridas";"Pleno dia";"Crescente";"Chuva";"Dupla";"Reta";"Não";2;0;1;0;0;1;1;2;-21,96149;-43,29868;"SR-MG";"UOP01";"DEL05"
273000;2020-03-03;"terça-feira";"09:15:00";"BA";324;625;"SALVADOR";"Não guardar distância de segurança";"Colisão traseira";"Com Vítimas Feridas";"Pleno dia";"Crescente";"Sol";"Dupla";"Curva";"Sim";3;0;1;0;2;0;1;3;-12,96468;-38,47712;"SR-BA";"UOP01";"DEL01"
273001;2020-03-03;"terça-feira";"09:30:00";"RS";392;2,3;"CAPAO DO LEAO";"Desobediência às normas de trânsito pelo condutor";"Colisão transversal";"Com Vítimas Feridas";"Pleno dia";"Crescente";"Céu Claro";"Simples";"Interseção de vias";"Sim";3;0;1;0;2;0;1;2;-31,7602;-52,4381;"SR-RS";"UOP01";"DEL07"
273003;2020-02-18;"terça-feira";"06:50:00";"MS";163;830;"SONORA";"Velocidade Incompatível";"Capotamento";"Com Vítimas Feridas";"Amanhecer";"Crescente";"Nublado";"Dupla";"Reta";"Não";3;0;0;2;0;1;2;1;-17,66326;-54,74797;"SR-MS";"UOP01";"DEL06"
273004;2020-03-03;"terça-feira";"08:00:00";"RJ";116;178;"NOVA IGUACU";"Não guardar distância de segurança";"Colisão traseira";"Com Vítimas Feridas";"Pleno dia";"Crescente";"Céu Claro";"Múltipla";"Reta";"Sim";3;0;1;0;2;0;1;2;-22,77496;-43,40081;"SR-RJ";"UOP02";"DEL01"
273005;2020-03-03;"terça-feira";"07:05:00";"MG";251;469,1;"FRANCISCO SA";"Falta de Atenção à Condução";"Colisão lateral";"Sem Vítimas";"Pleno dia";"Decrescente";"Chuva";"Simples";"Curva";"Não";2;0;0;0;2;0;0;2;-16,47846;-43,41953;"SR-MG";"UOP01";"DEL12"
273006;2020-02-04;"terça-feira";"23:00:00";"PR";476;140;"CURITIBA";"Desobediência às normas de trânsito pelo condutor";"Colisão traseira";"Com Vítimas Feridas";"Plena Noite";"Decrescente";"Garoa/Chuvisco";"Dupla";"Reta";"Sim";3;0;1;0;2;0;1;3;-25,52069;-49,29412;"SR-PR";"DEL7/1";"UOP03/PR"
273007;2020-03-03;"terça-feira";"08:35:00";"MT";163;841,9;"SINOP";"Não guardar distância de segurança";"Colisão traseira";"Com Vítimas Feridas";"Pleno dia";"Decrescente";"Nublado";"Simples";"Reta";"Sim";3;0;0;1;2;0;1;2;-11,80107;-55,47961;"SR-MT";"UOP02";"DEL06"
273008;2020-03-03;"terça-feira";"05:40:00";"MG";40;521;"CONTAGEM";"Não guardar distância de segurança";"Engavetamento";"Com Vítimas Feridas";"Amanhecer";"Crescente";"Chuva";"Dupla";"Reta";"Não";4;0;1;0;3;0;1;3;-19,85652;-44,07213;"SR-MG";"UOP02";"DEL01"
273009;2020-03-03;"terça-feira";"10:45:00";"RN";101;119;"SAO JOSE DE MIPIBU";"Falta de Atenção à Condução";"Colisão traseira";"Com Vítimas Feridas";"Pleno dia";"Crescente";"Céu Claro";"Dupla";"Reta";"Não";2;0;1;0;1;0;1;2;-6,024968;-35,25098;"SR-RN";"UOP01";"DEL01"
273010;2020-03-03;"terça-feira";"08:00:00";"SC";282;72,1;"RANCHO QUEIMADO";"Velocidade Incompatível";"Colisão frontal";"Com Vítimas Feridas";"Pleno dia";"Decrescente";"Nublado";"Simples";"Curva";"Não";2;0;1;0;1;0;1;2;-27,68344;-49,10526;"SR-SC";"UOP03";"DEL01"
273011;2020-03-03;"terça-feira";"10:04:00";"MG";251;467,4;"GRAO MOGOL";"Condutor Dormindo";"Saída de leito carroçável";"Sem Vítimas";"Pleno dia";"Decrescente";"Sol";"Simples";"Reta";"Não";1;0;0;0;1;0;0;1;-16,48154;-43,41102;"SR-MG";"UOP01";"DEL12"
273013;2020-03-03;"terça-feira";"10:50:00";"PA";222;56;"DOM ELISEU";"Falta de Atenção à Condução";"Tombamento";"Com Vítimas Feridas";"Pleno dia";"Decrescente";"Sol";"Simples";"Curva";"Não";1;0;1;0;0;0;1;1;-4,454539;-47,80052;"SR-PA";"UOP02";"DEL02"
273014;2020-03-03;"terça-feira";"10:40:00";"CE";116;14,3;"FORTALEZA";"Falta de Atenção à Condução";"Colisão traseira";"Com Vítimas Feridas";"Pleno dia";"Decrescente";"Céu Claro";"Múltipla";"Interseção de vias";"Sim";2;0;1;0;1;0;1;2;-3,872294;-38,49858;"SR-CE";"UOP02";"DEL01"
273015;2020-03-03;"terça-feira";"10:55:00";"RN";226;15,9;"MACAIBA";"Desobediência às normas de trânsito pelo condutor";"Colisão traseira";"Com Vítimas Feridas";"Pleno dia";"Decrescente";"Céu Claro";"Simples";"Reta";"Sim";2;0;1;0;1;0;1;2;-5,856887;-35,33594;"SR-RN";"UOP02";"DEL01"
273016;2020-03-03;"terça-feira";"10:15:00";"PR";469;19,5;"FOZ DO IGUACU";"Falta de Atenção à Condução";"Colisão com objeto estático";"Sem Vítimas";"Pleno dia";"Decrescente";"Céu Claro";"Simples";"Rotatória";"Não";1;0;0;0;1;0;0;1;-25,59871;-54,48939;"SR-PR";"UOP03";"DEL05"
273017;2020-03-03;"terça-feira";"10:40:00";"RJ";101;195;"CASIMIRO DE ABREU";"Falta de Atenção à Condução";"Saída de leito carroçável";"Com Vítimas Feridas";"Pleno dia";"Decrescente";"Garoa/Chuvisco";"Dupla";"Curva";"Não";1;0;1;0;0;0;1;1;-22,49221;-42,1002;"SR-RJ";"UOP04";"DEL02"
273019;2020-03-03;"terça-feira";"11:30:00";"RN";110;45,6;"MOSSORO";"Desobediência às normas de trânsito pelo condutor";"Colisão traseira";"Com Vítimas Feridas";"Pleno dia";"Decrescente";"Sol";"Simples";"Reta";"Sim";2;0;1;0;0;1;1;2;-5,19258;-37,31115;"SR-RN";"UOP01";"DEL04"
273020;2020-03-03;"terça-feira";"11:20:00";"BA";101;214;"CRUZ DAS ALMAS";"Falta de Atenção à Condução";"Colisão frontal";"Com Vítimas Feridas";"Pleno dia";"Crescente";"Céu Claro";"Simples";"Reta";"Não";5;0;1;0;4;0;1;2;-12,65352;-39,12237;"SR-BA";"UOP03";"DEL01"
273021;2020-03-03;"terça-feira";"12:00:00";"PA";230;120,8;"MARABA";"Defeito Mecânico no Veículo";"Colisão lateral";"Com Vítimas Feridas";"Pleno dia";"Decrescente";"Nublado";"Dupla";"Reta";"Sim";3;0;1;1;1;0;2;3;-5,350383;-49,11434;"SR-PA";"UOP01";"DEL03"
273023;2020-03-03;"terça-feira";"12:30:00";"RJ";393;285;"VOLTA REDONDA";"Falta de Atenção à Condução";"Colisão lateral";"Com Vítimas Feridas";"Pleno dia";"Decrescente";"Céu Claro";"Simples";"Reta";"Sim";2;0;1;0;1;0;1;2;-22,47508;-43,99837;"SR-RJ";"UOP02";"DEL05"
273024;2020-02-19;"quarta-feira";"02:28:00";"SP";116;281;"EMBU DAS ARTES";"Objeto estático sobre o leito carroçável";"Colisão com objeto estático";"Com Vítimas Feridas";"Plena Noite";"Crescente";"Céu Claro";"Dupla";"Não Informado";"Sim";1;0;1;0;0;0;1;1;-23,67785;-46,85769;"SR-SP";"UOP01";"DEL04"
273025;2020-03-03;"terça-feira";"11:50:00";"SC";101;44;"JOINVILLE";"Velocidade Incompatível";"Colisão com objeto estático";"Sem Vítimas";"Pleno dia";"Decrescente";"Chuva";"Dupla";"Curva";"Sim";1;0;0;0;1;0;0;1;-26,31239;-48,87459;"SR-SC";"UOP01";"DEL03"
273026;2020-03-03;"terça-feira";"12:45:00";"MG";381;944,5;"EXTREMA";"Velocidade Incompatível";"Colisão com objeto estático";"Com Vítimas Feridas";"Pleno dia";"Decrescente";"Sol";"Dupla";"Não Informado";"Não";2;0;0;1;0;1;1;2;-22,8503;-46,33732;"SR-MG";"UOP03";"DEL16"
273028;2020-03-03;"terça-feira";"13:00:00";"SC";101;88;"BARRA VELHA";"Mal Súbito";"Colisão lateral";"Com Vítimas Feridas";"Pleno dia";"Decrescente";"Céu Claro";"Dupla";"Não Informado";"Sim";3;0;1;0;2;0;1;2;-26,64254;-48,68951;"SR-SC";"UOP02";"DEL03"
273029;2020-03-03;"terça-feira";"12:30:00";"GO";50;174,7;"CAMPO ALEGRE DE GOIAS";"Falta de Atenção à Condução";"Saída de leito carroçável";"Com Vítimas Feridas";"Pleno dia";"Crescente";"Céu Claro";"Dupla";"Reta";"Não";1;0;1;0;0;0;1;1;-17,3632;-47,7889;"SR-GO";"UOP01";"DEL06"
273030;2020-03-03;"terça-feira";"12:10:00";"MG";116;275;"TEOFILO OTONI";"Falta de Atenção à Condução";"Colisão transversal";"Com Vítimas Feridas";"Pleno dia";"Crescente";"Nublado";"Simples";"Não Informado";"Sim";3;0;1;1;1;0;2;2;-17,84559;-41,51542;"SR-MG";"UOP01";"DEL11"
273031;2020-03-03;"terça-feira";"13:05:00";"PR";476;148;"ARAUCARIA";"Defeito Mecânico no Veículo";"Colisão traseira";"Sem Vítimas";"Pleno dia";"Crescente";"Nublado";"Dupla";"Reta";"Sim";5;0;0;0;5;0;0;5;-25,55712;-49,34873;"SR-PR";"UOP04";"DEL01"
273032;2020-03-03;"terça-feira";"13:00:00";"SC";101;117;"ITAJAI";"Desobediência às normas de trânsito pelo condutor";"Colisão transversal";"Com Vítimas Feridas";"Pleno dia";"Crescente";"Garoa/Chuvisco";"Simples";"Interseção de vias";"Sim";2;0;2;0;0;0;2;2;-26,89011;-48,72248;"SR-SC";"UOP04";"DEL04"
273033;2020-03-03;"terça-feira";"12:45:00";"SC";101;38,8;"JOINVILLE";"Falta de Atenção à Condução";"Tombamento";"Com Vítimas Feridas";"Pleno dia";"Crescente";"Chuva";"Dupla";"Não Informado";"Sim";1;0;1;0;0;0;1;1;-26,30028;-48,88375;"SR-SC";"UOP01";"DEL03"
273034;2020-03-03;"terça-feira";"10:40:00";"PR";277;400,9;"CANDOI";"Velocidade Incompatível";"Tombamento";"Com Vítimas Feridas";"Pleno dia";"Crescente";"Sol";"Simples";"Curva";"Não";1;0;1;0;0;0;1;1;-25,45014;-51,92678;"SR-PR";"UOP03";"DEL04"
273035;2020-03-03;"terça-feira";"12:20:00";"SC";101;123;"ITAJAI";"Defeito Mecânico no Veículo";"Colisão lateral";"Com Vítimas Feridas";"Pleno dia";"Decrescente";"Céu Claro";"Dupla";"Reta";"Não";2;0;1;0;1;0;1;2;-26,93669;-48,69877;"SR-SC";"UOP04";"DEL04"
273036;2020-03-03;"terça-feira";"13:20:00";"PR";277;79;"CURITIBA";"Falta de Atenção à Condução";"Colisão lateral";"Com Vítimas Feridas";"Pleno dia";"Crescente";"Nublado";"Dupla";"Reta";"Sim";2;0;2;0;0;0;2;1;-25,47958;-49,20043;"SR-PR";"UOP01";"DEL01"
273037;2020-03-03;"terça-feira";"05:30:00";"RR";174;358;"CARACARAI";"Desobediência às normas de trânsito pelo condutor";"Colisão lateral";"Com Vítimas Feridas";"Amanhecer";"Crescente";"Céu Claro";"Simples";"Reta";"Não";2;0;1;1;0;0;2;2;1,755826;-61,15156;"SR-RR";"UOP01";"DEL01"
273038;2020-03-03;"terça-feira";"13:20:00";"PR";277;591;"CASCAVEL";"Desobediência às normas de trânsito pelo condutor";"Colisão lateral";"Com Vítimas Feridas";"Pleno dia";"Crescente";"Céu Claro";"Simples";"Reta";"Sim";2;0;1;0;1;0;1;2;-24,98473;-53,46502;"SR-PR";"UOP01";"DEL04"
273039;2020-03-03;"terça-feira";"13:30:00";"GO";158;3;"ARAGARCAS";"Não guardar distância de segurança";"Colisão lateral";"Com Vítimas Feridas";"Pleno dia";"Decrescente";"Céu Claro";"Dupla";"Reta";"Sim";2;0;0;1;1;0;1;2;-15,8978;-52,22634;"SR-GO";"UOP01";"DEL04"
273040;2020-03-03;"terça-feira";"08:00:00";"MG";365;46,7;"CLARO DOS POCOES";"Velocidade Incompatível";"Tombamento";"Sem Vítimas";"Pleno dia";"Decrescente";"Chuva";"Simples";"Reta";"Não";1;0;0;0;1;0;0;1;-16,9199;-44,21461;"SR-MG";"UOP01";"DEL12"
273041;2020-03-03;"terça-feira";"12:40:00";"PB";101;9,6;"MAMANGUAPE";"Defeito Mecânico no Veículo";"Colisão com objeto estático";"Sem Vítimas";"Pleno dia";"Decrescente";"Sol";"Dupla";"Reta";"Não";1;0;0;0;1;0;0;1;-6,574533;-35,1443;"SR-PB";"UOP03";"DEL01"
273043;2020-03-03;"terça-feira";"12:20:00";"BA";324;623;"SALVADOR";"Falta de Atenção à Condução";"Colisão traseira";"Com Vítimas Feridas";"Pleno dia";"Decrescente";"Céu Claro";"Dupla";"Reta";"Sim";4;0;2;0;2;0;2;2;-12,92629;-38,46839;"SR-BA";"UOP01";"DEL01"
273044;2020-03-03;"terça-feira";"12:00:00";"RS";116;39,3;"VACARIA";"Desobediência às normas de trânsito pelo condutor";"Colisão transversal";"Com Vítimas Feridas";"Pleno dia";"Crescente";"Sol";"Simples";"Retorno Regulamentado";"Sim";3;0;2;0;0;1;2;2;-28,51348;-50,93419;"SR-RS";"UOP03";"DEL05"
273045;2020-03-03;"terça-feira";"13:52:00";"SP";116;186,8;"SANTA ISABEL";"Falta de Atenção à Condução";"Colisão traseira";"Com Vítimas Feridas";"Pleno dia";"Decrescente";"Sol";"Dupla";"Reta";"Não";2;0;1;0;1;0;1;2;-23,35612;-46,20417;"SR-SP";"UOP01";"DEL02"
273046;2020-03-03;"terça-feira";"14:30:00";"RJ";116;164;"RIO DE JANEIRO";"Falta de Atenção à Condução";"Colisão traseira";"Com Vítimas Feridas";"Pleno dia";"Crescente";"Chuva";"Múltipla";"Reta";"Sim";3;0;1;0;2;0;1;2;-22,81013;-43,33523;"SR-RJ";"UOP02";"DEL01"
273047;2020-03-03;"terça-feira";"15:00:00";"PI";316;1,9;"TERESINA";"Desobediência às normas de trânsito pelo condutor";"Colisão transversal";"Com Vítimas Feridas";"Plena Noite";"Crescente";"Ignorado";"Dupla";"Interseção de vias";"Sim";3;0;0;2;1;0;2;2;-5,125375;-42,79958;"SR-PI";"UOP02";"DEL01"
273049;2020-03-03;"terça-feira";"15:20:00";"GO";60;432;"RIO VERDE";"Falta de Atenção à Condução";"Colisão traseira";"Com Vítimas Feridas";"Pleno dia";"Crescente";"Céu Claro";"Dupla";"Não Informado";"Não";2;0;0;1;1;0;1;2;-17,8281;-51,3478;"SR-GO";"UOP01";"DEL04"