"id";"data_inversa";"dia_semana";"horario";"uf";"br";"km";"municipio";"causa_acidente";"tipo_acidente";"classificacao_acidente";"fase_dia";"sentido_via";"condicao_metereologica";"tipo_pista";"tracado_via";"uso_solo";"pessoas";"mortos";"feridos_leves";"feridos_graves";"ilesos";"ignorados";"feridos";"veiculos";"latitude";"longitude";"regional";"delegacia";"uop"
273595;2020-03-06;"sexta-feira";"15:45:00";"PE";232;142,5;"SAO CAITANO";"Falta de Atenção à Condução";"Colisão traseira";"Com Vítimas Feridas";"Pleno dia";"Crescente";"Céu Claro";"Dupla";"Reta";"Não";2;0;0;1;0;1;1;2;-8,322421;-36,09481;"SR-PE";"UOP02";"DEL02"
273596;2020-03-06;"sexta-feira";"15:30:00";"PR";373;248,9;"GUAMIRANGA";"Falta de Atenção à Condução";"Saída de leito carroçável";"Com Vítimas Feridas";"Pleno dia";"Crescente";"Céu Claro";"Simples";"Reta";"Não";2;0;1;1;0;0;2;1;-25,19042;-50,83314;"SR-PR";"UOP01";"DEL03"
273597;2020-03-06;"sexta-feira";"15:20:00";"RS";290;91;"PORTO ALEGRE";"Falta de Atenção à Condução";"Colisão lateral";"Com Vítimas Feridas";"Pleno dia";"Decrescente";"Céu Claro";"Dupla";"Retorno Regulamentado";"Não";6;0;3;0;3;0;3;2;-29,96906;-51,16744;"SR-RS";"UOP01";"DEL01"
273598;2020-03-06;"sexta-feira";"15:00:00";"SP";116;278;"EMBU DAS ARTES";"Desobediência às normas de trânsito pelo condutor";"Colisão lateral";"Com Vítimas Feridas";"Pleno dia";"Decrescente";"Nublado";"Dupla";"Não Informado";"Não";2;0;1;0;1;0;1;2;-23,65508;-46,84919;"SR-SP";"UOP01";"DEL04"
273599;2020-03-06;"sexta-feira";"15:30:00";"GO";452;21,7;"RIO VERDE";"Velocidade Incompatível";"Colisão lateral";"Com Vítimas Fatais";"Pleno dia";"Crescente";"Céu Claro";"Simples";"Ponte";"Não";2;1;0;0;1;0;0;2;-17,87416;-50,72576;"SR-GO";"UOP01";"DEL04"
273600;2020-03-06;"sexta-feira";"12:00:00";"MG";50;167;"UBERABA";"Falta de Atenção à Condução";"Colisão com objeto estático";"Sem Vítimas";"Pleno dia";"Crescente";"Céu Claro";"Dupla";"Viaduto";"Sim";1;0;0;0;1;0;0;1;-19,71025;-47,98304;"SR-MG";"UOP01";"DEL13"
273601;2020-03-06;"sexta-feira";"06:40:00";"MG";50;172;"UBERABA";"Ultrapassagem Indevida";"Colisão com objeto estático";"Com Vítimas Feridas";"Pleno dia";"Crescente";"Nublado";"Dupla";"Reta";"Não";2;0;2;0;0;0;2;1;-19,75403;-47,98052;"SR-MG";"UOP01";"DEL13"
273602;2020-03-06;"sexta-feira";"15:30:00";"RN";304;132,5;"ITAJA";"Falta de Atenção à Condução";"Colisão com objeto estático";"Com Vítimas Feridas";"Pleno dia";"Crescente";"Nublado";"Simples";"Reta";"Não";5;0;5;0;0;0;5;1;-5,65975;-36,75326;"SR-RN";"UOP01";"DEL04"
273604;2020-03-06;"sexta-feira";"16:15:00";"RS";290;720;"URUGUAIANA";"Não guardar distância de segurança";"Colisão traseira";"Sem Vítimas";"Pleno dia";"Crescente";"Céu Claro";"Simples";"Rotatória";"Sim";2;0;0;0;2;0;0;2;-29,77146;-57,05664;"SR-RS";"UOP01";"DEL13"
273605;2020-03-06;"sexta-feira";"08:40:00";"MA";316;312,8;"OLHO DAGUA DAS CUNHAS";"Desobediência às normas de trânsito pelo condutor";"Colisão lateral";"Com Vítimas Fatais";"Pleno dia";"Decrescente";"Céu Claro";"Simples";"Reta";"Não";3;2;0;0;1;0;0;2;-4,004455;-45,11737;"SR-MA";"UOP01";"DEL02"
273606;2020-03-06;"sexta-feira";"16:00:00";"SC";101;39,4;"JOINVILLE";"Não guardar distância de segurança";"Colisão traseira";"Sem Vítimas";"Pleno dia";"Crescente";"Sol";"Dupla";"Reta";"Sim";2;0;0;0;2;0;0;2;-26,26281;-48,90192;"SR-SC";"UOP01";"DEL03"
273607;2020-03-06;"sexta-feira";"15:50:00";"PR";376;595;"CURITIBA";"Falta de Atenção do Pedestre";"Atropelamento de Pedestre";"Com Vítimas Feridas";"Pleno dia";"Decrescente";"Sol";"Dupla";"Reta";"Não";2;0;0;1;1;0;1;1;-25,49318;-49,34371;"SR-PR";"UOP04";"DEL01"
273608;2020-03-06;"sexta-feira";"15:00:00";"SC";470;38;"GASPAR";"Ingestão de Álcool";"Colisão traseira";"Sem Vítimas";"Pleno dia";"Crescente";"Sol";"Simples";"Não Informado";"Sim";2;0;0;0;2;0;0;2;-26,90329;-48,98106;"SR-SC";"UOP01";"DEL04"
273609;2020-03-06;"sexta-feira";"15:10:00";"RS";116;206;"PICADA CAFE";"Velocidade Incompatível";"Saída de leito carroçável";"Com Vítimas Feridas";"Pleno dia";"Decrescente";"Sol";"Simples";"Curva";"Não";1;0;0;1;0;0;1;1;-29,49967;-51,1306;"SR-RS";"UOP02";"DEL05"
273610;2020-03-06;"sexta-feira";"13:10:00";"AC";364;136,9;"RIO BRANCO";"Defeito na Via";"Tombamento";"Com Vítimas Feridas";"Pleno dia";"Decrescente";"Nublado";"Múltipla";"Reta";"Sim";2;0;2;0;0;0;2;1;-9,96995;-67,85233;"SR-AC";"UOP01";"DEL01"
273611;2020-03-06;"sexta-feira";"16:30:00";"SC";470;129,8;"LONTRAS";"Falta de Atenção à Condução";"Colisão traseira";"Sem Vítimas";"Pleno dia";"Decrescente";"Sol";"Simples";"Reta";"Sim";2;0;0;0;2;0;0;2;-27,1485;-49,55614;"SR-SC";"UOP02";"DEL04"
273612;2020-03-06;"sexta-feira";"10:00:00";"MG";116;514,3;"UBAPORANGA";"Ultrapassagem Indevida";"Colisão lateral";"Com Vítimas Fatais";"Pleno dia";"Crescente";"Garoa/Chuvisco";"Simples";"Reta";"Não";5;3;1;0;1;0;1;3;-19,6788;-42,117;"SR-MG";"UOP02";"DEL06"
273613;2020-03-06;"sexta-feira";"16:45:00";"AL";104;92;"RIO LARGO";"Falta de Atenção à Condução";"Atropelamento de Pedestre";"Com Vítimas Feridas";"Pleno dia";"Decrescente";"Céu Claro";"Dupla";"Reta";"Sim";3;0;1;0;1;1;1;1;-9,518301;-35,80309;"SR-AL";"UOP01";"DEL01"
273614;2020-03-06;"sexta-feira";"17:00:00";"RS";471;174,4;"RIO PARDO";"Desobediência às normas de trânsito pelo condutor";"Colisão transversal";"Com Vítimas Feridas";"Pleno dia";"Crescente";"Céu Claro";"Simples";"Rotatória";"Sim";2;0;0;1;1;0;1;2;-30,02276;-52,37355;"SR-RS";"UOP03";"DEL02"
273615;2020-03-06;"sexta-feira";"13:00:00";"AL";101;216,3;"PORTO REAL DO COLEGIO";"Agressão Externa";"Colisão lateral";"Com Vítimas Feridas";"Pleno dia";"Decrescente";"Sol";"Dupla";"Curva";"Sim";1;0;1;0;0;0;1;1;-10,04191;-36,64695;"SR-AL";"UOP02";"DEL02"
273616;2020-03-06;"sexta-feira";"13:40:00";"GO";80;69;"PADRE BERNARDO";"Falta de Atenção à Condução";"Colisão lateral";"Com Vítimas Feridas";"Pleno dia";"Decrescente";"Nublado";"Simples";"Curva";"Não";5;0;4;0;1;0;4;2;-15,21037;-48,47369;"SR-DF";"UOP03";"DEL01"
273617;2020-03-06;"sexta-feira";"14:55:00";"AC";364;121,9;"RIO BRANCO";"Falta de Atenção à Condução";"Colisão traseira";"Com Vítimas Feridas";"Pleno dia";"Decrescente";"Nublado";"Dupla";"Reta";"Sim";2;0;1;0;1;0;1;2;-10,01209;-67,76436;"SR-AC";"UOP01";"DEL01"
273618;2020-03-06;"sexta-feira";"16:50:00";"GO";40;10;"LUZIANIA";"Falta de Atenção à Condução";"Colisão traseira";"Com Vítimas Feridas";"Pleno dia";"Crescente";"Céu Claro";"Dupla";"Reta";"Sim";3;0;1;0;2;0;1;2;-16,13128;-47,95792;"SR-DF";"UOP01";"DEL01"
273619;2020-03-06;"sexta-feira";"16:29:00";"CE";402;268,9;"ITAPIPOCA";"Desobediência às normas de trânsito pelo condutor";"Colisão frontal";"Com Vítimas Feridas";"Pleno dia";"Crescente";"Sol";"Simples";"Reta";"Sim";2;0;0;1;1;0;1;2;-3,475024;-39,54437;"SR-CE";"UOP03";"DEL01"
273620;2020-03-06;"sexta-feira";"17:20:00";"SC";101;207;"SAO JOSE";"Não guardar distância de segurança";"Colisão lateral";"Com Vítimas Feridas";"Pleno dia";"Decrescente";"Nublado";"Múltipla";"Reta";"Sim";2;0;1;0;1;0;1;2;-27,60001;-48,62265;"SR-SC";"UOP01";"DEL01"
273621;2020-02-05;"quarta-feira";"09:40:00";"MT";364;347;"SANTO ANTONIO DO LEVERGER";"Velocidade Incompatível";"Colisão traseira";"Com Vítimas Feridas";"Pleno dia";"Crescente";"Céu Claro";"Simples";"Reta";"Não";2;0;0;1;1;0;1;2;-15,80735;-55,54692;"SR-MT";"DEL2/1";"UOP01/MT"
273622;2020-03-06;"sexta-feira";"17:30:00";"SP";116;274;"TABOAO DA SERRA";"Não guardar distância de segurança";"Colisão traseira";"Com Vítimas Feridas";"Anoitecer";"Decrescente";"Nublado";"Dupla";"Reta";"Não";2;0;1;0;1;0;1;2;-23,63445;-46,82419;"SR-SP";"UOP01";"DEL04"
273623;2020-03-06;"sexta-feira";"14:00:00";"CE";20;360;"MARANGUAPE";"Carga excessiva e/ou mal acondicionada";"Saída de leito carroçável";"Com Vítimas Feridas";"Pleno dia";"Decrescente";"Nublado";"Simples";"Reta";"Não";2;0;2;0;0;0;2;1;-4,023532;-38,98512;"SR-CE";"UOP01";"DEL02"
273624;2020-03-06;"sexta-feira";"17:30:00";"SC";280;66;"JARAGUA DO SUL";"Falta de Atenção à Condução";"Colisão traseira";"Com Vítimas Feridas";"Pleno dia";"Decrescente";"Céu Claro";"Simples";"Reta";"Sim";3;0;1;0;2;0;1;3;-26,47607;-49,09569;"SR-SC";"UOP03";"DEL03"
273625;2020-03-06;"sexta-feira";"17:50:00";"ES";101;159;"LINHARES";"Defeito Mecânico no Veículo";"Queda de ocupante de veículo";"Com Vítimas Feridas";"Anoitecer";"Crescente";"Garoa/Chuvisco";"Simples";"Reta";"Sim";2;0;2;0;0;0;2;1;-19,4684;-40,11026;"SR-ES";"UOP01";"DEL04"
273626;2020-01-08;"quarta-feira";"16:30:00";"AC";364;160;"BUJARI";"Animais na Pista";"Atropelamento de Animal";"Com Vítimas Feridas";"Pleno dia";"Decrescente";"Ignorado";"Simples";"Reta";"Sim";1;0;1;0;0;0;1;1;-9,828031;-67,95778;"SR-AC";"UOP01";"DEL01"
273627;2020-03-06;"sexta-feira";"17:20:00";"RN";427;39,6;"ACARI";"Pista Escorregadia";"Capotamento";"Com Vítimas Feridas";"Pleno dia";"Decrescente";"Chuva";"Simples";"Curva";"Sim";1;0;1;0;0;0;1;1;-6,540467;-36,65082;"SR-RN";"UOP01";"DEL03"
273628;2020-03-06;"sexta-feira";"16:40:00";"RJ";101;265;"RIO BONITO";"Desobediência às normas de trânsito pelo pedestre";"Colisão lateral";"Com Vítimas Feridas";"Pleno dia";"Crescente";"Céu Claro";"Dupla";"Reta";"Sim";3;0;2;1;0;0;3;2;-22,7136;-42,64391;"SR-RJ";"UOP03";"DEL02"
273629;2020-03-06;"sexta-feira";"17:50:00";"RN";226;173,6;"CURRAIS NOVOS";"Animais na Pista";"Atropelamento de Animal";"Com Vítimas Feridas";"Anoitecer";"Decrescente";"Chuva";"Simples";"Reta";"Sim";1;0;1;0;0;0;1;1;-6,25737;-36,49508;"SR-RN";"UOP02";"DEL03"
273630;2020-03-06;"sexta-feira";"15:20:00";"SC";101;379,4;"ICARA";"Ingestão de Álcool";"Saída de leito carroçável";"Sem Vítimas";"Pleno dia";"Crescente";"Nublado";"Simples";"Curva";"Não";1;0;0;0;1;0;0;1;-28,74652;-49,2599;"SR-SC";"UOP01";"DEL02"
273631;2020-03-06;"sexta-feira";"16:50:00";"PE";116;79;"BELEM DE SAO FRANCISCO";"Desobediência às normas de trânsito pelo condutor";"Colisão traseira";"Com Vítimas Feridas";"Pleno dia";"Crescente";"Céu Claro";"Simples";"Desvio Temporário";"Não";2;0;1;0;1;0;1;2;-8,516788;-39,2155;"SR-PE";"UOP03";"DEL05"
273632;2020-03-06;"sexta-feira";"15:10:00";"GO";153;642,7;"MORRINHOS";"Falta de Atenção à Condução";"Saída de leito carroçável";"Com Vítimas Feridas";"Pleno dia";"Decrescente";"Nublado";"Dupla";"Não Informado";"Não";3;0;2;0;1;0;2;1;-17,8972;-49,2348;"SR-GO";"UOP01";"DEL03"
273633;2020-03-06;"sexta-feira";"16:44:00";"GO";153;506,9;"APARECIDA DE GOIANIA";"Não guardar distância de segurança";"Saída de leito carroçável";"Sem Vítimas";"Pleno dia";"Crescente";"Nublado";"Múltipla";"Não Informado";"Sim";1;0;0;0;1;0;0;1;-16,7633;-49,24;"SR-GO";"UOP01";"DEL01"
273634;2020-03-06;"sexta-feira";"17:50:00";"GO";153;505;"APARECIDA DE GOIANIA";"Não guardar distância de segurança";"Colisão lateral";"Com Vítimas Feridas";"Anoitecer";"Crescente";"Céu Claro";"Dupla";"Reta";"Sim";2;0;1;0;1;0;1;2;-16,7537;-49,2411;"SR-GO";"UOP01";"DEL01"
273635;2020-03-06;"sexta-feira";"16:07:00";"RJ";101;299;"ITABORAI";"Defeito Mecânico no Veículo";"Incêndio";"Sem Vítimas";"Pleno dia";"Decrescente";"Céu Claro";"Dupla";"Reta";"Sim";1;0;0;0;1;0;0;1;-22,77433;-42,93823;"SR-RJ";"UOP01";"DEL02"
273636;2020-03-06;"sexta-feira";"18:20:00";"PR";376;170,8;"MARINGA";"Falta de Atenção à Condução";"Colisão traseira";"Com Vítimas Feridas";"Anoitecer";"Crescente";"Céu Claro";"Dupla";"Rotatória";"Sim";2;0;1;0;1;0;1;2;-23,41596;-51,9795;"SR-PR";"UOP01";"DEL09"
273637;2020-03-06;"sexta-feira";"18:00:00";"SC";470;147,2;"RIO DO SUL";"Falta de Atenção à Condução";"Colisão traseira";"Com Vítimas Feridas";"Pleno dia";"Decrescente";"Sol";"Simples";"Reta";"Sim";2;0;1;0;1;0;1;2;-27,24344;-49,69002;"SR-SC";"UOP02";"DEL04"
273638;2020-03-06;"sexta-feira";"15:50:00";"SC";101;104,8;"PENHA";"Falta de Atenção à Condução";"Queda de ocupante de veículo";"Com Vítimas Feridas";"Pleno dia";"Crescente";"Sol";"Dupla";"Curva";"Não";2;0;0;2;0;0;2;1;-26,79282;-48,68081;"SR-SC";"UOP02";"DEL03"
273641;2020-03-06;"sexta-feira";"11:25:00";"MG";262;37,7;"MANHUACU";"Falta de Atenção à Condução";"Colisão transversal";"Com Vítimas Feridas";"Pleno dia";"Crescente";"Nublado";"Simples";"Reta";"Não";2;0;1;0;1;0;1;2;-20,25749;-42,03049;"SR-MG";"UOP04";"DEL06"
273642;2020-03-06;"sexta-feira";"18:35:00";"RJ";116;176;"NOVA IGUACU";"Desobediência às normas de trânsito pelo condutor";"Colisão lateral";"Com Vítimas Feridas";"Plena Noite";"Crescente";"Céu Claro";"Múltipla";"Reta";"Sim";3;0;0;1;1;1;1;3;-22,74231;-43,45299;"SR-RJ";"UOP02";"DEL01"
273643;2020-03-06;"sexta-feira";"17:30:00";"SC";470;144,5;"RIO DO SUL";"Falta de Atenção à Condução";"Colisão transversal";"Com Vítimas Feridas";"Pleno dia";"Decrescente";"Céu Claro";"Simples";"Reta";"Não";2;0;2;0;0;0;2;2;-27,22854;-49,66815;"SR-SC";"UOP02";"DEL04"
273644;2020-03-06;"sexta-feira";"17:50:00";"BA";407;5,9;"JUAZEIRO";"Carga excessiva e/ou mal acondicionada";"Capotamento";"Com Vítimas Feridas";"Anoitecer";"Crescente";"Nublado";"Simples";"Rotatória";"Sim";1;0;1;0;0;0;1;1;-9,449269;-40,48999;"SR-PE";"UOP01";"DEL06"
273645;2020-03-06;"sexta-feira";"17:50:00";"SC";101;41;"JOINVILLE";"Desobediência às normas de trânsito pelo condutor";"Colisão transversal";"Com Vítimas Feridas";"Plena Noite";"Decrescente";"Céu Claro";"Dupla";"Rotatória";"Sim";2;0;0;1;1;0;1;2;-26,28215;-48,88973;"SR-SC";"UOP01";"DEL03"
273646;2020-03-06;"sexta-feira";"18:20:00";"PR";369;185,5;"ARAPONGAS";"Desobediência às normas de trânsito pelo condutor";"Colisão transversal";"Com Vítimas Feridas";"Pleno dia";"Crescente";"Céu Claro";"Simples";"Não Informado";"Sim";3;0;1;1;0;1;2;2;-23,41217;-51,42735;"SR-PR";"UOP03";"DEL07"
273647;2020-03-06;"sexta-feira";"13:15:00";"BA";101;544;"SAO JOSE DA VITORIA";"Mal Súbito";"Saída de leito carroçável";"Com Vítimas Feridas";"Pleno dia";"Crescente";"Nublado";"Simples";"Curva";"Não";3;0;2;0;1;0;2;1;-15,10188;-39,35466;"SR-BA";"UOP02";"DEL05"
273649;2020-03-06;"sexta-feira";"16:35:00";"SC";282;368,7;"ERVAL VELHO";"Desobediência às normas de trânsito pelo condutor";"Colisão transversal";"Com Vítimas Feridas";"Pleno dia";"Decrescente";"Céu Claro";"Simples";"Reta";"Sim";6;0;1;0;5;0;1;3;-27,28375;-51,43496;"SR-SC";"UOP07";"DEL07"
273650;2020-03-06;"sexta-feira";"19:00:00";"RN";101;81;"SAO GONCALO DO AMARANTE";"Falta de Atenção à Condução";"Colisão lateral";"Com Vítimas Feridas";"Plena Noite";"Crescente";"Céu Claro";"Dupla";"Reta";"Sim";2;0;1;0;1;0;1;2;-5,764695;-35,28296;"SR-RN";"UOP01";"DEL02"
273651;2020-03-06;"sexta-feira";"18:40:00";"PR";376;5;"APUCARANA";"Desobediência às normas de trânsito pelo condutor";"Colisão transversal";"Com Vítimas Feridas";"Pleno dia";"Crescente";"Sol";"Simples";"Reta";"Sim";3;0;2;0;1;0;2;2;-23,55733;-51,44199;"SR-PR";"UOP03";"DEL07"
273652;2020-03-06;"sexta-feira";"18:30:00";"BA";116;24;"VITORIA DA CONQUISTA";"Falta de Atenção à Condução";"Colisão transversal";"Com Vítimas Feridas";"Plena Noite";"Decrescente";"Céu Claro";"Simples";"Reta";"Não";2;0;1;0;1;0;1;2;-14,86473;-40,79986;"SR-BA";"UOP01";"DEL08"
273653;2020-03-06;"sexta-feira";"13:00:00";"ES";101;149,2;"LINHARES";"Desobediência às normas de trânsito pelo condutor";"Colisão transversal";"Com Vítimas Feridas";"Pleno dia";"Crescente";"Nublado";"Múltipla";"Reta";"Sim";2;0;1;0;1;0;1;2;-19,39619;-40,06436;"SR-ES";"UOP01";"DEL04"
273654;2020-03-06;"sexta-feira";"16:35:00";"CE";116;270,7;"JAGUARIBARA";"Falta de Atenção à Condução";"Colisão lateral";"Com Vítimas Feridas";"Pleno dia";"Decrescente";"Nublado";"Simples";"Curva";"Não";7;0;2;0;5;0;2;2;-5,620642;-38,43667;"SR-CE";"UOP02";"DEL05"
273655;2020-03-06;"sexta-feira";"18:50:00";"MG";381;504,3;"BETIM";"Falta de Atenção à Condução";"Colisão transversal";"Sem Vítimas";"Plena Noite";"Crescente";"Chuva";"Dupla";"Não Informado";"Sim";2;0;0;0;2;0;0;2;-20,03148;-44,23782;"SR-MG";"UOP03";"DEL01"
273656;2020-03-06;"sexta-feira";"17:40:00";"MG";40;25,6;"PARACATU";"Pista Escorregadia";"Saída de leito carroçável";"Com Vítimas Feridas";"Pleno dia";"Decrescente";"Nublado";"Simples";"Reta";"Não";5;0;5;0;0;0;5;1;-17,1335;-46,97341;"SR-MG";"UOP01";"DEL14"
273657;2020-03-06;"sexta-feira";"18:15:00";"DF";70;2;"BRASILIA";"Falta de Atenção à Condução";"Colisão traseira";"Com Vítimas Feridas";"Plena Noite";"Crescente";"Nublado";"Dupla";"Reta";"Sim";2;0;1;0;1;0;1;2;-15,79805;-48,07323;"SR-DF";"UOP03";"DEL01"
273658;2020-03-06;"sexta-feira";"18:10:00";"PR";369;490,2;"CORBELIA";"Ingestão de Álcool";"Colisão frontal";"Sem Vítimas";"Pleno dia";"Crescente";"Céu Claro";"Simples";"Não Informado";"Não";5;0;0;0;5;0;0;2;-24,7201;-53,24655;"SR-PR";"UOP04";"DEL04"
273659;2020-03-06;"sexta-feira";"19:00:00";"PR";376;177,1;"MARINGA";"Desobediência às normas de trânsito pelo condutor";"Colisão lateral";"Sem Vítimas";"Anoitecer";"Crescente";"Céu Claro";"Dupla";"Reta";"Sim";3;0;0;0;2;1;0;3;-23,41596;-51,92226;"SR-PR";"UOP01";"DEL09"
273660;2020-03-06;"sexta-feira";"19:45:00";"MG";381;946,8;"EXTREMA";"Falta de Atenção do Pedestre";"Atropelamento de Pedestre";"Com Vítimas Fatais";"Plena Noite";"Crescente";"Céu Claro";"Dupla";"Não Informado";"Não";3;1;1;0;1;0;1;1;-22,8654;-46,34769;"SR-MG";"UOP03";"DEL16"
273662;2020-03-06;"sexta-feira";"19:20:00";"PR";373;413,3;"CANDOI";"Falta de Atenção à Condução";"Colisão lateral";"Com Vítimas Fatais";"Plena Noite";"Decrescente";"Céu Claro";"Simples";"Reta";"Não";3;1;0;1;0;1;1;2;-25,65438;-52,1126;"SR-PR";"UOP01";"DEL08"
273663;2020-03-06;"sexta-feira";"17:55:00";"SC";280;58,4;"GUARAMIRIM";"Falta de Atenção à Condução";"Colisão transversal";"Com Vítimas Feridas";"Pleno dia";"Decrescente";"Nublado";"Simples";"Reta";"Não";2;0;1;0;1;0;1;2;-26,47416;-49,02121;"SR-SC";"UOP03";"DEL03"
273664;2020-03-06;"sexta-feira";"13:00:00";"MT";70;247;"PRIMAVERA DO LESTE";"Falta de Atenção à Condução";"Saída de leito carroçável";"Com Vítimas Feridas";"Pleno dia";"Decrescente";"Céu Claro";"Simples";"Reta";"Não";2;0;1;1;0;0;2;1;-15,6236;-54,08817;"SR-MT";"UOP01";"DEL05"
273665;2020-03-06;"sexta-feira";"19:30:00";"BA";324;519;"FEIRA DE SANTANA";"Não guardar distância de segurança";"Colisão traseira";"Com Vítimas Feridas";"Plena Noite";"Decrescente";"Chuva";"Dupla";"Reta";"Sim";2;0;1;0;1;0;1;2;-12,27768;-38,92632;"SR-BA";"UOP01";"DEL02"
273666;2020-03-06;"sexta-feira";"18:00:00";"PR";153;461,9;"PORTO VITORIA";"Falta de Atenção à Condução";"Saída de leito carroçável";"Com Vítimas Feridas";"Anoitecer";"Decrescente";"Céu Claro";"Simples";"Desvio Temporário";"Não";1;0;1;0;0;0;1;1;-26,24254;-51,1593;"SR-PR";"UOP03";"DEL08"
273667;2020-03-06;"sexta-feira";"19:30:00";"MG";116;704;"MURIAE";"Falta de Atenção à Condução";"Colisão lateral";"Com Vítimas Feridas";"Plena Noite";"Decrescente";"Céu Claro";"Simples";"Reta";"Sim";2;0;1;0;1;0;1;2;-21,11986;-42,38;"SR-MG";"UOP02";"DEL07"
273668;2020-03-06;"sexta-feira";"19:30:00";"ES";101;285;"CARIACICA";"Desobediência às normas de trânsito pelo condutor";"Colisão traseira";"Com Vítimas Feridas";"Plena Noite";"Decrescente";"Chuva";"Dupla";"Reta";"Sim";2;0;1;0;1;0;1;2;-20,25148;-40,3727;"SR-ES";"UOP01";"DEL01"
273669;2020-03-06;"sexta-feira";"20:00:00";"MG";251;451,3;"GRAO MOGOL";"Velocidade Incompatível";"Colisão frontal";"Com Vítimas Feridas";"Plena Noite";"Crescente";"Chuva";"Simples";"Não Informado";"Não";3;0;1;0;1;1;1;2;-16,419;-43,30799;"SR-MG";"UOP01";"DEL12"
273670;2020-03-06;"sexta-feira";"20:10:00";"PR";376;549;"PALMEIRA";"Falta de Atenção do Pedestre";"Atropelamento de Pedestre";"Com Vítimas Feridas";"Plena Noite";"Decrescente";"Nublado";"Dupla";"Reta";"Não";2;0;1;0;1;0;1;1;-25,28699;-49,90414;"SR-PR";"UOP03";"DEL03"
273671;2020-03-06;"sexta-feira";"18:40:00";"RR";432;191;"CANTA";"Ingestão de Álcool";"Saída de leito carroçável";"Com Vítimas Feridas";"Plena Noite";"Decrescente";"Céu Claro";"Simples";"Reta";"Sim";4;0;1;1;0;2;2;1;2,609889;-60,59717;"SR-RR";"UOP01";"DEL01"
273672;2020-03-06;"sexta-feira";"19:00:00";"BA";324;439,5;"RIACHAO DO JACUIPE";"Falta de Atenção à Condução";"Colisão lateral";"Sem Vítimas";"Plena Noite";"Crescente";"Nublado";"Simples";"Reta";"Sim";2;0;0;0;2;0;0;2;-11,81497;-39,38059;"SR-BA";"UOP01";"DEL02"
273673;2020-03-06;"sexta-feira";"20:25:00";"PR";277;12;"PARANAGUA";"Falta de Atenção à Condução";"Colisão com objeto estático";"Sem Vítimas";"Plena Noite";"Decrescente";"Nublado";"Dupla";"Reta";"Não";1;0;0;0;1;0;0;1;-25,56435;-48,632;"SR-PR";"UOP07";"DEL01"
273674;2020-03-06;"sexta-feira";"18:00:00";"MS";262;154,2;"RIBAS DO RIO PARDO";"Defeito na Via";"Capotamento";"Com Vítimas Feridas";"Anoitecer";"Decrescente";"Céu Claro";"Simples";"Reta";"Não";1;0;1;0;0;0;1;1;-20,46513;-52,96924;"SR-MS";"UOP02";"DEL07"
273676;2020-03-06;"sexta-feira";"20:30:00";"RJ";40;106;"DUQUE DE CAXIAS";"Falta de Atenção à Condução";"Saída de leito carroçável";"Com Vítimas Feridas";"Plena Noite";"Crescente";"Céu Claro";"Dupla";"Reta";"Não";2;0;1;0;1;0;1;1;-22,64679;-43,28373;"SR-RJ";"UOP01";"DEL01"
273677;2020-03-06;"sexta-feira";"20:30:00";"GO";50;280,6;"CATALAO";"Falta de Atenção à Condução";"Colisão transversal";"Sem Vítimas";"Plena Noite";"Crescente";"Chuva";"Dupla";"Não Informado";"Sim";2;0;0;0;2;0;0;2;-18,1784;-47,9362;"SR-GO";"UOP01";"DEL06"
273678;2020-03-06;"sexta-feira";"21:00:00";"RJ";393;140,2;"SAPUCAIA";"Falta de Atenção à Condução";"Colisão frontal";"Com Vítimas Fatais";"Plena Noite";"Crescente";"Céu Claro";"Simples";"Curva";"Não";2;1;0;0;1;0;0;2;-22,00993;-42,94794;"SR-RJ";"UOP02";"DEL06"
273679;2020-03-06;"sexta-feira";"19:40:00";"MG";381;358;"JOAO MONLEVADE";"Desobediência às normas de trânsito pelo condutor";"Colisão transversal";"Com Vítimas Feridas";"Plena Noite";"Decrescente";"Garoa/Chuvisco";"Simples";"Não Informado";"Sim";2;0;1;0;0;1;1;2;-19,85593;-43,21689;"SR-MG";"UOP01";"DEL03"
273680;2020-03-06;"sexta-feira";"20:30:00";"SC";101;200;"SAO JOSE";"Falta de Atenção à Condução";"Colisão lateral";"Com Vítimas Feridas";"Plena Noite";"Crescente";"Céu Claro";"Dupla";"Reta";"Não";2;0;1;0;1;0;1;2;-27,54019;-48,62288;"SR-SC";"UOP01";"DEL01"
273681;2020-03-06;"sexta-feira";"18:10:00";"TO";153;277;"BRASILANDIA DO TOCANTINS";"Não guardar distância de segurança";"Colisão traseira";"Sem Vítimas";"Plena Noite";"Decrescente";"Nublado";"Simples";"Reta";"Não";1;0;0;0;1;0;0;1;-8,328122;-48,47582;"SR-TO";"UOP03";"DEL02"
273682;2020-03-06;"sexta-feira";"19:10:00";"RO";364;16,6;"VILHENA";"Falta de Atenção à Condução";"Colisão transversal";"Com Vítimas Feridas";"Plena Noite";"Decrescente";"Céu Claro";"Simples";"Reta";"Não";3;0;2;0;1;0;2;2;-12,73438;-60,15697;"SR-RO";"UOP01";"DEL04"