"id";"data_inversa";"dia_semana";"horario";"uf";"br";"km";"municipio";"causa_acidente";"tipo_acidente";"classificacao_acidente";"fase_dia";"sentido_via";"condicao_metereologica";"tipo_pista";"tracado_via";"uso_solo";"pessoas";"mortos";"feridos_leves";"feridos_graves";"ilesos";"ignorados";"feridos";"veiculos";"latitude";"longitude";"regional";"delegacia";"uop"
273958;2020-03-08;"domingo";"03:30:00";"DF";20;22,1;"BRASILIA";"Desobediência às normas de trânsito pelo condutor";"Capotamento";"Sem Vítimas";"Plena Noite";"Decrescente";"Nublado";"Dupla";"Não Informado";"Sim";1;0;0;0;0;1;0;1;-15,59834;-47,67619;"SR-DF";"UOP01";"DEL02"
273959;2020-03-08;"domingo";"03:40:00";"PR";376;491,1;"PONTA GROSSA";"Ingestão de Álcool";"Saída de leito carroçável";"Com Vítimas Feridas";"Plena Noite";"Crescente";"Céu Claro";"Dupla";"Reta";"Sim";4;0;0;1;2;1;1;3;-25,15163;-50,14152;"SR-PR";"UOP02";"DEL03"
273960;2020-03-08;"domingo";"04:00:00";"SC";101;128,7;"BALNEARIO CAMBORIU";"Falta de Atenção à Condução";"Colisão traseira";"Com Vítimas Feridas";"Plena Noite";"Decrescente";"Chuva";"Dupla";"Curva";"Não";3;0;1;0;2;0;1;2;-26,97284;-48,68299;"SR-SC";"UOP03";"DEL04"
273961;2020-03-08;"domingo";"02:00:00";"AL";424;105;"MARECHAL DEODORO";"Falta de Atenção à Condução";"Tombamento";"Sem Vítimas";"Plena Noite";"Decrescente";"Céu Claro";"Simples";"Reta";"Não";1;0;0;0;1;0;0;1;-9,685817;-35,82573;"SR-AL";"UOP01";"DEL02"
273962;2020-03-08;"domingo";"01:00:00";"MS";163;42,5;"ELDORADO";"Ingestão de Álcool";"Colisão com objeto em movimento";"Com Vítimas Feridas";"Plena Noite";"Crescente";"Céu Claro";"Simples";"Não Informado";"Não";2;0;1;0;0;1;1;2;-23,76281;-54,27377;"SR-MS";"UOP02";"DEL09"
273963;2020-03-08;"domingo";"04:10:00";"RS";158;183,5;"PEJUCARA";"Defeito Mecânico no Veículo";"Incêndio";"Sem Vítimas";"Plena Noite";"Crescente";"Céu Claro";"Simples";"Reta";"Não";2;0;0;0;2;0;0;1;-28,54518;-53,55694;"SR-RS";"UOP02";"DEL10"
273964;2020-03-08;"domingo";"01:10:00";"SC";470;55,2;"BLUMENAU";"Ingestão de Álcool";"Colisão frontal";"Com Vítimas Fatais";"Plena Noite";"Decrescente";"Céu Claro";"Simples";"Reta";"Não";4;1;2;0;1;0;2;3;-26,87639;-49,12027;"SR-SC";"UOP01";"DEL04"
273965;2020-03-08;"domingo";"02:45:00";"SC";470;72,4;"INDAIAL";"Ingestão de Álcool";"Colisão frontal";"Com Vítimas Feridas";"Plena Noite";"Decrescente";"Céu Claro";"Simples";"Não Informado";"Não";4;0;0;3;1;0;3;2;-26,90198;-49,26875;"SR-SC";"UOP01";"DEL04"
273966;2020-03-08;"domingo";"04:00:00";"RS";392;113,2;"CANGUCU";"Falta de Atenção do Pedestre";"Atropelamento de Pedestre";"Com Vítimas Fatais";"Plena Noite";"Crescente";"Céu Claro";"Simples";"Reta";"Não";2;1;0;0;1;0;0;1;-31,43953;-52,64988;"SR-RS";"UOP01";"DEL07"
273967;2020-03-08;"domingo";"04:15:00";"RS";116;518,7;"PELOTAS";"Falta de Atenção à Condução";"Colisão com objeto estático";"Com Vítimas Feridas";"Plena Noite";"Crescente";"Céu Claro";"Simples";"Reta";"Sim";1;0;1;0;0;0;1;1;-31,68674;-52,34793;"SR-RS";"UOP01";"DEL07"
273968;2020-03-07;"sábado";"16:40:00";"BA";101;711,2;"EUNAPOLIS";"Pista Escorregadia";"Colisão com objeto estático";"Com Vítimas Feridas";"Plena Noite";"Crescente";"Céu Claro";"Simples";"Reta";"Sim";2;0;2;0;0;0;2;1;-16,3258;-39,5837;"SR-BA";"UOP01";"DEL09"
273969;2020-03-08;"domingo";"01:30:00";"BA";324;577;"SAO SEBASTIAO DO PASSE";"Ingestão de Álcool";"Colisão lateral";"Sem Vítimas";"Plena Noite";"Crescente";"Céu Claro";"Dupla";"Reta";"Não";2;0;0;0;2;0;0;2;-12,59712;-38,5136;"SR-BA";"UOP01";"DEL01"
273970;2020-03-08;"domingo";"04:00:00";"BA";324;563;"SAO SEBASTIAO DO PASSE";"Falta de Atenção à Condução";"Tombamento";"Com Vítimas Feridas";"Plena Noite";"Crescente";"Céu Claro";"Dupla";"Reta";"Não";1;0;1;0;0;0;1;1;-12,50854;-38,63201;"SR-BA";"UOP01";"DEL01"
273971;2020-03-08;"domingo";"04:25:00";"MG";459;102;"POUSO ALEGRE";"Condutor Dormindo";"Colisão com objeto estático";"Com Vítimas Feridas";"Plena Noite";"Crescente";"Céu Claro";"Dupla";"Curva";"Sim";2;0;1;0;1;0;1;1;-22,22542;-45,91232;"SR-MG";"UOP01";"DEL16"
273972;2020-03-07;"sábado";"22:00:00";"DF";20;42;"BRASILIA";"Velocidade Incompatível";"Saída de leito carroçável";"Sem Vítimas";"Plena Noite";"Crescente";"Chuva";"Dupla";"Reta";"Não";1;0;0;0;0;1;0;1;-15,57922;-47,49434;"SR-DF";"UOP01";"DEL02"
273973;2020-03-08;"domingo";"03:45:00";"MA";10;247;"IMPERATRIZ";"Ingestão de Substâncias Psicoativas";"Colisão transversal";"Sem Vítimas";"Plena Noite";"Decrescente";"Chuva";"Simples";"Reta";"Sim";2;0;0;0;0;2;0;2;-5,573772;-47,44389;"SR-MA";"UOP01";"DEL04"
273974;2020-03-08;"domingo";"05:35:00";"GO";60;208,9;"GUAPO";"Defeito na Via";"Saída de leito carroçável";"Com Vítimas Feridas";"Plena Noite";"Crescente";"Céu Claro";"Dupla";"Curva";"Não";1;0;1;0;0;0;1;1;-16,9243;-49,6642;"SR-GO";"UOP02";"DEL01"
273975;2020-03-08;"domingo";"06:00:00";"GO";414;431,1;"ANAPOLIS";"Falta de Atenção à Condução";"Tombamento";"Com Vítimas Feridas";"Amanhecer";"Decrescente";"Céu Claro";"Simples";"Reta";"Não";1;0;0;1;0;0;1;1;-16,21405;-48,91838;"SR-GO";"UOP01";"DEL02"
273976;2020-03-08;"domingo";"05:00:00";"RS";285;51;"BOM JESUS";"Condutor Dormindo";"Saída de leito carroçável";"Com Vítimas Feridas";"Amanhecer";"Decrescente";"Céu Claro";"Simples";"Curva";"Não";1;0;1;0;0;0;1;1;-28,65868;-50,34076;"SR-RS";"UOP03";"DEL05"
273977;2020-03-08;"domingo";"05:40:00";"MG";381;265;"TIMOTEO";"Ingestão de Álcool";"Colisão traseira";"Com Vítimas Feridas";"Amanhecer";"Decrescente";"Nublado";"Simples";"Reta";"Sim";4;0;1;0;1;2;1;2;-19,5257;-42,66364;"SR-MG";"UOP02";"DEL03"
273978;2020-03-08;"domingo";"05:15:00";"PI";230;306;"FLORIANO";"Velocidade Incompatível";"Colisão com objeto estático";"Com Vítimas Feridas";"Amanhecer";"Crescente";"Céu Claro";"Dupla";"Curva";"Sim";1;0;1;0;0;0;1;1;-6,791735;-42,98594;"SR-PI";"UOP01";"DEL03"
273979;2020-03-08;"domingo";"05:27:00";"RS";290;121,9;"ELDORADO DO SUL";"Condutor Dormindo";"Colisão frontal";"Com Vítimas Feridas";"Amanhecer";"Crescente";"Céu Claro";"Simples";"Reta";"Não";4;0;4;0;0;0;4;2;-30,05137;-51,41824;"SR-RS";"UOP01";"DEL02"
273980;2020-03-07;"sábado";"20:30:00";"RO";364;711;"PORTO VELHO";"Não guardar distância de segurança";"Colisão traseira";"Com Vítimas Feridas";"Plena Noite";"Decrescente";"Chuva";"Dupla";"Reta";"Sim";6;0;2;0;3;1;2;2;-8,781539;-63,86531;"SR-RO";"UOP01";"DEL01"
273981;2020-03-08;"domingo";"00:15:00";"PR";116;105;"SAO JOSE DOS PINHAIS";"Não guardar distância de segurança";"Colisão traseira";"Sem Vítimas";"Plena Noite";"Crescente";"Céu Claro";"Dupla";"Reta";"Não";3;0;0;0;3;0;0;2;-25,56635;-49,16834;"SR-PR";"UOP01";"DEL01"
273983;2020-03-08;"domingo";"04:40:00";"PR";476;125;"CURITIBA";"Velocidade Incompatível";"Colisão com objeto estático";"Sem Vítimas";"Plena Noite";"Crescente";"Céu Claro";"Dupla";"Não Informado";"Sim";1;0;0;0;0;1;0;1;-25,4083;-49,21966;"SR-PR";"UOP06";"DEL01"
273984;2020-03-08;"domingo";"06:20:00";"SC";101;123;"ITAJAI";"Velocidade Incompatível";"Colisão com objeto estático";"Com Vítimas Feridas";"Amanhecer";"Decrescente";"Céu Claro";"Simples";"Interseção de vias";"Sim";2;0;1;1;0;0;2;1;-26,93669;-48,69877;"SR-SC";"UOP04";"DEL04"
273985;2020-03-08;"domingo";"06:45:00";"RS";290;111;"ELDORADO DO SUL";"Condutor Dormindo";"Saída de leito carroçável";"Com Vítimas Feridas";"Pleno dia";"Crescente";"Céu Claro";"Dupla";"Reta";"Não";1;0;1;0;0;0;1;1;-30,03772;-51,328;"SR-RS";"UOP01";"DEL02"
273986;2020-03-08;"domingo";"04:50:00";"SE";101;63;"ROSARIO DO CATETE";"Ingestão de Álcool";"Colisão lateral";"Com Vítimas Feridas";"Amanhecer";"Decrescente";"Céu Claro";"Simples";"Não Informado";"Sim";2;0;1;0;1;0;1;2;-10,69193;-37,04082;"SR-SE";"UOP02";"DEL02"
273987;2020-03-08;"domingo";"06:25:00";"SP";116;205;"ARUJA";"Falta de Atenção à Condução";"Colisão com objeto estático";"Com Vítimas Feridas";"Pleno dia";"Decrescente";"Céu Claro";"Dupla";"Reta";"Sim";5;0;3;0;1;1;3;1;-23,41475;-46,36601;"SR-SP";"UOP01";"DEL01"
273989;2020-03-08;"domingo";"06:45:00";"PR";476;158,8;"ARAUCARIA";"Falta de Atenção à Condução";"Capotamento";"Sem Vítimas";"Pleno dia";"Crescente";"Ignorado";"Simples";"Interseção de vias";"Sim";1;0;0;0;0;1;0;1;-25,61354;-49,42426;"SR-PR";"UOP04";"DEL01"
273990;2020-03-08;"domingo";"05:20:00";"MT";174;79,5;"CACERES";"Restrição de Visibilidade";"Saída de leito carroçável";"Com Vítimas Feridas";"Plena Noite";"Decrescente";"Céu Claro";"Simples";"Reta";"Não";2;0;1;1;0;0;2;1;-15,99034;-57,75358;"SR-MT";"UOP01";"DEL03"
273991;2020-03-08;"domingo";"06:56:00";"BA";324;600;"SIMOES FILHO";"Desobediência às normas de trânsito pelo pedestre";"Atropelamento de Pedestre";"Com Vítimas Feridas";"Pleno dia";"Decrescente";"Céu Claro";"Dupla";"Reta";"Não";2;0;0;1;1;0;1;1;-12,74883;-38,43296;"SR-BA";"UOP01";"DEL01"
273992;2020-03-08;"domingo";"06:45:00";"PR";369;496,8;"CORBELIA";"Ingestão de álcool e/ou substâncias psicoativas pelo pedestre";"Saída de leito carroçável";"Com Vítimas Feridas";"Pleno dia";"Crescente";"Céu Claro";"Simples";"Curva";"Não";1;0;1;0;0;0;1;1;-24,7531;-53,2823;"SR-PR";"UOP04";"DEL04"
273994;2020-03-08;"domingo";"05:00:00";"MG";116;541,1;"SANTA RITA DE MINAS";"Ingestão de Álcool";"Colisão com objeto estático";"Com Vítimas Feridas";"Amanhecer";"Crescente";"Nublado";"Simples";"Reta";"Não";1;0;1;0;0;0;1;1;-19,89439;-42,13395;"SR-MG";"UOP02";"DEL06"
273995;2020-03-07;"sábado";"22:30:00";"MG";365;521;"MONTE CARMELO";"Velocidade Incompatível";"Colisão transversal";"Com Vítimas Feridas";"Plena Noite";"Decrescente";"Céu Claro";"Simples";"Interseção de vias";"Sim";3;0;0;2;1;0;2;2;-18,91498;-47,41535;"SR-MG";"UOP01";"DEL10"
273996;2020-03-08;"domingo";"04:50:00";"RJ";101;533;"PARATY";"Animais na Pista";"Atropelamento de Animal";"Sem Vítimas";"Plena Noite";"Crescente";"Nublado";"Simples";"Ponte";"Sim";2;0;0;0;2;0;0;2;-23,02406;-44,53704;"SR-RJ";"UOP03";"DEL03"
273997;2020-03-08;"domingo";"05:45:00";"GO";153;653,8;"GOIATUBA";"Condutor Dormindo";"Saída de leito carroçável";"Com Vítimas Feridas";"Plena Noite";"Crescente";"Céu Claro";"Dupla";"Desvio Temporário";"Não";1;0;1;0;0;0;1;1;-17,9926;-49,2601;"SR-GO";"UOP01";"DEL03"
273998;2020-03-07;"sábado";"08:15:00";"RO";364;514,7;"ARIQUEMES";"Desobediência às normas de trânsito pelo condutor";"Colisão transversal";"Com Vítimas Feridas";"Pleno dia";"Crescente";"Céu Claro";"Dupla";"Reta";"Sim";4;0;1;0;2;1;1;2;-9,933984;-63,05523;"SR-RO";"UOP01";"DEL03"
273999;2020-03-08;"domingo";"01:30:00";"MG";50;156,1;"UBERABA";"Animais na Pista";"Atropelamento de Animal";"Com Vítimas Feridas";"Plena Noite";"Crescente";"Céu Claro";"Dupla";"Reta";"Não";2;0;2;0;0;0;2;1;-19,61676;-48,01874;"SR-MG";"UOP01";"DEL13"
274000;2020-03-07;"sábado";"14:00:00";"PR";153;136;"VENTANIA";"Velocidade Incompatível";"Tombamento";"Com Vítimas Feridas";"Pleno dia";"Crescente";"Céu Claro";"Simples";"Curva";"Não";2;0;2;0;0;0;2;1;-24,04806;-50,24743;"SR-PR";"UOP05";"DEL07"
274001;2020-03-07;"sábado";"23:40:00";"BA";101;338;"TEOLANDIA";"Velocidade Incompatível";"Tombamento";"Com Vítimas Feridas";"Plena Noite";"Crescente";"Chuva";"Simples";"Curva";"Não";1;0;1;0;0;0;1;1;-13,53686;-39,44881;"SR-BA";"UOP03";"DEL05"
274002;2020-03-08;"domingo";"07:45:00";"SC";470;61;"BLUMENAU";"Desobediência às normas de trânsito pelo condutor";"Colisão frontal";"Com Vítimas Feridas";"Pleno dia";"Crescente";"Céu Claro";"Simples";"Curva";"Sim";2;0;1;0;1;0;1;2;-26,87895;-49,17421;"SR-SC";"UOP01";"DEL04"
274003;2020-03-08;"domingo";"06:00:00";"RO";435;117;"COLORADO DO OESTE";"Ingestão de Álcool";"Saída de leito carroçável";"Com Vítimas Feridas";"Amanhecer";"Decrescente";"Céu Claro";"Simples";"Reta";"Não";2;0;1;1;0;0;2;1;-13,18755;-60,75678;"SR-RO";"UOP02";"DEL04"
274004;2020-03-08;"domingo";"05:00:00";"PA";230;118,5;"MARABA";"Falta de Atenção à Condução";"Colisão traseira";"Sem Vítimas";"Amanhecer";"Crescente";"Céu Claro";"Dupla";"Interseção de vias";"Sim";2;0;0;0;2;0;0;2;-5,351937;-49,09794;"SR-PA";"UOP01";"DEL03"
274005;2020-03-08;"domingo";"03:00:00";"MS";163;842,5;"SONORA";"Falta de Atenção à Condução";"Saída de leito carroçável";"Sem Vítimas";"Plena Noite";"Crescente";"Céu Claro";"Simples";"Reta";"Não";1;0;0;0;0;1;0;1;-17,55521;-54,74131;"SR-MS";"UOP01";"DEL06"
274006;2020-03-08;"domingo";"07:45:00";"BA";324;575;"SAO SEBASTIAO DO PASSE";"Desobediência às normas de trânsito pelo pedestre";"Atropelamento de Pedestre";"Com Vítimas Feridas";"Pleno dia";"Decrescente";"Nublado";"Dupla";"Reta";"Não";5;0;1;1;2;1;2;1;-12,57298;-38,54513;"SR-BA";"UOP01";"DEL01"
274007;2020-03-08;"domingo";"06:10:00";"RS";153;410;"CACHOEIRA DO SUL";"Ingestão de Álcool";"Colisão frontal";"Com Vítimas Feridas";"Pleno dia";"Crescente";"Céu Claro";"Simples";"Reta";"Sim";3;0;1;0;1;1;1;2;-30,0493;-52,90913;"SR-RS";"UOP03";"DEL02"
274008;2020-03-08;"domingo";"07:45:00";"MG";381;934;"EXTREMA";"Velocidade Incompatível";"Queda de ocupante de veículo";"Com Vítimas Feridas";"Pleno dia";"Decrescente";"Céu Claro";"Dupla";"Não Informado";"Não";1;0;1;0;0;0;1;1;-22,82008;-46,29934;"SR-MG";"UOP03";"DEL16"
274009;2020-03-08;"domingo";"08:10:00";"PR";369;188,9;"ARAPONGAS";"Não guardar distância de segurança";"Colisão traseira";"Com Vítimas Feridas";"Pleno dia";"Crescente";"Céu Claro";"Dupla";"Reta";"Não";3;0;1;0;2;0;1;2;-23,4488;-51,42321;"SR-PR";"UOP03";"DEL07"
274010;2020-03-08;"domingo";"07:10:00";"BA";110;289;"INHAMBUPE";"Ingestão de Álcool";"Capotamento";"Com Vítimas Feridas";"Pleno dia";"Crescente";"Céu Claro";"Simples";"Curva";"Não";1;0;1;0;0;0;1;1;-11,75965;-38,32812;"SR-BA";"UOP04";"DEL01"
274011;2020-03-08;"domingo";"08:45:00";"PE";101;54,5;"PAULISTA";"Falta de Atenção à Condução";"Colisão lateral";"Com Vítimas Feridas";"Pleno dia";"Decrescente";"Sol";"Simples";"Curva";"Sim";2;0;1;0;1;0;1;2;-7,939611;-34,90357;"SR-PE";"UOP02";"DEL01"
274012;2020-03-08;"domingo";"08:40:00";"PE";232;508,3;"SALGUEIRO";"Falta de Atenção à Condução";"Colisão com objeto estático";"Sem Vítimas";"Pleno dia";"Crescente";"Céu Claro";"Simples";"Interseção de vias";"Não";1;0;0;0;0;1;0;1;-8,062233;-39,12095;"SR-PE";"UOP01";"DEL05"
274013;2020-03-08;"domingo";"08:00:00";"GO";158;269,8;"JATAI";"Falta de Atenção à Condução";"Colisão com objeto estático";"Sem Vítimas";"Pleno dia";"Decrescente";"Céu Claro";"Simples";"Rotatória";"Sim";2;0;0;0;2;0;0;1;-17,85473;-51,73125;"SR-GO";"UOP01";"DEL05"
274014;2020-03-08;"domingo";"05:40:00";"AP";210;1;"MACAPA";"Desobediência às normas de trânsito pelo condutor";"Colisão lateral";"Sem Vítimas";"Amanhecer";"Decrescente";"Garoa/Chuvisco";"Múltipla";"Reta";"Sim";2;0;0;0;2;0;0;2;0,07816717;-51,06999;"SR-AP";"UOP01";"DEL01"
274015;2020-03-08;"domingo";"06:20:00";"RO";364;713,5;"PORTO VELHO";"Desobediência às normas de trânsito pelo condutor";"Colisão transversal";"Com Vítimas Feridas";"Pleno dia";"Crescente";"Nublado";"Dupla";"Reta";"Sim";2;0;0;1;1;0;1;2;-8,771718;-63,88372;"SR-RO";"UOP01";"DEL01"
274016;2020-03-08;"domingo";"08:00:00";"PR";277;507,7;"GUARANIACU";"Falta de Atenção à Condução";"Queda de ocupante de veículo";"Com Vítimas Feridas";"Pleno dia";"Decrescente";"Céu Claro";"Simples";"Curva";"Não";1;0;1;0;0;0;1;1;-25,1318;-52,7303;"SR-PR";"UOP02";"DEL04"
274017;2020-03-08;"domingo";"06:00:00";"SC";158;104;"CUNHA PORA";"Velocidade Incompatível";"Saída de leito carroçável";"Com Vítimas Feridas";"Amanhecer";"Crescente";"Céu Claro";"Simples";"Curva";"Não";2;0;1;1;0;0;2;1;-26,86898;-53,16248;"SR-SC";"UOP02";"DEL07"
274018;2020-03-08;"domingo";"09:40:00";"SP";101;49,4;"UBATUBA";"Falta de Atenção à Condução";"Colisão transversal";"Com Vítimas Feridas";"Pleno dia";"Crescente";"Céu Claro";"Simples";"Reta";"Sim";6;0;1;0;5;0;1;2;-23,44411;-45,08376;"SR-SP";"UOP02";"DEL06"
274019;2020-03-08;"domingo";"09:40:00";"MG";381;521;"BRUMADINHO";"Velocidade Incompatível";"Saída de leito carroçável";"Com Vítimas Feridas";"Pleno dia";"Crescente";"Nublado";"Dupla";"Curva";"Não";1;0;1;0;0;0;1;1;-20,13847;-44,31715;"SR-MG";"UOP03";"DEL04"
274020;2020-03-08;"domingo";"08:00:00";"RJ";101;447;"MANGARATIBA";"Falta de Atenção à Condução";"Colisão frontal";"Com Vítimas Feridas";"Pleno dia";"Crescente";"Céu Claro";"Simples";"Não Informado";"Não";3;0;0;2;1;0;2;2;-23,00392;-44,09744;"SR-RJ";"UOP02";"DEL03"
274021;2020-03-08;"domingo";"10:00:00";"MG";459;69,7;"SENADOR JOSE BENTO";"Falta de Atenção à Condução";"Colisão lateral";"Com Vítimas Feridas";"Pleno dia";"Decrescente";"Céu Claro";"Simples";"Não Informado";"Não";2;0;1;0;1;0;1;2;-22,12993;-46,15035;"SR-MG";"UOP01";"DEL09"
274022;2020-03-08;"domingo";"08:50:00";"MT";163;785,8;"SORRISO";"Desobediência às normas de trânsito pelo condutor";"Colisão lateral";"Com Vítimas Feridas";"Pleno dia";"Crescente";"Céu Claro";"Simples";"Reta";"Não";7;0;5;1;1;0;6;3;-12,29154;-55,56553;"SR-MT";"UOP01";"DEL06"
274024;2020-03-08;"domingo";"09:50:00";"SE";235;28;"AREIA BRANCA";"Falta de Atenção à Condução";"Colisão lateral";"Com Vítimas Feridas";"Pleno dia";"Crescente";"Sol";"Simples";"Curva";"Não";2;0;0;1;1;0;1;2;-10,79339;-37,27884;"SR-SE";"UOP02";"DEL01"
274025;2020-03-08;"domingo";"10:15:00";"SC";101;411;"ARARANGUA";"Falta de Atenção à Condução";"Colisão com objeto estático";"Com Vítimas Feridas";"Pleno dia";"Decrescente";"Céu Claro";"Dupla";"Reta";"Não";2;0;2;0;0;0;2;1;-28,93505;-49,5179;"SR-SC";"UOP02";"DEL02"
274026;2020-03-08;"domingo";"10:00:00";"RS";472;499,8;"ITAQUI";"Desobediência às normas de trânsito pelo condutor";"Colisão lateral";"Sem Vítimas";"Pleno dia";"Crescente";"Céu Claro";"Simples";"Reta";"Não";2;0;0;0;2;0;0;2;-29,24159;-56,57554;"SR-RS";"UOP01";"DEL13"
274027;2020-03-08;"domingo";"10:40:00";"MG";40;574,2;"ITABIRITO";"Avarias e/ou desgaste excessivo no pneu";"Colisão frontal";"Com Vítimas Feridas";"Pleno dia";"Crescente";"Nublado";"Simples";"Reta";"Não";8;0;4;2;0;2;6;2;-20,24792;-43,96367;"SR-MG";"UOP02";"DEL01"
274028;2020-03-08;"domingo";"10:05:00";"SC";101;155;"PORTO BELO";"Falta de Atenção à Condução";"Colisão com objeto estático";"Com Vítimas Feridas";"Pleno dia";"Decrescente";"Céu Claro";"Simples";"Curva";"Não";1;0;1;0;0;0;1;1;-27,16292;-48,61129;"SR-SC";"UOP03";"DEL04"
274029;2020-03-08;"domingo";"10:30:00";"MG";381;350;"JOAO MONLEVADE";"Desobediência às normas de trânsito pelo condutor";"Colisão transversal";"Com Vítimas Feridas";"Pleno dia";"Crescente";"Nublado";"Simples";"Interseção de vias";"Não";4;0;1;1;2;0;2;2;-19,84954;-43,15779;"SR-MG";"UOP01";"DEL03"
274030;2020-01-16;"quinta-feira";"02:30:00";"RN";226;165,3;"CURRAIS NOVOS";"Falta de Atenção à Condução";"Saída de leito carroçável";"Com Vítimas Fatais";"Plena Noite";"Crescente";"Céu Claro";"Simples";"Reta";"Não";3;1;0;1;0;1;1;1;-6,224789;-36,43182;"SR-RN";"UOP02";"DEL03"
274031;2020-03-08;"domingo";"10:50:00";"MS";60;593,4;"JARDIM";"Falta de Atenção à Condução";"Colisão transversal";"Com Vítimas Feridas";"Pleno dia";"Crescente";"Céu Claro";"Simples";"Não Informado";"Sim";3;0;1;0;1;1;1;2;-21,48542;-56,15041;"SR-MS";"UOP01";"DEL05"
274032;2020-03-08;"domingo";"11:30:00";"PR";277;198,6;"PALMEIRA";"Velocidade Incompatível";"Capotamento";"Com Vítimas Feridas";"Pleno dia";"Crescente";"Nublado";"Simples";"Não Informado";"Não";5;0;2;1;2;0;3;1;-25,44562;-50,1854;"SR-PR";"UOP02";"DEL08"
274033;2020-03-08;"domingo";"10:30:00";"MG";381;521;"BRUMADINHO";"Falta de Atenção à Condução";"Queda de ocupante de veículo";"Com Vítimas Feridas";"Pleno dia";"Decrescente";"Céu Claro";"Múltipla";"Curva";"Sim";3;0;1;1;1;0;2;3;-20,13847;-44,31715;"SR-MG";"UOP03";"DEL04"
274034;2020-03-05;"quinta-feira";"06:20:00";"SC";280;150;"MAFRA";"Defeito Mecânico no Veículo";"Derramamento de carga";"Sem Vítimas";"Amanhecer";"Decrescente";"Céu Claro";"Simples";"Reta";"Não";1;0;0;0;1;0;0;1;-26,23707;-49,68352;"SR-SC";"UOP03";"DEL06"
274035;2020-03-08;"domingo";"11:20:00";"GO";50;273,5;"CATALAO";"Velocidade Incompatível";"Colisão com objeto estático";"Com Vítimas Feridas";"Pleno dia";"Crescente";"Céu Claro";"Dupla";"Viaduto";"Sim";2;0;1;1;0;0;2;1;-18,1302;-47,9047;"SR-GO";"UOP01";"DEL06"
274036;2020-03-08;"domingo";"12:05:00";"RJ";356;133;"CAMPOS DOS GOYTACAZES";"Ingestão de Álcool";"Saída de leito carroçável";"Com Vítimas Feridas";"Pleno dia";"Crescente";"Nublado";"Simples";"Curva";"Não";1;0;0;1;0;0;1;1;-21,71867;-41,35166;"SR-RJ";"UOP01";"DEL08"
274038;2020-03-08;"domingo";"12:20:00";"MG";40;511,8;"RIBEIRAO DAS NEVES";"Falta de Atenção à Condução";"Colisão traseira";"Com Vítimas Feridas";"Pleno dia";"Decrescente";"Sol";"Dupla";"Reta";"Sim";3;0;1;0;2;0;1;2;-19,78164;-44,11733;"SR-MG";"UOP02";"DEL01"
274039;2020-03-08;"domingo";"12:30:00";"MG";381;491,7;"BETIM";"Velocidade Incompatível";"Colisão com objeto estático";"Com Vítimas Feridas";"Pleno dia";"Decrescente";"Céu Claro";"Dupla";"Reta";"Sim";3;0;1;2;0;0;3;1;-19,96189;-44,15727;"SR-MG";"UOP03";"DEL01"
274040;2020-03-08;"domingo";"12:55:00";"SP";153;51,5;"SAO JOSE DO RIO PRETO";"Desobediência às normas de trânsito pelo condutor";"Colisão frontal";"Com Vítimas Feridas";"Pleno dia";"Decrescente";"Céu Claro";"Simples";"Reta";"Não";2;0;0;1;1;0;1;2;-20,71802;-49,33874;"SR-SP";"UOP01";"DEL09"
274041;2020-03-08;"domingo";"11:45:00";"BA";101;244,1;"CONCEICAO DO ALMEIDA";"Ultrapassagem Indevida";"Saída de leito carroçável";"Com Vítimas Feridas";"Pleno dia";"Crescente";"Sol";"Simples";"Reta";"Não";3;0;2;0;0;1;2;2;-12,8323;-39,20061;"SR-BA";"UOP02";"DEL01"
274042;2020-03-08;"domingo";"11:15:00";"MG";459;64,9;"SENADOR JOSE BENTO";"Falta de Atenção à Condução";"Saída de leito carroçável";"Com Vítimas Feridas";"Pleno dia";"Crescente";"Céu Claro";"Simples";"Curva";"Não";1;0;0;1;0;0;1;1;-22,13107;-46,18222;"SR-MG";"UOP01";"DEL09"
274043;2020-03-08;"domingo";"12:45:00";"MG";40;605,4;"CONGONHAS";"Falta de Atenção à Condução";"Saída de leito carroçável";"Com Vítimas Feridas";"Pleno dia";"Crescente";"Céu Claro";"Simples";"Reta";"Não";1;0;1;0;0;0;1;1;-20,45961;-43,83908;"SR-MG";"UOP02";"DEL05"
274044;2020-03-08;"domingo";"13:10:00";"PE";408;102,7;"RECIFE";"Defeito Mecânico no Veículo";"Queda de ocupante de veículo";"Com Vítimas Feridas";"Pleno dia";"Decrescente";"Céu Claro";"Dupla";"Reta";"Sim";1;0;1;0;0;0;1;1;-8,053232;-35,00248;"SR-PE";"UOP01";"DEL01"