"id";"data_inversa";"dia_semana";"horario";"uf";"br";"km";"municipio";"causa_acidente";"tipo_acidente";"classificacao_acidente";"fase_dia";"sentido_via";"condicao_metereologica";"tipo_pista";"tracado_via";"uso_solo";"pessoas";"mortos";"feridos_leves";"feridos_graves";"ilesos";"ignorados";"feridos";"veiculos";"latitude";"longitude";"regional";"delegacia";"uop"
274045;2020-03-08;"domingo";"12:00:00";"PR";467;96,3;"CASCAVEL";"Defeito Mecânico no Veículo";"Colisão transversal";"Com Vítimas Feridas";"Pleno dia";"Crescente";"Céu Claro";"Dupla";"Reta";"Não";4;0;1;0;3;0;1;1;-24,8743;-53,5637;"SR-PR";"UOP01";"DEL04"
274046;2020-03-08;"domingo";"08:00:00";"RO";364;602,1;"ITAPUA DO OESTE";"Falta de Atenção à Condução";"Saída de leito carroçável";"Sem Vítimas";"Pleno dia";"Crescente";"Nublado";"Dupla";"Reta";"Não";1;0;0;0;1;0;0;1;-9,205098;-63,17617;"SR-RO";"UOP03";"DEL03"
274047;2020-03-08;"domingo";"13:30:00";"SC";101;188;"BIGUACU";"Falta de Atenção à Condução";"Colisão traseira";"Com Vítimas Feridas";"Pleno dia";"Crescente";"Céu Claro";"Dupla";"Reta";"Sim";4;0;1;0;3;0;1;3;-27,45123;-48,63371;"SR-SC";"UOP01";"DEL01"
274048;2020-03-08;"domingo";"13:00:00";"SP";381;86;"SAO PAULO";"Pista Escorregadia";"Queda de ocupante de veículo";"Com Vítimas Feridas";"Pleno dia";"Crescente";"Chuva";"Múltipla";"Curva";"Sim";1;0;0;1;0;0;1;1;-23,46878;-46,56992;"SR-SP";"UOP01";"DEL03"
274049;2020-03-08;"domingo";"13:20:00";"GO";40;12,5;"LUZIANIA";"Ingestão de Álcool";"Atropelamento de Pedestre";"Com Vítimas Feridas";"Pleno dia";"Crescente";"Céu Claro";"Dupla";"Reta";"Sim";2;0;0;1;0;1;1;1;-16,14877;-47,94201;"SR-DF";"UOP01";"DEL01"
274050;2020-02-29;"sábado";"13:30:00";"MG";381;359;"JOAO MONLEVADE";"Falta de Atenção à Condução";"Colisão traseira";"Com Vítimas Feridas";"Pleno dia";"Crescente";"Nublado";"Simples";"Reta";"Sim";3;0;2;0;1;0;2;2;-19,83824;-43,18483;"SR-MG";"UOP01";"DEL03"
274051;2020-03-08;"domingo";"14:00:00";"PE";101;51;"ABREU E LIMA";"Falta de Atenção do Pedestre";"Atropelamento de Pedestre";"Com Vítimas Feridas";"Pleno dia";"Crescente";"Nublado";"Dupla";"Reta";"Sim";2;0;1;0;1;0;1;1;-7,916997;-34,89689;"SR-PE";"UOP02";"DEL01"
274052;2020-03-08;"domingo";"13:20:00";"SC";153;59,6;"IRANI";"Desobediência às normas de trânsito pelo condutor";"Colisão transversal";"Com Vítimas Feridas";"Pleno dia";"Crescente";"Céu Claro";"Simples";"Rotatória";"Não";2;0;1;0;1;0;1;2;-26,96951;-51,85444;"SR-SC";"UOP05";"DEL07"
274053;2020-03-08;"domingo";"14:10:00";"PE";428;188;"PETROLINA";"Falta de Atenção à Condução";"Colisão lateral";"Com Vítimas Feridas";"Pleno dia";"Crescente";"Céu Claro";"Dupla";"Reta";"Sim";2;0;0;1;1;0;1;2;-9,364006;-40,48267;"SR-PE";"UOP01";"DEL06"
274055;2020-03-08;"domingo";"08:00:00";"RS";285;199;"LAGOA VERMELHA";"Ingestão de Álcool";"Saída de leito carroçável";"Sem Vítimas";"Pleno dia";"Crescente";"Céu Claro";"Simples";"Rotatória";"Sim";1;0;0;0;1;0;0;1;-28,2053;-51,51999;"SR-RS";"UOP05";"DEL08"
274056;2020-03-08;"domingo";"13:30:00";"MT";163;788,1;"SORRISO";"Falta de Atenção à Condução";"Saída de leito carroçável";"Com Vítimas Feridas";"Pleno dia";"Crescente";"Céu Claro";"Simples";"Reta";"Não";2;0;2;0;0;0;2;1;-12,38512;-55,6144;"SR-MT";"UOP01";"DEL06"
274057;2020-03-08;"domingo";"13:20:00";"RJ";116;143;"DUQUE DE CAXIAS";"Falta de Atenção à Condução";"Colisão traseira";"Com Vítimas Feridas";"Pleno dia";"Crescente";"Céu Claro";"Simples";"Reta";"Sim";2;0;1;0;1;0;1;2;-22,65237;-43,23918;"SR-RJ";"UOP02";"DEL04"
274058;2020-03-08;"domingo";"14:20:00";"BA";242;872;"BARREIRAS";"Ultrapassagem Indevida";"Colisão traseira";"Com Vítimas Feridas";"Pleno dia";"Decrescente";"Nublado";"Simples";"Reta";"Não";4;0;1;0;0;3;1;2;-12,07774;-45,69288;"SR-BA";"UOP01";"DEL10"
274060;2020-03-08;"domingo";"14:40:00";"GO";50;106,4;"IPAMERI";"Falta de Atenção do Pedestre";"Atropelamento de Pedestre";"Com Vítimas Feridas";"Pleno dia";"Crescente";"Chuva";"Simples";"Reta";"Sim";2;0;0;1;1;0;1;1;-16,9309;-47,7117;"SR-DF";"UOP04";"DEL01"
274062;2020-03-08;"domingo";"14:15:00";"BA";116;26,7;"VITORIA DA CONQUISTA";"Falta de Atenção à Condução";"Colisão transversal";"Com Vítimas Feridas";"Pleno dia";"Crescente";"Nublado";"Simples";"Reta";"Sim";2;0;1;0;1;0;1;2;-14,851;-40,8485;"SR-BA";"UOP01";"DEL08"
274063;2020-03-08;"domingo";"14:15:00";"RO";364;23,6;"VILHENA";"Desobediência às normas de trânsito pelo condutor";"Colisão traseira";"Com Vítimas Feridas";"Pleno dia";"Decrescente";"Chuva";"Simples";"Não Informado";"Não";2;0;1;0;1;0;1;2;-12,72508;-60,22636;"SR-RO";"UOP01";"DEL04"
274064;2020-03-08;"domingo";"15:35:00";"PE";407;126;"PETROLINA";"Desobediência às normas de trânsito pelo condutor";"Colisão lateral";"Com Vítimas Feridas";"Pleno dia";"Crescente";"Céu Claro";"Simples";"Rotatória";"Sim";2;0;1;0;1;0;1;2;-9,384913;-40,5281;"SR-PE";"UOP01";"DEL06"
274065;2020-03-08;"domingo";"12:10:00";"SC";101;107,4;"PENHA";"Falta de Atenção à Condução";"Tombamento";"Com Vítimas Feridas";"Pleno dia";"Crescente";"Céu Claro";"Dupla";"Reta";"Não";1;0;1;0;0;0;1;1;-26,81931;-48,6839;"SR-SC";"UOP02";"DEL03"
274066;2020-03-08;"domingo";"12:00:00";"SC";101;38;"JOINVILLE";"Desobediência às normas de trânsito pelo condutor";"Colisão transversal";"Com Vítimas Feridas";"Pleno dia";"Crescente";"Sol";"Simples";"Rotatória";"Sim";2;0;1;0;1;0;1;2;-26,25473;-48,90561;"SR-SC";"UOP01";"DEL03"
274067;2020-03-08;"domingo";"12:00:00";"SC";101;32;"JOINVILLE";"Desobediência às normas de trânsito pelo condutor";"Colisão com objeto estático";"Com Vítimas Feridas";"Pleno dia";"Decrescente";"Céu Claro";"Dupla";"Reta";"Não";1;0;0;1;0;0;1;1;-26,22699;-48,91657;"SR-SC";"UOP01";"DEL03"
274068;2020-03-08;"domingo";"14:45:00";"PR";277;602,1;"CASCAVEL";"Ingestão de Álcool";"Colisão traseira";"Com Vítimas Feridas";"Pleno dia";"Decrescente";"Céu Claro";"Dupla";"Reta";"Não";2;0;1;0;1;0;1;2;-25,06873;-53,49093;"SR-PR";"UOP05";"DEL04"
274069;2020-03-08;"domingo";"14:20:00";"MT";364;94,3;"ALTO GARCAS";"Não guardar distância de segurança";"Colisão traseira";"Com Vítimas Feridas";"Pleno dia";"Decrescente";"Sol";"Simples";"Reta";"Não";6;0;3;0;3;0;3;3;-16,85953;-53,74883;"SR-MT";"UOP04";"DEL02"
274070;2020-03-08;"domingo";"16:00:00";"AL";316;242,7;"ATALAIA";"Não guardar distância de segurança";"Colisão traseira";"Com Vítimas Feridas";"Pleno dia";"Crescente";"Céu Claro";"Simples";"Não Informado";"Não";2;0;1;0;0;1;1;1;-9,507274;-36,02114;"SR-AL";"UOP01";"DEL01"
274071;2020-03-08;"domingo";"16:10:00";"SC";470;8,7;"NAVEGANTES";"Ingestão de Álcool";"Colisão transversal";"Com Vítimas Feridas";"Pleno dia";"Crescente";"Céu Claro";"Simples";"Reta";"Não";3;0;2;0;1;0;2;2;-26,83688;-48,71885;"SR-SC";"UOP04";"DEL04"
274072;2020-03-08;"domingo";"16:20:00";"ES";262;17,2;"VIANA";"Falta de Atenção à Condução";"Colisão frontal";"Com Vítimas Feridas";"Pleno dia";"Crescente";"Nublado";"Simples";"Reta";"Não";4;0;2;0;2;0;2;2;-20,38636;-40,47273;"SR-ES";"UOP01";"DEL01"
274073;2020-03-08;"domingo";"16:10:00";"RS";101;85,3;"OSORIO";"Ultrapassagem Indevida";"Saída de leito carroçável";"Com Vítimas Feridas";"Pleno dia";"Crescente";"Céu Claro";"Dupla";"Reta";"Sim";3;0;2;1;0;0;3;1;-29,86833;-50,25172;"SR-RS";"UOP01";"DEL03"
274074;2020-03-08;"domingo";"16:30:00";"ES";101;316,9;"GUARAPARI";"Falta de Atenção à Condução";"Queda de ocupante de veículo";"Com Vítimas Feridas";"Pleno dia";"Decrescente";"Nublado";"Simples";"Reta";"Não";1;0;1;0;0;0;1;1;-20,47804;-40,47131;"SR-ES";"UOP01";"DEL03"
274075;2020-03-08;"domingo";"16:00:00";"PB";104;112,5;"LAGOA SECA";"Desobediência às normas de trânsito pelo condutor";"Colisão transversal";"Com Vítimas Feridas";"Pleno dia";"Decrescente";"Sol";"Simples";"Interseção de vias";"Sim";8;0;2;0;6;0;2;2;-7,145029;-35,85693;"SR-PB";"UOP04";"DEL02"
274076;2020-03-08;"domingo";"16:40:00";"PR";376;4;"SAO JOSE DOS PINHAIS";"Falta de Atenção à Condução";"Colisão traseira";"Sem Vítimas";"Pleno dia";"Crescente";"Sol";"Dupla";"Curva";"Sim";2;0;0;0;2;0;0;2;-25,5307;-49,1958;"SR-PR";"UOP01";"DEL01"
274077;2020-03-08;"domingo";"16:00:00";"SP";116;279;"EMBU DAS ARTES";"Ultrapassagem Indevida";"Colisão lateral";"Sem Vítimas";"Pleno dia";"Crescente";"Chuva";"Dupla";"Desvio Temporário";"Sim";3;0;0;0;2;1;0;2;-23,66234;-46,85293;"SR-SP";"UOP01";"DEL04"
274078;2020-03-08;"domingo";"16:15:00";"MG";40;563;"NOVA LIMA";"Falta de Atenção à Condução";"Colisão lateral";"Com Vítimas Feridas";"Pleno dia";"Decrescente";"Nublado";"Dupla";"Reta";"Não";4;0;1;1;1;1;2;2;-20,15242;-43,96263;"SR-MG";"UOP02";"DEL01"
274079;2020-03-08;"domingo";"17:15:00";"RS";290;30;"SANTO ANTONIO DA PATRULHA";"Falta de Atenção à Condução";"Colisão traseira";"Com Vítimas Feridas";"Pleno dia";"Decrescente";"Céu Claro";"Múltipla";"Reta";"Não";43;0;4;0;39;0;4;5;-29,88358;-50,55543;"SR-RS";"UOP01";"DEL03"
274080;2020-03-08;"domingo";"16:40:00";"PR";277;7;"PARANAGUA";"Ingestão de Álcool";"Saída de leito carroçável";"Com Vítimas Feridas";"Pleno dia";"Decrescente";"Céu Claro";"Dupla";"Reta";"Não";9;0;4;0;5;0;4;3;-25,5682;-48,61529;"SR-PR";"UOP07";"DEL01"
274081;2020-03-08;"domingo";"16:20:00";"SP";153;167,1;"PROMISSAO";"Não guardar distância de segurança";"Colisão traseira";"Com Vítimas Feridas";"Pleno dia";"Decrescente";"Céu Claro";"Simples";"Não Informado";"Não";2;0;1;0;1;0;1;2;-21,57027;-49,78358;"SR-SP";"UOP01";"DEL07"
274084;2020-03-08;"domingo";"15:30:00";"PE";232;252;"ARCOVERDE";"Ultrapassagem Indevida";"Colisão frontal";"Com Vítimas Feridas";"Pleno dia";"Decrescente";"Céu Claro";"Simples";"Curva";"Sim";2;0;0;1;1;0;1;2;-8,43086;-37,06536;"SR-PE";"UOP02";"DEL03"
274085;2020-03-08;"domingo";"17:00:00";"MG";381;851,4;"POUSO ALEGRE";"Condutor Dormindo";"Colisão com objeto estático";"Com Vítimas Fatais";"Pleno dia";"Crescente";"Céu Claro";"Dupla";"Reta";"Não";2;1;0;0;1;0;0;2;-22,24828;-45,88592;"SR-MG";"UOP01";"DEL16"
274086;2020-03-08;"domingo";"17:10:00";"PE";408;86,5;"PAUDALHO";"Velocidade Incompatível";"Saída de leito carroçável";"Com Vítimas Feridas";"Anoitecer";"Crescente";"Céu Claro";"Dupla";"Interseção de vias";"Não";2;0;2;0;0;0;2;1;-7,96011;-35,09555;"SR-PE";"UOP01";"DEL01"
274087;2020-03-08;"domingo";"12:00:00";"RJ";40;119;"RIO DE JANEIRO";"Falta de Atenção à Condução";"Colisão lateral";"Com Vítimas Feridas";"Pleno dia";"Crescente";"Céu Claro";"Múltipla";"Reta";"Sim";2;0;1;0;1;0;1;2;-22,76376;-43,28683;"SR-RJ";"UOP01";"DEL01"
274088;2020-03-08;"domingo";"17:30:00";"SC";101;296,9;"IMBITUBA";"Restrição de Visibilidade";"Colisão transversal";"Com Vítimas Feridas";"Pleno dia";"Decrescente";"Céu Claro";"Simples";"Viaduto";"Sim";3;0;1;1;1;0;2;2;-28,30564;-48,72104;"SR-SC";"UOP03";"DEL02"
274089;2020-03-08;"domingo";"17:30:00";"DF";70;10;"BRASILIA";"Desobediência às normas de trânsito pelo condutor";"Colisão traseira";"Com Vítimas Feridas";"Anoitecer";"Decrescente";"Céu Claro";"Dupla";"Reta";"Sim";3;0;2;0;0;1;2;1;-15,78707;-48,14071;"SR-DF";"UOP03";"DEL01"
274090;2020-03-08;"domingo";"17:30:00";"PR";369;177;"ROLANDIA";"Desobediência às normas de trânsito pelo condutor";"Colisão lateral";"Com Vítimas Feridas";"Pleno dia";"Decrescente";"Sol";"Simples";"Não Informado";"Sim";2;0;0;1;1;0;1;2;-23,33692;-51,38833;"SR-PR";"UOP01";"DEL07"
274091;2020-03-08;"domingo";"12:00:00";"MT";174;501;"COMODORO";"Falta de Atenção à Condução";"Colisão transversal";"Com Vítimas Feridas";"Pleno dia";"Crescente";"Céu Claro";"Simples";"Reta";"Não";2;0;0;1;1;0;1;2;-13,52999;-59,83118;"SR-MT";"UOP01";"DEL04"
274093;2020-03-08;"domingo";"16:00:00";"RS";153;18,2;"SEVERIANO DE ALMEIDA";"Falta de Atenção à Condução";"Colisão lateral";"Com Vítimas Feridas";"Pleno dia";"Decrescente";"Céu Claro";"Simples";"Reta";"Não";2;0;1;0;1;0;1;2;-27,45756;-52,08853;"SR-RS";"UOP04";"DEL08"
274094;2020-03-08;"domingo";"18:00:00";"ES";262;167,5;"IBATIBA";"Velocidade Incompatível";"Colisão frontal";"Com Vítimas Feridas";"Anoitecer";"Crescente";"Garoa/Chuvisco";"Simples";"Curva";"Não";2;0;0;1;1;0;1;2;-20,2531;-41,56634;"SR-ES";"UOP02";"DEL01"
274096;2020-03-08;"domingo";"18:20:00";"PR";369;175,5;"ROLANDIA";"Falta de Atenção à Condução";"Colisão transversal";"Com Vítimas Feridas";"Anoitecer";"Crescente";"Céu Claro";"Simples";"Interseção de vias";"Sim";3;0;1;0;1;1;1;2;-23,32936;-51,34769;"SR-PR";"UOP01";"DEL07"
274097;2020-03-08;"domingo";"13:20:00";"SC";470;103,1;"APIUNA";"Falta de Atenção à Condução";"Tombamento";"Com Vítimas Feridas";"Pleno dia";"Crescente";"Céu Claro";"Simples";"Reta";"Não";3;0;2;0;1;0;2;2;-27,0648;-49,40142;"SR-SC";"UOP02";"DEL04"
274098;2020-03-08;"domingo";"18:40:00";"SE";235;68,7;"FREI PAULO";"Ultrapassagem Indevida";"Colisão frontal";"Com Vítimas Fatais";"Plena Noite";"Decrescente";"Céu Claro";"Simples";"Não Informado";"Não";8;1;1;6;0;0;7;2;-10,5742;-37,50341;"SR-SE";"UOP02";"DEL01"
274099;2020-03-08;"domingo";"18:15:00";"MG";381;500;"BETIM";"Desobediência às normas de trânsito pelo condutor";"Colisão lateral";"Sem Vítimas";"Anoitecer";"Crescente";"Céu Claro";"Dupla";"Reta";"Sim";2;0;0;0;2;0;0;2;-20,02513;-44,23113;"SR-MG";"UOP03";"DEL01"
274100;2020-03-08;"domingo";"15:45:00";"SC";470;174,9;"POUSO REDONDO";"Falta de Atenção à Condução";"Colisão transversal";"Com Vítimas Feridas";"Pleno dia";"Decrescente";"Céu Claro";"Simples";"Não Informado";"Sim";4;0;3;0;1;0;3;2;-27,25818;-49,92915;"SR-SC";"UOP02";"DEL04"
274103;2020-03-08;"domingo";"18:30:00";"PE";110;137,1;"IBIMIRIM";"Ingestão de Álcool";"Colisão frontal";"Com Vítimas Fatais";"Plena Noite";"Decrescente";"Céu Claro";"Simples";"Reta";"Não";2;1;1;0;0;0;1;2;-8,50895;-37,6065;"SR-PE";"UOP02";"DEL03"
274105;2020-03-08;"domingo";"18:50:00";"RS";116;303;"GUAIBA";"Não guardar distância de segurança";"Colisão traseira";"Sem Vítimas";"Anoitecer";"Decrescente";"Céu Claro";"Simples";"Reta";"Não";2;0;0;0;2;0;0;2;-30,14752;-51,36495;"SR-RS";"UOP01";"DEL02"
274106;2020-03-08;"domingo";"19:05:00";"SC";470;50,5;"BLUMENAU";"Desobediência às normas de trânsito pelo condutor";"Colisão transversal";"Com Vítimas Feridas";"Plena Noite";"Decrescente";"Nublado";"Simples";"Reta";"Sim";2;0;0;1;1;0;1;2;-26,85977;-49,07449;"SR-SC";"UOP01";"DEL04"
274107;2020-03-08;"domingo";"15:20:00";"GO";364;68;"CACHOEIRA ALTA";"Carga excessiva e/ou mal acondicionada";"Tombamento";"Sem Vítimas";"Pleno dia";"Decrescente";"Céu Claro";"Simples";"Reta";"Não";1;0;0;0;1;0;0;1;-18,67082;-50,98822;"SR-GO";"UOP02";"DEL05"
274108;2020-03-08;"domingo";"19:00:00";"RS";392;313,3;"SAO SEPE";"Falta de Atenção à Condução";"Colisão lateral";"Com Vítimas Feridas";"Anoitecer";"Crescente";"Céu Claro";"Simples";"Curva";"Não";4;0;3;0;1;0;3;2;-30,04662;-53,67564;"SR-RS";"UOP01";"DEL09"
274109;2020-03-08;"domingo";"18:20:00";"RJ";101;295;"ITABORAI";"Falta de Atenção à Condução";"Colisão lateral";"Com Vítimas Feridas";"Plena Noite";"Crescente";"Céu Claro";"Dupla";"Reta";"Sim";2;0;1;0;0;1;1;2;-22,76365;-42,90224;"SR-RJ";"UOP03";"DEL02"
274110;2020-03-08;"domingo";"17:25:00";"SC";101;336;"TUBARAO";"Objeto estático sobre o leito carroçável";"Colisão traseira";"Com Vítimas Feridas";"Pleno dia";"Decrescente";"Céu Claro";"Múltipla";"Reta";"Sim";8;0;2;0;6;0;2;2;-28,49634;-49,04413;"SR-SC";"UOP01";"DEL02"
274111;2020-03-08;"domingo";"19:00:00";"PR";376;649;"TIJUCAS DO SUL";"Falta de Atenção à Condução";"Colisão traseira";"Com Vítimas Feridas";"Pleno dia";"Decrescente";"Céu Claro";"Dupla";"Reta";"Não";3;0;1;0;2;0;1;2;-25,84592;-49,09776;"SR-PR";"UOP05";"DEL01"
274112;2020-03-08;"domingo";"17:00:00";"MT";364;375;"SANTO ANTONIO DO LEVERGER";"Ingestão de Álcool";"Saída de leito carroçável";"Sem Vítimas";"Pleno dia";"Crescente";"Céu Claro";"Dupla";"Reta";"Não";1;0;0;0;1;0;0;1;-15,70457;-55,71901;"SR-MT";"UOP02";"DEL01"
274113;2020-03-08;"domingo";"19:15:00";"PR";476;122,9;"CURITIBA";"Falta de Atenção à Condução";"Colisão traseira";"Sem Vítimas";"Plena Noite";"Decrescente";"Nublado";"Dupla";"Reta";"Sim";4;0;0;0;4;0;0;2;-25,38577;-49,20338;"SR-PR";"UOP06";"DEL01"
274114;2020-03-08;"domingo";"18:10:00";"RO";364;235,1;"CACOAL";"Ingestão de Álcool";"Saída de leito carroçável";"Sem Vítimas";"Anoitecer";"Decrescente";"Nublado";"Simples";"Reta";"Sim";1;0;0;0;1;0;0;1;-11,44969;-61,43134;"SR-RO";"UOP02";"DEL02"
274115;2020-03-08;"domingo";"19:00:00";"MG";262;189,2;"SAO DOMINGOS DO PRATA";"Ultrapassagem Indevida";"Colisão frontal";"Com Vítimas Fatais";"Plena Noite";"Crescente";"Céu Claro";"Simples";"Curva";"Não";11;1;3;0;5;2;3;4;-19,88387;-43,05931;"SR-MG";"UOP01";"DEL03"
274116;2020-03-08;"domingo";"13:00:00";"MT";174;19;"PONTES E LACERDA";"Falta de Atenção à Condução";"Saída de leito carroçável";"Sem Vítimas";"Pleno dia";"Crescente";"Céu Claro";"Simples";"Reta";"Não";1;0;0;0;0;1;0;1;-15;-59;"SR-MT";"UOP01";"DEL04"
274117;2020-03-08;"domingo";"16:10:00";"MA";135;99,5;"ITAPECURU MIRIM";"Agressão Externa";"Saída de leito carroçável";"Com Vítimas Feridas";"Pleno dia";"Decrescente";"Nublado";"Simples";"Reta";"Não";3;0;2;1;0;0;3;1;-3,355166;-44,46633;"SR-MA";"UOP02";"DEL01"
274119;2020-03-08;"domingo";"19:10:00";"TO";153;659,1;"GURUPI";"Defeito na Via";"Saída de leito carroçável";"Com Vítimas Feridas";"Plena Noite";"Crescente";"Chuva";"Simples";"Não Informado";"Não";1;0;1;0;0;0;1;1;-11,61367;-49,0447;"SR-TO";"UOP01";"DEL02"
274120;2020-03-08;"domingo";"18:20:00";"PA";230;114;"MARABA";"Defeito na Via";"Colisão traseira";"Com Vítimas Feridas";"Anoitecer";"Crescente";"Nublado";"Simples";"Não Informado";"Sim";2;0;1;0;1;0;1;2;-5,364667;-49,06623;"SR-PA";"UOP01";"DEL03"
274121;2020-03-08;"domingo";"18:55:00";"PR";116;26;"CAMPINA GRANDE DO SUL";"Defeito Mecânico no Veículo";"Colisão com objeto estático";"Com Vítimas Feridas";"Plena Noite";"Decrescente";"Nublado";"Dupla";"Curva";"Não";1;0;1;0;0;0;1;1;-25,10684;-48,78533;"SR-PR";"UOP02";"DEL01"
274122;2020-03-08;"domingo";"19:00:00";"MG";381;500;"BETIM";"Defeito Mecânico no Veículo";"Colisão traseira";"Com Vítimas Feridas";"Plena Noite";"Crescente";"Céu Claro";"Dupla";"Reta";"Não";7;0;2;0;5;0;2;4;-20,02513;-44,23113;"SR-MG";"UOP03";"DEL01"
274123;2020-03-08;"domingo";"16:45:00";"PR";163;112,3;"CAPANEMA";"Ingestão de Álcool";"Saída de leito carroçável";"Com Vítimas Feridas";"Pleno dia";"Decrescente";"Céu Claro";"Simples";"Reta";"Não";1;0;1;0;0;0;1;1;-25,61714;-53,67828;"SR-PR";"UOP02";"DEL02"
274124;2020-03-08;"domingo";"19:15:00";"PR";376;170;"MARINGA";"Falta de Atenção à Condução";"Colisão lateral";"Com Vítimas Feridas";"Plena Noite";"Decrescente";"Céu Claro";"Dupla";"Não Informado";"Sim";2;0;1;0;0;1;1;2;-23,40903;-51,98846;"SR-PR";"UOP01";"DEL09"
274125;2020-03-08;"domingo";"17:00:00";"RJ";116;182;"NOVA IGUACU";"Não guardar distância de segurança";"Colisão traseira";"Com Vítimas Feridas";"Pleno dia";"Decrescente";"Céu Claro";"Dupla";"Reta";"Sim";2;0;1;0;1;0;1;2;-22,75678;-43,43107;"SR-RJ";"UOP02";"DEL01"
274126;2020-03-08;"domingo";"19:50:00";"PR";376;189;"MARIALVA";"Falta de Atenção à Condução";"Colisão transversal";"Com Vítimas Feridas";"Plena Noite";"Crescente";"Céu Claro";"Dupla";"Retorno Regulamentado";"Sim";3;0;0;2;1;0;2;2;-23,46733;-51,82668;"SR-PR";"UOP01";"DEL09"
274127;2020-03-08;"domingo";"18:50:00";"RO";364;242,4;"CACOAL";"Deficiência ou não Acionamento do Sistema de Iluminação/Sinalização do Veículo";"Colisão traseira";"Com Vítimas Feridas";"Plena Noite";"Decrescente";"Nublado";"Simples";"Não Informado";"Sim";4;0;1;1;0;2;2;2;-11,44097;-61,4916;"SR-RO";"UOP02";"DEL02"
274128;2020-03-08;"domingo";"19:40:00";"SE";235;37;"AREIA BRANCA";"Desobediência às normas de trânsito pelo condutor";"Colisão frontal";"Com Vítimas Feridas";"Plena Noite";"Crescente";"Céu Claro";"Simples";"Curva";"Não";2;0;1;0;1;0;1;2;-10,76965;-37,33732;"SR-SE";"UOP02";"DEL01"
274129;2020-03-08;"domingo";"19:10:00";"CE";20;253;"MADALENA";"Falta de Atenção à Condução";"Colisão transversal";"Com Vítimas Fatais";"Plena Noite";"Crescente";"Céu Claro";"Simples";"Reta";"Não";2;1;0;0;0;1;0;2;-4,765107;-39,48922;"SR-CE";"UOP02";"DEL02"
274130;2020-03-08;"domingo";"19:00:00";"MA";230;1;"BARAO DE GRAJAU";"Ingestão de Álcool";"Colisão transversal";"Com Vítimas Feridas";"Plena Noite";"Crescente";"Céu Claro";"Simples";"Reta";"Não";3;0;2;0;0;1;2;2;-6,757352;-43,01285;"SR-PI";"UOP01";"DEL03"
274131;2020-03-08;"domingo";"19:50:00";"GO";153;250;"SAO LUIZ DO NORTE";"Falta de Atenção à Condução";"Saída de leito carroçável";"Com Vítimas Fatais";"Plena Noite";"Crescente";"Céu Claro";"Simples";"Reta";"Sim";3;1;2;0;0;0;2;1;-14,91664;-49,35759;"SR-GO";"UOP01";"DEL07"
274132;2020-03-08;"domingo";"20:27:00";"SC";101;194;"BIGUACU";"Falta de Atenção do Pedestre";"Atropelamento de Pedestre";"Com Vítimas Feridas";"Plena Noite";"Crescente";"Céu Claro";"Dupla";"Reta";"Sim";2;0;1;0;1;0;1;1;-27,49815;-48,65661;"SR-SC";"UOP01";"DEL01"
274133;2020-03-08;"domingo";"19:55:00";"BA";410;7;"RIBEIRA DO POMBAL";"Deficiência ou não Acionamento do Sistema de Iluminação/Sinalização do Veículo";"Saída de leito carroçável";"Com Vítimas Feridas";"Plena Noite";"Decrescente";"Céu Claro";"Simples";"Reta";"Não";3;0;2;0;0;1;2;2;-10,84373;-38,57592;"SR-BA";"UOP02";"DEL07"
274134;2020-03-08;"domingo";"19:30:00";"SP";116;285,1;"ITAPECERICA DA SERRA";"Não guardar distância de segurança";"Colisão traseira";"Com Vítimas Feridas";"Plena Noite";"Decrescente";"Céu Claro";"Dupla";"Não Informado";"Sim";3;0;2;0;1;0;2;2;-23,70517;-46,87241;"SR-SP";"UOP01";"DEL04"
274135;2020-03-08;"domingo";"20:05:00";"RJ";101;70;"CAMPOS DOS GOYTACAZES";"Falta de Atenção à Condução";"Atropelamento de Pedestre";"Com Vítimas Feridas";"Plena Noite";"Crescente";"Céu Claro";"Simples";"Reta";"Não";2;0;0;1;0;1;1;1;-21,78101;-41,37336;"SR-RJ";"UOP02";"DEL08"
274136;2020-03-08;"domingo";"19:30:00";"MG";365;680;"MONTE ALEGRE DE MINAS";"Animais na Pista";"Saída de leito carroçável";"Com Vítimas Feridas";"Plena Noite";"Crescente";"Céu Claro";"Dupla";"Curva";"Não";1;0;1;0;0;0;1;1;-18,84915;-48,81914;"SR-MG";"UOP01";"DEL15"
274137;2020-03-08;"domingo";"20:20:00";"PR";277;647,5;"CEU AZUL";"Ultrapassagem Indevida";"Colisão frontal";"Com Vítimas Fatais";"Plena Noite";"Crescente";"Céu Claro";"Simples";"Reta";"Não";4;1;0;0;1;2;0;2;-25,1749;-53,91381;"SR-PR";"UOP05";"DEL04"
274138;2020-03-08;"domingo";"18:15:00";"AL";316;86,1;"SANTANA DO IPANEMA";"Velocidade Incompatível";"Colisão traseira";"Com Vítimas Feridas";"Plena Noite";"Decrescente";"Céu Claro";"Simples";"Desvio Temporário";"Não";6;0;2;1;3;0;3;2;-9,373238;-37,23533;"SR-AL";"UOP02";"DEL03"