"id";"data_inversa";"dia_semana";"horario";"uf";"br";"km";"municipio";"causa_acidente";"tipo_acidente";"classificacao_acidente";"fase_dia";"sentido_via";"condicao_metereologica";"tipo_pista";"tracado_via";"uso_solo";"pessoas";"mortos";"feridos_leves";"feridos_graves";"ilesos";"ignorados";"feridos";"veiculos";"latitude";"longitude";"regional";"delegacia";"uop"
274139;2020-03-08;"domingo";"18:40:00";"MG";381;0,4;"BETIM";"Velocidade Incompatível";"Colisão traseira";"Com Vítimas Feridas";"Plena Noite";"Decrescente";"Céu Claro";"Dupla";"Não Informado";"Não";2;0;1;0;1;0;1;2;-19,96825;-44,19871;"SR-MG";"UOP03";"DEL01"
274140;2020-03-08;"domingo";"19:20:00";"MG";40;624,5;"CONSELHEIRO LAFAIETE";"Falta de Atenção à Condução";"Saída de leito carroçável";"Com Vítimas Feridas";"Plena Noite";"Decrescente";"Nublado";"Simples";"Reta";"Não";2;0;1;0;1;0;1;1;-20,61106;-43,80635;"SR-MG";"UOP02";"DEL05"
274141;2020-03-08;"domingo";"20:30:00";"RN";101;82,9;"NATAL";"Desobediência às normas de trânsito pelo condutor";"Colisão lateral";"Com Vítimas Feridas";"Plena Noite";"Decrescente";"Céu Claro";"Dupla";"Reta";"Sim";3;0;1;0;2;0;1;3;-5,767915;-35,27456;"SR-RN";"UOP01";"DEL02"
274142;2020-03-08;"domingo";"20:30:00";"PB";405;5,3;"UIRAUNA";"Ingestão de Álcool";"Colisão com objeto estático";"Com Vítimas Feridas";"Plena Noite";"Crescente";"Nublado";"Simples";"Interseção de vias";"Não";1;0;0;1;0;0;1;1;-6,494732;-38,39441;"SR-PB";"UOP03";"DEL03"
274143;2020-03-08;"domingo";"17:20:00";"SC";116;22,1;"ITAIOPOLIS";"Desobediência às normas de trânsito pelo condutor";"Colisão frontal";"Com Vítimas Fatais";"Anoitecer";"Decrescente";"Céu Claro";"Simples";"Não Informado";"Não";2;1;0;1;0;0;1;2;-26,25967;-49,91314;"SR-SC";"UOP01";"DEL06"
274144;2020-03-08;"domingo";"17:20:00";"SC";116;8,4;"MAFRA";"Desobediência às normas de trânsito pelo condutor";"Colisão frontal";"Com Vítimas Fatais";"Pleno dia";"Crescente";"Céu Claro";"Simples";"Não Informado";"Sim";4;1;0;1;2;0;1;3;-26,15991;-49,84244;"SR-SC";"UOP01";"DEL06"
274146;2020-03-08;"domingo";"21:00:00";"SC";101;39,3;"JOINVILLE";"Falta de Atenção à Condução";"Colisão transversal";"Com Vítimas Fatais";"Plena Noite";"Crescente";"Céu Claro";"Dupla";"Interseção de vias";"Sim";2;1;1;0;0;0;1;2;-26,30357;-48,88226;"SR-SC";"UOP01";"DEL03"
274147;2020-03-08;"domingo";"20:50:00";"PB";104;87,5;"REMIGIO";"Desobediência às normas de trânsito pelo condutor";"Colisão frontal";"Com Vítimas Feridas";"Plena Noite";"Decrescente";"Céu Claro";"Simples";"Reta";"Sim";2;0;1;0;1;0;1;2;-6,96481;-35,79803;"SR-PB";"UOP04";"DEL02"
274149;2020-03-08;"domingo";"17:00:00";"MG";116;138,8;"PONTO DOS VOLANTES";"Falta de Atenção à Condução";"Capotamento";"Com Vítimas Feridas";"Pleno dia";"Crescente";"Chuva";"Simples";"Interseção de vias";"Sim";2;0;2;0;0;0;2;1;-16,75731;-41,49999;"SR-MG";"UOP02";"DEL11"
274150;2020-03-08;"domingo";"21:00:00";"PR";376;501;"PONTA GROSSA";"Falta de Atenção à Condução";"Colisão lateral";"Com Vítimas Feridas";"Plena Noite";"Decrescente";"Céu Claro";"Dupla";"Não Informado";"Não";10;0;4;0;5;1;4;4;-25,20895;-50,06445;"SR-PR";"UOP02";"DEL03"
274151;2020-03-08;"domingo";"11:30:00";"RJ";101;443;"MANGARATIBA";"Defeito na Via";"Saída de leito carroçável";"Com Vítimas Feridas";"Pleno dia";"Crescente";"Céu Claro";"Simples";"Curva";"Não";2;0;1;1;0;0;2;1;-22,98108;-44,08442;"SR-RJ";"UOP01";"DEL03"
274152;2020-03-08;"domingo";"21:15:00";"GO";452;151,3;"ITUMBIARA";"Desobediência às normas de trânsito pelo condutor";"Colisão frontal";"Com Vítimas Fatais";"Plena Noite";"Crescente";"Céu Claro";"Simples";"Curva";"Não";2;1;0;0;1;0;0;2;-18,30181;-49,57932;"SR-GO";"UOP02";"DEL03"
274153;2020-03-08;"domingo";"20:05:00";"BA";101;188;"CONCEICAO DA FEIRA";"Velocidade Incompatível";"Capotamento";"Com Vítimas Feridas";"Plena Noite";"Decrescente";"Céu Claro";"Simples";"Não Informado";"Não";3;0;0;1;2;0;1;2;-12,57665;-38,98154;"SR-BA";"UOP03";"DEL01"
274154;2020-03-08;"domingo";"17:00:00";"SC";282;537,6;"CHAPECO";"Velocidade Incompatível";"Colisão com objeto estático";"Com Vítimas Feridas";"Pleno dia";"Decrescente";"Sol";"Simples";"Curva";"Não";4;0;3;1;0;0;4;1;-26,99993;-52,66389;"SR-SC";"UOP01";"DEL07"
274155;2020-02-22;"sábado";"02:50:00";"MG";365;665;"MONTE ALEGRE DE MINAS";"Condutor Dormindo";"Capotamento";"Com Vítimas Feridas";"Plena Noite";"Crescente";"Garoa/Chuvisco";"Dupla";"Reta";"Não";1;0;1;0;0;0;1;1;-18,89197;-48,68891;"SR-MG";"UOP01";"DEL15"
274156;2020-03-08;"domingo";"17:10:00";"BA";101;603,1;"MASCOTE";"Mal Súbito";"Saída de leito carroçável";"Com Vítimas Fatais";"Pleno dia";"Crescente";"Garoa/Chuvisco";"Simples";"Reta";"Não";2;1;0;1;0;0;1;1;-15,68195;-39,43757;"SR-BA";"UOP02";"DEL05"
274157;2020-03-08;"domingo";"20:40:00";"PR";376;450;"TIBAGI";"Velocidade Incompatível";"Colisão com objeto estático";"Sem Vítimas";"Plena Noite";"Crescente";"Nublado";"Dupla";"Curva";"Não";1;0;0;0;1;0;0;1;-24,93456;-50,40438;"SR-PR";"UOP04";"DEL03"
274158;2020-03-08;"domingo";"21:30:00";"SC";101;213,4;"PALHOCA";"Objeto estático sobre o leito carroçável";"Colisão com objeto estático";"Com Vítimas Feridas";"Plena Noite";"Crescente";"Céu Claro";"Múltipla";"Reta";"Sim";1;0;1;0;0;0;1;1;-27,63697;-48,66514;"SR-SC";"UOP02";"DEL01"
274159;2020-03-08;"domingo";"21:30:00";"MG";153;244;"FRONTEIRA";"Falta de Atenção à Condução";"Colisão traseira";"Sem Vítimas";"Plena Noite";"Decrescente";"Céu Claro";"Simples";"Reta";"Não";2;0;0;0;2;0;0;2;-20,27397;-49,18859;"SR-MG";"UOP02";"DEL13"
274161;2020-03-08;"domingo";"19:20:00";"RS";392;19,1;"RIO GRANDE";"Velocidade Incompatível";"Colisão traseira";"Com Vítimas Feridas";"Plena Noite";"Crescente";"Céu Claro";"Dupla";"Reta";"Sim";3;0;1;0;1;1;1;2;-32,08786;-52,18745;"SR-RS";"UOP02";"DEL07"
274162;2020-03-08;"domingo";"21:15:00";"MG";40;509;"RIBEIRAO DAS NEVES";"Falta de Atenção do Pedestre";"Atropelamento de Pedestre";"Com Vítimas Feridas";"Plena Noite";"Decrescente";"Céu Claro";"Dupla";"Reta";"Sim";2;0;1;1;0;0;2;1;-19,76729;-44,12856;"SR-MG";"UOP02";"DEL01"
274163;2020-03-08;"domingo";"18:00:00";"MG";356;286;"PATROCINIO DO MURIAE";"Desobediência às normas de trânsito pelo condutor";"Colisão frontal";"Com Vítimas Feridas";"Anoitecer";"Crescente";"Céu Claro";"Simples";"Não Informado";"Não";3;0;1;1;1;0;2;2;-21,13056;-42,19703;"SR-MG";"UOP02";"DEL07"
274164;2020-03-08;"domingo";"20:30:00";"ES";482;63;"JERONIMO MONTEIRO";"Ultrapassagem Indevida";"Colisão frontal";"Com Vítimas Feridas";"Plena Noite";"Decrescente";"Céu Claro";"Simples";"Reta";"Não";3;0;0;1;0;2;1;2;-20,79081;-41,38811;"SR-ES";"UOP02";"DEL03"
274166;2020-03-08;"domingo";"21:55:00";"MG";365;620;"UBERLANDIA";"Defeito na Via";"Queda de ocupante de veículo";"Com Vítimas Feridas";"Pleno dia";"Crescente";"Céu Claro";"Dupla";"Reta";"Não";1;0;1;0;0;0;1;1;-18,9035;-48,28131;"SR-MG";"UOP01";"DEL15"
274167;2020-03-08;"domingo";"22:00:00";"RJ";101;288;"ITABORAI";"Condutor Dormindo";"Colisão traseira";"Com Vítimas Feridas";"Plena Noite";"Decrescente";"Céu Claro";"Dupla";"Reta";"Não";3;0;1;1;1;0;2;2;-22,75934;-42,84321;"SR-RJ";"UOP03";"DEL02"
274168;2020-03-08;"domingo";"22:00:00";"ES";101;25;"CONCEICAO DA BARRA";"Defeito Mecânico no Veículo";"Saída de leito carroçável";"Com Vítimas Feridas";"Plena Noite";"Decrescente";"Céu Claro";"Simples";"Reta";"Não";4;0;3;0;1;0;3;1;-18,3674;-39,95085;"SR-ES";"UOP02";"DEL04"
274169;2020-03-08;"domingo";"20:00:00";"PR";277;706;"SANTA TEREZINHA DE ITAIPU";"Ingestão de Álcool";"Saída de leito carroçável";"Sem Vítimas";"Plena Noite";"Decrescente";"Céu Claro";"Dupla";"Reta";"Não";1;0;0;0;0;1;0;1;-25,43505;-54,3778;"SR-PR";"UOP01";"DEL05"
274170;2020-03-08;"domingo";"22:30:00";"RN";101;106;"PARNAMIRIM";"Desobediência às normas de trânsito pelo condutor";"Colisão transversal";"Com Vítimas Feridas";"Plena Noite";"Decrescente";"Céu Claro";"Múltipla";"Interseção de vias";"Sim";4;0;2;0;2;0;2;2;-5,910564;-35,26131;"SR-RN";"UOP01";"DEL01"
274171;2020-03-08;"domingo";"09:54:00";"RO";364;391;"OURO PRETO DO OESTE";"Defeito Mecânico no Veículo";"Colisão com objeto estático";"Sem Vítimas";"Pleno dia";"Crescente";"Céu Claro";"Simples";"Desvio Temporário";"Não";1;0;0;0;1;0;0;1;-10,66608;-62,2912;"SR-RO";"UOP02";"DEL03"
274172;2020-03-08;"domingo";"22:30:00";"ES";101;264;"SERRA";"Ingestão de Álcool";"Colisão traseira";"Com Vítimas Feridas";"Plena Noite";"Crescente";"Céu Claro";"Simples";"Reta";"Sim";2;0;1;0;1;0;1;2;-20,17293;-40,26736;"SR-ES";"UOP01";"DEL02"
274173;2020-03-08;"domingo";"21:30:00";"SC";101;213;"PALHOCA";"Defeito Mecânico no Veículo";"Colisão com objeto em movimento";"Com Vítimas Feridas";"Plena Noite";"Crescente";"Céu Claro";"Múltipla";"Reta";"Sim";1;0;1;0;0;0;1;1;-27,63697;-48,66514;"SR-SC";"UOP02";"DEL01"
274174;2020-03-08;"domingo";"19:45:00";"RR";174;473;"BOA VISTA";"Animais na Pista";"Atropelamento de Animal";"Com Vítimas Feridas";"Plena Noite";"Decrescente";"Céu Claro";"Simples";"Reta";"Não";5;0;1;0;4;0;1;1;2,644442;-60,87522;"SR-RR";"UOP01";"DEL01"
274175;2020-03-08;"domingo";"22:16:00";"PR";277;20,3;"MORRETES";"Falta de Atenção à Condução";"Queda de ocupante de veículo";"Com Vítimas Feridas";"Plena Noite";"Decrescente";"Céu Claro";"Dupla";"Reta";"Não";1;0;0;1;0;0;1;1;-25,55345;-48,66191;"SR-PR";"UOP07";"DEL01"
274177;2020-03-08;"domingo";"16:45:00";"AC";364;157,1;"BUJARI";"Defeito na Via";"Colisão lateral";"Com Vítimas Feridas";"Pleno dia";"Decrescente";"Sol";"Simples";"Reta";"Não";3;0;2;0;1;0;2;2;-9,828768;-67,95675;"SR-AC";"UOP01";"DEL01"
274178;2020-03-08;"domingo";"19:30:00";"PR";376;615;"SAO JOSE DOS PINHAIS";"Não guardar distância de segurança";"Colisão traseira";"Com Vítimas Feridas";"Plena Noite";"Decrescente";"Nublado";"Dupla";"Reta";"Sim";3;0;1;0;2;0;1;2;-25,56921;-49,1817;"SR-PR";"UOP04";"DEL01"
274179;2020-03-08;"domingo";"23:00:00";"GO";60;96,5;"ANAPOLIS";"Ingestão de Álcool";"Colisão lateral";"Com Vítimas Feridas";"Plena Noite";"Crescente";"Céu Claro";"Dupla";"Reta";"Sim";3;0;0;1;2;0;1;2;-16,371;-48,9422;"SR-GO";"UOP01";"DEL02"
274180;2020-03-08;"domingo";"23:00:00";"SC";101;195;"BIGUACU";"Desobediência às normas de trânsito pelo condutor";"Queda de ocupante de veículo";"Com Vítimas Feridas";"Plena Noite";"Decrescente";"Céu Claro";"Dupla";"Reta";"Não";1;0;0;1;0;0;1;1;-27,50471;-48,65011;"SR-SC";"UOP01";"DEL01"
274181;2020-03-08;"domingo";"18:50:00";"MG";381;852,3;"POUSO ALEGRE";"Velocidade Incompatível";"Colisão frontal";"Com Vítimas Feridas";"Anoitecer";"Crescente";"Ignorado";"Dupla";"Reta";"Não";4;0;2;0;1;1;2;2;-22,25763;-45,88902;"SR-MG";"UOP01";"DEL16"
274182;2020-03-08;"domingo";"22:30:00";"PR";369;508,5;"CASCAVEL";"Velocidade Incompatível";"Tombamento";"Com Vítimas Feridas";"Plena Noite";"Decrescente";"Céu Claro";"Simples";"Reta";"Não";1;0;0;1;0;0;1;1;-24,844;-53,3169;"SR-PR";"UOP01";"DEL04"
274183;2020-03-08;"domingo";"22:55:00";"SP";116;468,8;"JACUPIRANGA";"Falta de Atenção à Condução";"Tombamento";"Com Vítimas Feridas";"Plena Noite";"Decrescente";"Céu Claro";"Dupla";"Reta";"Não";1;0;1;0;0;0;1;1;-24,65092;-47,94065;"SR-SP";"UOP01";"DEL05"
274184;2020-03-08;"domingo";"20:50:00";"PB";230;458,9;"SOUSA";"Ingestão de Álcool";"Colisão transversal";"Com Vítimas Feridas";"Plena Noite";"Crescente";"Garoa/Chuvisco";"Simples";"Interseção de vias";"Não";4;0;2;2;0;0;4;2;-6,7774;-38,1808;"SR-PB";"UOP03";"DEL03"
274185;2020-03-08;"domingo";"19:50:00";"MT";70;730;"CACERES";"Falta de Atenção à Condução";"Colisão transversal";"Com Vítimas Feridas";"Plena Noite";"Decrescente";"Céu Claro";"Simples";"Reta";"Sim";2;0;1;0;1;0;1;2;-16,15478;-57,61816;"SR-MT";"UOP01";"DEL03"
274186;2020-03-08;"domingo";"22:00:00";"PR";153;12,2;"JACAREZINHO";"Defeito na Via";"Queda de ocupante de veículo";"Com Vítimas Feridas";"Plena Noite";"Decrescente";"Céu Claro";"Simples";"Desvio Temporário";"Não";1;0;1;0;0;0;1;1;-23,09307;-49,93832;"SR-PR";"UOP05";"DEL07"
274187;2020-03-08;"domingo";"14:45:00";"RO";435;91,8;"COLORADO DO OESTE";"Falta de Atenção à Condução";"Colisão traseira";"Com Vítimas Feridas";"Pleno dia";"Crescente";"Céu Claro";"Simples";"Reta";"Não";1;0;0;1;0;0;1;1;-13,17563;-60,54488;"SR-RO";"UOP02";"DEL04"
274188;2020-03-08;"domingo";"22:40:00";"SP";116;4;"GUARULHOS";"Defeito Mecânico no Veículo";"Incêndio";"Sem Vítimas";"Plena Noite";"Crescente";"Nublado";"Dupla";"Desvio Temporário";"Sim";1;0;0;0;1;0;0;1;-23,46326;-46,53373;"SR-SP";"UOP01";"DEL01"
274189;2020-03-08;"domingo";"19:20:00";"MA";135;129,4;"MIRANDA DO NORTE";"Falta de Atenção à Condução";"Colisão frontal";"Com Vítimas Feridas";"Plena Noite";"Crescente";"Céu Claro";"Simples";"Reta";"Sim";3;0;0;2;1;0;2;2;-3,5845;-44,57513;"SR-MA";"UOP02";"DEL01"
274190;2020-03-09;"segunda-feira";"00:00:00";"PR";277;589;"CASCAVEL";"Desobediência às normas de trânsito pelo condutor";"Colisão traseira";"Com Vítimas Feridas";"Plena Noite";"Decrescente";"Céu Claro";"Simples";"Reta";"Não";2;0;1;0;0;1;1;2;-24,97777;-53,44689;"SR-PR";"UOP01";"DEL04"
274191;2020-03-09;"segunda-feira";"00:10:00";"MG";262;678,9;"ARAXA";"Ingestão de Álcool";"Saída de leito carroçável";"Com Vítimas Feridas";"Plena Noite";"Crescente";"Nublado";"Dupla";"Interseção de vias";"Não";1;0;0;1;0;0;1;1;-19,55319;-46,89261;"SR-MG";"UOP01";"DEL08"
274192;2020-03-09;"segunda-feira";"00:30:00";"RJ";116;265;"BARRA MANSA";"Pista Escorregadia";"Capotamento";"Com Vítimas Feridas";"Plena Noite";"Crescente";"Chuva";"Dupla";"Curva";"Sim";4;0;1;1;2;0;2;1;-22,58785;-44,08578;"SR-RJ";"UOP02";"DEL07"
274193;2020-03-09;"segunda-feira";"00:35:00";"PR";277;328,4;"GUARAPUAVA";"Falta de Atenção à Condução";"Saída de leito carroçável";"Com Vítimas Feridas";"Plena Noite";"Decrescente";"Céu Claro";"Simples";"Curva";"Não";2;0;2;0;0;0;2;1;-25,37745;-51,28942;"SR-PR";"UOP01";"DEL08"
274194;2020-03-09;"segunda-feira";"00:45:00";"PR";277;330,8;"GUARAPUAVA";"Velocidade Incompatível";"Saída de leito carroçável";"Com Vítimas Fatais";"Plena Noite";"Decrescente";"Céu Claro";"Simples";"Não Informado";"Sim";1;1;0;0;0;0;0;1;-25,35261;-51,36561;"SR-PR";"UOP01";"DEL08"
274195;2020-03-09;"segunda-feira";"01:00:00";"SC";101;107,7;"PENHA";"Ingestão de álcool e/ou substâncias psicoativas pelo pedestre";"Colisão transversal";"Sem Vítimas";"Plena Noite";"Crescente";"Nublado";"Dupla";"Reta";"Não";2;0;0;0;2;0;0;2;-26,82422;-48,68853;"SR-SC";"UOP02";"DEL03"
274196;2020-03-09;"segunda-feira";"01:25:00";"RN";304;297;"MACAIBA";"Ingestão de Álcool";"Colisão com objeto estático";"Com Vítimas Feridas";"Plena Noite";"Decrescente";"Céu Claro";"Dupla";"Reta";"Sim";1;0;1;0;0;0;1;1;-5,865341;-35,34069;"SR-RN";"UOP02";"DEL01"
274198;2020-03-09;"segunda-feira";"01:00:00";"RS";290;192,4;"MINAS DO LEAO";"Animais na Pista";"Atropelamento de Animal";"Com Vítimas Feridas";"Plena Noite";"Decrescente";"Céu Claro";"Simples";"Reta";"Não";3;0;2;0;1;0;2;1;-30,16003;-52,13471;"SR-RS";"UOP03";"DEL02"
274199;2020-03-09;"segunda-feira";"02:25:00";"SC";101;229,3;"PALHOCA";"Desobediência às normas de trânsito pelo condutor";"Colisão com objeto estático";"Com Vítimas Feridas";"Plena Noite";"Crescente";"Céu Claro";"Dupla";"Curva";"Sim";1;0;1;0;0;0;1;1;-27,76889;-48,63205;"SR-SC";"UOP02";"DEL01"
274200;2020-03-09;"segunda-feira";"03:00:00";"GO";40;105;"CRISTALINA";"Animais na Pista";"Saída de leito carroçável";"Com Vítimas Feridas";"Plena Noite";"Crescente";"Céu Claro";"Dupla";"Curva";"Não";2;0;2;0;0;0;2;1;-16,82259;-47,55127;"SR-DF";"UOP04";"DEL01"
274201;2020-03-09;"segunda-feira";"02:30:00";"DF";70;3,7;"BRASILIA";"Ingestão de Álcool";"Saída de leito carroçável";"Com Vítimas Feridas";"Plena Noite";"Decrescente";"Céu Claro";"Dupla";"Reta";"Sim";4;0;3;1;0;0;4;1;-15,80245;-48,08039;"SR-DF";"UOP03";"DEL01"
274202;2020-03-09;"segunda-feira";"00:40:00";"BA";116;875,2;"VITORIA DA CONQUISTA";"Não guardar distância de segurança";"Colisão traseira";"Com Vítimas Feridas";"Plena Noite";"Decrescente";"Garoa/Chuvisco";"Simples";"Não Informado";"Não";3;0;2;0;1;0;2;2;-15,24687;-41,10973;"SR-BA";"UOP03";"DEL08"
274203;2020-03-09;"segunda-feira";"02:30:00";"SC";101;361;"SANGAO";"Ingestão de Álcool";"Colisão com objeto estático";"Com Vítimas Fatais";"Plena Noite";"Decrescente";"Céu Claro";"Dupla";"Reta";"Sim";1;1;0;0;0;0;0;1;-28,6721;-49,12274;"SR-SC";"UOP01";"DEL02"
274205;2020-03-09;"segunda-feira";"04:50:00";"SP";381;33;"BRAGANCA PAULISTA";"Velocidade Incompatível";"Saída de leito carroçável";"Com Vítimas Feridas";"Plena Noite";"Decrescente";"Céu Claro";"Dupla";"Não Informado";"Sim";1;0;0;1;0;0;1;1;-23,0728;-46,56674;"SR-SP";"UOP01";"DEL03"
274206;2020-03-09;"segunda-feira";"03:50:00";"SC";470;225,9;"SAO CRISTOVAO DO SUL";"Condutor Dormindo";"Saída de leito carroçável";"Com Vítimas Feridas";"Plena Noite";"Crescente";"Céu Claro";"Simples";"Reta";"Não";2;0;1;0;1;0;1;1;-27,32802;-50,35148;"SR-SC";"UOP03";"DEL05"
274207;2020-03-09;"segunda-feira";"04:20:00";"SC";101;323;"PESCARIA BRAVA";"Falta de Atenção à Condução";"Saída de leito carroçável";"Com Vítimas Feridas";"Amanhecer";"Crescente";"Céu Claro";"Múltipla";"Curva";"Sim";1;0;1;0;0;0;1;1;-28,4289;-48,92255;"SR-SC";"UOP01";"DEL02"
274208;2020-03-09;"segunda-feira";"02:00:00";"RS";386;13,1;"FREDERICO WESTPHALEN";"Condutor Dormindo";"Saída de leito carroçável";"Com Vítimas Feridas";"Plena Noite";"Crescente";"Céu Claro";"Simples";"Curva";"Não";1;0;1;0;0;0;1;1;-27,22404;-53,32817;"SR-RS";"UOP02";"DEL08"
274209;2020-03-09;"segunda-feira";"06:20:00";"PR";116;125;"FAZENDA RIO GRANDE";"Desobediência às normas de trânsito pelo condutor";"Colisão lateral";"Com Vítimas Feridas";"Amanhecer";"Decrescente";"Céu Claro";"Dupla";"Reta";"Sim";2;0;1;0;1;0;1;2;-25,59505;-49,31631;"SR-PR";"UOP03";"DEL01"
274210;2020-03-09;"segunda-feira";"05:20:00";"MG";381;408;"BOM JESUS DO AMPARO";"Sinalização da via insuficiente ou inadequada";"Colisão frontal";"Com Vítimas Feridas";"Amanhecer";"Decrescente";"Céu Claro";"Simples";"Não Informado";"Não";2;0;0;1;1;0;1;2;-19,72516;-43,56958;"SR-MG";"UOP01";"DEL01"
274211;2020-02-22;"sábado";"04:45:00";"SC";158;131,1;"CAIBI";"Condutor Dormindo";"Colisão frontal";"Com Vítimas Feridas";"Plena Noite";"Crescente";"Céu Claro";"Simples";"Curva";"Não";7;0;1;3;3;0;4;2;-27,04935;-53,22965;"SR-SC";"UOP02";"DEL07"
274212;2020-03-09;"segunda-feira";"06:45:00";"SC";470;8,3;"NAVEGANTES";"Falta de Atenção à Condução";"Colisão transversal";"Com Vítimas Feridas";"Pleno dia";"Crescente";"Céu Claro";"Simples";"Reta";"Não";2;0;0;1;1;0;1;2;-26,83688;-48,71885;"SR-SC";"UOP04";"DEL04"
274213;2020-03-09;"segunda-feira";"05:45:00";"SC";280;51;"GUARAMIRIM";"Falta de Atenção à Condução";"Tombamento";"Com Vítimas Feridas";"Amanhecer";"Decrescente";"Céu Claro";"Simples";"Interseção de vias";"Não";1;0;1;0;0;0;1;1;-26,46539;-48,95544;"SR-SC";"UOP03";"DEL03"
274214;2020-03-09;"segunda-feira";"06:30:00";"MG";40;524;"CONTAGEM";"Não guardar distância de segurança";"Colisão traseira";"Com Vítimas Feridas";"Pleno dia";"Crescente";"Céu Claro";"Dupla";"Reta";"Sim";3;0;1;1;1;0;2;2;-19,87545;-44,05346;"SR-MG";"UOP02";"DEL01"
274215;2020-03-09;"segunda-feira";"06:50:00";"SP";116;226;"GUARULHOS";"Falta de Atenção à Condução";"Colisão traseira";"Com Vítimas Feridas";"Pleno dia";"Crescente";"Céu Claro";"Dupla";"Reta";"Sim";2;0;1;0;1;0;1;2;-23,49233;-46,55128;"SR-SP";"UOP01";"DEL01"
274216;2020-03-08;"domingo";"22:00:00";"RR";174;216;"RORAINOPOLIS";"Animais na Pista";"Atropelamento de Animal";"Com Vítimas Feridas";"Plena Noite";"Crescente";"Céu Claro";"Simples";"Reta";"Não";3;0;3;0;0;0;3;1;0,976774;-60,40754;"SR-RR";"UOP01";"DEL01"
274217;2020-03-09;"segunda-feira";"05:50:00";"SC";280;48,3;"GUARAMIRIM";"Falta de Atenção à Condução";"Colisão transversal";"Com Vítimas Feridas";"Amanhecer";"Decrescente";"Céu Claro";"Simples";"Não Informado";"Não";2;0;0;1;1;0;1;2;-26,45609;-48,93023;"SR-SC";"UOP03";"DEL03"
274218;2020-03-09;"segunda-feira";"06:49:00";"GO";60;388;"RIO VERDE";"Falta de Atenção à Condução";"Colisão transversal";"Com Vítimas Feridas";"Pleno dia";"Crescente";"Céu Claro";"Múltipla";"Reta";"Sim";3;0;2;0;1;0;2;2;-17,81909;-50,94323;"SR-GO";"UOP01";"DEL04"
274219;2020-03-09;"segunda-feira";"05:50:00";"SC";282;442,1;"PONTE SERRADA";"Defeito Mecânico no Veículo";"Colisão com objeto estático";"Com Vítimas Fatais";"Amanhecer";"Decrescente";"Céu Claro";"Simples";"Ponte";"Não";2;1;1;0;0;0;1;1;-26,92963;-51,87466;"SR-SC";"UOP05";"DEL07"
274220;2020-03-09;"segunda-feira";"05:40:00";"SE";101;36;"CAPELA";"Defeito Mecânico no Veículo";"Incêndio";"Sem Vítimas";"Amanhecer";"Crescente";"Céu Claro";"Simples";"Reta";"Não";1;0;0;0;0;1;0;1;-10,4923;-36,94471;"SR-SE";"UOP02";"DEL02"
274222;2020-03-09;"segunda-feira";"07:20:00";"MG";365;626,9;"UBERLANDIA";"Velocidade Incompatível";"Colisão traseira";"Com Vítimas Feridas";"Pleno dia";"Decrescente";"Céu Claro";"Dupla";"Ponte";"Sim";2;0;1;0;1;0;1;2;-18,90659;-48,33469;"SR-MG";"UOP01";"DEL15"
274223;2020-03-09;"segunda-feira";"07:00:00";"GO";40;16;"LUZIANIA";"Desobediência às normas de trânsito pelo condutor";"Tombamento";"Com Vítimas Feridas";"Pleno dia";"Decrescente";"Céu Claro";"Dupla";"Reta";"Sim";1;0;1;0;0;0;1;1;-16,1671;-47,93016;"SR-DF";"UOP01";"DEL01"
274224;2020-03-09;"segunda-feira";"05:50:00";"SP";116;181,8;"SANTA ISABEL";"Ingestão de Álcool";"Saída de leito carroçável";"Sem Vítimas";"Pleno dia";"Decrescente";"Céu Claro";"Dupla";"Reta";"Não";1;0;0;0;1;0;0;1;-23,34071;-46,15362;"SR-SP";"UOP01";"DEL02"
274225;2020-03-09;"segunda-feira";"07:15:00";"PB";230;375,7;"CONDADO";"Agressão Externa";"Colisão com objeto estático";"Com Vítimas Feridas";"Pleno dia";"Decrescente";"Céu Claro";"Simples";"Reta";"Sim";3;0;2;0;0;1;2;1;-6,9088;-37,5918;"SR-PB";"UOP02";"DEL03"
274226;2020-03-09;"segunda-feira";"06:50:00";"SP";116;226,8;"SAO PAULO";"Falta de Atenção à Condução";"Queda de ocupante de veículo";"Com Vítimas Feridas";"Amanhecer";"Crescente";"Céu Claro";"Múltipla";"Curva";"Sim";2;0;2;0;0;0;2;1;-23,49627;-46,55906;"SR-SP";"UOP01";"DEL01"
274229;2020-03-09;"segunda-feira";"07:30:00";"PB";101;20;"MAMANGUAPE";"Velocidade Incompatível";"Saída de leito carroçável";"Com Vítimas Feridas";"Pleno dia";"Decrescente";"Céu Claro";"Dupla";"Não Informado";"Não";4;0;4;0;0;0;4;1;-6,663237;-35,11434;"SR-PB";"UOP03";"DEL01"
274230;2020-03-09;"segunda-feira";"07:32:00";"PB";230;20;"JOAO PESSOA";"Falta de Atenção à Condução";"Colisão traseira";"Com Vítimas Feridas";"Pleno dia";"Decrescente";"Sol";"Dupla";"Reta";"Sim";2;0;1;0;1;0;1;2;-7,1337;-34,8544;"SR-PB";"UOP01";"DEL01"