"id";"data_inversa";"dia_semana";"horario";"uf";"br";"km";"municipio";"causa_acidente";"tipo_acidente";"classificacao_acidente";"fase_dia";"sentido_via";"condicao_metereologica";"tipo_pista";"tracado_via";"uso_solo";"pessoas";"mortos";"feridos_leves";"feridos_graves";"ilesos";"ignorados";"feridos";"veiculos";"latitude";"longitude";"regional";"delegacia";"uop"
274413;2020-03-09;"segunda-feira";"11:00:00";"PI";343;263,8;"CAMPO MAIOR";"Falta de Atenção do Pedestre";"Atropelamento de Pedestre";"Com Vítimas Feridas";"Pleno dia";"Crescente";"Céu Claro";"Simples";"Reta";"Sim";2;0;0;1;1;0;1;1;-4,819326;-42,15882;"SR-PI";"UOP03";"DEL01"
274414;2020-03-09;"segunda-feira";"15:00:00";"GO";414;265;"NIQUELANDIA";"Desobediência às normas de trânsito pelo condutor";"Saída de leito carroçável";"Com Vítimas Fatais";"Pleno dia";"Crescente";"Céu Claro";"Simples";"Reta";"Não";2;1;0;1;0;0;1;1;-14,95579;-48,65726;"SR-GO";"UOP01";"DEL07"
274415;2020-03-10;"terça-feira";"02:50:00";"RJ";101;252;"RIO BONITO";"Condutor Dormindo";"Colisão com objeto estático";"Com Vítimas Feridas";"Plena Noite";"Crescente";"Céu Claro";"Dupla";"Reta";"Não";2;0;2;0;0;0;2;1;-22,68215;-42,53377;"SR-RJ";"UOP03";"DEL02"
274417;2020-03-10;"terça-feira";"06:50:00";"DF";70;4,8;"BRASILIA";"Falta de Atenção do Pedestre";"Atropelamento de Pedestre";"Com Vítimas Feridas";"Pleno dia";"Decrescente";"Céu Claro";"Dupla";"Reta";"Sim";2;0;1;1;0;0;2;1;-15,79811;-48,08932;"SR-DF";"UOP03";"DEL01"
274419;2020-03-10;"terça-feira";"06:30:00";"CE";222;9,1;"CAUCAIA";"Falta de Atenção à Condução";"Saída de leito carroçável";"Sem Vítimas";"Pleno dia";"Decrescente";"Céu Claro";"Dupla";"Reta";"Sim";2;0;0;0;1;1;0;2;-3,758317;-38,6472;"SR-CE";"UOP01";"DEL01"
274420;2020-03-10;"terça-feira";"06:30:00";"TO";153;137;"ARAGUAINA";"Não guardar distância de segurança";"Colisão lateral";"Com Vítimas Feridas";"Amanhecer";"Decrescente";"Nublado";"Dupla";"Desvio Temporário";"Não";2;0;1;0;1;0;1;2;-7,146303;-48,20256;"SR-TO";"UOP04";"DEL02"
274421;2020-03-10;"terça-feira";"06:10:00";"PE";232;97,6;"BEZERROS";"Condutor Dormindo";"Saída de leito carroçável";"Com Vítimas Feridas";"Amanhecer";"Decrescente";"Sol";"Dupla";"Reta";"Não";2;0;1;0;1;0;1;1;-8,233797;-35,71629;"SR-PE";"UOP04";"DEL01"
274422;2020-01-15;"quarta-feira";"20:04:00";"PB";230;17,5;"JOAO PESSOA";"Não guardar distância de segurança";"Colisão com objeto estático";"Com Vítimas Feridas";"Plena Noite";"Crescente";"Céu Claro";"Dupla";"Retorno Regulamentado";"Sim";3;0;1;0;2;0;1;2;-7,118273;-34,8442;"SR-PB";"UOP01";"DEL01"
274423;2020-03-10;"terça-feira";"07:40:00";"SC";101;148;"ITAPEMA";"Falta de Atenção à Condução";"Colisão transversal";"Com Vítimas Feridas";"Pleno dia";"Crescente";"Sol";"Simples";"Reta";"Não";2;0;1;0;1;0;1;2;-27,10124;-48,61808;"SR-SC";"UOP03";"DEL04"
274424;2020-03-10;"terça-feira";"07:55:00";"SC";101;138;"BALNEARIO CAMBORIU";"Falta de Atenção à Condução";"Colisão lateral";"Com Vítimas Feridas";"Pleno dia";"Decrescente";"Céu Claro";"Múltipla";"Reta";"Sim";3;0;2;0;1;0;2;2;-27,02397;-48,60762;"SR-SC";"UOP03";"DEL04"
274425;2020-03-10;"terça-feira";"05:40:00";"PI";343;291;"ALTOS";"Não guardar distância de segurança";"Colisão traseira";"Sem Vítimas";"Amanhecer";"Crescente";"Nublado";"Simples";"Reta";"Não";2;0;0;0;2;0;0;2;-4,952586;-42,35341;"SR-PI";"UOP03";"DEL01"
274426;2020-03-10;"terça-feira";"07:20:00";"SC";101;204;"SAO JOSE";"Avarias e/ou desgaste excessivo no pneu";"Queda de ocupante de veículo";"Com Vítimas Feridas";"Pleno dia";"Decrescente";"Céu Claro";"Múltipla";"Reta";"Sim";2;0;1;1;0;0;2;1;-27,57413;-48,61363;"SR-SC";"UOP01";"DEL01"
274427;2020-03-10;"terça-feira";"08:00:00";"PR";116;131;"CURITIBA";"Falta de Atenção à Condução";"Queda de ocupante de veículo";"Com Vítimas Feridas";"Pleno dia";"Crescente";"Sol";"Múltipla";"Reta";"Sim";1;0;1;0;0;0;1;1;-25,64831;-49,31251;"SR-PR";"UOP03";"DEL01"
274428;2020-03-10;"terça-feira";"07:30:00";"SC";101;211,7;"PALHOCA";"Falta de Atenção à Condução";"Colisão traseira";"Com Vítimas Feridas";"Pleno dia";"Decrescente";"Sol";"Dupla";"Reta";"Sim";2;0;1;0;1;0;1;2;-27,62329;-48,65246;"SR-SC";"UOP02";"DEL01"
274429;2020-03-10;"terça-feira";"05:15:00";"PA";222;234;"MARABA";"Falta de Atenção à Condução";"Colisão traseira";"Com Vítimas Feridas";"Plena Noite";"Decrescente";"Chuva";"Simples";"Reta";"Não";3;0;1;1;1;0;2;2;-5,269228;-49,07043;"SR-PA";"UOP01";"DEL03"
274431;2020-03-10;"terça-feira";"08:15:00";"TO";153;141;"ARAGUAINA";"Não guardar distância de segurança";"Colisão traseira";"Com Vítimas Feridas";"Pleno dia";"Crescente";"Nublado";"Dupla";"Retorno Regulamentado";"Sim";2;0;1;0;1;0;1;2;-7,175959;-48,21955;"SR-TO";"UOP04";"DEL02"
274432;2020-03-10;"terça-feira";"08:00:00";"GO";60;81,6;"ANAPOLIS";"Defeito Mecânico no Veículo";"Tombamento";"Com Vítimas Feridas";"Pleno dia";"Crescente";"Céu Claro";"Dupla";"Curva";"Não";2;0;2;0;0;0;2;1;-16,3116;-48,8277;"SR-GO";"UOP01";"DEL02"
274433;2020-03-10;"terça-feira";"08:00:00";"CE";222;35,8;"CAUCAIA";"Defeito Mecânico no Veículo";"Incêndio";"Sem Vítimas";"Pleno dia";"Crescente";"Sol";"Dupla";"Rotatória";"Não";1;0;0;0;1;0;0;1;-3,700936;-38,8648;"SR-CE";"UOP01";"DEL01"
274434;2020-03-10;"terça-feira";"08:35:00";"PR";277;589;"CASCAVEL";"Desobediência às normas de trânsito pelo condutor";"Colisão transversal";"Sem Vítimas";"Pleno dia";"Crescente";"Sol";"Simples";"Interseção de vias";"Não";3;0;0;0;3;0;0;3;-24,97777;-53,44689;"SR-PR";"UOP01";"DEL04"
274435;2020-03-10;"terça-feira";"08:15:00";"RS";116;259;"CANOAS";"Não guardar distância de segurança";"Colisão lateral";"Com Vítimas Feridas";"Pleno dia";"Crescente";"Céu Claro";"Dupla";"Reta";"Sim";3;0;2;0;1;0;2;2;-29,87041;-51,17991;"SR-RS";"UOP02";"DEL01"
274437;2020-03-10;"terça-feira";"08:40:00";"BA";324;512,5;"FEIRA DE SANTANA";"Falta de Atenção à Condução";"Tombamento";"Com Vítimas Feridas";"Pleno dia";"Decrescente";"Céu Claro";"Simples";"Rotatória";"Sim";2;0;1;0;1;0;1;2;-12,22584;-38,96501;"SR-BA";"UOP01";"DEL02"
274439;2020-03-10;"terça-feira";"08:10:00";"RJ";116;176;"NOVA IGUACU";"Falta de Atenção à Condução";"Colisão traseira";"Com Vítimas Feridas";"Pleno dia";"Decrescente";"Céu Claro";"Dupla";"Reta";"Sim";7;0;3;0;4;0;3;5;-22,78395;-43,38195;"SR-RJ";"UOP02";"DEL01"
274440;2020-03-09;"segunda-feira";"09:45:00";"RJ";116;142;"DUQUE DE CAXIAS";"Desobediência às normas de trânsito pelo condutor";"Engavetamento";"Sem Vítimas";"Pleno dia";"Decrescente";"Céu Claro";"Dupla";"Reta";"Sim";4;0;0;0;4;0;0;3;-22,6693;-43,27017;"SR-RJ";"UOP02";"DEL04"
274442;2020-02-23;"domingo";"04:20:00";"MG";116;274;"TEOFILO OTONI";"Pista Escorregadia";"Tombamento";"Com Vítimas Feridas";"Plena Noite";"Decrescente";"Chuva";"Múltipla";"Reta";"Sim";1;0;0;1;0;0;1;1;-17,83385;-41,51094;"SR-MG";"UOP01";"DEL11"
274443;2020-03-10;"terça-feira";"09:00:00";"PB";104;133;"QUEIMADAS";"Falta de Atenção à Condução";"Colisão traseira";"Com Vítimas Feridas";"Pleno dia";"Decrescente";"Céu Claro";"Simples";"Reta";"Sim";4;0;1;0;3;0;1;3;-7,316748;-35,89501;"SR-PB";"UOP03";"DEL02"
274444;2020-03-10;"terça-feira";"09:15:00";"PE";101;70,8;"RECIFE";"Desobediência às normas de trânsito pelo condutor";"Colisão transversal";"Com Vítimas Feridas";"Pleno dia";"Crescente";"Céu Claro";"Simples";"Reta";"Sim";2;0;1;0;1;0;1;2;-8,074833;-34,94567;"SR-PE";"UOP01";"DEL01"
274445;2020-03-10;"terça-feira";"07:30:00";"SC";280;58,3;"GUARAMIRIM";"Não guardar distância de segurança";"Colisão traseira";"Com Vítimas Feridas";"Pleno dia";"Decrescente";"Céu Claro";"Simples";"Reta";"Sim";2;0;1;0;1;0;1;2;-26,47416;-49,02121;"SR-SC";"UOP03";"DEL03"
274446;2020-03-10;"terça-feira";"08:57:00";"RJ";101;317,7;"SAO GONCALO";"Falta de Atenção à Condução";"Colisão traseira";"Com Vítimas Feridas";"Pleno dia";"Crescente";"Sol";"Dupla";"Reta";"Sim";2;0;0;1;1;0;1;2;-22,83708;-43,09492;"SR-RJ";"UOP01";"DEL02"
274447;2020-03-10;"terça-feira";"09:00:00";"MS";267;526,8;"JARDIM";"Falta de Atenção à Condução";"Colisão lateral";"Com Vítimas Feridas";"Pleno dia";"Crescente";"Sol";"Simples";"Reta";"Não";3;0;2;0;1;0;2;2;-21,52609;-56,53704;"SR-MS";"UOP01";"DEL05"
274448;2020-03-10;"terça-feira";"09:00:00";"DF";60;2,9;"BRASILIA";"Falta de Atenção à Condução";"Queda de ocupante de veículo";"Com Vítimas Feridas";"Pleno dia";"Decrescente";"Céu Claro";"Dupla";"Reta";"Sim";1;0;1;0;0;0;1;1;-15,88738;-48,07799;"SR-DF";"UOP02";"DEL01"
274449;2020-01-19;"domingo";"08:00:00";"MG";381;343;"BELA VISTA DE MINAS";"Avarias e/ou desgaste excessivo no pneu";"Colisão frontal";"Com Vítimas Feridas";"Pleno dia";"Decrescente";"Chuva";"Simples";"Curva";"Não";8;0;8;0;0;0;8;2;-19,85906;-43,10426;"SR-MG";"DEL4/3";"UOP01/MG"
274450;2020-03-10;"terça-feira";"09:30:00";"MG";116;527;"CARATINGA";"Falta de Atenção do Pedestre";"Atropelamento de Pedestre";"Com Vítimas Feridas";"Pleno dia";"Crescente";"Céu Claro";"Simples";"Reta";"Sim";2;0;1;0;1;0;1;1;-19,78511;-42,13445;"SR-MG";"UOP02";"DEL06"
274451;2020-03-10;"terça-feira";"08:15:00";"AC";364;137;"RIO BRANCO";"Falta de Atenção à Condução";"Colisão transversal";"Com Vítimas Feridas";"Pleno dia";"Crescente";"Céu Claro";"Dupla";"Reta";"Sim";3;0;1;0;2;0;1;2;-9,969354;-67,85265;"SR-AC";"UOP01";"DEL01"
274452;2020-03-10;"terça-feira";"10:00:00";"RJ";101;415;"ITAGUAI";"Falta de Atenção à Condução";"Colisão lateral";"Com Vítimas Feridas";"Pleno dia";"Decrescente";"Céu Claro";"Dupla";"Reta";"Não";3;0;2;0;1;0;2;2;-22,90433;-43,88181;"SR-RJ";"UOP01";"DEL03"
274453;2020-03-10;"terça-feira";"10:35:00";"CE";20;20;"MARACANAU";"Falta de Atenção à Condução";"Colisão transversal";"Com Vítimas Feridas";"Pleno dia";"Decrescente";"Nublado";"Dupla";"Reta";"Sim";2;0;0;1;1;0;1;2;-3,816694;-38,63302;"SR-CE";"UOP02";"DEL02"
274454;2020-03-10;"terça-feira";"11:05:00";"SC";101;208,6;"SAO JOSE";"Não guardar distância de segurança";"Colisão traseira";"Com Vítimas Feridas";"Pleno dia";"Decrescente";"Sol";"Múltipla";"Reta";"Sim";2;0;1;0;1;0;1;2;-27,60328;-48,63202;"SR-SC";"UOP01";"DEL01"
274456;2020-02-06;"quinta-feira";"09:15:00";"MT";364;586,9;"DIAMANTINO";"Não guardar distância de segurança";"Colisão traseira";"Com Vítimas Feridas";"Pleno dia";"Crescente";"Chuva";"Dupla";"Reta";"Não";5;0;4;0;1;0;4;2;-14,61649;-56,25804;"SR-MT";"DEL2/4";"UOP01/MT"
274457;2020-03-10;"terça-feira";"10:45:00";"MG";116;413,6;"GOVERNADOR VALADARES";"Ingestão de Álcool";"Danos eventuais";"Sem Vítimas";"Pleno dia";"Decrescente";"Céu Claro";"Simples";"Retorno Regulamentado";"Sim";2;0;0;0;2;0;0;2;-18,87623;-41,96414;"SR-MG";"UOP01";"DEL06"
274458;2020-03-10;"terça-feira";"10:45:00";"PB";230;39,8;"SANTA RITA";"Defeito Mecânico no Veículo";"Danos eventuais";"Sem Vítimas";"Pleno dia";"Crescente";"Sol";"Dupla";"Não Informado";"Não";1;0;0;0;1;0;0;1;-7,1381;-34,9707;"SR-PB";"UOP02";"DEL01"
274459;2020-03-10;"terça-feira";"10:40:00";"BA";367;23,8;"PORTO SEGURO";"Desobediência às normas de trânsito pelo condutor";"Colisão transversal";"Com Vítimas Feridas";"Pleno dia";"Crescente";"Garoa/Chuvisco";"Simples";"Interseção de vias";"Sim";2;0;2;0;0;0;2;2;-16,43518;-39,07201;"SR-BA";"UOP01";"DEL09"
274460;2020-03-10;"terça-feira";"10:40:00";"RO";364;170;"PIMENTA BUENO";"Falta de Atenção à Condução";"Colisão traseira";"Sem Vítimas";"Pleno dia";"Crescente";"Nublado";"Simples";"Reta";"Não";3;0;0;0;3;0;0;1;-11,84753;-61,01742;"SR-RO";"UOP02";"DEL02"
274461;2020-03-10;"terça-feira";"11:10:00";"ES";101;377,6;"ICONHA";"Falta de Atenção à Condução";"Queda de ocupante de veículo";"Com Vítimas Feridas";"Pleno dia";"Crescente";"Nublado";"Simples";"Reta";"Sim";2;0;1;0;1;0;1;2;-20,79427;-40,81173;"SR-ES";"UOP01";"DEL03"
274462;2020-03-10;"terça-feira";"10:25:00";"RO";364;62;"PORTO VELHO";"Falta de Atenção à Condução";"Colisão traseira";"Sem Vítimas";"Pleno dia";"Crescente";"Chuva";"Dupla";"Reta";"Sim";2;0;0;0;2;0;0;2;-8,749599;-63,88774;"SR-RO";"UOP01";"DEL04"
274463;2020-03-10;"terça-feira";"06:00:00";"BA";418;66;"NOVA VICOSA";"Animais na Pista";"Atropelamento de Animal";"Com Vítimas Feridas";"Amanhecer";"Crescente";"Ignorado";"Simples";"Reta";"Não";2;0;1;0;1;0;1;1;-17,81344;-39,64715;"SR-BA";"UOP02";"DEL09"
274464;2020-03-10;"terça-feira";"11:20:00";"ES";101;262,7;"SERRA";"Falta de Atenção à Condução";"Colisão traseira";"Com Vítimas Feridas";"Pleno dia";"Decrescente";"Nublado";"Dupla";"Reta";"Sim";2;0;0;1;1;0;1;2;-20,16388;-40,27433;"SR-ES";"UOP01";"DEL02"
274465;2020-03-10;"terça-feira";"11:28:00";"SP";153;107,9;"JOSE BONIFACIO";"Desobediência às normas de trânsito pelo pedestre";"Atropelamento de Pedestre";"Com Vítimas Feridas";"Pleno dia";"Crescente";"Sol";"Simples";"Reta";"Sim";2;0;0;1;1;0;1;1;-21,06389;-49,66255;"SR-SP";"UOP01";"DEL09"
274466;2020-03-10;"terça-feira";"10:45:00";"PR";277;117,1;"CAMPO LARGO";"Velocidade Incompatível";"Saída de leito carroçável";"Com Vítimas Fatais";"Pleno dia";"Decrescente";"Sol";"Dupla";"Curva";"Não";2;1;0;1;0;0;1;1;-25,43423;-49,51796;"SR-PR";"UOP03";"DEL03"
274467;2020-03-10;"terça-feira";"11:55:00";"SP";153;55,1;"SAO JOSE DO RIO PRETO";"Não guardar distância de segurança";"Colisão lateral";"Com Vítimas Feridas";"Pleno dia";"Decrescente";"Céu Claro";"Simples";"Não Informado";"Não";2;0;1;0;1;0;1;2;-20,75322;-49,3426;"SR-SP";"UOP01";"DEL09"
274468;2020-01-19;"domingo";"01:45:00";"SC";280;56,4;"GUARAMIRIM";"Ingestão de Álcool";"Colisão lateral";"Com Vítimas Feridas";"Plena Noite";"Crescente";"Céu Claro";"Simples";"Ponte";"Não";2;0;1;0;1;0;1;2;-26,47948;-49,00299;"SR-SC";"DEL8/3";"UOP03/SC"
274469;2020-03-10;"terça-feira";"10:20:00";"SC";101;302;"LAGUNA";"Velocidade Incompatível";"Capotamento";"Com Vítimas Feridas";"Pleno dia";"Decrescente";"Céu Claro";"Dupla";"Reta";"Não";2;0;2;0;0;0;2;1;-28,35905;-48,74738;"SR-SC";"UOP03";"DEL02"
274470;2020-03-10;"terça-feira";"11:45:00";"PB";230;17,4;"JOAO PESSOA";"Desobediência às normas de trânsito pelo condutor";"Colisão lateral";"Com Vítimas Feridas";"Pleno dia";"Crescente";"Sol";"Dupla";"Reta";"Sim";3;0;2;0;1;0;2;2;-7,1121;-34,8426;"SR-PB";"UOP01";"DEL01"
274471;2020-03-10;"terça-feira";"11:45:00";"SP";116;230,6;"SAO PAULO";"Não guardar distância de segurança";"Colisão lateral";"Com Vítimas Feridas";"Pleno dia";"Crescente";"Sol";"Múltipla";"Reta";"Não";4;0;2;0;2;0;2;3;-23,52252;-46,58557;"SR-SP";"UOP01";"DEL01"
274472;2020-03-10;"terça-feira";"11:50:00";"RJ";116;137,5;"DUQUE DE CAXIAS";"Falta de Atenção à Condução";"Queda de ocupante de veículo";"Com Vítimas Feridas";"Pleno dia";"Crescente";"Céu Claro";"Simples";"Reta";"Sim";1;0;1;0;0;0;1;1;-22,64792;-43,18201;"SR-RJ";"UOP02";"DEL04"
274473;2020-03-10;"terça-feira";"12:42:00";"RS";290;97,8;"PORTO ALEGRE";"Defeito Mecânico no Veículo";"Queda de ocupante de veículo";"Com Vítimas Feridas";"Pleno dia";"Crescente";"Céu Claro";"Dupla";"Reta";"Sim";2;0;2;0;0;0;2;1;-29,99779;-51,20779;"SR-RS";"UOP01";"DEL01"
274474;2020-03-10;"terça-feira";"12:30:00";"GO";40;11,9;"LUZIANIA";"Falta de Atenção à Condução";"Colisão transversal";"Com Vítimas Feridas";"Pleno dia";"Crescente";"Sol";"Dupla";"Reta";"Sim";3;0;2;0;1;0;2;2;-16,13834;-47,95164;"SR-DF";"UOP01";"DEL01"
274475;2020-03-10;"terça-feira";"12:00:00";"CE";222;158;"IRAUCUBA";"Pista Escorregadia";"Saída de leito carroçável";"Com Vítimas Feridas";"Pleno dia";"Decrescente";"Chuva";"Simples";"Curva";"Não";1;0;1;0;0;0;1;1;-3,740104;-39,85876;"SR-CE";"UOP03";"DEL04"
274476;2020-03-10;"terça-feira";"11:20:00";"MG";381;525,7;"BRUMADINHO";"Não guardar distância de segurança";"Colisão lateral";"Sem Vítimas";"Pleno dia";"Decrescente";"Céu Claro";"Dupla";"Não Informado";"Não";5;0;0;0;5;0;0;1;-20,16175;-44,34145;"SR-MG";"UOP03";"DEL04"
274477;2020-03-10;"terça-feira";"12:55:00";"RS";470;213;"BENTO GONCALVES";"Falta de Atenção à Condução";"Colisão transversal";"Com Vítimas Feridas";"Pleno dia";"Crescente";"Céu Claro";"Simples";"Retorno Regulamentado";"Sim";3;0;3;0;0;0;3;2;-29,1387;-51,54271;"SR-RS";"UOP01";"DEL06"
274479;2020-03-10;"terça-feira";"11:30:00";"BA";116;424;"FEIRA DE SANTANA";"Desobediência às normas de trânsito pelo condutor";"Colisão frontal";"Com Vítimas Feridas";"Pleno dia";"Crescente";"Nublado";"Simples";"Reta";"Sim";2;0;1;0;1;0;1;2;-12,23895;-38,98163;"SR-BA";"UOP01";"DEL02"
274480;2020-03-10;"terça-feira";"11:30:00";"MG";116;519,3;"UBAPORANGA";"Velocidade Incompatível";"Colisão com objeto estático";"Com Vítimas Feridas";"Pleno dia";"Decrescente";"Sol";"Simples";"Não Informado";"Não";1;0;0;1;0;0;1;1;-19,71798;-42,12831;"SR-MG";"UOP02";"DEL06"
274481;2020-03-10;"terça-feira";"13:30:00";"SC";280;4,7;"SAO FRANCISCO DO SUL";"Falta de Atenção à Condução";"Colisão traseira";"Com Vítimas Feridas";"Pleno dia";"Crescente";"Céu Claro";"Simples";"Interseção de vias";"Não";3;0;2;0;1;0;2;2;-26,2533;-48,61916;"SR-SC";"UOP03";"DEL03"
274482;2020-03-10;"terça-feira";"13:13:00";"SP";116;219;"GUARULHOS";"Desobediência às normas de trânsito pelo condutor";"Colisão traseira";"Com Vítimas Feridas";"Pleno dia";"Decrescente";"Céu Claro";"Múltipla";"Não Informado";"Sim";2;0;1;0;1;0;1;2;-23,46144;-46,48885;"SR-SP";"UOP01";"DEL01"
274483;2020-02-29;"sábado";"21:25:00";"GO";364;366;"MINEIROS";"Defeito Mecânico no Veículo";"Incêndio";"Sem Vítimas";"Plena Noite";"Crescente";"Céu Claro";"Simples";"Reta";"Não";73;0;0;0;73;0;0;1;-17,38781;-53,0428;"SR-GO";"UOP01";"DEL05"
274484;2020-03-10;"terça-feira";"13:10:00";"SP";459;30,9;"LORENA";"Desobediência às normas de trânsito pelo condutor";"Colisão transversal";"Com Vítimas Feridas";"Pleno dia";"Crescente";"Céu Claro";"Dupla";"Rotatória";"Não";2;0;2;0;0;0;2;2;-22,72502;-45,10353;"SR-SP";"DEL6/8";"UOP03/SP"
274486;2020-03-10;"terça-feira";"07:30:00";"RJ";356;87;"CARDOSO MOREIRA";"Desobediência às normas de trânsito pelo condutor";"Colisão lateral";"Com Vítimas Feridas";"Pleno dia";"Crescente";"Céu Claro";"Simples";"Reta";"Não";2;0;0;1;1;0;1;2;-21,49173;-41,63252;"SR-RJ";"UOP03";"DEL08"
274488;2020-03-10;"terça-feira";"10:00:00";"SC";282;423;"VARGEM BONITA";"Defeito Mecânico no Veículo";"Queda de ocupante de veículo";"Com Vítimas Feridas";"Pleno dia";"Decrescente";"Céu Claro";"Simples";"Reta";"Não";2;0;0;1;1;0;1;1;-26,99556;-51,75229;"SR-SC";"UOP07";"DEL07"
274490;2020-03-10;"terça-feira";"14:20:00";"RJ";393;232;"VASSOURAS";"Falta de Atenção à Condução";"Colisão transversal";"Com Vítimas Feridas";"Pleno dia";"Crescente";"Sol";"Simples";"Interseção de vias";"Sim";2;0;1;0;1;0;1;2;-22,36949;-43,61882;"SR-RJ";"UOP01";"DEL05"
274491;2020-03-10;"terça-feira";"14:00:00";"RS";290;579,8;"ALEGRETE";"Falta de Atenção à Condução";"Colisão transversal";"Com Vítimas Feridas";"Pleno dia";"Decrescente";"Céu Claro";"Simples";"Curva";"Sim";2;0;1;0;1;0;1;2;-29,80802;-55,7679;"SR-RS";"UOP02";"DEL13"
274492;2020-03-10;"terça-feira";"13:30:00";"SC";163;111,2;"SAO JOSE DO CEDRO";"Falta de Atenção à Condução";"Colisão transversal";"Com Vítimas Feridas";"Pleno dia";"Crescente";"Céu Claro";"Simples";"Rotatória";"Sim";3;0;1;1;1;0;2;2;-26,39616;-53,52416;"SR-SC";"UOP04";"DEL07"
274493;2020-03-10;"terça-feira";"09:15:00";"PR";376;236;"APUCARANA";"Desobediência às normas de trânsito pelo condutor";"Colisão frontal";"Com Vítimas Feridas";"Pleno dia";"Decrescente";"Céu Claro";"Simples";"Reta";"Não";2;0;1;0;1;0;1;2;-23,58522;-51,47298;"SR-PR";"UOP03";"DEL07"
274494;2020-02-28;"sexta-feira";"10:15:00";"BA";101;184;"SAO GONCALO DOS CAMPOS";"Mal Súbito";"Colisão frontal";"Com Vítimas Feridas";"Pleno dia";"Crescente";"Sol";"Simples";"Reta";"Não";4;0;1;1;2;0;2;3;-12,458;-38,931;"SR-BA";"UOP03";"DEL01"
274495;2020-03-10;"terça-feira";"13:36:00";"SE";101;91;"NOSSA SENHORA DO SOCORRO";"Falta de Atenção à Condução";"Colisão traseira";"Sem Vítimas";"Pleno dia";"Crescente";"Céu Claro";"Múltipla";"Não Informado";"Não";3;0;0;0;3;0;0;2;-10,8985;-37,13176;"SR-SE";"UOP01";"DEL01"
274496;2020-03-05;"quinta-feira";"06:30:00";"PR";116;57;"CAMPINA GRANDE DO SUL";"Falta de Atenção à Condução";"Colisão com objeto estático";"Com Vítimas Feridas";"Amanhecer";"Decrescente";"Céu Claro";"Dupla";"Curva";"Não";1;0;1;0;0;0;1;1;-25,28847;-48,93294;"SR-PR";"UOP02";"DEL01"
274498;2020-03-10;"terça-feira";"14:30:00";"SC";101;215,8;"PALHOCA";"Falta de Atenção à Condução";"Colisão traseira";"Com Vítimas Feridas";"Pleno dia";"Decrescente";"Sol";"Múltipla";"Não Informado";"Sim";2;0;1;0;1;0;1;2;-27,65185;-48,67605;"SR-SC";"UOP02";"DEL01"
274499;2020-03-10;"terça-feira";"14:15:00";"MG";365;620,2;"UBERLANDIA";"Falta de Atenção à Condução";"Colisão transversal";"Com Vítimas Feridas";"Pleno dia";"Crescente";"Nublado";"Dupla";"Não Informado";"Sim";2;0;1;0;1;0;1;2;-18,9035;-48,28131;"SR-MG";"UOP01";"DEL15"
274500;2020-03-10;"terça-feira";"14:25:00";"PR";376;170,3;"MARINGA";"Falta de Atenção à Condução";"Colisão com objeto estático";"Com Vítimas Feridas";"Pleno dia";"Crescente";"Sol";"Múltipla";"Interseção de vias";"Sim";1;0;1;0;0;0;1;1;-23,40804;-51,99074;"SR-PR";"UOP01";"DEL09"
274501;2020-03-10;"terça-feira";"15:00:00";"SP";381;14;"BRAGANCA PAULISTA";"Ultrapassagem Indevida";"Saída de leito carroçável";"Sem Vítimas";"Pleno dia";"Decrescente";"Sol";"Dupla";"Reta";"Sim";1;0;0;0;1;0;0;1;-22,94112;-46,4745;"SR-SP";"UOP01";"DEL03"
274502;2020-03-10;"terça-feira";"14:20:00";"MG";40;557,2;"NOVA LIMA";"Pista Escorregadia";"Queda de ocupante de veículo";"Com Vítimas Feridas";"Pleno dia";"Decrescente";"Chuva";"Dupla";"Curva";"Sim";1;0;1;0;0;0;1;1;-20,10255;-43,97493;"SR-MG";"UOP02";"DEL01"
274503;2020-02-26;"quarta-feira";"15:50:00";"ES";259;59,9;"COLATINA";"Desobediência às normas de trânsito pelo condutor";"Colisão transversal";"Com Vítimas Feridas";"Pleno dia";"Crescente";"Céu Claro";"Simples";"Curva";"Não";3;0;2;0;0;1;2;3;-19,52776;-40,67945;"SR-ES";"UOP01";"DEL02"
274504;2020-03-10;"terça-feira";"14:50:00";"SC";101;215,2;"PALHOCA";"Defeito Mecânico no Veículo";"Tombamento";"Com Vítimas Feridas";"Pleno dia";"Decrescente";"Sol";"Dupla";"Reta";"Sim";2;0;2;0;0;0;2;1;-27,65185;-48,67605;"SR-SC";"UOP02";"DEL01"
274506;2020-03-10;"terça-feira";"12:35:00";"MT";163;572,1;"NOVA MUTUM";"Falta de Atenção à Condução";"Saída de leito carroçável";"Com Vítimas Feridas";"Pleno dia";"Decrescente";"Céu Claro";"Simples";"Reta";"Não";1;0;1;0;0;0;1;1;-14,14611;-56,09974;"SR-MT";"UOP01";"DEL01"
274507;2020-03-10;"terça-feira";"14:00:00";"RS";158;325,7;"SANTA MARIA";"Mal Súbito";"Colisão transversal";"Com Vítimas Feridas";"Pleno dia";"Decrescente";"Céu Claro";"Dupla";"Reta";"Sim";2;0;1;0;1;0;1;2;-29,70375;-53,79525;"SR-RS";"UOP01";"DEL09"