"id";"data_inversa";"dia_semana";"horario";"uf";"br";"km";"municipio";"causa_acidente";"tipo_acidente";"classificacao_acidente";"fase_dia";"sentido_via";"condicao_metereologica";"tipo_pista";"tracado_via";"uso_solo";"pessoas";"mortos";"feridos_leves";"feridos_graves";"ilesos";"ignorados";"feridos";"veiculos";"latitude";"longitude";"regional";"delegacia";"uop"
274773;2020-03-11;"quarta-feira";"18:25:00";"RN";304;35,6;"MOSSORO";"Defeito na Via";"Colisão com objeto estático";"Com Vítimas Feridas";"Pleno dia";"Crescente";"Céu Claro";"Dupla";"Rotatória";"Sim";1;0;1;0;0;0;1;1;-5,161495;-37,35068;"SR-RN";"UOP02";"DEL04"
274775;2020-03-11;"quarta-feira";"21:00:00";"GO";153;296;"RIALMA";"Ingestão de Álcool";"Colisão lateral";"Com Vítimas Feridas";"Pleno dia";"Decrescente";"Chuva";"Simples";"Não Informado";"Não";3;0;1;0;2;0;1;2;-15,25525;-49,55017;"SR-GO";"UOP02";"DEL02"
274776;2020-03-11;"quarta-feira";"20:50:00";"SP";116;198;"ARUJA";"Desobediência às normas de trânsito pelo condutor";"Atropelamento de Pedestre";"Com Vítimas Fatais";"Plena Noite";"Decrescente";"Céu Claro";"Dupla";"Não Informado";"Não";2;1;0;0;0;1;0;1;-23,39985;-46,30163;"SR-SP";"UOP01";"DEL01"
274777;2020-03-11;"quarta-feira";"20:40:00";"PE";408;99;"SAO LOURENCO DA MATA";"Desobediência às normas de trânsito pelo condutor";"Colisão lateral";"Sem Vítimas";"Plena Noite";"Decrescente";"Nublado";"Dupla";"Reta";"Não";1;0;0;0;0;1;0;1;-8,041336;-35,02531;"SR-PE";"UOP01";"DEL01"
274778;2020-03-11;"quarta-feira";"21:00:00";"PR";116;122;"CURITIBA";"Falta de Atenção à Condução";"Tombamento";"Com Vítimas Feridas";"Plena Noite";"Crescente";"Céu Claro";"Dupla";"Reta";"Sim";1;0;0;1;0;0;1;1;-25,56857;-49,31023;"SR-PR";"UOP03";"DEL01"
274779;2020-03-11;"quarta-feira";"18:38:00";"PE";232;408,3;"SERRA TALHADA";"Falta de Atenção à Condução";"Atropelamento de Pedestre";"Com Vítimas Feridas";"Plena Noite";"Decrescente";"Céu Claro";"Simples";"Desvio Temporário";"Sim";3;0;1;1;1;0;2;1;-7,983439;-38,28315;"SR-PE";"UOP01";"DEL04"
274780;2020-03-11;"quarta-feira";"15:40:00";"SC";282;504,9;"XANXERE";"Pista Escorregadia";"Tombamento";"Com Vítimas Feridas";"Pleno dia";"Decrescente";"Céu Claro";"Simples";"Não Informado";"Sim";2;0;1;0;1;0;1;2;-26,88428;-52,40847;"SR-SC";"UOP01";"DEL07"
274781;2020-03-11;"quarta-feira";"20:00:00";"RJ";101;317,7;"SAO GONCALO";"Avarias e/ou desgaste excessivo no pneu";"Tombamento";"Com Vítimas Feridas";"Plena Noite";"Crescente";"Céu Claro";"Dupla";"Reta";"Sim";2;0;2;0;0;0;2;1;-22,83708;-43,09492;"SR-RJ";"UOP01";"DEL02"
274782;2020-03-11;"quarta-feira";"21:40:00";"SP";116;145,7;"SAO JOSE DOS CAMPOS";"Falta de Atenção à Condução";"Colisão traseira";"Com Vítimas Feridas";"Plena Noite";"Decrescente";"Céu Claro";"Múltipla";"Não Informado";"Sim";2;0;1;0;1;0;1;2;-23,18698;-45,85481;"SR-SP";"UOP01";"DEL02"
274783;2020-03-11;"quarta-feira";"18:50:00";"PI";343;348,4;"TERESINA";"Desobediência às normas de trânsito pelo condutor";"Colisão transversal";"Com Vítimas Feridas";"Plena Noite";"Decrescente";"Céu Claro";"Simples";"Interseção de vias";"Sim";3;0;2;0;1;0;2;2;-5,120096;-42,78909;"SR-PI";"UOP01";"DEL01"
274784;2020-03-11;"quarta-feira";"22:00:00";"PE";408;85,8;"SAO LOURENCO DA MATA";"Falta de Atenção à Condução";"Atropelamento de Animal";"Sem Vítimas";"Plena Noite";"Crescente";"Céu Claro";"Dupla";"Reta";"Não";4;0;0;0;0;4;0;1;-7,954301;-35,10253;"SR-PE";"UOP01";"DEL01"
274785;2020-03-11;"quarta-feira";"20:00:00";"MG";40;823,2;"SIMAO PEREIRA";"Falta de Atenção do Pedestre";"Atropelamento de Pedestre";"Com Vítimas Fatais";"Plena Noite";"Crescente";"Céu Claro";"Dupla";"Desvio Temporário";"Não";2;1;0;0;0;1;0;1;-21,96149;-43,29868;"SR-MG";"UOP01";"DEL05"
274786;2020-03-11;"quarta-feira";"18:20:00";"RS";116;158,1;"CAXIAS DO SUL";"Falta de Atenção do Pedestre";"Atropelamento de Pedestre";"Com Vítimas Feridas";"Anoitecer";"Decrescente";"Céu Claro";"Simples";"Não Informado";"Não";2;0;1;0;1;0;1;1;-29,22016;-51,16867;"SR-RS";"UOP01";"DEL05"
274787;2020-03-11;"quarta-feira";"19:45:00";"TO";230;32;"NAZARE";"Carga excessiva e/ou mal acondicionada";"Tombamento";"Sem Vítimas";"Plena Noite";"Decrescente";"Céu Claro";"Simples";"Não Informado";"Não";2;0;0;0;2;0;0;1;-6,404914;-47,63617;"SR-TO";"UOP05";"DEL02"
274788;2020-02-01;"sábado";"02:30:00";"PI";343;147,9;"PIRACURUCA";"Desobediência às normas de trânsito pelo pedestre";"Atropelamento de Pedestre";"Com Vítimas Fatais";"Plena Noite";"Decrescente";"Nublado";"Simples";"Reta";"Não";2;1;0;0;0;1;0;1;-3,967359;-41,74706;"SR-PI";"DEL17/2";"UOP01/PI"
274789;2020-03-11;"quarta-feira";"19:50:00";"PR";476;111,5;"COLOMBO";"Falta de Atenção à Condução";"Queda de ocupante de veículo";"Com Vítimas Feridas";"Plena Noite";"Crescente";"Nublado";"Simples";"Curva";"Não";1;0;1;0;0;0;1;1;-25,31506;-49,15355;"SR-PR";"UOP06";"DEL01"
274790;2020-03-11;"quarta-feira";"23:30:00";"SP";153;342,5;"OURINHOS";"Desobediência às normas de trânsito pelo condutor";"Colisão lateral";"Com Vítimas Feridas";"Plena Noite";"Crescente";"Céu Claro";"Dupla";"Reta";"Sim";3;0;0;1;1;1;1;2;-22,95144;-49,90986;"SR-SP";"UOP03";"DEL07"
274791;2020-03-11;"quarta-feira";"20:27:00";"MT";174;286;"PONTES E LACERDA";"Falta de Atenção à Condução";"Colisão traseira";"Com Vítimas Feridas";"Plena Noite";"Crescente";"Céu Claro";"Simples";"Reta";"Não";4;0;1;1;2;0;2;2;-15,26829;-59,29733;"SR-MT";"UOP01";"DEL04"
274792;2020-03-11;"quarta-feira";"16:30:00";"SC";282;549;"CHAPECO";"Ingestão de Álcool";"Saída de leito carroçável";"Sem Vítimas";"Pleno dia";"Crescente";"Céu Claro";"Simples";"Reta";"Não";1;0;0;0;1;0;0;1;-26,96266;-52,76227;"SR-SC";"UOP01";"DEL07"
274793;2020-03-11;"quarta-feira";"09:20:00";"AL";423;57;"AGUA BRANCA";"Animais na Pista";"Atropelamento de Animal";"Com Vítimas Feridas";"Plena Noite";"Decrescente";"Céu Claro";"Simples";"Não Informado";"Não";2;0;1;0;1;0;1;1;-9,281823;-37,78263;"SR-AL";"UOP02";"DEL03"
274794;2020-03-11;"quarta-feira";"20:10:00";"MG";50;61;"UBERLANDIA";"Defeito Mecânico no Veículo";"Incêndio";"Sem Vítimas";"Plena Noite";"Crescente";"Céu Claro";"Dupla";"Reta";"Não";2;0;0;0;2;0;0;1;-18,81603;-48,25003;"SR-MG";"UOP02";"DEL15"
274795;2020-03-11;"quarta-feira";"21:15:00";"BA";101;710,3;"EUNAPOLIS";"Animais na Pista";"Atropelamento de Animal";"Com Vítimas Fatais";"Plena Noite";"Crescente";"Chuva";"Simples";"Reta";"Não";1;1;0;0;0;0;0;1;-16,32431;-39,59297;"SR-BA";"UOP01";"DEL09"
274796;2020-03-11;"quarta-feira";"19:30:00";"PI";230;168;"SAO JOAO DA VARJOTA";"Defeito na Via";"Capotamento";"Sem Vítimas";"Plena Noite";"Crescente";"Nublado";"Simples";"Curva";"Não";1;0;0;0;1;0;0;1;-6,932483;-41,88557;"SR-PI";"UOP01";"DEL04"
274797;2020-03-11;"quarta-feira";"23:05:00";"GO";40;3,3;"VALPARAISO DE GOIAS";"Falta de Atenção à Condução";"Colisão traseira";"Sem Vítimas";"Plena Noite";"Crescente";"Céu Claro";"Dupla";"Reta";"Não";2;0;0;0;2;0;0;2;-16,07608;-47,98567;"SR-DF";"UOP01";"DEL01"
274798;2020-03-11;"quarta-feira";"23:30:00";"RJ";356;63;"ITAPERUNA";"Defeito Mecânico no Veículo";"Saída de leito carroçável";"Com Vítimas Feridas";"Plena Noite";"Crescente";"Céu Claro";"Simples";"Curva";"Não";1;0;1;0;0;0;1;1;-21,33357;-41,71118;"SR-RJ";"UOP03";"DEL08"
274799;2020-03-11;"quarta-feira";"21:30:00";"SC";282;183,4;"BOCAINA DO SUL";"Animais na Pista";"Colisão com objeto estático";"Com Vítimas Feridas";"Plena Noite";"Decrescente";"Céu Claro";"Simples";"Reta";"Não";4;0;2;2;0;0;4;1;-27,73362;-49,9683;"SR-SC";"UOP01";"DEL05"
274800;2020-03-11;"quarta-feira";"23:40:00";"MG";356;272,2;"EUGENOPOLIS";"Velocidade Incompatível";"Saída de leito carroçável";"Sem Vítimas";"Plena Noite";"Crescente";"Céu Claro";"Simples";"Curva";"Não";1;0;0;0;0;1;0;1;-21,13766;-42,31069;"SR-MG";"UOP02";"DEL07"
274801;2020-03-12;"quinta-feira";"00:40:00";"BA";101;948;"MUCURI";"Falta de Atenção à Condução";"Colisão lateral";"Com Vítimas Feridas";"Plena Noite";"Crescente";"Chuva";"Simples";"Reta";"Não";2;0;0;1;1;0;1;2;-18,1684;-39,91874;"SR-BA";"UOP02";"DEL09"
274802;2020-03-12;"quinta-feira";"00:50:00";"PR";277;729,1;"FOZ DO IGUACU";"Defeito Mecânico no Veículo";"Tombamento";"Com Vítimas Feridas";"Plena Noite";"Decrescente";"Céu Claro";"Dupla";"Reta";"Sim";1;0;0;1;0;0;1;1;-25,50681;-54,58652;"SR-PR";"UOP02";"DEL05"
274803;2020-03-11;"quarta-feira";"23:25:00";"SC";282;660,5;"SAO MIGUEL DO OESTE";"Falta de Atenção à Condução";"Saída de leito carroçável";"Com Vítimas Feridas";"Plena Noite";"Crescente";"Céu Claro";"Simples";"Curva";"Não";1;0;1;0;0;0;1;1;-26,67506;-53,56607;"SR-SC";"UOP03";"DEL07"
274804;2020-03-12;"quinta-feira";"01:10:00";"PR";369;417;"JURANDA";"Condutor Dormindo";"Saída de leito carroçável";"Com Vítimas Feridas";"Plena Noite";"Crescente";"Céu Claro";"Simples";"Curva";"Não";2;0;2;0;0;0;2;1;-24,3685;-52,7668;"SR-PR";"UOP04";"DEL04"
274805;2020-03-12;"quinta-feira";"00:20:00";"SP";116;166,3;"JACAREI";"Não guardar distância de segurança";"Saída de leito carroçável";"Sem Vítimas";"Plena Noite";"Decrescente";"Céu Claro";"Dupla";"Reta";"Sim";2;0;0;0;1;1;0;1;-23,30103;-46,01686;"SR-SP";"UOP01";"DEL02"
274806;2020-03-12;"quinta-feira";"00:40:00";"GO";153;583,5;"PIRACANJUBA";"Avarias e/ou desgaste excessivo no pneu";"Tombamento";"Com Vítimas Feridas";"Plena Noite";"Decrescente";"Céu Claro";"Dupla";"Não Informado";"Não";2;0;1;0;1;0;1;1;-17,4071;-49,2247;"SR-GO";"UOP01";"DEL03"
274807;2020-03-11;"quarta-feira";"13:15:00";"SC";101;384,9;"ICARA";"Falta de Atenção à Condução";"Saída de leito carroçável";"Com Vítimas Feridas";"Pleno dia";"Decrescente";"Céu Claro";"Múltipla";"Reta";"Sim";1;0;1;0;0;0;1;1;-28,76851;-49,30255;"SR-SC";"UOP02";"DEL02"
274808;2020-03-12;"quinta-feira";"01:10:00";"PE";101;41,6;"IGARASSU";"Pista Escorregadia";"Colisão com objeto estático";"Com Vítimas Feridas";"Plena Noite";"Decrescente";"Chuva";"Simples";"Não Informado";"Sim";1;0;1;0;0;0;1;1;-7,830383;-34,91427;"SR-PE";"UOP02";"DEL01"
274809;2020-03-12;"quinta-feira";"00:30:00";"MT";163;648;"LUCAS DO RIO VERDE";"Falta de Atenção à Condução";"Saída de leito carroçável";"Com Vítimas Feridas";"Plena Noite";"Decrescente";"Nublado";"Simples";"Curva";"Não";1;0;0;1;0;0;1;1;-13,49408;-56,05191;"SR-MT";"UOP01";"DEL06"
274810;2020-03-12;"quinta-feira";"01:35:00";"SP";116;212;"GUARULHOS";"Ingestão de Álcool";"Colisão traseira";"Com Vítimas Feridas";"Plena Noite";"Decrescente";"Céu Claro";"Múltipla";"Reta";"Sim";2;0;1;0;1;0;1;2;-23,43655;-46,42911;"SR-SP";"UOP01";"DEL01"
274811;2020-03-12;"quinta-feira";"02:40:00";"SC";101;96;"BALNEARIO PICARRAS";"Agressão Externa";"Incêndio";"Sem Vítimas";"Plena Noite";"Decrescente";"Céu Claro";"Simples";"Reta";"Sim";1;0;0;0;0;1;0;1;-26,71843;-48,70233;"SR-SC";"UOP02";"DEL03"
274812;2020-03-11;"quarta-feira";"16:40:00";"GO";452;125;"BOM JESUS DE GOIAS";"Defeito na Via";"Tombamento";"Sem Vítimas";"Pleno dia";"Crescente";"Céu Claro";"Simples";"Reta";"Não";1;0;0;0;1;0;0;1;-18,19733;-49,78138;"SR-GO";"UOP02";"DEL03"
274813;2020-03-12;"quinta-feira";"04:10:00";"SC";101;374;"ICARA";"Defeito Mecânico no Veículo";"Incêndio";"Sem Vítimas";"Plena Noite";"Decrescente";"Céu Claro";"Dupla";"Reta";"Não";1;0;0;0;1;0;0;1;-28,71534;-49,22723;"SR-SC";"UOP01";"DEL02"
274814;2020-03-12;"quinta-feira";"04:00:00";"MG";381;404;"BOM JESUS DO AMPARO";"Falta de Atenção à Condução";"Colisão transversal";"Com Vítimas Feridas";"Plena Noite";"Decrescente";"Céu Claro";"Simples";"Reta";"Não";3;0;1;0;2;0;1;2;-19,74219;-43,50487;"SR-MG";"UOP01";"DEL01"
274815;2020-03-12;"quinta-feira";"02:40:00";"PE";232;66;"GRAVATA";"Falta de Atenção à Condução";"Colisão lateral";"Com Vítimas Feridas";"Plena Noite";"Decrescente";"Nublado";"Dupla";"Curva";"Não";2;0;1;0;1;0;1;2;-8,173267;-35,45883;"SR-PE";"UOP04";"DEL01"
274816;2020-03-11;"quarta-feira";"23:00:00";"BA";101;58;"ENTRE RIOS";"Falta de Atenção à Condução";"Saída de leito carroçável";"Com Vítimas Feridas";"Plena Noite";"Crescente";"Céu Claro";"Simples";"Reta";"Não";1;0;1;0;0;0;1;1;-11,96029;-38,09467;"SR-BA";"UOP04";"DEL01"
274817;2020-03-12;"quinta-feira";"05:00:00";"MG";40;586,7;"ITABIRITO";"Velocidade Incompatível";"Tombamento";"Sem Vítimas";"Amanhecer";"Crescente";"Céu Claro";"Simples";"Reta";"Não";1;0;0;0;1;0;0;1;-20,35149;-43,91313;"SR-MG";"UOP02";"DEL01"
274818;2020-03-12;"quinta-feira";"05:00:00";"RJ";40;93;"DUQUE DE CAXIAS";"Condutor Dormindo";"Colisão traseira";"Com Vítimas Feridas";"Amanhecer";"Crescente";"Céu Claro";"Simples";"Reta";"Não";3;0;1;0;2;0;1;2;-22,55543;-43,2583;"SR-RJ";"UOP01";"DEL01"
274819;2020-03-12;"quinta-feira";"05:40:00";"GO";20;173;"ALVORADA DO NORTE";"Desobediência às normas de trânsito pelo condutor";"Saída de leito carroçável";"Com Vítimas Feridas";"Amanhecer";"Crescente";"Garoa/Chuvisco";"Simples";"Reta";"Não";1;0;1;0;0;0;1;1;-14,52641;-46,53415;"SR-DF";"UOP02";"DEL02"
274820;2020-03-12;"quinta-feira";"06:10:00";"PR";277;2,1;"PARANAGUA";"Falta de Atenção à Condução";"Queda de ocupante de veículo";"Com Vítimas Feridas";"Pleno dia";"Crescente";"Sol";"Simples";"Reta";"Sim";1;0;1;0;0;0;1;1;-25,53129;-48,5503;"SR-PR";"UOP07";"DEL01"
274821;2020-03-12;"quinta-feira";"05:40:00";"SP";116;285;"ITAPECERICA DA SERRA";"Desobediência às normas de trânsito pelo condutor";"Colisão transversal";"Com Vítimas Feridas";"Amanhecer";"Decrescente";"Céu Claro";"Simples";"Interseção de vias";"Não";2;0;1;0;0;1;1;2;-23,68361;-46,85813;"SR-SP";"UOP01";"DEL04"
274822;2020-03-12;"quinta-feira";"05:20:00";"PR";163;185,5;"SANTA TEREZA DO OESTE";"Condutor Dormindo";"Saída de leito carroçável";"Com Vítimas Feridas";"Amanhecer";"Crescente";"Céu Claro";"Dupla";"Reta";"Não";1;0;1;0;0;0;1;1;-25,13566;-53,5836;"SR-PR";"UOP06";"DEL04"
274823;2020-03-12;"quinta-feira";"06:02:00";"PR";277;597,1;"CASCAVEL";"Avarias e/ou desgaste excessivo no pneu";"Tombamento";"Com Vítimas Feridas";"Amanhecer";"Crescente";"Céu Claro";"Dupla";"Reta";"Não";1;0;1;0;0;0;1;1;-24,99514;-53,51419;"SR-PR";"UOP01";"DEL04"
274824;2020-03-12;"quinta-feira";"03:10:00";"PR";376;328,3;"ORTIGUEIRA";"Falta de Atenção à Condução";"Saída de leito carroçável";"Sem Vítimas";"Plena Noite";"Decrescente";"Céu Claro";"Simples";"Curva";"Não";1;0;0;0;1;0;0;1;-24,07955;-51,05923;"SR-PR";"UOP02";"DEL07"
274825;2020-03-12;"quinta-feira";"05:10:00";"MA";316;533,2;"CAXIAS";"Ingestão de Substâncias Psicoativas";"Colisão com objeto estático";"Com Vítimas Feridas";"Amanhecer";"Crescente";"Céu Claro";"Simples";"Não Informado";"Não";1;0;0;1;0;0;1;1;-4,829645;-43,50286;"SR-MA";"UOP02";"DEL03"
274828;2020-03-12;"quinta-feira";"05:30:00";"PR";476;232,9;"LAPA";"Velocidade Incompatível";"Tombamento";"Com Vítimas Feridas";"Amanhecer";"Crescente";"Céu Claro";"Simples";"Curva";"Não";1;0;0;1;0;0;1;1;-25,88307;-49,99879;"SR-PR";"UOP05";"DEL03"
274829;2020-03-12;"quinta-feira";"06:30:00";"GO";40;130;"CRISTALINA";"Não guardar distância de segurança";"Colisão traseira";"Com Vítimas Feridas";"Pleno dia";"Crescente";"Céu Claro";"Dupla";"Reta";"Não";2;0;2;0;0;0;2;2;-16,90881;-47,35007;"SR-DF";"UOP04";"DEL01"
274830;2020-03-12;"quinta-feira";"07:05:00";"RS";470;232,8;"GARIBALDI";"Desobediência às normas de trânsito pelo condutor";"Colisão transversal";"Com Vítimas Feridas";"Pleno dia";"Decrescente";"Céu Claro";"Simples";"Não Informado";"Não";2;0;1;0;1;0;1;2;-29,23579;-51,51193;"SR-RS";"UOP01";"DEL06"
274831;2020-03-12;"quinta-feira";"06:40:00";"MG";40;528,8;"CONTAGEM";"Não guardar distância de segurança";"Colisão traseira";"Com Vítimas Feridas";"Pleno dia";"Crescente";"Céu Claro";"Dupla";"Reta";"Sim";2;0;1;0;1;0;1;2;-19,91435;-44,04033;"SR-MG";"UOP02";"DEL01"
274832;2020-03-12;"quinta-feira";"06:30:00";"PE";101;135,8;"ESCADA";"Fenômenos da Natureza";"Colisão com objeto estático";"Com Vítimas Feridas";"Pleno dia";"Decrescente";"Chuva";"Dupla";"Curva";"Não";1;0;1;0;0;0;1;1;-8,411476;-35,296;"SR-PE";"UOP03";"DEL01"
274833;2020-03-12;"quinta-feira";"07:00:00";"SP";153;61,4;"SAO JOSE DO RIO PRETO";"Falta de Atenção à Condução";"Colisão traseira";"Com Vítimas Feridas";"Pleno dia";"Decrescente";"Céu Claro";"Dupla";"Reta";"Sim";2;0;1;0;1;0;1;2;-20,80503;-49,35575;"SR-SP";"UOP01";"DEL09"
274834;2020-03-12;"quinta-feira";"06:50:00";"SP";116;146,7;"SAO JOSE DOS CAMPOS";"Falta de Atenção à Condução";"Colisão lateral";"Com Vítimas Feridas";"Pleno dia";"Decrescente";"Céu Claro";"Múltipla";"Desvio Temporário";"Sim";2;0;1;0;1;0;1;2;-23,19123;-45,86328;"SR-SP";"UOP01";"DEL02"
274835;2020-03-12;"quinta-feira";"05:30:00";"GO";60;56;"ABADIANIA";"Ingestão de Álcool";"Saída de leito carroçável";"Sem Vítimas";"Pleno dia";"Decrescente";"Céu Claro";"Dupla";"Reta";"Não";1;0;0;0;1;0;0;1;-16,1894;-48,67;"SR-GO";"UOP01";"DEL02"
274837;2020-03-12;"quinta-feira";"07:30:00";"PR";277;345,5;"GUARAPUAVA";"Falta de Atenção à Condução";"Colisão transversal";"Com Vítimas Feridas";"Pleno dia";"Crescente";"Sol";"Simples";"Não Informado";"Sim";5;0;3;0;2;0;3;2;-25,33928;-51,4288;"SR-PR";"UOP01";"DEL08"
274838;2020-03-12;"quinta-feira";"05:55:00";"PB";101;124;"CAAPORA";"Velocidade Incompatível";"Saída de leito carroçável";"Sem Vítimas";"Amanhecer";"Crescente";"Chuva";"Dupla";"Não Informado";"Não";1;0;0;0;0;1;0;1;-7,467469;-34,97726;"SR-PB";"UOP01";"DEL01"
274839;2020-03-12;"quinta-feira";"06:50:00";"GO";60;16;"ALEXANIA";"Falta de Atenção à Condução";"Colisão traseira";"Com Vítimas Feridas";"Pleno dia";"Decrescente";"Céu Claro";"Dupla";"Curva";"Não";2;0;1;0;1;0;1;2;-16,11366;-48,36868;"SR-DF";"UOP02";"DEL01"
274840;2020-03-12;"quinta-feira";"07:30:00";"SP";116;391,5;"MIRACATU";"Defeito Mecânico no Veículo";"Colisão com objeto estático";"Com Vítimas Feridas";"Pleno dia";"Decrescente";"Céu Claro";"Dupla";"Curva";"Não";1;0;1;0;0;0;1;1;-24,28027;-47,42835;"SR-SP";"UOP02";"DEL04"
274841;2020-03-12;"quinta-feira";"07:30:00";"RJ";101;316;"SAO GONCALO";"Falta de Atenção à Condução";"Colisão lateral";"Com Vítimas Feridas";"Pleno dia";"Crescente";"Céu Claro";"Dupla";"Desvio Temporário";"Sim";2;0;2;0;0;0;2;2;-22,82836;-43,09209;"SR-RJ";"UOP01";"DEL02"
274842;2020-03-12;"quinta-feira";"08:00:00";"PR";153;349;"REBOUCAS";"Falta de Atenção à Condução";"Colisão transversal";"Com Vítimas Feridas";"Pleno dia";"Crescente";"Céu Claro";"Simples";"Não Informado";"Sim";2;0;1;0;1;0;1;2;-25,60375;-50,69206;"SR-PR";"UOP02";"DEL08"
274843;2020-03-11;"quarta-feira";"12:30:00";"MG";251;230,3;"SANTA CRUZ DE SALINAS";"Ultrapassagem Indevida";"Colisão frontal";"Com Vítimas Feridas";"Pleno dia";"Crescente";"Céu Claro";"Simples";"Reta";"Não";3;0;2;0;1;0;2;3;-15,96745;-41,70259;"SR-MG";"UOP02";"DEL11"
274844;2020-03-12;"quinta-feira";"07:40:00";"RO";364;711;"PORTO VELHO";"Não guardar distância de segurança";"Colisão traseira";"Sem Vítimas";"Pleno dia";"Crescente";"Sol";"Múltipla";"Reta";"Sim";2;0;0;0;2;0;0;2;-8,781539;-63,86531;"SR-RO";"UOP01";"DEL01"
274845;2020-03-12;"quinta-feira";"07:55:00";"RJ";116;179;"NOVA IGUACU";"Falta de Atenção à Condução";"Colisão transversal";"Com Vítimas Feridas";"Pleno dia";"Decrescente";"Céu Claro";"Simples";"Reta";"Sim";2;0;1;0;0;1;1;2;-22,7699;-43,40804;"SR-RJ";"UOP02";"DEL01"
274846;2020-03-12;"quinta-feira";"06:45:00";"MG";381;481;"BETIM";"Falta de Atenção à Condução";"Colisão traseira";"Com Vítimas Feridas";"Pleno dia";"Decrescente";"Céu Claro";"Múltipla";"Reta";"Sim";5;0;0;2;2;1;2;3;-19,95932;-44,08826;"SR-MG";"UOP03";"DEL01"
274847;2020-03-12;"quinta-feira";"08:30:00";"PE";101;5,8;"GOIANA";"Defeito na Via";"Colisão com objeto estático";"Com Vítimas Feridas";"Pleno dia";"Crescente";"Nublado";"Dupla";"Reta";"Não";1;0;1;0;0;0;1;1;-7,541764;-34,99139;"SR-PE";"UOP02";"DEL01"
274848;2020-03-12;"quinta-feira";"07:30:00";"GO";153;98;"SANTA TEREZA DE GOIAS";"Falta de Atenção à Condução";"Colisão frontal";"Com Vítimas Feridas";"Pleno dia";"Crescente";"Garoa/Chuvisco";"Dupla";"Reta";"Não";5;0;1;1;3;0;2;3;-13,63815;-49,04092;"SR-GO";"UOP01";"DEL07"
274850;2020-03-12;"quinta-feira";"08:50:00";"RS";386;328,2;"MARQUES DE SOUZA";"Falta de Atenção à Condução";"Tombamento";"Com Vítimas Feridas";"Pleno dia";"Crescente";"Céu Claro";"Simples";"Reta";"Não";1;0;1;0;0;0;1;1;-29,33602;-52,08705;"SR-RS";"UOP01";"DEL04"
274851;2020-03-12;"quinta-feira";"09:20:00";"SP";116;211;"GUARULHOS";"Não guardar distância de segurança";"Colisão lateral";"Com Vítimas Feridas";"Pleno dia";"Crescente";"Céu Claro";"Dupla";"Desvio Temporário";"Sim";2;0;2;0;0;0;2;1;-23,43243;-46,41944;"SR-SP";"UOP01";"DEL01"
274852;2020-03-12;"quinta-feira";"09:00:00";"RJ";116;133;"MAGE";"Falta de Atenção à Condução";"Colisão traseira";"Com Vítimas Feridas";"Pleno dia";"Decrescente";"Sol";"Dupla";"Reta";"Sim";2;0;1;0;1;0;1;2;-22,65418;-43,14383;"SR-RJ";"UOP02";"DEL04"
274853;2020-03-12;"quinta-feira";"09:30:00";"SP";116;269;"TABOAO DA SERRA";"Falta de Atenção à Condução";"Colisão lateral";"Com Vítimas Feridas";"Pleno dia";"Crescente";"Céu Claro";"Dupla";"Reta";"Sim";3;0;2;0;1;0;2;2;-23,61593;-46,78826;"SR-SP";"UOP01";"DEL04"
274854;2020-03-12;"quinta-feira";"07:55:00";"PR";277;334,4;"GUARAPUAVA";"Avarias e/ou desgaste excessivo no pneu";"Saída de leito carroçável";"Com Vítimas Feridas";"Pleno dia";"Crescente";"Sol";"Dupla";"Não Informado";"Não";3;0;3;0;0;0;3;1;-25,3658;-51,34538;"SR-PR";"UOP01";"DEL08"
274856;2020-03-12;"quinta-feira";"09:30:00";"RS";116;429,5;"CRISTAL";"Falta de Atenção à Condução";"Colisão com objeto estático";"Sem Vítimas";"Pleno dia";"Crescente";"Sol";"Simples";"Curva";"Não";1;0;0;0;1;0;0;1;-31,00408;-52,05172;"SR-RS";"UOP02";"DEL02"
274858;2020-03-12;"quinta-feira";"09:50:00";"AL";101;115,5;"PILAR";"Desobediência às normas de trânsito pelo condutor";"Colisão frontal";"Com Vítimas Feridas";"Pleno dia";"Crescente";"Nublado";"Simples";"Não Informado";"Não";5;0;2;0;3;0;2;2;-9,642675;-36,02458;"SR-AL";"UOP01";"DEL02"
274859;2020-03-12;"quinta-feira";"10:00:00";"SP";116;218,5;"GUARULHOS";"Velocidade Incompatível";"Colisão traseira";"Com Vítimas Feridas";"Pleno dia";"Crescente";"Sol";"Múltipla";"Reta";"Sim";3;0;1;1;0;1;2;3;-23,45797;-46,47993;"SR-SP";"UOP01";"DEL01"
274860;2020-03-12;"quinta-feira";"03:20:00";"BA";101;817,8;"ITAMARAJU";"Velocidade Incompatível";"Saída de leito carroçável";"Com Vítimas Fatais";"Plena Noite";"Crescente";"Chuva";"Simples";"Curva";"Não";29;2;25;1;1;0;26;1;-17,10627;-39,5606;"SR-BA";"UOP01";"DEL09"