"id";"data_inversa";"dia_semana";"horario";"uf";"br";"km";"municipio";"causa_acidente";"tipo_acidente";"classificacao_acidente";"fase_dia";"sentido_via";"condicao_metereologica";"tipo_pista";"tracado_via";"uso_solo";"pessoas";"mortos";"feridos_leves";"feridos_graves";"ilesos";"ignorados";"feridos";"veiculos";"latitude";"longitude";"regional";"delegacia";"uop"
274956;2020-03-12;"quinta-feira";"20:00:00";"MG";365;616;"UBERLANDIA";"Falta de Atenção do Pedestre";"Atropelamento de Pedestre";"Com Vítimas Feridas";"Plena Noite";"Decrescente";"Céu Claro";"Dupla";"Reta";"Sim";2;0;0;2;0;0;2;1;-18,8846;-48,26594;"SR-MG";"UOP01";"DEL15"
274957;2020-03-12;"quinta-feira";"19:50:00";"PR";369;177,5;"ROLANDIA";"Animais na Pista";"Atropelamento de Animal";"Com Vítimas Feridas";"Plena Noite";"Crescente";"Nublado";"Simples";"Reta";"Sim";1;0;0;1;0;0;1;1;-23,34533;-51,38658;"SR-PR";"UOP01";"DEL07"
274958;2020-03-12;"quinta-feira";"19:25:00";"PR";476;118;"COLOMBO";"Falta de Atenção do Pedestre";"Atropelamento de Pedestre";"Com Vítimas Feridas";"Plena Noite";"Decrescente";"Céu Claro";"Múltipla";"Não Informado";"Sim";3;0;0;2;0;1;2;1;-25,35634;-49,18083;"SR-PR";"UOP06";"DEL01"
274959;2020-03-12;"quinta-feira";"19:28:00";"PR";277;7,4;"PARANAGUA";"Não guardar distância de segurança";"Colisão lateral";"Com Vítimas Feridas";"Plena Noite";"Decrescente";"Céu Claro";"Dupla";"Reta";"Não";2;0;1;0;1;0;1;2;-25,5682;-48,61529;"SR-PR";"UOP07";"DEL01"
274960;2020-03-12;"quinta-feira";"20:10:00";"SC";280;55;"GUARAMIRIM";"Não guardar distância de segurança";"Colisão traseira";"Com Vítimas Feridas";"Plena Noite";"Crescente";"Céu Claro";"Simples";"Reta";"Sim";2;0;0;1;1;0;1;2;-26,47584;-48,99379;"SR-SC";"UOP03";"DEL03"
274961;2020-03-12;"quinta-feira";"20:40:00";"PR";369;173;"ROLANDIA";"Ingestão de Álcool";"Tombamento";"Com Vítimas Feridas";"Plena Noite";"Decrescente";"Céu Claro";"Múltipla";"Não Informado";"Sim";1;0;0;1;0;0;1;1;-23,31029;-51,36943;"SR-PR";"UOP01";"DEL07"
274963;2020-03-12;"quinta-feira";"20:30:00";"AL";104;37,1;"UNIAO DOS PALMARES";"Animais na Pista";"Atropelamento de Animal";"Com Vítimas Feridas";"Plena Noite";"Crescente";"Garoa/Chuvisco";"Simples";"Reta";"Não";2;0;1;0;1;0;1;1;-9,174913;-36,02935;"SR-AL";"UOP02";"DEL01"
274964;2020-03-12;"quinta-feira";"18:00:00";"PR";369;199;"APUCARANA";"Velocidade Incompatível";"Tombamento";"Com Vítimas Feridas";"Pleno dia";"Crescente";"Céu Claro";"Simples";"Curva";"Sim";1;0;0;1;0;0;1;1;-23,52307;-51,44369;"SR-PR";"UOP03";"DEL07"
274965;2020-03-12;"quinta-feira";"19:55:00";"PR";163;286;"MARECHAL CANDIDO RONDON";"Desobediência às normas de trânsito pelo condutor";"Colisão frontal";"Com Vítimas Feridas";"Plena Noite";"Crescente";"Céu Claro";"Dupla";"Não Informado";"Sim";2;0;0;1;1;0;1;2;-24,552;-54,041;"SR-PR";"UOP04";"DEL06"
274966;2020-03-12;"quinta-feira";"14:30:00";"MA";135;13;"SAO LUIS";"Pista Escorregadia";"Danos eventuais";"Sem Vítimas";"Pleno dia";"Crescente";"Chuva";"Dupla";"Desvio Temporário";"Sim";1;0;0;0;1;0;0;1;-2,680535;-44,29512;"SR-MA";"UOP01";"DEL01"
274967;2020-03-12;"quinta-feira";"21:40:00";"PR";373;222,3;"IMBITUVA";"Velocidade Incompatível";"Saída de leito carroçável";"Com Vítimas Feridas";"Plena Noite";"Decrescente";"Céu Claro";"Simples";"Reta";"Não";1;0;1;0;0;0;1;1;-25,1829;-50,59238;"SR-PR";"UOP01";"DEL03"
274968;2020-03-12;"quinta-feira";"11:30:00";"MT";163;682;"LUCAS DO RIO VERDE";"Falta de Atenção à Condução";"Saída de leito carroçável";"Com Vítimas Feridas";"Pleno dia";"Crescente";"Nublado";"Simples";"Reta";"Não";3;0;2;0;1;0;2;1;-13,22457;-56,00446;"SR-MT";"UOP01";"DEL06"
274969;2020-03-12;"quinta-feira";"22:00:00";"MG";381;487;"BETIM";"Falta de Atenção à Condução";"Colisão traseira";"Sem Vítimas";"Plena Noite";"Crescente";"Céu Claro";"Múltipla";"Reta";"Sim";3;0;0;0;2;1;0;2;-19,95587;-44,1461;"SR-MG";"UOP03";"DEL01"
274970;2020-03-12;"quinta-feira";"21:45:00";"MG";365;476,2;"PATROCINIO";"Falta de Atenção à Condução";"Colisão lateral";"Com Vítimas Feridas";"Plena Noite";"Decrescente";"Céu Claro";"Dupla";"Reta";"Não";2;0;1;0;0;1;1;2;-18,91384;-47,04104;"SR-MG";"UOP01";"DEL10"
274971;2020-03-12;"quinta-feira";"20:30:00";"GO";153;595;"PIRACANJUBA";"Defeito na Via";"Saída de leito carroçável";"Com Vítimas Feridas";"Pleno dia";"Decrescente";"Céu Claro";"Dupla";"Não Informado";"Não";1;0;1;0;0;0;1;1;-17,5077;-49,2157;"SR-GO";"UOP01";"DEL03"
274972;2020-03-12;"quinta-feira";"21:45:00";"MG";381;487;"CONTAGEM";"Falta de Atenção à Condução";"Colisão com objeto estático";"Sem Vítimas";"Plena Noite";"Crescente";"Céu Claro";"Múltipla";"Reta";"Sim";1;0;0;0;0;1;0;1;-19,95587;-44,1461;"SR-MG";"UOP03";"DEL01"
274973;2020-03-12;"quinta-feira";"22:20:00";"SC";282;5;"SAO JOSE";"Desobediência às normas de trânsito pelo condutor";"Colisão lateral";"Com Vítimas Feridas";"Plena Noite";"Decrescente";"Céu Claro";"Múltipla";"Reta";"Sim";3;0;2;0;1;0;2;2;-27,58843;-48,61292;"SR-SC";"UOP01";"DEL01"
274974;2020-03-12;"quinta-feira";"19:00:00";"RJ";40;41;"AREAL";"Ingestão de Álcool";"Atropelamento de Pedestre";"Com Vítimas Feridas";"Plena Noite";"Decrescente";"Céu Claro";"Dupla";"Reta";"Não";3;0;0;1;1;1;1;1;-22,24771;-43,10582;"SR-RJ";"UOP01";"DEL06"
274975;2020-03-12;"quinta-feira";"22:05:00";"MG";116;709;"MURIAE";"Falta de Atenção à Condução";"Tombamento";"Com Vítimas Feridas";"Plena Noite";"Crescente";"Nublado";"Simples";"Curva";"Não";1;0;1;0;0;0;1;1;-21,14823;-42,38251;"SR-MG";"UOP02";"DEL07"
274976;2020-03-12;"quinta-feira";"22:15:00";"TO";153;146,3;"ARAGUAINA";"Ingestão de Álcool";"Capotamento";"Com Vítimas Feridas";"Plena Noite";"Decrescente";"Nublado";"Dupla";"Reta";"Sim";1;0;0;1;0;0;1;1;-7,213378;-48,24431;"SR-TO";"UOP04";"DEL02"
274978;2020-03-12;"quinta-feira";"19:15:00";"RJ";116;270;"BARRA MANSA";"Falta de Atenção à Condução";"Atropelamento de Pedestre";"Com Vítimas Feridas";"Plena Noite";"Crescente";"Céu Claro";"Simples";"Reta";"Sim";3;0;1;1;1;0;2;1;-22,56923;-44,12024;"SR-RJ";"UOP02";"DEL07"
274979;2020-03-12;"quinta-feira";"22:50:00";"RJ";116;178;"NOVA IGUACU";"Não guardar distância de segurança";"Tombamento";"Com Vítimas Feridas";"Plena Noite";"Crescente";"Céu Claro";"Dupla";"Reta";"Sim";1;0;1;0;0;0;1;1;-22,77496;-43,40081;"SR-RJ";"UOP02";"DEL01"
274980;2020-03-12;"quinta-feira";"20:49:00";"SC";282;543;"CHAPECO";"Falta de Atenção à Condução";"Colisão frontal";"Com Vítimas Feridas";"Plena Noite";"Crescente";"Céu Claro";"Simples";"Reta";"Não";2;0;1;0;1;0;1;2;-26,99939;-52,71783;"SR-SC";"UOP01";"DEL07"
274981;2020-03-12;"quinta-feira";"22:50:00";"PB";230;2,9;"CABEDELO";"Falta de Atenção à Condução";"Colisão lateral";"Com Vítimas Feridas";"Plena Noite";"Crescente";"Chuva";"Dupla";"Reta";"Sim";3;0;1;1;1;0;2;2;-6,9837;-34,8295;"SR-PB";"UOP01";"DEL01"
274982;2020-03-12;"quinta-feira";"21:00:00";"BA";135;147;"RIACHAO DAS NEVES";"Animais na Pista";"Atropelamento de Animal";"Sem Vítimas";"Plena Noite";"Decrescente";"Céu Claro";"Simples";"Reta";"Não";1;0;0;0;1;0;0;1;-11,89851;-44,86688;"SR-BA";"UOP01";"DEL10"
274983;2020-03-12;"quinta-feira";"22:40:00";"PR";163;175,2;"LINDOESTE";"Condutor Dormindo";"Colisão com objeto estático";"Com Vítimas Feridas";"Plena Noite";"Decrescente";"Céu Claro";"Simples";"Reta";"Não";2;0;1;1;0;0;2;1;-25,21735;-53,59538;"SR-PR";"UOP06";"DEL04"
274984;2020-03-12;"quinta-feira";"22:45:00";"SC";101;206;"SAO JOSE";"Falta de Atenção à Condução";"Colisão traseira";"Com Vítimas Feridas";"Plena Noite";"Decrescente";"Céu Claro";"Múltipla";"Reta";"Sim";3;0;2;0;1;0;2;2;-27,59194;-48,61825;"SR-SC";"UOP01";"DEL01"
274985;2020-03-12;"quinta-feira";"12:00:00";"ES";262;3,9;"CARIACICA";"Desobediência às normas de trânsito pelo condutor";"Colisão lateral";"Com Vítimas Feridas";"Pleno dia";"Crescente";"Nublado";"Dupla";"Reta";"Sim";2;0;1;0;1;0;1;2;-20,33374;-40,36911;"SR-ES";"UOP01";"DEL01"
274986;2020-03-12;"quinta-feira";"23:50:00";"CE";403;124,9;"SOBRAL";"Condutor Dormindo";"Saída de leito carroçável";"Com Vítimas Feridas";"Plena Noite";"Decrescente";"Nublado";"Simples";"Reta";"Não";1;0;1;0;0;0;1;1;-3,738168;-40,48001;"SR-CE";"UOP01";"DEL04"
274987;2020-03-12;"quinta-feira";"22:10:00";"PB";230;200,1;"POCINHOS";"Ingestão de Álcool";"Colisão com objeto estático";"Sem Vítimas";"Plena Noite";"Decrescente";"Chuva";"Simples";"Reta";"Não";2;0;0;0;2;0;0;1;-7,1037;-36,2363;"SR-PB";"UOP02";"DEL02"
274988;2020-03-12;"quinta-feira";"23:40:00";"RJ";116;144;"DUQUE DE CAXIAS";"Avarias e/ou desgaste excessivo no pneu";"Tombamento";"Sem Vítimas";"Plena Noite";"Decrescente";"Céu Claro";"Simples";"Não Informado";"Sim";1;0;0;0;1;0;0;1;-22,65738;-43,24725;"SR-RJ";"UOP02";"DEL04"
274989;2020-03-12;"quinta-feira";"23:40:00";"PA";230;120,8;"MARABA";"Pista Escorregadia";"Queda de ocupante de veículo";"Com Vítimas Feridas";"Plena Noite";"Crescente";"Chuva";"Dupla";"Curva";"Sim";2;0;0;1;1;0;1;1;-5,351318;-49,12054;"SR-PA";"UOP01";"DEL03"
274990;2020-03-12;"quinta-feira";"22:00:00";"MG";381;645,9;"SANTO ANTONIO DO AMPARO";"Defeito na Via";"Tombamento";"Sem Vítimas";"Plena Noite";"Crescente";"Céu Claro";"Dupla";"Reta";"Não";1;0;0;0;1;0;0;1;-20,95264;-44,87821;"SR-MG";"UOP01";"DEL04"
274991;2020-03-13;"sexta-feira";"00:10:00";"RS";116;247;"SAO LEOPOLDO";"Falta de Atenção à Condução";"Queda de ocupante de veículo";"Com Vítimas Feridas";"Plena Noite";"Crescente";"Céu Claro";"Dupla";"Reta";"Sim";1;0;1;0;0;0;1;1;-29,76733;-51,15353;"SR-RS";"UOP02";"DEL01"
274992;2020-03-12;"quinta-feira";"22:40:00";"RS";386;322,8;"MARQUES DE SOUZA";"Falta de Atenção à Condução";"Colisão frontal";"Com Vítimas Fatais";"Plena Noite";"Crescente";"Céu Claro";"Simples";"Reta";"Não";3;2;0;0;1;0;0;2;-29,29716;-52,1142;"SR-RS";"UOP01";"DEL04"
274993;2020-03-12;"quinta-feira";"23:45:00";"MG";381;505;"BETIM";"Defeito Mecânico no Veículo";"Incêndio";"Sem Vítimas";"Plena Noite";"Decrescente";"Céu Claro";"Múltipla";"Não Informado";"Sim";1;0;0;0;1;0;0;1;-20,04478;-44,27276;"SR-MG";"UOP03";"DEL01"
274994;2020-03-12;"quinta-feira";"22:30:00";"MG";381;289,9;"ANTONIO DIAS";"Ingestão de Álcool";"Colisão lateral";"Com Vítimas Feridas";"Plena Noite";"Decrescente";"Chuva";"Simples";"Curva";"Não";4;0;2;0;2;0;2;2;-19,63794;-42,82138;"SR-MG";"UOP02";"DEL03"
274995;2020-03-13;"sexta-feira";"01:10:00";"PB";101;38,9;"MAMANGUAPE";"Ingestão de Álcool";"Colisão com objeto estático";"Com Vítimas Feridas";"Plena Noite";"Decrescente";"Chuva";"Simples";"Interseção de vias";"Sim";1;0;1;0;0;0;1;1;-6,842195;-35,13599;"SR-PB";"UOP03";"DEL01"
274996;2020-03-13;"sexta-feira";"01:30:00";"BA";116;842;"VITORIA DA CONQUISTA";"Falta de Atenção à Condução";"Colisão traseira";"Com Vítimas Feridas";"Plena Noite";"Decrescente";"Nublado";"Simples";"Não Informado";"Não";2;0;0;1;1;0;1;2;-14,93088;-40,88736;"SR-BA";"UOP01";"DEL08"
274997;2020-03-13;"sexta-feira";"01:30:00";"RS";470;2,2;"BARRACAO";"Falta de Atenção à Condução";"Saída de leito carroçável";"Com Vítimas Feridas";"Plena Noite";"Crescente";"Céu Claro";"Simples";"Não Informado";"Não";2;0;1;0;1;0;1;1;-27,61456;-51,47493;"SR-RS";"UOP05";"DEL08"
274998;2020-03-13;"sexta-feira";"02:30:00";"SC";470;2,7;"NAVEGANTES";"Condutor Dormindo";"Tombamento";"Com Vítimas Feridas";"Plena Noite";"Crescente";"Céu Claro";"Dupla";"Reta";"Não";1;0;1;0;0;0;1;1;-26,86855;-48,67483;"SR-SC";"UOP04";"DEL04"
274999;2020-03-13;"sexta-feira";"01:30:00";"PI";135;349;"BOM JESUS";"Falta de Atenção do Pedestre";"Atropelamento de Pedestre";"Com Vítimas Fatais";"Plena Noite";"Crescente";"Céu Claro";"Simples";"Reta";"Não";2;1;0;0;0;1;0;1;-9,071874;-44,33026;"SR-PI";"UOP02";"DEL03"
275000;2020-03-13;"sexta-feira";"04:40:00";"RJ";116;189;"QUEIMADOS";"Ingestão de álcool e/ou substâncias psicoativas pelo pedestre";"Colisão lateral";"Com Vítimas Feridas";"Plena Noite";"Crescente";"Céu Claro";"Dupla";"Reta";"Não";1;0;1;0;0;0;1;1;-22,73487;-43,5541;"SR-RJ";"UOP02";"DEL01"
275001;2020-03-13;"sexta-feira";"04:50:00";"DF";40;7,6;"BRASILIA";"Ingestão de Álcool";"Capotamento";"Sem Vítimas";"Plena Noite";"Decrescente";"Nublado";"Dupla";"Reta";"Sim";1;0;0;0;1;0;0;1;-16,03867;-47,97969;"SR-DF";"UOP01";"DEL01"
275002;2020-03-13;"sexta-feira";"05:25:00";"SC";470;50,7;"BLUMENAU";"Falta de Atenção à Condução";"Colisão com objeto estático";"Com Vítimas Feridas";"Plena Noite";"Decrescente";"Céu Claro";"Simples";"Reta";"Sim";1;0;1;0;0;0;1;1;-26,85977;-49,07449;"SR-SC";"UOP01";"DEL04"
275003;2020-03-13;"sexta-feira";"05:45:00";"PR";376;625,9;"SAO JOSE DOS PINHAIS";"Falta de Atenção à Condução";"Queda de ocupante de veículo";"Com Vítimas Feridas";"Amanhecer";"Crescente";"Nublado";"Simples";"Rotatória";"Não";1;0;1;0;0;0;1;1;-25,65218;-49,15731;"SR-PR";"UOP01";"DEL01"
275004;2020-03-13;"sexta-feira";"05:10:00";"PE";428;25,9;"CABROBO";"Não guardar distância de segurança";"Colisão traseira";"Com Vítimas Feridas";"Amanhecer";"Crescente";"Céu Claro";"Simples";"Reta";"Não";6;0;4;0;2;0;4;2;-8,490193;-39,44032;"SR-PE";"UOP03";"DEL05"
275005;2020-03-13;"sexta-feira";"05:30:00";"RS";470;154;"NOVA PRATA";"Ingestão de Álcool";"Colisão traseira";"Com Vítimas Feridas";"Amanhecer";"Decrescente";"Céu Claro";"Simples";"Reta";"Sim";3;0;1;0;2;0;1;2;-28,77711;-51,61127;"SR-RS";"UOP02";"DEL06"
275006;2020-03-13;"sexta-feira";"05:00:00";"SC";101;225;"PALHOCA";"Ingestão de Álcool";"Colisão traseira";"Com Vítimas Feridas";"Amanhecer";"Crescente";"Céu Claro";"Dupla";"Reta";"Não";3;0;1;0;2;0;1;2;-27,73292;-48,64096;"SR-SC";"UOP02";"DEL01"
275007;2020-03-13;"sexta-feira";"05:00:00";"AL";101;79;"RIO LARGO";"Ingestão de álcool e/ou substâncias psicoativas pelo pedestre";"Saída de leito carroçável";"Com Vítimas Feridas";"Amanhecer";"Crescente";"Nublado";"Dupla";"Reta";"Sim";1;0;0;1;0;0;1;1;-9,440261;-35,83644;"SR-AL";"UOP01";"DEL01"
275008;2020-03-12;"quinta-feira";"21:00:00";"RN";405;80,5;"APODI";"Deficiência ou não Acionamento do Sistema de Iluminação/Sinalização do Veículo";"Colisão traseira";"Com Vítimas Feridas";"Plena Noite";"Crescente";"Céu Claro";"Simples";"Reta";"Não";5;0;4;1;0;0;5;3;-5,68695;-37,79274;"SR-RN";"UOP02";"DEL04"
275009;2020-03-13;"sexta-feira";"05:40:00";"RJ";101;61;"CAMPOS DOS GOYTACAZES";"Falta de Atenção à Condução";"Saída de leito carroçável";"Com Vítimas Feridas";"Amanhecer";"Crescente";"Garoa/Chuvisco";"Simples";"Reta";"Sim";1;0;1;0;0;0;1;1;-21,72656;-41,32134;"SR-RJ";"UOP01";"DEL08"
275010;2020-03-13;"sexta-feira";"06:00:00";"GO";60;80,1;"ANAPOLIS";"Condutor Dormindo";"Saída de leito carroçável";"Sem Vítimas";"Amanhecer";"Crescente";"Céu Claro";"Dupla";"Não Informado";"Não";1;0;0;0;1;0;0;1;-16,3053;-48,8208;"SR-GO";"UOP01";"DEL02"
275011;2020-03-13;"sexta-feira";"05:40:00";"SE";101;110,1;"ITAPORANGA DAJUDA";"Pista Escorregadia";"Saída de leito carroçável";"Com Vítimas Feridas";"Amanhecer";"Crescente";"Chuva";"Dupla";"Curva";"Não";5;0;2;2;0;1;4;1;-10,96959;-37,27937;"SR-SE";"UOP01";"DEL02"
275012;2020-03-12;"quinta-feira";"17:30:00";"PE";101;51;"PAULISTA";"Falta de Atenção à Condução";"Saída de leito carroçável";"Sem Vítimas";"Plena Noite";"Decrescente";"Céu Claro";"Simples";"Curva";"Sim";1;0;0;0;0;1;0;1;-7,916997;-34,89689;"SR-PE";"UOP02";"DEL01"
275013;2020-03-13;"sexta-feira";"05:00:00";"MG";381;644;"SANTO ANTONIO DO AMPARO";"Condutor Dormindo";"Colisão com objeto estático";"Com Vítimas Feridas";"Plena Noite";"Crescente";"Céu Claro";"Dupla";"Reta";"Não";2;0;1;0;1;0;1;2;-20,93206;-44,87502;"SR-MG";"UOP01";"DEL04"
275014;2020-03-13;"sexta-feira";"05:30:00";"MG";262;358;"BETIM";"Animais na Pista";"Atropelamento de Animal";"Com Vítimas Feridas";"Amanhecer";"Decrescente";"Céu Claro";"Múltipla";"Reta";"Sim";3;0;1;1;1;0;2;2;-19,97563;-44,19775;"SR-MG";"UOP03";"DEL01"
275016;2020-03-13;"sexta-feira";"05:55:00";"RS";471;163;"RIO PARDO";"Condutor Dormindo";"Saída de leito carroçável";"Sem Vítimas";"Amanhecer";"Crescente";"Céu Claro";"Simples";"Interseção de vias";"Não";1;0;0;0;0;1;0;1;-29,93179;-52,38927;"SR-RS";"UOP03";"DEL02"
275017;2020-03-13;"sexta-feira";"06:50:00";"RJ";116;166;"RIO DE JANEIRO";"Mal Súbito";"Colisão traseira";"Com Vítimas Feridas";"Pleno dia";"Decrescente";"Céu Claro";"Simples";"Reta";"Não";2;0;1;0;1;0;1;2;-22,8156;-43,30052;"SR-RJ";"UOP02";"DEL01"
275018;2020-03-13;"sexta-feira";"07:00:00";"SP";153;61;"SAO JOSE DO RIO PRETO";"Falta de Atenção à Condução";"Colisão lateral";"Com Vítimas Feridas";"Pleno dia";"Crescente";"Céu Claro";"Dupla";"Reta";"Sim";2;0;1;0;0;1;1;2;-20,8049;-49,35582;"SR-SP";"UOP01";"DEL09"
275019;2020-03-13;"sexta-feira";"05:40:00";"RJ";40;122;"DUQUE DE CAXIAS";"Falta de Atenção à Condução";"Colisão lateral";"Com Vítimas Feridas";"Amanhecer";"Crescente";"Céu Claro";"Múltipla";"Reta";"Sim";3;0;0;1;1;1;1;3;-22,79083;-43,28612;"SR-RJ";"UOP01";"DEL01"
275020;2020-03-13;"sexta-feira";"07:29:00";"SP";153;62,5;"SAO JOSE DO RIO PRETO";"Desobediência às normas de trânsito pelo condutor";"Colisão lateral";"Sem Vítimas";"Pleno dia";"Crescente";"Sol";"Dupla";"Não Informado";"Sim";2;0;0;0;2;0;0;2;-20,81325;-49,35676;"SR-SP";"UOP01";"DEL09"
275021;2020-03-13;"sexta-feira";"01:00:00";"BA";415;60,1;"ITABUNA";"Velocidade Incompatível";"Capotamento";"Com Vítimas Feridas";"Plena Noite";"Decrescente";"Chuva";"Simples";"Curva";"Não";1;0;1;0;0;0;1;1;-14,81574;-39,29612;"SR-BA";"UOP01";"DEL05"
275022;2020-03-13;"sexta-feira";"07:00:00";"RS";290;97,2;"PORTO ALEGRE";"Falta de Atenção à Condução";"Colisão traseira";"Com Vítimas Feridas";"Pleno dia";"Decrescente";"Céu Claro";"Dupla";"Reta";"Não";2;0;1;0;1;0;1;2;-29,99713;-51,20987;"SR-RS";"UOP01";"DEL01"
275024;2020-03-13;"sexta-feira";"07:35:00";"SC";101;215,5;"PALHOCA";"Falta de Atenção à Condução";"Queda de ocupante de veículo";"Com Vítimas Feridas";"Pleno dia";"Crescente";"Céu Claro";"Dupla";"Rotatória";"Não";2;0;1;0;1;0;1;2;-27,65185;-48,67605;"SR-SC";"UOP02";"DEL01"
275026;2020-03-13;"sexta-feira";"06:45:00";"RS";116;381,5;"CAMAQUA";"Falta de Atenção à Condução";"Colisão lateral";"Com Vítimas Feridas";"Amanhecer";"Crescente";"Céu Claro";"Simples";"Reta";"Não";2;0;1;0;1;0;1;2;-30,77481;-51,65603;"SR-RS";"UOP02";"DEL02"
275027;2020-03-13;"sexta-feira";"04:20:00";"PR";369;200,7;"APUCARANA";"Falta de Atenção à Condução";"Colisão traseira";"Sem Vítimas";"Plena Noite";"Decrescente";"Céu Claro";"Simples";"Reta";"Sim";4;0;0;0;4;0;0;2;-23,53331;-51,45524;"SR-PR";"UOP03";"DEL07"
275028;2020-03-13;"sexta-feira";"06:00:00";"SC";101;215,5;"PALHOCA";"Falta de Atenção à Condução";"Colisão transversal";"Com Vítimas Feridas";"Amanhecer";"Crescente";"Céu Claro";"Simples";"Rotatória";"Sim";2;0;0;1;1;0;1;2;-27,65561;-48,67913;"SR-SC";"UOP02";"DEL01"
275029;2020-03-13;"sexta-feira";"07:20:00";"BA";101;714,5;"EUNAPOLIS";"Desobediência às normas de trânsito pelo condutor";"Colisão transversal";"Com Vítimas Feridas";"Pleno dia";"Decrescente";"Nublado";"Simples";"Reta";"Sim";2;0;1;0;1;0;1;2;-16,35126;-39,58007;"SR-BA";"UOP01";"DEL09"
275030;2020-03-13;"sexta-feira";"05:50:00";"RO";364;423;"JARU";"Falta de Atenção do Pedestre";"Atropelamento de Pedestre";"Com Vítimas Feridas";"Amanhecer";"Decrescente";"Céu Claro";"Simples";"Não Informado";"Sim";3;0;0;3;0;0;3;1;-10,45221;-62,46072;"SR-RO";"UOP02";"DEL03"
275031;2020-03-13;"sexta-feira";"07:50:00";"PR";277;725,1;"FOZ DO IGUACU";"Falta de Atenção à Condução";"Colisão traseira";"Com Vítimas Feridas";"Pleno dia";"Crescente";"Céu Claro";"Dupla";"Não Informado";"Sim";3;0;2;0;0;1;2;2;-25,50824;-54,5462;"SR-PR";"UOP02";"DEL05"
275032;2020-03-13;"sexta-feira";"08:20:00";"SC";101;141;"BALNEARIO CAMBORIU";"Velocidade Incompatível";"Colisão traseira";"Com Vítimas Feridas";"Pleno dia";"Decrescente";"Céu Claro";"Simples";"Reta";"Sim";3;0;1;0;2;0;1;3;-27,04762;-48,59996;"SR-SC";"UOP03";"DEL04"
275033;2020-03-13;"sexta-feira";"04:10:00";"RO";364;753;"PORTO VELHO";"Animais na Pista";"Atropelamento de Animal";"Sem Vítimas";"Amanhecer";"Decrescente";"Nevoeiro/Neblina";"Simples";"Reta";"Não";1;0;0;0;1;0;0;1;-9,071906;-64,03899;"SR-RO";"UOP02";"DEL01"
275034;2020-03-13;"sexta-feira";"08:32:00";"MG";381;674;"PERDOES";"Defeito Mecânico no Veículo";"Saída de leito carroçável";"Com Vítimas Feridas";"Pleno dia";"Crescente";"Céu Claro";"Dupla";"Curva";"Não";1;0;0;1;0;0;1;1;-21,08896;-45,06747;"SR-MG";"UOP02";"DEL04"
275036;2020-03-13;"sexta-feira";"06:40:00";"MG";40;516;"RIBEIRAO DAS NEVES";"Falta de Atenção à Condução";"Colisão lateral";"Com Vítimas Feridas";"Pleno dia";"Crescente";"Céu Claro";"Dupla";"Reta";"Sim";2;0;1;0;1;0;1;2;-19,81629;-44,0896;"SR-MG";"UOP02";"DEL01"
275037;2020-03-13;"sexta-feira";"08:15:00";"MG";40;506;"RIBEIRAO DAS NEVES";"Falta de Atenção à Condução";"Colisão lateral";"Com Vítimas Feridas";"Pleno dia";"Crescente";"Céu Claro";"Dupla";"Curva";"Sim";3;0;0;1;2;0;1;2;-19,74717;-44,14731;"SR-MG";"UOP01";"DEL02"
275038;2020-03-13;"sexta-feira";"08:00:00";"GO";40;4;"VALPARAISO DE GOIAS";"Falta de Atenção à Condução";"Engavetamento";"Com Vítimas Feridas";"Pleno dia";"Decrescente";"Nublado";"Dupla";"Reta";"Sim";4;0;1;0;3;0;1;3;-16,08524;-47,98675;"SR-DF";"UOP01";"DEL01"
275039;2020-03-13;"sexta-feira";"08:00:00";"RJ";116;181;"NOVA IGUACU";"Falta de Atenção à Condução";"Colisão traseira";"Com Vítimas Feridas";"Pleno dia";"Decrescente";"Céu Claro";"Dupla";"Reta";"Sim";4;0;1;0;3;0;1;4;-22,76131;-43,42349;"SR-RJ";"UOP02";"DEL01"
275040;2020-03-13;"sexta-feira";"07:40:00";"PE";428;186;"PETROLINA";"Não guardar distância de segurança";"Colisão traseira";"Com Vítimas Feridas";"Pleno dia";"Crescente";"Céu Claro";"Simples";"Reta";"Sim";2;0;1;0;1;0;1;2;-9,348078;-40,47441;"SR-PE";"UOP01";"DEL06"
275041;2020-03-13;"sexta-feira";"00:10:00";"RJ";116;278;"BARRA MANSA";"Não guardar distância de segurança";"Colisão traseira";"Com Vítimas Feridas";"Plena Noite";"Decrescente";"Céu Claro";"Dupla";"Reta";"Não";8;0;4;3;0;1;7;2;-22,55271;-44,17778;"SR-RJ";"UOP02";"DEL07"
275042;2020-03-13;"sexta-feira";"08:50:00";"PE";101;69;"RECIFE";"Não guardar distância de segurança";"Colisão traseira";"Com Vítimas Feridas";"Pleno dia";"Crescente";"Céu Claro";"Múltipla";"Reta";"Não";3;0;2;0;1;0;2;2;-8,059516;-34,94581;"SR-PE";"UOP01";"DEL01"
275044;2020-03-13;"sexta-feira";"08:30:00";"SP";116;230;"SAO PAULO";"Falta de Atenção à Condução";"Colisão lateral";"Sem Vítimas";"Pleno dia";"Crescente";"Céu Claro";"Múltipla";"Reta";"Sim";2;0;0;0;2;0;0;2;-23,52252;-46,58557;"SR-SP";"UOP01";"DEL01"