"id";"data_inversa";"dia_semana";"horario";"uf";"br";"km";"municipio";"causa_acidente";"tipo_acidente";"classificacao_acidente";"fase_dia";"sentido_via";"condicao_metereologica";"tipo_pista";"tracado_via";"uso_solo";"pessoas";"mortos";"feridos_leves";"feridos_graves";"ilesos";"ignorados";"feridos";"veiculos";"latitude";"longitude";"regional";"delegacia";"uop"
275602;2020-03-15;"domingo";"19:30:00";"RS";116;145,7;"CAXIAS DO SUL";"Ingestão de Álcool";"Colisão traseira";"Com Vítimas Feridas";"Plena Noite";"Crescente";"Garoa/Chuvisco";"Dupla";"Reta";"Sim";4;0;1;0;2;1;1;2;-29,13502;-51,13028;"SR-RS";"UOP01";"DEL05"
275603;2020-03-15;"domingo";"19:20:00";"PE";101;85,1;"JABOATAO DOS GUARARAPES";"Fenômenos da Natureza";"Capotamento";"Sem Vítimas";"Plena Noite";"Decrescente";"Chuva";"Dupla";"Reta";"Não";2;0;0;0;1;1;0;1;-8,180656;-34,95965;"SR-PE";"UOP03";"DEL01"
275604;2020-03-15;"domingo";"18:00:00";"MG";365;434,7;"PATOS DE MINAS";"Falta de Atenção à Condução";"Colisão transversal";"Sem Vítimas";"Anoitecer";"Crescente";"Céu Claro";"Simples";"Interseção de vias";"Não";3;0;0;0;3;0;0;3;-18,77949;-46,69622;"SR-MG";"UOP01";"DEL10"
275605;2020-03-15;"domingo";"15:28:00";"MG";365;475,7;"PATROCINIO";"Desobediência às normas de trânsito pelo condutor";"Colisão transversal";"Com Vítimas Fatais";"Pleno dia";"Crescente";"Céu Claro";"Simples";"Curva";"Não";4;1;0;2;1;0;2;2;-18,91842;-47,03317;"SR-MG";"UOP01";"DEL10"
275606;2020-03-15;"domingo";"19:54:00";"SE";235;5;"NOSSA SENHORA DO SOCORRO";"Ingestão de Álcool";"Saída de leito carroçável";"Sem Vítimas";"Plena Noite";"Crescente";"Nublado";"Dupla";"Reta";"Sim";1;0;0;0;1;0;0;1;-10,9041;-37,1278;"SR-SE";"UOP01";"DEL01"
275607;2020-03-15;"domingo";"18:50:00";"SC";282;653,7;"SAO MIGUEL DO OESTE";"Falta de Atenção à Condução";"Tombamento";"Com Vítimas Feridas";"Pleno dia";"Crescente";"Céu Claro";"Múltipla";"Curva";"Não";2;0;0;2;0;0;2;1;-26,7082;-53,51431;"SR-SC";"UOP03";"DEL07"
275608;2020-03-15;"domingo";"13:00:00";"PI";343;617,5;"FLORIANO";"Desobediência às normas de trânsito pelo condutor";"Saída de leito carroçável";"Com Vítimas Feridas";"Pleno dia";"Crescente";"Céu Claro";"Simples";"Reta";"Sim";1;0;1;0;0;0;1;1;-6,929653;-43,18681;"SR-PI";"UOP01";"DEL03"
275609;2020-03-15;"domingo";"20:00:00";"MG";381;561;"ITAGUARA";"Velocidade Incompatível";"Saída de leito carroçável";"Com Vítimas Fatais";"Plena Noite";"Decrescente";"Céu Claro";"Dupla";"Curva";"Não";4;2;0;2;0;0;2;2;-20,37971;-44,47849;"SR-MG";"UOP03";"DEL04"
275610;2020-03-15;"domingo";"18:20:00";"PB";230;478;"MARIZOPOLIS";"Desobediência às normas de trânsito pelo pedestre";"Atropelamento de Pedestre";"Com Vítimas Feridas";"Anoitecer";"Crescente";"Chuva";"Simples";"Reta";"Sim";2;0;0;1;0;1;1;1;-6,8435;-38,34103;"SR-PB";"UOP03";"DEL03"
275611;2020-03-15;"domingo";"19:50:00";"PI";343;14;"PARNAIBA";"Não guardar distância de segurança";"Colisão traseira";"Sem Vítimas";"Plena Noite";"Decrescente";"Nublado";"Dupla";"Reta";"Sim";2;0;0;0;1;1;0;2;-2,928427;-41,75362;"SR-PI";"UOP01";"DEL05"
275612;2020-03-15;"domingo";"18:30:00";"RO";364;417,2;"JARU";"Ultrapassagem Indevida";"Colisão lateral";"Com Vítimas Feridas";"Anoitecer";"Crescente";"Céu Claro";"Simples";"Não Informado";"Não";1;0;0;1;0;0;1;1;-10,49209;-62,42758;"SR-RO";"UOP02";"DEL03"
275613;2020-03-15;"domingo";"20:00:00";"RJ";101;460;"ANGRA DOS REIS";"Falta de Atenção à Condução";"Colisão traseira";"Com Vítimas Fatais";"Plena Noite";"Crescente";"Céu Claro";"Simples";"Reta";"Sim";4;1;0;1;2;0;1;2;-23,03769;-44,18393;"SR-RJ";"UOP02";"DEL03"
275614;2020-03-15;"domingo";"19:20:00";"MG";116;411;"GOVERNADOR VALADARES";"Falta de Atenção à Condução";"Colisão lateral";"Com Vítimas Feridas";"Plena Noite";"Decrescente";"Céu Claro";"Dupla";"Não Informado";"Sim";2;0;1;0;1;0;1;2;-18,86245;-41,97405;"SR-MG";"UOP01";"DEL06"
275615;2020-03-15;"domingo";"17:15:00";"SC";282;424,8;"VARGEM BONITA";"Ingestão de Álcool";"Saída de leito carroçável";"Sem Vítimas";"Pleno dia";"Crescente";"Céu Claro";"Simples";"Curva";"Não";2;0;0;0;2;0;0;1;-26,98801;-51,75312;"SR-SC";"UOP07";"DEL07"
275616;2020-03-15;"domingo";"19:45:00";"RN";101;74;"NATAL";"Defeito Mecânico no Veículo";"Colisão traseira";"Sem Vítimas";"Plena Noite";"Crescente";"Chuva";"Simples";"Não Informado";"Não";4;0;0;0;4;0;0;3;-5,714063;-35,27233;"SR-RN";"UOP01";"DEL02"
275617;2020-03-15;"domingo";"20:00:00";"MG";40;588;"ITABIRITO";"Velocidade Incompatível";"Tombamento";"Com Vítimas Feridas";"Plena Noite";"Crescente";"Céu Claro";"Simples";"Curva";"Não";2;0;1;1;0;0;2;2;-20,35149;-43,91313;"SR-MG";"UOP02";"DEL01"
275618;2020-03-15;"domingo";"20:45:00";"PE";101;49,9;"ABREU E LIMA";"Falta de Atenção à Condução";"Colisão transversal";"Com Vítimas Feridas";"Plena Noite";"Decrescente";"Céu Claro";"Dupla";"Reta";"Sim";3;0;1;0;2;0;1;2;-7,900515;-34,90181;"SR-PE";"UOP02";"DEL01"
275619;2020-03-15;"domingo";"20:55:00";"CE";116;2;"FORTALEZA";"Desobediência às normas de trânsito pelo pedestre";"Atropelamento de Pedestre";"Com Vítimas Fatais";"Plena Noite";"Decrescente";"Nublado";"Múltipla";"Reta";"Sim";2;1;0;0;1;0;0;1;-3,770198;-38,51725;"SR-CE";"UOP02";"DEL01"
275621;2020-03-15;"domingo";"20:30:00";"SC";101;144,3;"ITAPEMA";"Falta de Atenção à Condução";"Engavetamento";"Com Vítimas Feridas";"Plena Noite";"Decrescente";"Céu Claro";"Dupla";"Desvio Temporário";"Sim";8;0;3;0;5;0;3;5;-27,07327;-48,59673;"SR-SC";"UOP03";"DEL04"
275622;2020-03-15;"domingo";"21:10:00";"SC";101;234;"PALHOCA";"Falta de Atenção à Condução";"Engavetamento";"Com Vítimas Feridas";"Plena Noite";"Decrescente";"Céu Claro";"Dupla";"Reta";"Sim";4;0;2;0;2;0;2;3;-27,81044;-48,63537;"SR-SC";"UOP02";"DEL01"
275623;2020-03-15;"domingo";"19:15:00";"RS";290;142,8;"ELDORADO DO SUL";"Falta de Atenção à Condução";"Colisão transversal";"Com Vítimas Feridas";"Plena Noite";"Crescente";"Céu Claro";"Simples";"Interseção de vias";"Não";3;0;1;0;2;0;1;2;-30,08968;-51,62831;"SR-RS";"UOP01";"DEL02"
275624;2020-03-15;"domingo";"20:45:00";"BA";324;619;"SALVADOR";"Ingestão de Álcool";"Colisão com objeto estático";"Com Vítimas Feridas";"Plena Noite";"Decrescente";"Céu Claro";"Dupla";"Reta";"Sim";1;0;1;0;0;0;1;1;-12,89821;-38,45012;"SR-BA";"UOP01";"DEL01"
275625;2020-03-15;"domingo";"20:00:00";"RJ";101;317;"SAO GONCALO";"Falta de Atenção do Pedestre";"Atropelamento de Pedestre";"Com Vítimas Fatais";"Plena Noite";"Decrescente";"Céu Claro";"Dupla";"Reta";"Sim";2;1;0;0;1;0;0;1;-22,83712;-43,0949;"SR-RJ";"UOP01";"DEL02"
275626;2020-03-15;"domingo";"19:45:00";"PR";476;297;"SAO MATEUS DO SUL";"Restrição de Visibilidade";"Colisão com objeto estático";"Com Vítimas Feridas";"Plena Noite";"Decrescente";"Nublado";"Simples";"Reta";"Não";1;0;0;1;0;0;1;1;-25,96792;-50,53471;"SR-PR";"UOP05";"DEL03"
275628;2020-03-15;"domingo";"20:30:00";"SE";235;55,3;"ITABAIANA";"Ingestão de Álcool";"Tombamento";"Com Vítimas Feridas";"Plena Noite";"Crescente";"Nublado";"Simples";"Não Informado";"Sim";1;0;1;0;0;0;1;1;-10,66739;-37,44601;"SR-SE";"UOP02";"DEL01"
275629;2020-03-15;"domingo";"21:40:00";"SP";116;210;"GUARULHOS";"Ingestão de Álcool";"Colisão lateral";"Sem Vítimas";"Plena Noite";"Crescente";"Céu Claro";"Dupla";"Reta";"Sim";2;0;0;0;2;0;0;2;-23,4287;-46,41086;"SR-SP";"UOP01";"DEL01"
275630;2020-03-15;"domingo";"20:20:00";"SC";470;58;"BLUMENAU";"Falta de Atenção à Condução";"Colisão traseira";"Sem Vítimas";"Plena Noite";"Crescente";"Céu Claro";"Simples";"Reta";"Não";2;0;0;0;2;0;0;2;-26,88388;-49,14562;"SR-SC";"UOP01";"DEL04"
275631;2020-03-15;"domingo";"21:00:00";"PR";116;93;"SAO JOSE DOS PINHAIS";"Falta de Atenção à Condução";"Saída de leito carroçável";"Sem Vítimas";"Plena Noite";"Crescente";"Nublado";"Dupla";"Reta";"Não";1;0;0;0;1;0;0;1;-25,48228;-49,10589;"SR-PR";"UOP01";"DEL01"
275632;2020-03-15;"domingo";"18:15:00";"SC";280;72;"JARAGUA DO SUL";"Não guardar distância de segurança";"Colisão traseira";"Com Vítimas Feridas";"Plena Noite";"Decrescente";"Céu Claro";"Simples";"Reta";"Sim";5;0;1;0;4;0;1;4;-26,45955;-49,14342;"SR-SC";"UOP03";"DEL03"
275633;2020-03-15;"domingo";"20:15:00";"MG";40;490;"ESMERALDAS";"Não guardar distância de segurança";"Colisão lateral";"Com Vítimas Feridas";"Plena Noite";"Crescente";"Céu Claro";"Dupla";"Reta";"Não";2;0;1;0;1;0;1;2;-19,61999;-44,20674;"SR-MG";"UOP01";"DEL02"
275634;2020-03-15;"domingo";"20:10:00";"SC";280;24,8;"ARAQUARI";"Desobediência às normas de trânsito pelo condutor";"Colisão transversal";"Com Vítimas Feridas";"Plena Noite";"Crescente";"Céu Claro";"Simples";"Reta";"Não";2;0;1;0;0;1;1;2;-26,37725;-48,71953;"SR-SC";"UOP03";"DEL03"
275635;2020-03-15;"domingo";"22:08:00";"SP";116;207;"GUARULHOS";"Falta de Atenção à Condução";"Saída de leito carroçável";"Com Vítimas Feridas";"Plena Noite";"Crescente";"Garoa/Chuvisco";"Dupla";"Reta";"Sim";2;0;1;0;1;0;1;1;-23,4194;-46,38302;"SR-SP";"UOP01";"DEL01"
275636;2020-03-15;"domingo";"22:00:00";"PB";230;15;"JOAO PESSOA";"Ingestão de Álcool";"Queda de ocupante de veículo";"Com Vítimas Feridas";"Plena Noite";"Crescente";"Nublado";"Dupla";"Reta";"Sim";1;0;1;0;0;0;1;1;-7,093;-34,8482;"SR-PB";"UOP01";"DEL01"
275637;2020-03-15;"domingo";"20:00:00";"BA";101;588;"CAMACAN";"Falta de Atenção à Condução";"Colisão transversal";"Com Vítimas Fatais";"Plena Noite";"Crescente";"Céu Claro";"Simples";"Reta";"Sim";2;1;0;0;0;1;0;2;-15,57185;-39,40626;"SR-BA";"UOP02";"DEL05"
275638;2020-03-15;"domingo";"15:00:00";"PA";222;239,6;"MARABA";"Defeito na Via";"Queda de ocupante de veículo";"Com Vítimas Feridas";"Pleno dia";"Crescente";"Sol";"Simples";"Reta";"Sim";3;0;2;0;0;1;2;1;-5,302089;-49,0723;"SR-PA";"UOP01";"DEL03"
275639;2020-03-15;"domingo";"21:50:00";"SP";116;169,4;"JACAREI";"Velocidade Incompatível";"Colisão com objeto estático";"Com Vítimas Feridas";"Plena Noite";"Crescente";"Chuva";"Dupla";"Reta";"Não";4;0;2;0;2;0;2;3;-23,30743;-46,04938;"SR-SP";"UOP01";"DEL02"
275641;2020-03-15;"domingo";"21:30:00";"PR";476;132;"CURITIBA";"Ingestão de Álcool";"Engavetamento";"Com Vítimas Feridas";"Plena Noite";"Decrescente";"Céu Claro";"Múltipla";"Reta";"Sim";5;0;1;0;4;0;1;4;-25,47356;-49,25691;"SR-PR";"UOP03";"DEL01"
275643;2020-03-15;"domingo";"22:50:00";"MG";50;179,5;"UBERABA";"Defeito na Via";"Queda de ocupante de veículo";"Com Vítimas Feridas";"Plena Noite";"Crescente";"Nublado";"Dupla";"Túnel";"Sim";1;0;0;1;0;0;1;1;-19,77827;-47,93141;"SR-MG";"UOP01";"DEL13"
275644;2020-03-15;"domingo";"22:30:00";"MG";50;192,5;"UBERABA";"Velocidade Incompatível";"Tombamento";"Com Vítimas Feridas";"Plena Noite";"Crescente";"Nublado";"Dupla";"Desvio Temporário";"Não";1;0;0;1;0;0;1;1;-19,87188;-47,85892;"SR-MG";"UOP01";"DEL13"
275645;2020-03-15;"domingo";"22:45:00";"SP";381;39;"ATIBAIA";"Falta de Atenção à Condução";"Colisão traseira";"Com Vítimas Feridas";"Plena Noite";"Crescente";"Garoa/Chuvisco";"Dupla";"Reta";"Não";3;0;2;0;1;0;2;2;-23,12158;-46,57472;"SR-SP";"UOP01";"DEL03"
275646;2020-03-15;"domingo";"22:10:00";"SC";116;219,8;"CORREIA PINTO";"Desobediência às normas de trânsito pelo condutor";"Colisão transversal";"Com Vítimas Feridas";"Plena Noite";"Crescente";"Céu Claro";"Simples";"Reta";"Sim";2;0;1;0;1;0;1;2;-27,58573;-50,36555;"SR-SC";"UOP03";"DEL05"
275648;2020-03-15;"domingo";"23:00:00";"PR";116;121,3;"CURITIBA";"Falta de Atenção à Condução";"Colisão com objeto estático";"Com Vítimas Feridas";"Plena Noite";"Crescente";"Céu Claro";"Dupla";"Reta";"Não";1;0;0;1;0;0;1;1;-25,55993;-49,30744;"SR-PR";"UOP03";"DEL01"
275649;2020-03-15;"domingo";"23:10:00";"PB";230;19,8;"JOAO PESSOA";"Ingestão de Álcool";"Colisão com objeto estático";"Sem Vítimas";"Plena Noite";"Crescente";"Céu Claro";"Dupla";"Curva";"Sim";1;0;0;0;1;0;0;1;-7,1281;-34,8466;"SR-PB";"UOP01";"DEL01"
275650;2020-03-15;"domingo";"23:45:00";"RS";290;301,1;"CACHOEIRA DO SUL";"Falta de Atenção do Pedestre";"Atropelamento de Pedestre";"Com Vítimas Fatais";"Plena Noite";"Decrescente";"Garoa/Chuvisco";"Simples";"Reta";"Não";3;1;0;0;2;0;0;1;-30,31972;-53,21812;"SR-RS";"UOP02";"DEL09"
275651;2020-03-15;"domingo";"17:22:00";"SC";280;90,7;"CORUPA";"Defeito Mecânico no Veículo";"Saída de leito carroçável";"Com Vítimas Feridas";"Anoitecer";"Decrescente";"Céu Claro";"Simples";"Não Informado";"Não";26;0;18;5;2;1;23;1;-26,39646;-49,29645;"SR-SC";"UOP03";"DEL06"
275652;2020-03-15;"domingo";"22:30:00";"MG";365;658;"MONTE ALEGRE DE MINAS";"Velocidade Incompatível";"Saída de leito carroçável";"Com Vítimas Feridas";"Plena Noite";"Decrescente";"Céu Claro";"Dupla";"Reta";"Não";2;0;2;0;0;0;2;1;-18,88872;-48,62436;"SR-MG";"UOP01";"DEL15"
275653;2020-03-16;"segunda-feira";"00:12:00";"RJ";40;114;"DUQUE DE CAXIAS";"Falta de Atenção à Condução";"Tombamento";"Com Vítimas Feridas";"Plena Noite";"Decrescente";"Nublado";"Múltipla";"Reta";"Sim";1;0;1;0;0;0;1;1;-22,71854;-43,28993;"SR-RJ";"UOP01";"DEL01"
275654;2020-03-15;"domingo";"18:30:00";"MA";10;232,6;"GOVERNADOR EDISON LOBAO";"Desobediência às normas de trânsito pelo condutor";"Colisão lateral";"Com Vítimas Fatais";"Plena Noite";"Decrescente";"Chuva";"Simples";"Reta";"Não";1;1;0;0;0;0;0;1;-5,685401;-47,36909;"SR-MA";"UOP01";"DEL04"
275655;2020-03-15;"domingo";"22:10:00";"RS";386;349;"LAJEADO";"Ingestão de Álcool";"Saída de leito carroçável";"Sem Vítimas";"Plena Noite";"Crescente";"Céu Claro";"Simples";"Reta";"Sim";1;0;0;0;1;0;0;1;-29,46548;-51,95509;"SR-RS";"UOP02";"DEL04"
275656;2020-03-15;"domingo";"09:30:00";"MA";222;500,8;"BURITICUPU";"Defeito na Via";"Saída de leito carroçável";"Com Vítimas Fatais";"Pleno dia";"Crescente";"Chuva";"Simples";"Reta";"Não";2;1;0;0;1;0;0;1;-4,306302;-46,246;"SR-MA";"UOP01";"DEL02"
275657;2020-03-15;"domingo";"19:10:00";"MA";10;257;"IMPERATRIZ";"Ultrapassagem Indevida";"Colisão frontal";"Com Vítimas Feridas";"Plena Noite";"Decrescente";"Chuva";"Simples";"Reta";"Sim";2;0;1;1;0;0;2;2;-5,490634;-47,47197;"SR-MA";"UOP01";"DEL04"
275658;2020-03-16;"segunda-feira";"00:20:00";"RS";392;682,9;"ROQUE GONZALES";"Falta de Atenção à Condução";"Colisão com objeto estático";"Com Vítimas Fatais";"Plena Noite";"Crescente";"Céu Claro";"Simples";"Rotatória";"Não";3;1;0;0;0;2;0;1;-28,12226;-54,93808;"SR-RS";"UOP01";"DEL10"
275659;2020-03-16;"segunda-feira";"00:45:00";"DF";80;9;"BRASILIA";"Condutor Dormindo";"Colisão lateral";"Com Vítimas Feridas";"Plena Noite";"Decrescente";"Céu Claro";"Simples";"Reta";"Não";2;0;1;0;1;0;1;2;-15,73106;-48,15939;"SR-DF";"UOP03";"DEL01"
275660;2020-03-16;"segunda-feira";"00:45:00";"RJ";116;293;"PORTO REAL";"Defeito Mecânico no Veículo";"Capotamento";"Com Vítimas Feridas";"Plena Noite";"Decrescente";"Chuva";"Dupla";"Desvio Temporário";"Não";1;0;1;0;0;0;1;1;-22,45746;-44,29161;"SR-RJ";"UOP02";"DEL07"
275661;2020-03-15;"domingo";"23:30:00";"MG";262;32;"MANHUACU";"Ingestão de Álcool";"Colisão traseira";"Com Vítimas Feridas";"Plena Noite";"Crescente";"Céu Claro";"Simples";"Reta";"Não";2;0;1;0;1;0;1;2;-20,25556;-41,99815;"SR-MG";"UOP04";"DEL06"
275662;2020-03-16;"segunda-feira";"00:58:00";"SP";116;216;"GUARULHOS";"Falta de Atenção à Condução";"Colisão com objeto estático";"Sem Vítimas";"Plena Noite";"Decrescente";"Céu Claro";"Múltipla";"Reta";"Sim";1;0;0;0;0;1;0;1;-23,45057;-46,46258;"SR-SP";"UOP01";"DEL01"
275663;2020-03-15;"domingo";"23:45:00";"PE";101;97;"CABO DE SANTO AGOSTINHO";"Falta de Atenção à Condução";"Saída de leito carroçável";"Sem Vítimas";"Plena Noite";"Crescente";"Chuva";"Dupla";"Reta";"Sim";1;0;0;0;0;1;0;1;-8,264895;-35,01806;"SR-PE";"UOP03";"DEL01"
275664;2020-03-16;"segunda-feira";"01:30:00";"GO";20;93,2;"VILA BOA";"Animais na Pista";"Atropelamento de Animal";"Com Vítimas Feridas";"Plena Noite";"Crescente";"Céu Claro";"Simples";"Reta";"Não";3;0;2;1;0;0;3;1;-14,99792;-47,03061;"SR-DF";"UOP01";"DEL02"
275665;2020-03-16;"segunda-feira";"01:30:00";"PR";376;453;"TIBAGI";"Defeito Mecânico no Veículo";"Incêndio";"Sem Vítimas";"Plena Noite";"Crescente";"Céu Claro";"Dupla";"Não Informado";"Não";1;0;0;0;1;0;0;1;-24,95627;-50,39211;"SR-PR";"UOP04";"DEL03"
275666;2020-03-16;"segunda-feira";"01:50:00";"PE";232;100;"BEZERROS";"Ingestão de Álcool";"Atropelamento de Pedestre";"Com Vítimas Fatais";"Plena Noite";"Crescente";"Chuva";"Múltipla";"Reta";"Sim";3;1;0;0;1;1;0;1;-8,237912;-35,74298;"SR-PE";"UOP04";"DEL01"
275667;2020-03-16;"segunda-feira";"02:30:00";"MG";381;588,5;"CARMOPOLIS DE MINAS";"Falta de Atenção do Pedestre";"Atropelamento de Pedestre";"Com Vítimas Fatais";"Plena Noite";"Decrescente";"Céu Claro";"Dupla";"Reta";"Sim";4;1;0;0;1;2;0;1;-20,55378;-44,66117;"SR-MG";"UOP01";"DEL04"
275668;2020-03-16;"segunda-feira";"00:00:00";"PA";316;21;"BENEVIDES";"Falta de Atenção à Condução";"Colisão transversal";"Com Vítimas Fatais";"Plena Noite";"Decrescente";"Nublado";"Dupla";"Retorno Regulamentado";"Não";2;1;0;0;0;1;0;2;-1,360971;-48,26242;"SR-PA";"UOP01";"DEL01"
275669;2020-03-16;"segunda-feira";"00:30:00";"MG";459;88,1;"CONGONHAL";"Falta de Atenção à Condução";"Colisão transversal";"Com Vítimas Feridas";"Plena Noite";"Crescente";"Nublado";"Simples";"Curva";"Não";5;0;1;3;1;0;4;2;-22,14925;-46,01881;"SR-MG";"UOP01";"DEL09"
275670;2020-03-15;"domingo";"23:40:00";"RO";364;343;"JI-PARANA";"Falta de Atenção à Condução";"Queda de ocupante de veículo";"Com Vítimas Feridas";"Plena Noite";"Crescente";"Ignorado";"Múltipla";"Retorno Regulamentado";"Sim";1;0;1;0;0;0;1;1;-10,87879;-61,94499;"SR-RO";"UOP01";"DEL02"
275671;2020-03-16;"segunda-feira";"02:30:00";"GO";452;121;"BOM JESUS DE GOIAS";"Condutor Dormindo";"Saída de leito carroçável";"Com Vítimas Fatais";"Plena Noite";"Crescente";"Céu Claro";"Simples";"Reta";"Não";1;1;0;0;0;0;0;1;-18,1957;-49,81924;"SR-GO";"UOP02";"DEL03"
275672;2020-03-16;"segunda-feira";"03:30:00";"SC";101;191,3;"BIGUACU";"Falta de Atenção do Pedestre";"Atropelamento de Pedestre";"Com Vítimas Fatais";"Plena Noite";"Decrescente";"Céu Claro";"Dupla";"Reta";"Não";2;1;1;0;0;0;1;1;-27,4773;-48,64127;"SR-SC";"UOP01";"DEL01"
275673;2020-03-16;"segunda-feira";"04:30:00";"SC";101;205;"SAO JOSE";"Falta de Atenção à Condução";"Saída de leito carroçável";"Sem Vítimas";"Plena Noite";"Decrescente";"Céu Claro";"Múltipla";"Reta";"Sim";1;0;0;0;0;1;0;1;-27,58313;-48,61533;"SR-SC";"UOP01";"DEL01"
275674;2020-03-16;"segunda-feira";"03:32:00";"MG";153;182;"FRUTAL";"Falta de Atenção à Condução";"Saída de leito carroçável";"Com Vítimas Feridas";"Plena Noite";"Decrescente";"Céu Claro";"Simples";"Curva";"Não";1;0;0;1;0;0;1;1;-19,87197;-48,97351;"SR-MG";"UOP02";"DEL13"
275676;2020-03-15;"domingo";"17:20:00";"BA";407;129;"SENHOR DO BONFIM";"Ingestão de Álcool";"Colisão lateral";"Sem Vítimas";"Pleno dia";"Crescente";"Céu Claro";"Simples";"Reta";"Sim";4;0;0;0;4;0;0;2;-10,47893;-40,1682;"SR-BA";"UOP01";"DEL04"
275677;2020-03-16;"segunda-feira";"05:20:00";"GO";60;113;"GOIANAPOLIS";"Velocidade Incompatível";"Colisão traseira";"Com Vítimas Feridas";"Amanhecer";"Decrescente";"Céu Claro";"Dupla";"Reta";"Não";2;0;0;1;1;0;1;2;-16,4572;-49,0567;"SR-GO";"UOP01";"DEL01"
275678;2020-03-16;"segunda-feira";"04:27:00";"RJ";40;124;"DUQUE DE CAXIAS";"Falta de Atenção à Condução";"Engavetamento";"Sem Vítimas";"Amanhecer";"Crescente";"Céu Claro";"Múltipla";"Curva";"Sim";3;0;0;0;3;0;0;3;-22,80795;-43,28912;"SR-RJ";"UOP02";"DEL01"
275679;2020-03-16;"segunda-feira";"05:20:00";"MG";262;356;"BETIM";"Velocidade Incompatível";"Saída de leito carroçável";"Com Vítimas Feridas";"Amanhecer";"Crescente";"Céu Claro";"Dupla";"Reta";"Não";1;0;0;1;0;0;1;1;-19,96891;-44,18105;"SR-MG";"UOP03";"DEL01"
275680;2020-03-16;"segunda-feira";"04:45:00";"BA";101;214;"MURITIBA";"Falta de Atenção à Condução";"Colisão lateral";"Com Vítimas Feridas";"Amanhecer";"Crescente";"Céu Claro";"Simples";"Reta";"Não";3;0;3;0;0;0;3;2;-12,65352;-39,12237;"SR-BA";"UOP03";"DEL01"
275681;2020-03-16;"segunda-feira";"06:00:00";"DF";20;8,3;"BRASILIA";"Falta de Atenção à Condução";"Colisão traseira";"Com Vítimas Feridas";"Amanhecer";"Decrescente";"Sol";"Dupla";"Desvio Temporário";"Sim";4;0;1;0;2;1;1;4;-15,65839;-47,79153;"SR-DF";"UOP01";"DEL02"
275682;2020-03-16;"segunda-feira";"05:30:00";"GO";70;0,2;"AGUAS LINDAS DE GOIAS";"Defeito Mecânico no Veículo";"Colisão traseira";"Sem Vítimas";"Amanhecer";"Decrescente";"Céu Claro";"Dupla";"Desvio Temporário";"Não";7;0;0;0;7;0;0;7;-15,78354;-48,2326;"SR-DF";"UOP03";"DEL01"
275683;2020-03-16;"segunda-feira";"04:30:00";"AL";101;65,6;"MESSIAS";"Falta de Atenção à Condução";"Colisão traseira";"Com Vítimas Feridas";"Amanhecer";"Decrescente";"Chuva";"Dupla";"Reta";"Não";6;0;3;0;3;0;3;2;-9,324134;-35,82957;"SR-AL";"UOP02";"DEL01"
275684;2020-03-16;"segunda-feira";"05:00:00";"BA";116;23;"VITORIA DA CONQUISTA";"Defeito Mecânico no Veículo";"Incêndio";"Sem Vítimas";"Amanhecer";"Decrescente";"Nublado";"Simples";"Reta";"Não";1;0;0;0;1;0;0;1;-14,851;-40,8485;"SR-BA";"UOP01";"DEL08"
275685;2020-03-16;"segunda-feira";"05:00:00";"SC";470;145;"RIO DO SUL";"Velocidade Incompatível";"Colisão transversal";"Com Vítimas Feridas";"Plena Noite";"Decrescente";"Céu Claro";"Simples";"Reta";"Não";2;0;1;0;1;0;1;2;-27,2373;-49,68222;"SR-SC";"UOP02";"DEL04"
275686;2020-03-16;"segunda-feira";"05:50:00";"BA";116;425;"FEIRA DE SANTANA";"Falta de Atenção à Condução";"Colisão transversal";"Com Vítimas Feridas";"Pleno dia";"Crescente";"Céu Claro";"Simples";"Desvio Temporário";"Sim";2;0;1;0;1;0;1;2;-12,23737;-38,98;"SR-BA";"UOP01";"DEL02"
275687;2020-03-16;"segunda-feira";"05:20:00";"SC";280;56;"GUARAMIRIM";"Falta de Atenção à Condução";"Colisão transversal";"Com Vítimas Feridas";"Amanhecer";"Decrescente";"Céu Claro";"Simples";"Reta";"Sim";3;0;1;0;2;0;1;2;-26,47948;-49,00299;"SR-SC";"UOP03";"DEL03"
275688;2020-03-16;"segunda-feira";"06:30:00";"PR";277;4,8;"PARANAGUA";"Defeito Mecânico no Veículo";"Colisão traseira";"Com Vítimas Feridas";"Pleno dia";"Decrescente";"Céu Claro";"Dupla";"Reta";"Sim";2;0;1;0;1;0;1;2;-25,5205;-48,5095;"SR-PR";"UOP07";"DEL01"
275689;2020-03-16;"segunda-feira";"06:25:00";"AL";101;95,3;"RIO LARGO";"Pista Escorregadia";"Engavetamento";"Com Vítimas Feridas";"Amanhecer";"Crescente";"Chuva";"Simples";"Não Informado";"Não";3;0;1;0;2;0;1;3;-9,521545;-35,93868;"SR-AL";"UOP01";"DEL01"
275690;2020-03-16;"segunda-feira";"06:45:00";"CE";116;19;"FORTALEZA";"Pista Escorregadia";"Tombamento";"Com Vítimas Feridas";"Pleno dia";"Crescente";"Garoa/Chuvisco";"Dupla";"Reta";"Sim";1;0;1;0;0;0;1;1;-3,913844;-38,50667;"SR-CE";"UOP02";"DEL01"