"id";"data_inversa";"dia_semana";"horario";"uf";"br";"km";"municipio";"causa_acidente";"tipo_acidente";"classificacao_acidente";"fase_dia";"sentido_via";"condicao_metereologica";"tipo_pista";"tracado_via";"uso_solo";"pessoas";"mortos";"feridos_leves";"feridos_graves";"ilesos";"ignorados";"feridos";"veiculos";"latitude";"longitude";"regional";"delegacia";"uop"
275795;2020-03-16;"segunda-feira";"15:45:00";"PB";116;3,5;"CACHOEIRA DOS INDIOS";"Defeito Mecânico no Veículo";"Colisão com objeto estático";"Com Vítimas Feridas";"Pleno dia";"Crescente";"Nublado";"Simples";"Curva";"Não";3;0;2;0;1;0;2;1;-6,927063;-38,72732;"SR-CE";"UOP03";"DEL05"
275796;2020-02-22;"sábado";"06:00:00";"PR";116;18,6;"ANTONINA";"Velocidade Incompatível";"Saída de leito carroçável";"Com Vítimas Feridas";"Amanhecer";"Decrescente";"Chuva";"Dupla";"Curva";"Não";2;0;2;0;0;0;2;1;-25,1053;-48,71571;"SR-PR";"UOP02";"DEL01"
275797;2020-03-16;"segunda-feira";"16:40:00";"SP";116;220,5;"GUARULHOS";"Falta de Atenção à Condução";"Colisão traseira";"Com Vítimas Feridas";"Pleno dia";"Decrescente";"Nublado";"Múltipla";"Reta";"Sim";2;0;1;0;1;0;1;2;-23,46473;-46,49794;"SR-SP";"UOP01";"DEL01"
275799;2020-03-15;"domingo";"02:50:00";"AM";174;885;"MANAUS";"Ingestão de Álcool";"Colisão frontal";"Sem Vítimas";"Plena Noite";"Crescente";"Céu Claro";"Simples";"Curva";"Sim";4;0;0;0;4;0;0;2;-2,964488;-60,02344;"SR-AM";"UOP01";"DEL01"
275800;2020-03-16;"segunda-feira";"15:30:00";"MS";262;367,1;"TERENOS";"Condutor Dormindo";"Colisão frontal";"Com Vítimas Feridas";"Pleno dia";"Crescente";"Céu Claro";"Dupla";"Reta";"Sim";2;0;1;0;1;0;1;2;-20,47735;-54,7507;"SR-MS";"UOP03";"DEL01"
275801;2020-03-16;"segunda-feira";"15:50:00";"RN";101;107,7;"PARNAMIRIM";"Ingestão de Álcool";"Colisão traseira";"Sem Vítimas";"Pleno dia";"Crescente";"Sol";"Dupla";"Reta";"Sim";2;0;0;0;2;0;0;2;-5,921917;-35,26502;"SR-RN";"UOP01";"DEL01"
275802;2020-03-16;"segunda-feira";"16:40:00";"ES";259;0,1;"JOAO NEIVA";"Falta de Atenção à Condução";"Tombamento";"Com Vítimas Feridas";"Pleno dia";"Crescente";"Céu Claro";"Dupla";"Reta";"Não";1;0;1;0;0;0;1;1;-19,74665;-40,37691;"SR-ES";"UOP01";"DEL02"
275803;2020-03-15;"domingo";"06:45:00";"PR";163;291;"MARECHAL CANDIDO RONDON";"Falta de Atenção à Condução";"Colisão frontal";"Com Vítimas Feridas";"Pleno dia";"Crescente";"Céu Claro";"Simples";"Reta";"Não";2;0;2;0;0;0;2;2;-24,51974;-54,10205;"SR-PR";"UOP04";"DEL06"
275804;2020-03-16;"segunda-feira";"16:30:00";"PI";343;141,7;"PIRACURUCA";"Defeito Mecânico no Veículo";"Colisão traseira";"Sem Vítimas";"Pleno dia";"Decrescente";"Garoa/Chuvisco";"Dupla";"Curva";"Sim";2;0;0;0;2;0;0;2;-3,934944;-41,7147;"SR-PI";"UOP01";"DEL02"
275805;2020-03-16;"segunda-feira";"16:30:00";"PE";232;75;"GRAVATA";"Avarias e/ou desgaste excessivo no pneu";"Saída de leito carroçável";"Sem Vítimas";"Pleno dia";"Decrescente";"Céu Claro";"Dupla";"Reta";"Não";1;0;0;0;1;0;0;1;-8,197378;-35,52548;"SR-PE";"UOP04";"DEL01"
275806;2020-03-09;"segunda-feira";"18:30:00";"RS";290;710;"URUGUAIANA";"Desobediência às normas de trânsito pelo condutor";"Colisão transversal";"Com Vítimas Feridas";"Anoitecer";"Decrescente";"Céu Claro";"Simples";"Reta";"Não";3;0;2;0;1;0;2;2;-29,82468;-56,98382;"SR-RS";"UOP01";"DEL13"
275809;2020-02-25;"terça-feira";"10:15:00";"SC";280;149,9;"MAFRA";"Desobediência às normas de trânsito pelo condutor";"Colisão transversal";"Com Vítimas Feridas";"Pleno dia";"Crescente";"Chuva";"Simples";"Reta";"Não";2;0;1;0;1;0;1;2;-26,23742;-49,68283;"SR-SC";"UOP03";"DEL06"
275810;2020-03-16;"segunda-feira";"17:30:00";"MG";40;721,7;"BARBACENA";"Falta de Atenção à Condução";"Queda de ocupante de veículo";"Com Vítimas Fatais";"Pleno dia";"Decrescente";"Nublado";"Dupla";"Reta";"Não";1;1;0;0;0;0;0;1;-21,28685;-43,6416;"SR-MG";"UOP01";"DEL05"
275811;2020-03-16;"segunda-feira";"17:20:00";"PR";277;675,9;"MEDIANEIRA";"Não guardar distância de segurança";"Colisão traseira";"Com Vítimas Feridas";"Pleno dia";"Crescente";"Céu Claro";"Dupla";"Reta";"Não";2;0;1;0;1;0;1;2;-25,29892;-54,12339;"SR-PR";"UOP01";"DEL05"
275812;2020-03-16;"segunda-feira";"16:50:00";"MT";163;799,9;"VERA";"Falta de Atenção à Condução";"Saída de leito carroçável";"Com Vítimas Feridas";"Pleno dia";"Crescente";"Chuva";"Simples";"Não Informado";"Não";2;0;2;0;0;0;2;1;-12,29714;-55,5701;"SR-MT";"UOP01";"DEL06"
275813;2020-03-16;"segunda-feira";"15:28:00";"MT";174;582;"COMODORO";"Falta de Atenção à Condução";"Saída de leito carroçável";"Sem Vítimas";"Pleno dia";"Decrescente";"Chuva";"Simples";"Reta";"Não";1;0;0;0;1;0;0;1;-12,90322;-60,05292;"SR-RO";"UOP01";"DEL04"
275814;2020-03-16;"segunda-feira";"17:05:00";"RJ";101;298;"ITABORAI";"Ingestão de Álcool";"Colisão traseira";"Sem Vítimas";"Pleno dia";"Decrescente";"Sol";"Simples";"Reta";"Sim";2;0;0;0;2;0;0;2;-22,77316;-42,93491;"SR-RJ";"UOP01";"DEL02"
275815;2020-03-16;"segunda-feira";"16:30:00";"GO";60;423;"RIO VERDE";"Fenômenos da Natureza";"Saída de leito carroçável";"Com Vítimas Feridas";"Pleno dia";"Crescente";"Chuva";"Dupla";"Curva";"Não";1;0;1;0;0;0;1;1;-17,814;-51,2659;"SR-GO";"UOP01";"DEL04"
275816;2020-03-16;"segunda-feira";"18:00:00";"PR";376;176,8;"MARINGA";"Falta de Atenção à Condução";"Colisão transversal";"Com Vítimas Feridas";"Anoitecer";"Crescente";"Nublado";"Dupla";"Interseção de vias";"Sim";2;0;1;0;1;0;1;2;-23,41497;-51,92585;"SR-PR";"UOP01";"DEL09"
275817;2020-03-16;"segunda-feira";"16:27:00";"MA";222;361,8;"SANTA INES";"Falta de Atenção à Condução";"Colisão transversal";"Com Vítimas Feridas";"Pleno dia";"Decrescente";"Céu Claro";"Simples";"Reta";"Sim";3;0;0;2;1;0;2;2;-3,682647;-45,39561;"SR-MA";"UOP01";"DEL02"
275818;2020-03-15;"domingo";"03:10:00";"PA";163;1001,9;"SANTAREM";"Ingestão de Álcool";"Colisão traseira";"Sem Vítimas";"Plena Noite";"Decrescente";"Chuva";"Simples";"Reta";"Não";2;0;0;0;2;0;0;2;-2,457008;-54,72848;"SR-PA";"UOP01";"DEL05"
275819;2020-03-16;"segunda-feira";"18:30:00";"SC";101;205;"SAO JOSE";"Falta de Atenção à Condução";"Colisão lateral";"Com Vítimas Feridas";"Plena Noite";"Crescente";"Chuva";"Simples";"Reta";"Sim";2;0;1;0;1;0;1;2;-27,58313;-48,61533;"SR-SC";"UOP01";"DEL01"
275820;2020-03-16;"segunda-feira";"16:45:00";"MG";381;913;"CAMANDUCAIA";"Falta de Atenção à Condução";"Colisão com objeto estático";"Com Vítimas Feridas";"Pleno dia";"Decrescente";"Chuva";"Dupla";"Curva";"Não";2;0;1;0;1;0;1;1;-22,7539;-46,1465;"SR-MG";"UOP03";"DEL16"
275821;2020-03-16;"segunda-feira";"16:35:00";"AP";156;430;"TARTARUGALZINHO";"Pista Escorregadia";"Saída de leito carroçável";"Com Vítimas Fatais";"Pleno dia";"Crescente";"Chuva";"Simples";"Reta";"Não";4;1;1;0;0;2;1;1;1,223166;-51,01055;"SR-AP";"UOP02";"DEL01"
275822;2020-03-16;"segunda-feira";"15:20:00";"RS";287;528;"SAO BORJA";"Falta de Atenção à Condução";"Colisão traseira";"Com Vítimas Feridas";"Pleno dia";"Crescente";"Céu Claro";"Simples";"Reta";"Não";4;0;1;0;2;1;1;2;-28,69059;-55,91928;"SR-RS";"UOP01";"DEL12"
275823;2020-03-16;"segunda-feira";"17:10:00";"PR";277;117;"CAMPO LARGO";"Velocidade Incompatível";"Colisão traseira";"Com Vítimas Feridas";"Pleno dia";"Decrescente";"Nublado";"Múltipla";"Reta";"Sim";8;0;1;0;7;0;1;2;-25,4513;-49,53125;"SR-PR";"UOP03";"DEL03"
275825;2020-03-16;"segunda-feira";"17:30:00";"RJ";493;97,8;"SEROPEDICA";"Velocidade Incompatível";"Colisão traseira";"Com Vítimas Feridas";"Pleno dia";"Decrescente";"Céu Claro";"Dupla";"Reta";"Não";5;0;2;1;0;2;3;2;-22,72614;-43,71285;"SR-RJ";"UOP01";"DEL03"
275826;2020-03-16;"segunda-feira";"18:10:00";"SC";101;210;"SAO JOSE";"Não guardar distância de segurança";"Engavetamento";"Com Vítimas Feridas";"Anoitecer";"Decrescente";"Chuva";"Múltipla";"Não Informado";"Sim";5;0;1;0;4;0;1;4;-27,61613;-48,64514;"SR-SC";"UOP01";"DEL01"
275827;2020-03-16;"segunda-feira";"18:00:00";"ES";262;4,8;"CARIACICA";"Falta de Atenção à Condução";"Colisão traseira";"Com Vítimas Feridas";"Anoitecer";"Crescente";"Céu Claro";"Dupla";"Reta";"Não";2;0;0;1;1;0;1;2;-20,33609;-40,37813;"SR-ES";"UOP01";"DEL01"
275828;2020-03-16;"segunda-feira";"16:05:00";"RR";174;682,4;"PACARAIMA";"Falta de Atenção à Condução";"Colisão frontal";"Com Vítimas Feridas";"Anoitecer";"Decrescente";"Chuva";"Simples";"Não Informado";"Não";4;0;3;0;1;0;3;2;4,278084;-61,06236;"SR-RR";"UOP02";"DEL01"
275829;2020-03-16;"segunda-feira";"16:45:00";"MG";262;611,7;"IBIA";"Pista Escorregadia";"Colisão frontal";"Com Vítimas Feridas";"Pleno dia";"Decrescente";"Chuva";"Simples";"Reta";"Não";2;0;2;0;0;0;2;2;-19,5889;-46,31836;"SR-MG";"UOP02";"DEL08"
275830;2020-03-16;"segunda-feira";"17:50:00";"PR";116;10;"COLOMBO";"Falta de Atenção à Condução";"Colisão traseira";"Com Vítimas Feridas";"Anoitecer";"Crescente";"Nublado";"Dupla";"Reta";"Sim";3;0;1;0;2;0;1;2;-25,3719;-49,134;"SR-PR";"UOP01";"DEL01"
275831;2020-03-16;"segunda-feira";"17:40:00";"ES";101;264;"SERRA";"Restrição de Visibilidade";"Colisão transversal";"Com Vítimas Feridas";"Anoitecer";"Decrescente";"Céu Claro";"Múltipla";"Reta";"Sim";2;0;1;0;1;0;1;2;-20,17293;-40,26736;"SR-ES";"UOP01";"DEL02"
275832;2020-03-16;"segunda-feira";"18:20:00";"BA";135;170,4;"BARREIRAS";"Animais na Pista";"Atropelamento de Animal";"Com Vítimas Feridas";"Anoitecer";"Decrescente";"Nublado";"Simples";"Reta";"Não";3;0;0;3;0;0;3;2;-12,08929;-44,97288;"SR-BA";"UOP01";"DEL10"
275833;2020-03-16;"segunda-feira";"18:20:00";"CE";222;132,2;"ITAPAJE";"Não guardar distância de segurança";"Colisão traseira";"Sem Vítimas";"Plena Noite";"Decrescente";"Céu Claro";"Simples";"Reta";"Não";3;0;0;0;2;1;0;2;-3,723793;-39,64385;"SR-CE";"UOP03";"DEL04"
275836;2020-03-16;"segunda-feira";"17:00:00";"PR";277;524,9;"GUARANIACU";"Velocidade Incompatível";"Colisão com objeto estático";"Com Vítimas Feridas";"Pleno dia";"Crescente";"Nublado";"Simples";"Curva";"Não";3;0;1;0;2;0;1;1;-25,09207;-52,9161;"SR-PR";"UOP02";"DEL04"
275837;2020-03-16;"segunda-feira";"18:55:00";"RJ";101;276;"TANGUA";"Falta de Atenção à Condução";"Colisão lateral";"Com Vítimas Feridas";"Anoitecer";"Crescente";"Céu Claro";"Dupla";"Retorno Regulamentado";"Sim";3;0;2;0;1;0;2;2;-22,73796;-42,73872;"SR-RJ";"UOP03";"DEL02"
275838;2020-03-16;"segunda-feira";"18:40:00";"MT";163;844;"SINOP";"Defeito Mecânico no Veículo";"Saída de leito carroçável";"Com Vítimas Feridas";"Plena Noite";"Crescente";"Céu Claro";"Simples";"Reta";"Sim";2;0;1;0;1;0;1;1;-11,90745;-55,50727;"SR-MT";"UOP02";"DEL06"
275840;2020-03-16;"segunda-feira";"18:10:00";"BA";101;343,7;"TEOLANDIA";"Desobediência às normas de trânsito pelo condutor";"Colisão transversal";"Com Vítimas Feridas";"Anoitecer";"Decrescente";"Céu Claro";"Simples";"Não Informado";"Não";2;0;0;1;1;0;1;2;-13,57626;-39,47751;"SR-BA";"UOP03";"DEL05"
275841;2020-03-16;"segunda-feira";"15:50:00";"PE";101;95,6;"CABO DE SANTO AGOSTINHO";"Defeito Mecânico no Veículo";"Saída de leito carroçável";"Sem Vítimas";"Pleno dia";"Crescente";"Céu Claro";"Dupla";"Reta";"Não";1;0;0;0;0;1;0;1;-8,25099;-35,01426;"SR-PE";"UOP03";"DEL01"
275842;2020-03-16;"segunda-feira";"19:50:00";"MG";40;777,9;"JUIZ DE FORA";"Defeito na Via";"Tombamento";"Com Vítimas Feridas";"Plena Noite";"Crescente";"Chuva";"Simples";"Curva";"Não";1;0;1;0;0;0;1;1;-21,65915;-43,43352;"SR-MG";"UOP01";"DEL05"
275843;2020-03-16;"segunda-feira";"20:00:00";"AL";316;140,1;"ESTRELA DE ALAGOAS";"Desobediência às normas de trânsito pelo condutor";"Colisão transversal";"Com Vítimas Feridas";"Plena Noite";"Crescente";"Céu Claro";"Simples";"Reta";"Sim";3;0;2;0;1;0;2;2;-9,390468;-36,7585;"SR-AL";"UOP01";"DEL03"
275844;2020-03-16;"segunda-feira";"17:15:00";"SC";163;90,4;"GUARACIABA";"Ingestão de Álcool";"Colisão traseira";"Sem Vítimas";"Pleno dia";"Decrescente";"Sol";"Simples";"Reta";"Não";4;0;0;0;4;0;0;4;-26,5554;-53,51498;"SR-SC";"UOP03";"DEL07"
275845;2020-03-15;"domingo";"04:30:00";"SC";282;361,8;"ERVAL VELHO";"Ingestão de Álcool";"Colisão frontal";"Com Vítimas Feridas";"Amanhecer";"Decrescente";"Céu Claro";"Simples";"Curva";"Não";4;0;1;0;3;0;1;2;-27,31058;-51,37308;"SR-SC";"UOP07";"DEL07"
275846;2020-03-16;"segunda-feira";"18:20:00";"BA";116;420;"FEIRA DE SANTANA";"Falta de Atenção à Condução";"Saída de leito carroçável";"Sem Vítimas";"Plena Noite";"Decrescente";"Céu Claro";"Dupla";"Reta";"Sim";1;0;0;0;0;1;0;1;-12,2088;-38,9653;"SR-BA";"UOP01";"DEL02"
275847;2020-03-16;"segunda-feira";"19:40:00";"SC";101;5,7;"GARUVA";"Falta de Atenção à Condução";"Colisão traseira";"Com Vítimas Feridas";"Plena Noite";"Decrescente";"Céu Claro";"Dupla";"Não Informado";"Não";3;0;1;0;2;0;1;2;-26,02403;-48,86159;"SR-SC";"UOP01";"DEL03"
275849;2020-03-16;"segunda-feira";"20:10:00";"GO";40;97,8;"CRISTALINA";"Desobediência às normas de trânsito pelo condutor";"Atropelamento de Pedestre";"Com Vítimas Feridas";"Plena Noite";"Crescente";"Céu Claro";"Simples";"Reta";"Sim";2;0;1;0;0;1;1;1;-16,76463;-47,59576;"SR-DF";"UOP04";"DEL01"
275850;2020-03-16;"segunda-feira";"08:40:00";"RJ";101;322;"NITEROI";"Falta de Atenção à Condução";"Queda de ocupante de veículo";"Sem Vítimas";"Pleno dia";"Decrescente";"Céu Claro";"Dupla";"Reta";"Não";1;0;0;0;0;1;0;1;-22,87892;-43,11068;"SR-RJ";"UOP01";"DEL02"
275851;2020-03-16;"segunda-feira";"14:40:00";"RJ";101;325,3;"NITEROI";"Falta de Atenção à Condução";"Colisão com objeto estático";"Com Vítimas Feridas";"Pleno dia";"Crescente";"Céu Claro";"Múltipla";"Reta";"Não";2;0;0;1;1;0;1;2;-22,87256;-43,13882;"SR-RJ";"UOP01";"DEL02"
275852;2020-03-16;"segunda-feira";"17:00:00";"RN";110;85,9;"UPANEMA";"Velocidade Incompatível";"Saída de leito carroçável";"Com Vítimas Feridas";"Anoitecer";"Decrescente";"Chuva";"Simples";"Curva";"Não";2;0;1;1;0;0;2;1;-5,542766;-37,32508;"SR-RN";"UOP01";"DEL04"
275853;2020-03-16;"segunda-feira";"20:30:00";"GO";40;6,7;"VALPARAISO DE GOIAS";"Agressão Externa";"Colisão traseira";"Sem Vítimas";"Plena Noite";"Crescente";"Céu Claro";"Dupla";"Reta";"Sim";2;0;0;0;2;0;0;2;-16,10081;-47,97735;"SR-DF";"UOP01";"DEL01"
275854;2020-03-16;"segunda-feira";"20:30:00";"MG";40;528,5;"CONTAGEM";"Ingestão de Álcool";"Atropelamento de Pedestre";"Com Vítimas Feridas";"Plena Noite";"Decrescente";"Céu Claro";"Dupla";"Reta";"Sim";3;0;1;0;1;1;1;1;-19,90883;-44,04437;"SR-MG";"UOP02";"DEL01"
275855;2020-03-16;"segunda-feira";"20:30:00";"MG";365;741;"ITUIUTABA";"Condutor Dormindo";"Colisão com objeto estático";"Com Vítimas Feridas";"Plena Noite";"Decrescente";"Céu Claro";"Simples";"Reta";"Não";1;0;1;0;0;0;1;1;-18,91363;-49,38246;"SR-MG";"UOP03";"DEL15"
275856;2020-03-16;"segunda-feira";"20:40:00";"SP";116;112,3;"TAUBATE";"Defeito Mecânico no Veículo";"Tombamento";"Com Vítimas Feridas";"Plena Noite";"Crescente";"Céu Claro";"Dupla";"Reta";"Sim";2;0;1;0;1;0;1;1;-23,04159;-45,57066;"SR-SP";"UOP01";"DEL06"
275857;2020-03-16;"segunda-feira";"20:55:00";"RS";116;1;"PORTO ALEGRE";"Desobediência às normas de trânsito pelo condutor";"Colisão transversal";"Sem Vítimas";"Plena Noite";"Decrescente";"Céu Claro";"Dupla";"Interseção de vias";"Sim";2;0;0;0;2;0;0;2;-29,97541;-51,17793;"SR-RS";"UOP03";"DEL05"
275858;2020-03-16;"segunda-feira";"21:30:00";"SC";101;120;"ITAJAI";"Condutor Dormindo";"Queda de ocupante de veículo";"Com Vítimas Feridas";"Plena Noite";"Decrescente";"Nublado";"Dupla";"Reta";"Sim";1;0;1;0;0;0;1;1;-26,91276;-48,712;"SR-SC";"UOP04";"DEL04"
275859;2020-03-16;"segunda-feira";"17:00:00";"SC";101;306,7;"LAGUNA";"Pista Escorregadia";"Capotamento";"Com Vítimas Feridas";"Pleno dia";"Crescente";"Chuva";"Dupla";"Reta";"Não";2;0;2;0;0;0;2;1;-28,38437;-48,77113;"SR-SC";"UOP03";"DEL02"
275860;2020-03-16;"segunda-feira";"18:30:00";"SC";101;306,5;"LAGUNA";"Pista Escorregadia";"Colisão traseira";"Com Vítimas Feridas";"Anoitecer";"Crescente";"Chuva";"Dupla";"Reta";"Não";3;0;1;0;2;0;1;3;-28,38437;-48,77113;"SR-SC";"UOP03";"DEL02"
275861;2020-03-16;"segunda-feira";"22:00:00";"PE";101;60,9;"RECIFE";"Animais na Pista";"Atropelamento de Animal";"Com Vítimas Feridas";"Plena Noite";"Crescente";"Nublado";"Dupla";"Reta";"Sim";1;0;1;0;0;0;1;1;-7,983443;-34,93177;"SR-PE";"UOP02";"DEL01"
275862;2020-03-16;"segunda-feira";"19:30:00";"RS";116;39,2;"VACARIA";"Ingestão de álcool e/ou substâncias psicoativas pelo pedestre";"Atropelamento de Pedestre";"Com Vítimas Feridas";"Plena Noite";"Crescente";"Céu Claro";"Simples";"Interseção de vias";"Sim";2;0;1;0;1;0;1;1;-28,51367;-50,9346;"SR-RS";"UOP03";"DEL05"
275863;2020-03-16;"segunda-feira";"21:00:00";"PE";232;57,1;"POMBOS";"Falta de Atenção à Condução";"Saída de leito carroçável";"Sem Vítimas";"Pleno dia";"Decrescente";"Céu Claro";"Múltipla";"Reta";"Sim";1;0;0;0;0;1;0;1;-8,141213;-35,38181;"SR-PE";"UOP04";"DEL01"
275864;2020-03-16;"segunda-feira";"22:10:00";"RS";290;10;"OSORIO";"Falta de Atenção à Condução";"Colisão traseira";"Com Vítimas Feridas";"Plena Noite";"Decrescente";"Garoa/Chuvisco";"Dupla";"Reta";"Não";2;0;0;1;1;0;1;2;-29,89139;-50,37371;"SR-RS";"UOP01";"DEL03"
275865;2020-03-16;"segunda-feira";"21:40:00";"RS";386;349,9;"ESTRELA";"Falta de Atenção à Condução";"Saída de leito carroçável";"Com Vítimas Feridas";"Plena Noite";"Crescente";"Céu Claro";"Dupla";"Reta";"Sim";1;0;1;0;0;0;1;1;-29,46548;-51,95509;"SR-RS";"UOP02";"DEL04"
275866;2020-03-16;"segunda-feira";"14:15:00";"ES";101;136;"LINHARES";"Mal Súbito";"Queda de ocupante de veículo";"Com Vítimas Feridas";"Pleno dia";"Crescente";"Céu Claro";"Simples";"Reta";"Sim";2;0;1;0;0;1;1;1;-19,28406;-40,08689;"SR-ES";"UOP01";"DEL04"
275867;2020-02-23;"domingo";"11:00:00";"MA";10;242;"IMPERATRIZ";"Desobediência às normas de trânsito pelo condutor";"Colisão traseira";"Com Vítimas Feridas";"Pleno dia";"Decrescente";"Céu Claro";"Simples";"Não Informado";"Sim";2;0;1;0;1;0;1;2;-5,610982;-47,41887;"SR-MA";"UOP01";"DEL04"
275868;2020-03-16;"segunda-feira";"18:15:00";"SC";282;33,2;"AGUAS MORNAS";"Velocidade Incompatível";"Colisão frontal";"Com Vítimas Feridas";"Plena Noite";"Crescente";"Chuva";"Simples";"Curva";"Não";5;0;2;2;1;0;4;2;-27,70659;-48,80814;"SR-SC";"UOP03";"DEL01"
275869;2020-03-16;"segunda-feira";"22:20:00";"ES";101;79,1;"SAO MATEUS";"Ingestão de Substâncias Psicoativas";"Colisão com objeto estático";"Com Vítimas Feridas";"Plena Noite";"Crescente";"Nublado";"Simples";"Não Informado";"Não";2;0;0;1;0;1;1;2;-18,81418;-39,90122;"SR-ES";"UOP02";"DEL04"
275870;2020-03-16;"segunda-feira";"19:00:00";"RR";432;196;"CANTA";"Carga excessiva e/ou mal acondicionada";"Colisão lateral";"Com Vítimas Fatais";"Plena Noite";"Decrescente";"Céu Claro";"Simples";"Reta";"Não";3;1;0;0;2;0;0;3;2,652438;-60,5906;"SR-RR";"UOP01";"DEL01"
275871;2020-03-16;"segunda-feira";"18:30:00";"PR";280;273,7;"MARMELEIRO";"Velocidade Incompatível";"Tombamento";"Com Vítimas Feridas";"Plena Noite";"Crescente";"Céu Claro";"Simples";"Curva";"Não";1;0;0;1;0;0;1;1;-26,22841;-53,17598;"SR-PR";"UOP01";"DEL02"
275872;2020-03-16;"segunda-feira";"18:45:00";"RO";364;668;"CANDEIAS DO JAMARI";"Defeito na Via";"Queda de ocupante de veículo";"Com Vítimas Feridas";"Plena Noite";"Crescente";"Céu Claro";"Simples";"Reta";"Não";3;0;0;1;2;0;1;2;-8,775756;-63,49732;"SR-RO";"UOP01";"DEL01"
275873;2020-03-16;"segunda-feira";"20:30:00";"MG";381;924,5;"ITAPEVA";"Velocidade Incompatível";"Colisão com objeto estático";"Com Vítimas Feridas";"Plena Noite";"Crescente";"Garoa/Chuvisco";"Dupla";"Curva";"Não";2;0;1;0;1;0;1;1;-22,7705;-46,23491;"SR-MG";"UOP03";"DEL16"
275875;2020-03-16;"segunda-feira";"22:00:00";"MT";70;522;"VARZEA GRANDE";"Velocidade Incompatível";"Colisão traseira";"Com Vítimas Feridas";"Plena Noite";"Decrescente";"Céu Claro";"Simples";"Reta";"Sim";4;0;2;0;0;2;2;1;-15,65769;-56,18912;"SR-MT";"UOP02";"DEL05"
275876;2020-03-16;"segunda-feira";"19:30:00";"PI";343;447;"AGUA BRANCA";"Restrição de Visibilidade";"Atropelamento de Pedestre";"Com Vítimas Fatais";"Plena Noite";"Decrescente";"Chuva";"Simples";"Reta";"Não";2;1;0;0;0;1;0;1;-5,901682;-42,66535;"SR-PI";"UOP02";"DEL01"
275877;2020-03-16;"segunda-feira";"22:30:00";"MS";262;453,8;"DOIS IRMAOS DO BURITI";"Desobediência às normas de trânsito pelo condutor";"Colisão frontal";"Com Vítimas Fatais";"Plena Noite";"Decrescente";"Céu Claro";"Simples";"Reta";"Não";2;1;0;0;1;0;0;2;-20,55229;-55,47859;"SR-MS";"UOP01";"DEL03"
275878;2020-03-16;"segunda-feira";"22:00:00";"PI";407;602;"ACAUA";"Velocidade Incompatível";"Colisão traseira";"Com Vítimas Fatais";"Plena Noite";"Decrescente";"Garoa/Chuvisco";"Simples";"Desvio Temporário";"Não";3;1;0;1;1;0;1;2;-8,357587;-41,06943;"SR-PI";"UOP01";"DEL04"
275879;2020-03-16;"segunda-feira";"16:10:00";"RJ";NA;NA;"RIO BONITO";"Desobediência às normas de trânsito pelo condutor";"Colisão com objeto estático";"Com Vítimas Feridas";"Pleno dia";"Não Informado";"Céu Claro";"Simples";"Curva";"Não";3;0;1;0;2;0;1;2;-22,72324;-42,61519;"SR-RJ";"UOP03";"DEL02"
275880;2020-03-17;"terça-feira";"01:00:00";"RS";290;114;"ELDORADO DO SUL";"Defeito Mecânico no Veículo";"Saída de leito carroçável";"Com Vítimas Feridas";"Plena Noite";"Crescente";"Céu Claro";"Simples";"Reta";"Não";1;0;1;0;0;0;1;1;-30,04461;-51,34755;"SR-RS";"UOP01";"DEL02"
275881;2020-03-17;"terça-feira";"00:50:00";"SE";101;198,5;"CRISTINAPOLIS";"Ingestão de Álcool";"Colisão com objeto estático";"Sem Vítimas";"Plena Noite";"Decrescente";"Céu Claro";"Simples";"Reta";"Sim";2;0;0;0;1;1;0;2;-11,47578;-37,75466;"SR-SE";"UOP03";"DEL02"
275882;2020-03-17;"terça-feira";"01:30:00";"RJ";101;34;"CAMPOS DOS GOYTACAZES";"Animais na Pista";"Atropelamento de Animal";"Com Vítimas Feridas";"Plena Noite";"Crescente";"Céu Claro";"Simples";"Reta";"Não";1;0;1;0;0;0;1;1;-21,49946;-41,3402;"SR-RJ";"UOP01";"DEL08"
275883;2020-03-17;"terça-feira";"03:00:00";"SC";101;121,2;"ITAJAI";"Ingestão de Álcool";"Colisão lateral";"Com Vítimas Feridas";"Plena Noite";"Decrescente";"Nublado";"Dupla";"Reta";"Não";3;0;1;0;2;0;1;2;-26,94335;-48,69199;"SR-SC";"UOP04";"DEL04"
275884;2020-03-16;"segunda-feira";"19:30:00";"BA";324;245;"JACOBINA";"Animais na Pista";"Atropelamento de Animal";"Com Vítimas Feridas";"Plena Noite";"Crescente";"Céu Claro";"Simples";"Desvio Temporário";"Não";2;0;2;0;0;0;2;2;-11,13906;-40,59347;"SR-BA";"UOP02";"DEL04"
275885;2020-03-17;"terça-feira";"01:30:00";"RJ";116;186;"QUEIMADOS";"Animais na Pista";"Atropelamento de Animal";"Com Vítimas Feridas";"Plena Noite";"Decrescente";"Céu Claro";"Dupla";"Reta";"Não";1;0;1;0;0;0;1;1;-22,74357;-43,51856;"SR-RJ";"UOP02";"DEL01"