"id";"data_inversa";"dia_semana";"horario";"uf";"br";"km";"municipio";"causa_acidente";"tipo_acidente";"classificacao_acidente";"fase_dia";"sentido_via";"condicao_metereologica";"tipo_pista";"tracado_via";"uso_solo";"pessoas";"mortos";"feridos_leves";"feridos_graves";"ilesos";"ignorados";"feridos";"veiculos";"latitude";"longitude";"regional";"delegacia";"uop"
276369;2020-03-07;"sábado";"20:30:00";"PR";116;17;"CURITIBA";"Ingestão de Substâncias Psicoativas";"Colisão traseira";"Sem Vítimas";"Plena Noite";"Crescente";"Céu Claro";"Dupla";"Reta";"Sim";3;0;0;0;3;0;0;2;-25,38896;-49,18735;"SR-PR";"UOP01";"DEL01"
276370;2020-03-19;"quinta-feira";"14:30:00";"SE";101;2;"PROPRIA";"Condutor Dormindo";"Saída de leito carroçável";"Com Vítimas Feridas";"Pleno dia";"Crescente";"Chuva";"Simples";"Reta";"Não";1;0;1;0;0;0;1;1;-10,22261;-36,8305;"SR-SE";"UOP02";"DEL02"
276371;2020-03-19;"quinta-feira";"06:55:00";"GO";364;114,7;"APARECIDA DO RIO DOCE";"Falta de Atenção do Pedestre";"Atropelamento de Pedestre";"Com Vítimas Feridas";"Pleno dia";"Decrescente";"Céu Claro";"Simples";"Reta";"Não";2;0;1;1;0;0;2;1;-18,29357;-51,15215;"SR-GO";"UOP01";"DEL05"
276372;2020-03-19;"quinta-feira";"14:30:00";"PE";101;70,2;"RECIFE";"Falta de Atenção do Pedestre";"Atropelamento de Pedestre";"Com Vítimas Feridas";"Pleno dia";"Decrescente";"Céu Claro";"Dupla";"Reta";"Sim";2;0;2;0;0;0;2;1;-8,067761;-34,94265;"SR-PE";"UOP01";"DEL01"
276373;2020-03-19;"quinta-feira";"15:44:00";"PA";222;243;"MARABA";"Ultrapassagem Indevida";"Tombamento";"Com Vítimas Fatais";"Pleno dia";"Decrescente";"Céu Claro";"Simples";"Ponte";"Sim";2;1;0;0;1;0;0;2;-5,321047;-49,08245;"SR-PA";"UOP01";"DEL03"
276374;2020-03-19;"quinta-feira";"14:00:00";"SP";116;512,3;"CAJATI";"Velocidade Incompatível";"Tombamento";"Com Vítimas Feridas";"Pleno dia";"Decrescente";"Céu Claro";"Simples";"Curva";"Não";1;0;1;0;0;0;1;1;-24,84304;-48,22028;"SR-SP";"UOP02";"DEL05"
276375;2020-03-19;"quinta-feira";"15:20:00";"CE";20;337,7;"CARIDADE";"Pista Escorregadia";"Capotamento";"Com Vítimas Feridas";"Pleno dia";"Decrescente";"Chuva";"Simples";"Curva";"Não";1;0;1;0;0;0;1;1;-4,155648;-39,13798;"SR-CE";"UOP01";"DEL02"
276376;2020-03-19;"quinta-feira";"13:30:00";"PA";230;572;"VITORIA DO XINGU";"Velocidade Incompatível";"Saída de leito carroçável";"Sem Vítimas";"Pleno dia";"Decrescente";"Chuva";"Simples";"Curva";"Não";1;0;0;0;1;0;0;1;-3,135454;-51,7127;"SR-PA";"UOP01";"DEL04"
276377;2020-03-17;"terça-feira";"18:50:00";"PA";10;346;"SANTA MARIA DO PARA";"Falta de Atenção do Pedestre";"Atropelamento de Pedestre";"Com Vítimas Feridas";"Plena Noite";"Decrescente";"Nublado";"Simples";"Reta";"Sim";2;0;0;1;0;1;1;1;-1,416206;-47,55292;"SR-PA";"UOP02";"DEL01"
276378;2020-03-19;"quinta-feira";"15:30:00";"GO";60;122;"GOIANAPOLIS";"Condutor Dormindo";"Saída de leito carroçável";"Com Vítimas Feridas";"Pleno dia";"Decrescente";"Céu Claro";"Dupla";"Reta";"Não";1;0;1;0;0;0;1;1;-16,5112;-49,1185;"SR-GO";"UOP01";"DEL01"
276379;2020-03-19;"quinta-feira";"15:00:00";"MG";40;548,5;"NOVA LIMA";"Velocidade Incompatível";"Tombamento";"Sem Vítimas";"Pleno dia";"Crescente";"Nublado";"Dupla";"Curva";"Não";1;0;0;0;1;0;0;1;-20,03136;-43,96968;"SR-MG";"UOP02";"DEL01"
276380;2020-03-19;"quinta-feira";"10:00:00";"BA";116;595;"IRAJUBA";"Velocidade Incompatível";"Tombamento";"Com Vítimas Feridas";"Pleno dia";"Crescente";"Céu Claro";"Simples";"Curva";"Não";2;0;2;0;0;0;2;1;-13,17352;-39,99933;"SR-BA";"UOP02";"DEL03"
276381;2020-03-19;"quinta-feira";"14:25:00";"PE";101;82,6;"JABOATAO DOS GUARARAPES";"Desobediência às normas de trânsito pelo condutor";"Colisão lateral";"Sem Vítimas";"Pleno dia";"Crescente";"Céu Claro";"Dupla";"Interseção de vias";"Sim";2;0;0;0;2;0;0;2;-8,168383;-34,9376;"SR-PE";"UOP03";"DEL01"
276382;2020-03-19;"quinta-feira";"15:30:00";"PR";476;135;"CURITIBA";"Falta de Atenção à Condução";"Colisão lateral";"Com Vítimas Feridas";"Pleno dia";"Crescente";"Sol";"Múltipla";"Reta";"Sim";2;0;0;1;1;0;1;2;-25,48379;-49,26581;"SR-PR";"UOP03";"DEL01"
276383;2020-03-19;"quinta-feira";"16:00:00";"PI";316;305,6;"PICOS";"Falta de Atenção à Condução";"Saída de leito carroçável";"Com Vítimas Feridas";"Pleno dia";"Crescente";"Chuva";"Simples";"Curva";"Não";3;0;3;0;0;0;3;1;-7,068588;-41,50982;"SR-PI";"UOP01";"DEL04"
276384;2020-03-19;"quinta-feira";"16:20:00";"MG";381;902,9;"CAMBUI";"Desobediência às normas de trânsito pelo pedestre";"Atropelamento de Pedestre";"Com Vítimas Fatais";"Pleno dia";"Decrescente";"Céu Claro";"Dupla";"Curva";"Não";2;1;0;0;1;0;0;1;-22,67444;-46,09768;"SR-MG";"UOP03";"DEL16"
276385;2020-03-19;"quinta-feira";"16:17:00";"SP";153;56;"SAO JOSE DO RIO PRETO";"Falta de Atenção à Condução";"Saída de leito carroçável";"Com Vítimas Feridas";"Pleno dia";"Crescente";"Céu Claro";"Dupla";"Reta";"Sim";1;0;1;0;0;0;1;1;-20,76156;-49,34622;"SR-SP";"UOP01";"DEL09"
276386;2020-03-19;"quinta-feira";"16:20:00";"DF";70;2;"BRASILIA";"Velocidade Incompatível";"Colisão com objeto estático";"Com Vítimas Feridas";"Pleno dia";"Crescente";"Céu Claro";"Dupla";"Reta";"Sim";2;0;0;1;1;0;1;2;-15,79805;-48,07323;"SR-DF";"UOP03";"DEL01"
276387;2020-03-19;"quinta-feira";"16:30:00";"PR";277;99,5;"CURITIBA";"Falta de Atenção à Condução";"Saída de leito carroçável";"Com Vítimas Feridas";"Pleno dia";"Crescente";"Céu Claro";"Dupla";"Reta";"Não";1;0;1;0;0;0;1;1;-25,43224;-49,36653;"SR-PR";"UOP04";"DEL01"
276388;2020-02-26;"quarta-feira";"15:40:00";"BA";101;789;"ITABELA";"Ultrapassagem Indevida";"Colisão frontal";"Com Vítimas Feridas";"Pleno dia";"Decrescente";"Céu Claro";"Simples";"Não Informado";"Não";7;0;3;3;1;0;6;3;-16,87552;-39,50958;"SR-BA";"UOP01";"DEL09"
276389;2020-03-19;"quinta-feira";"16:40:00";"PE";101;80;"JABOATAO DOS GUARARAPES";"Falta de Atenção à Condução";"Colisão lateral";"Com Vítimas Feridas";"Plena Noite";"Crescente";"Céu Claro";"Dupla";"Reta";"Não";2;0;1;0;1;0;1;2;-8,151126;-34,94289;"SR-PE";"UOP03";"DEL01"
276390;2020-03-19;"quinta-feira";"16:40:00";"GO";153;507,3;"APARECIDA DE GOIANIA";"Falta de Atenção à Condução";"Colisão lateral";"Com Vítimas Feridas";"Pleno dia";"Crescente";"Céu Claro";"Múltipla";"Não Informado";"Sim";3;0;1;0;2;0;1;2;-16,7715;-49,2387;"SR-GO";"UOP03";"DEL01"
276391;2020-03-19;"quinta-feira";"14:30:00";"ES";262;134,3;"BREJETUBA";"Defeito Mecânico no Veículo";"Tombamento";"Sem Vítimas";"Pleno dia";"Decrescente";"Céu Claro";"Dupla";"Não Informado";"Não";1;0;0;0;1;0;0;1;-20,24029;-41,32539;"SR-ES";"UOP02";"DEL01"
276392;2020-03-19;"quinta-feira";"16:30:00";"RN";226;147,1;"CURRAIS NOVOS";"Ultrapassagem Indevida";"Saída de leito carroçável";"Com Vítimas Feridas";"Pleno dia";"Decrescente";"Nublado";"Simples";"Reta";"Não";4;0;1;0;0;3;1;3;-6,20628;-36,28155;"SR-RN";"UOP02";"DEL03"
276393;2020-03-19;"quinta-feira";"17:00:00";"ES";262;5,5;"CARIACICA";"Desobediência às normas de trânsito pelo condutor";"Colisão transversal";"Com Vítimas Feridas";"Pleno dia";"Decrescente";"Céu Claro";"Múltipla";"Interseção de vias";"Sim";2;0;1;0;1;0;1;2;-20,33858;-40,39214;"SR-ES";"UOP01";"DEL01"
276394;2020-03-08;"domingo";"01:35:00";"RN";406;101,7;"JOAO CAMARA";"Desobediência às normas de trânsito pelo condutor";"Colisão lateral";"Com Vítimas Fatais";"Plena Noite";"Crescente";"Céu Claro";"Simples";"Reta";"Sim";2;1;0;0;1;0;0;2;-5,524131;-35,82011;"SR-RN";"UOP01";"DEL02"
276395;2020-03-16;"segunda-feira";"09:55:00";"RR";174;502;"BOA VISTA";"Falta de Atenção à Condução";"Colisão traseira";"Com Vítimas Feridas";"Pleno dia";"Crescente";"Sol";"Dupla";"Reta";"Sim";3;0;2;0;1;0;2;2;2,787376;-60,69952;"SR-RR";"UOP01";"DEL01"
276396;2020-03-19;"quinta-feira";"17:15:00";"GO";60;103,7;"ANAPOLIS";"Falta de Atenção à Condução";"Colisão lateral";"Com Vítimas Feridas";"Pleno dia";"Crescente";"Chuva";"Dupla";"Não Informado";"Não";2;0;1;0;1;0;1;2;-16,4098;-48,9913;"SR-GO";"UOP01";"DEL02"
276398;2020-03-19;"quinta-feira";"17:00:00";"SP";116;7;"QUELUZ";"Falta de Atenção à Condução";"Colisão com objeto estático";"Com Vítimas Feridas";"Pleno dia";"Crescente";"Nublado";"Dupla";"Curva";"Não";1;0;1;0;0;0;1;1;-22,53532;-44,76219;"SR-SP";"UOP01";"DEL08"
276399;2020-03-19;"quinta-feira";"16:55:00";"GO";153;438,6;"ANAPOLIS";"Pista Escorregadia";"Tombamento";"Com Vítimas Feridas";"Pleno dia";"Crescente";"Chuva";"Dupla";"Reta";"Sim";1;0;0;1;0;0;1;1;-16,30635;-48,92406;"SR-GO";"UOP01";"DEL02"
276400;2020-03-19;"quinta-feira";"17:45:00";"PI";343;2,4;"TERESINA";"Não guardar distância de segurança";"Colisão traseira";"Com Vítimas Feridas";"Anoitecer";"Decrescente";"Garoa/Chuvisco";"Dupla";"Reta";"Sim";3;0;1;0;2;0;1;2;-5,089569;-42,80229;"SR-PI";"UOP01";"DEL01"
276401;2020-03-19;"quinta-feira";"16:40:00";"RJ";40;116;"DUQUE DE CAXIAS";"Defeito Mecânico no Veículo";"Tombamento";"Com Vítimas Feridas";"Pleno dia";"Crescente";"Céu Claro";"Dupla";"Reta";"Sim";2;0;2;0;0;0;2;1;-22,73662;-43,28859;"SR-RJ";"UOP01";"DEL01"
276402;2020-03-19;"quinta-feira";"17:35:00";"RS";290;93;"PORTO ALEGRE";"Restrição de Visibilidade";"Colisão lateral";"Com Vítimas Feridas";"Pleno dia";"Decrescente";"Sol";"Dupla";"Reta";"Não";2;0;1;0;1;0;1;2;-29,97084;-51,18773;"SR-RS";"UOP01";"DEL01"
276403;2020-03-19;"quinta-feira";"16:35:00";"MA";10;246;"IMPERATRIZ";"Desobediência às normas de trânsito pelo condutor";"Colisão transversal";"Com Vítimas Feridas";"Anoitecer";"Decrescente";"Céu Claro";"Simples";"Reta";"Sim";3;0;0;1;2;0;1;3;-5,573772;-47,44389;"SR-MA";"UOP01";"DEL04"
276404;2020-03-19;"quinta-feira";"18:30:00";"SC";101;42;"JOINVILLE";"Falta de Atenção à Condução";"Tombamento";"Com Vítimas Feridas";"Plena Noite";"Crescente";"Céu Claro";"Dupla";"Reta";"Sim";1;0;1;0;0;0;1;1;-26,29252;-48,88474;"SR-SC";"UOP01";"DEL03"
276405;2020-03-19;"quinta-feira";"17:35:00";"PR";369;186,8;"ARAPONGAS";"Desobediência às normas de trânsito pelo condutor";"Colisão transversal";"Com Vítimas Feridas";"Anoitecer";"Crescente";"Chuva";"Simples";"Reta";"Sim";2;0;1;0;1;0;1;2;-23,42743;-51,42312;"SR-PR";"UOP03";"DEL07"
276406;2020-03-19;"quinta-feira";"18:00:00";"RS";116;38,7;"VACARIA";"Desobediência às normas de trânsito pelo condutor";"Colisão transversal";"Sem Vítimas";"Pleno dia";"Decrescente";"Céu Claro";"Simples";"Interseção de vias";"Sim";2;0;0;0;1;1;0;2;-28,51072;-50,93103;"SR-RS";"UOP03";"DEL05"
276407;2020-03-19;"quinta-feira";"16:30:00";"MT";163;897;"CLAUDIA";"Falta de Atenção à Condução";"Tombamento";"Sem Vítimas";"Pleno dia";"Crescente";"Céu Claro";"Simples";"Reta";"Não";1;0;0;0;1;0;0;1;-11,30355;-55,32207;"SR-MT";"UOP02";"DEL06"
276408;2020-02-01;"sábado";"09:30:00";"GO";452;5,8;"RIO VERDE";"Não guardar distância de segurança";"Saída de leito carroçável";"Sem Vítimas";"Pleno dia";"Decrescente";"Céu Claro";"Simples";"Reta";"Não";5;0;0;0;2;3;0;2;-17,81007;-50,8612;"SR-GO";"DEL1/4";"UOP01/GO"
276409;2020-03-19;"quinta-feira";"18:50:00";"PR";277;105;"CAMPO LARGO";"Falta de Atenção à Condução";"Saída de leito carroçável";"Com Vítimas Feridas";"Plena Noite";"Crescente";"Céu Claro";"Dupla";"Reta";"Sim";2;0;1;0;1;0;1;1;-25,44341;-49,46339;"SR-PR";"UOP04";"DEL01"
276410;2020-03-19;"quinta-feira";"19:10:00";"SC";101;207,7;"SAO JOSE";"Falta de Atenção à Condução";"Colisão traseira";"Com Vítimas Feridas";"Plena Noite";"Crescente";"Nublado";"Dupla";"Não Informado";"Sim";2;0;1;0;1;0;1;2;-27,60001;-48,62265;"SR-SC";"UOP01";"DEL01"
276411;2020-03-19;"quinta-feira";"13:00:00";"MG";262;516;"LUZ";"Ultrapassagem Indevida";"Colisão frontal";"Com Vítimas Feridas";"Pleno dia";"Crescente";"Chuva";"Simples";"Reta";"Não";2;0;1;0;1;0;1;2;-19,78775;-45,58208;"SR-MG";"UOP03";"DEL08"
276412;2020-03-19;"quinta-feira";"18:45:00";"SP";116;229,1;"SAO PAULO";"Avarias e/ou desgaste excessivo no pneu";"Danos eventuais";"Com Vítimas Feridas";"Plena Noite";"Decrescente";"Céu Claro";"Múltipla";"Reta";"Sim";3;0;3;0;0;0;3;2;-23,51146;-46,57462;"SR-SP";"UOP01";"DEL01"
276413;2020-03-19;"quinta-feira";"17:20:00";"SC";280;121,4;"SAO BENTO DO SUL";"Velocidade Incompatível";"Tombamento";"Sem Vítimas";"Pleno dia";"Decrescente";"Céu Claro";"Simples";"Interseção de vias";"Não";1;0;0;0;1;0;0;1;-26,25533;-49,45058;"SR-SC";"UOP03";"DEL06"
276414;2020-03-19;"quinta-feira";"19:00:00";"MG";381;893,4;"CAMBUI";"Falta de Atenção do Pedestre";"Atropelamento de Pedestre";"Com Vítimas Fatais";"Plena Noite";"Decrescente";"Céu Claro";"Dupla";"Reta";"Não";2;1;0;0;1;0;0;1;-22,56982;-46,04135;"SR-MG";"UOP03";"DEL16"
276415;2020-03-19;"quinta-feira";"17:00:00";"RO";364;705,4;"PORTO VELHO";"Falta de Atenção à Condução";"Saída de leito carroçável";"Com Vítimas Feridas";"Pleno dia";"Crescente";"Céu Claro";"Simples";"Retorno Regulamentado";"Sim";1;0;1;0;0;0;1;1;-8,800473;-63,81765;"SR-RO";"UOP01";"DEL01"
276416;2020-03-19;"quinta-feira";"16:00:00";"PE";232;19;"JABOATAO DOS GUARARAPES";"Defeito Mecânico no Veículo";"Incêndio";"Sem Vítimas";"Pleno dia";"Decrescente";"Céu Claro";"Dupla";"Curva";"Não";1;0;0;0;1;0;0;1;-8,098225;-35,06316;"SR-PE";"UOP01";"DEL01"
276417;2020-03-19;"quinta-feira";"18:20:00";"RJ";116;178;"NOVA IGUACU";"Não guardar distância de segurança";"Colisão lateral";"Com Vítimas Feridas";"Plena Noite";"Crescente";"Céu Claro";"Múltipla";"Reta";"Sim";3;0;1;0;2;0;1;3;-22,77496;-43,40081;"SR-RJ";"UOP02";"DEL01"
276418;2020-03-19;"quinta-feira";"17:50:00";"TO";226;0,7;"AGUIARNOPOLIS";"Defeito Mecânico no Veículo";"Colisão com objeto estático";"Sem Vítimas";"Anoitecer";"Decrescente";"Céu Claro";"Simples";"Não Informado";"Não";1;0;0;0;1;0;0;1;-6,561209;-47,46476;"SR-TO";"UOP05";"DEL02"
276420;2020-03-19;"quinta-feira";"19:20:00";"RN";405;149,3;"PAU DOS FERROS";"Falta de Atenção do Pedestre";"Atropelamento de Pedestre";"Com Vítimas Feridas";"Plena Noite";"Crescente";"Nublado";"Simples";"Reta";"Não";3;0;0;1;1;1;1;2;-6,096993;-38,20757;"SR-RN";"UOP02";"DEL04"
276421;2020-03-19;"quinta-feira";"20:10:00";"PR";376;592;"CURITIBA";"Falta de Atenção à Condução";"Colisão traseira";"Com Vítimas Feridas";"Plena Noite";"Decrescente";"Ignorado";"Dupla";"Reta";"Sim";3;0;0;1;1;1;1;2;-25,46834;-49,35525;"SR-PR";"UOP04";"DEL01"
276422;2020-03-19;"quinta-feira";"13:50:00";"MA";NA;NA;"IMPERATRIZ";"Falta de Atenção à Condução";"Colisão transversal";"Com Vítimas Feridas";"Pleno dia";"Não Informado";"Céu Claro";"Simples";"Interseção de vias";"Sim";3;0;1;0;1;1;1;3;-5,521674;-47,47641;"SR-MA";"UOP01";"DEL04"
276423;2020-03-19;"quinta-feira";"18:00:00";"PR";376;415,2;"TIBAGI";"Velocidade Incompatível";"Saída de leito carroçável";"Com Vítimas Feridas";"Plena Noite";"Decrescente";"Chuva";"Simples";"Curva";"Não";1;0;1;0;0;0;1;1;-24,69343;-50,54303;"SR-PR";"UOP04";"DEL03"
276424;2020-03-19;"quinta-feira";"14:30:00";"RO";435;124;"CEREJEIRAS";"Desobediência às normas de trânsito pelo condutor";"Colisão transversal";"Com Vítimas Feridas";"Pleno dia";"Crescente";"Céu Claro";"Simples";"Interseção de vias";"Sim";2;0;0;1;1;0;1;2;-13,18888;-60,81729;"SR-RO";"UOP02";"DEL04"
276425;2020-03-19;"quinta-feira";"18:20:00";"BA";101;100;"ALAGOINHAS";"Animais na Pista";"Atropelamento de Animal";"Com Vítimas Feridas";"Plena Noite";"Decrescente";"Céu Claro";"Simples";"Reta";"Sim";1;0;1;0;0;0;1;1;-12,14197;-38,39212;"SR-BA";"UOP04";"DEL01"
276426;2020-03-19;"quinta-feira";"20:30:00";"MG";40;532;"BELO HORIZONTE";"Falta de Atenção à Condução";"Engavetamento";"Com Vítimas Feridas";"Plena Noite";"Crescente";"Chuva";"Dupla";"Não Informado";"Sim";3;0;0;1;2;0;1;3;-19,92373;-44,01701;"SR-MG";"UOP02";"DEL01"
276427;2020-03-19;"quinta-feira";"18:30:00";"ES";262;5,2;"CARIACICA";"Animais na Pista";"Atropelamento de Animal";"Com Vítimas Feridas";"Anoitecer";"Decrescente";"Céu Claro";"Múltipla";"Reta";"Sim";1;0;0;1;0;0;1;1;-20,33707;-40,3865;"SR-ES";"UOP01";"DEL01"
276428;2020-03-19;"quinta-feira";"19:15:00";"MT";163;943;"ITAUBA";"Ultrapassagem Indevida";"Colisão lateral";"Sem Vítimas";"Plena Noite";"Crescente";"Céu Claro";"Simples";"Reta";"Não";5;0;0;0;5;0;0;2;-11,06596;-55,27605;"SR-MT";"UOP02";"DEL06"
276429;2020-03-19;"quinta-feira";"20:10:00";"GO";60;34;"ALEXANIA";"Ingestão de Álcool";"Saída de leito carroçável";"Sem Vítimas";"Plena Noite";"Decrescente";"Nublado";"Dupla";"Reta";"Não";1;0;0;0;1;0;0;1;-16,0963;-48,5202;"SR-DF";"UOP02";"DEL01"
276430;2020-03-19;"quinta-feira";"21:10:00";"SP";381;88,9;"GUARULHOS";"Falta de Atenção à Condução";"Colisão com objeto estático";"Com Vítimas Feridas";"Plena Noite";"Crescente";"Céu Claro";"Dupla";"Reta";"Sim";1;0;1;0;0;0;1;1;-23,47469;-46,56113;"SR-SP";"UOP01";"DEL03"
276431;2020-03-19;"quinta-feira";"19:00:00";"AC";317;284,4;"EPITACIOLANDIA";"Defeito Mecânico no Veículo";"Colisão traseira";"Com Vítimas Feridas";"Plena Noite";"Decrescente";"Nublado";"Simples";"Reta";"Não";2;0;0;1;1;0;1;2;-11,02066;-68,66959;"SR-AC";"UOP02";"DEL01"
276432;2020-03-19;"quinta-feira";"21:36:00";"GO";60;81,3;"ANAPOLIS";"Animais na Pista";"Saída de leito carroçável";"Com Vítimas Feridas";"Plena Noite";"Crescente";"Nublado";"Dupla";"Curva";"Não";3;0;2;1;0;0;3;1;-16,3116;-48,8277;"SR-GO";"UOP01";"DEL02"
276433;2020-03-19;"quinta-feira";"19:50:00";"PI";135;127;"BERTOLINIA";"Falta de Atenção à Condução";"Saída de leito carroçável";"Sem Vítimas";"Plena Noite";"Decrescente";"Céu Claro";"Simples";"Desvio Temporário";"Não";1;0;0;0;1;0;0;1;-7,664997;-43,95114;"SR-PI";"UOP01";"DEL03"
276434;2020-03-19;"quinta-feira";"18:45:00";"PE";101;185,5;"PALMARES";"Ingestão de Álcool";"Colisão traseira";"Sem Vítimas";"Plena Noite";"Decrescente";"Céu Claro";"Dupla";"Retorno Regulamentado";"Sim";2;0;0;0;2;0;0;2;-8,674276;-35,57646;"SR-PE";"UOP03";"DEL01"
276435;2020-03-19;"quinta-feira";"20:00:00";"SC";282;115,7;"ALFREDO WAGNER";"Falta de Atenção à Condução";"Colisão traseira";"Com Vítimas Feridas";"Plena Noite";"Decrescente";"Céu Claro";"Simples";"Curva";"Não";4;0;2;0;2;0;2;2;-27,75542;-49,39444;"SR-SC";"UOP03";"DEL01"
276436;2020-03-19;"quinta-feira";"18:30:00";"SC";282;554,7;"NOVA ITABERABA";"Não guardar distância de segurança";"Engavetamento";"Com Vítimas Feridas";"Anoitecer";"Decrescente";"Céu Claro";"Simples";"Interseção de vias";"Não";3;0;1;0;2;0;1;3;-26,93627;-52,80081;"SR-SC";"UOP01";"DEL07"
276437;2020-03-19;"quinta-feira";"20:30:00";"PR";376;74,7;"GUAIRACA";"Defeito Mecânico no Veículo";"Incêndio";"Sem Vítimas";"Plena Noite";"Decrescente";"Garoa/Chuvisco";"Simples";"Reta";"Não";1;0;0;0;1;0;0;1;-22,95237;-52,70561;"SR-PR";"UOP02";"DEL09"
276438;2020-03-19;"quinta-feira";"20:00:00";"SP";116;541;"BARRA DO TURVO";"Desobediência às normas de trânsito pelo condutor";"Colisão traseira";"Sem Vítimas";"Plena Noite";"Decrescente";"Céu Claro";"Dupla";"Não Informado";"Não";2;0;0;0;2;0;0;2;-24,97246;-48,39977;"SR-SP";"UOP02";"DEL05"
276439;2020-03-19;"quinta-feira";"22:25:00";"RN";101;80,9;"SAO GONCALO DO AMARANTE";"Falta de Atenção à Condução";"Colisão traseira";"Com Vítimas Feridas";"Plena Noite";"Decrescente";"Céu Claro";"Dupla";"Reta";"Sim";3;0;2;0;1;0;2;2;-5,762747;-35,28812;"SR-RN";"UOP01";"DEL02"
276440;2020-03-19;"quinta-feira";"22:35:00";"ES";101;0,4;"SERRA";"Desobediência às normas de trânsito pelo condutor";"Colisão transversal";"Com Vítimas Feridas";"Plena Noite";"Crescente";"Céu Claro";"Dupla";"Reta";"Sim";3;0;2;0;1;0;2;2;-20,12909;-40,30812;"SR-ES";"UOP01";"DEL02"
276441;2020-03-19;"quinta-feira";"22:20:00";"RS";290;16,7;"SANTO ANTONIO DA PATRULHA";"Falta de Atenção à Condução";"Colisão traseira";"Com Vítimas Feridas";"Plena Noite";"Decrescente";"Céu Claro";"Dupla";"Reta";"Não";2;0;2;0;0;0;2;2;-29,87465;-50,42332;"SR-RS";"UOP01";"DEL03"
276442;2020-03-19;"quinta-feira";"20:00:00";"MT";364;157;"PEDRA PRETA";"Ultrapassagem Indevida";"Tombamento";"Sem Vítimas";"Plena Noite";"Decrescente";"Céu Claro";"Simples";"Reta";"Não";1;0;0;0;1;0;0;1;-16,75242;-54,2698;"SR-MT";"UOP01";"DEL02"
276443;2020-03-19;"quinta-feira";"22:35:00";"PR";277;584;"CASCAVEL";"Desobediência às normas de trânsito pelo condutor";"Colisão transversal";"Sem Vítimas";"Plena Noite";"Crescente";"Céu Claro";"Simples";"Reta";"Sim";2;0;0;0;1;1;0;2;-24,96442;-53,40917;"SR-PR";"UOP01";"DEL04"
276444;2020-03-19;"quinta-feira";"22:26:00";"MG";381;442;"SANTA LUZIA";"Velocidade Incompatível";"Saída de leito carroçável";"Com Vítimas Feridas";"Plena Noite";"Decrescente";"Chuva";"Simples";"Curva";"Não";1;0;1;0;0;0;1;1;-19,80894;-43,78193;"SR-MG";"UOP01";"DEL01"
276445;2020-03-19;"quinta-feira";"22:15:00";"SC";101;138;"BALNEARIO CAMBORIU";"Ingestão de Álcool";"Colisão com objeto estático";"Com Vítimas Feridas";"Plena Noite";"Crescente";"Céu Claro";"Dupla";"Reta";"Sim";1;0;1;0;0;0;1;1;-27,02397;-48,60762;"SR-SC";"UOP03";"DEL04"
276446;2020-02-28;"sexta-feira";"22:30:00";"MG";40;431,8;"PARAOPEBA";"Condutor Dormindo";"Colisão com objeto estático";"Com Vítimas Feridas";"Plena Noite";"Decrescente";"Chuva";"Dupla";"Não Informado";"Não";2;0;0;1;1;0;1;2;-19,20325;-44,4721;"SR-MG";"UOP01";"DEL02"
276447;2020-03-19;"quinta-feira";"22:20:00";"MG";40;523,8;"CONTAGEM";"Velocidade Incompatível";"Atropelamento de Pedestre";"Com Vítimas Feridas";"Plena Noite";"Decrescente";"Chuva";"Dupla";"Não Informado";"Sim";2;0;0;1;0;1;1;1;-19,87725;-44,05201;"SR-MG";"UOP02";"DEL01"
276448;2020-03-19;"quinta-feira";"21:50:00";"MG";116;488,8;"INHAPIM";"Velocidade Incompatível";"Colisão lateral";"Com Vítimas Feridas";"Plena Noite";"Crescente";"Céu Claro";"Simples";"Reta";"Não";2;0;0;1;1;0;1;2;-19,4594;-42,13064;"SR-MG";"UOP02";"DEL06"
276449;2020-03-19;"quinta-feira";"22:00:00";"PB";361;5,8;"PATOS";"Ingestão de álcool e/ou substâncias psicoativas pelo pedestre";"Tombamento";"Com Vítimas Feridas";"Plena Noite";"Crescente";"Céu Claro";"Simples";"Reta";"Sim";3;0;2;0;1;0;2;1;-7,034298;-37,30233;"SR-PB";"UOP01";"DEL03"
276450;2020-03-19;"quinta-feira";"18:10:00";"MA";135;37,1;"BACABEIRA";"Defeito na Via";"Saída de leito carroçável";"Com Vítimas Feridas";"Anoitecer";"Decrescente";"Céu Claro";"Dupla";"Reta";"Não";1;0;1;0;0;0;1;1;-2,867093;-44,37482;"SR-MA";"UOP01";"DEL01"
276451;2020-03-19;"quinta-feira";"23:30:00";"RS";386;233,9;"SOLEDADE";"Desobediência às normas de trânsito pelo condutor";"Saída de leito carroçável";"Com Vítimas Feridas";"Plena Noite";"Decrescente";"Céu Claro";"Simples";"Reta";"Não";6;0;4;2;0;0;6;1;-28,71552;-52,56635;"SR-RS";"UOP03";"DEL04"
276452;2020-03-19;"quinta-feira";"22:30:00";"PR";376;595;"CURITIBA";"Falta de Atenção à Condução";"Saída de leito carroçável";"Com Vítimas Feridas";"Plena Noite";"Crescente";"Céu Claro";"Dupla";"Reta";"Não";1;0;1;0;0;0;1;1;-25,49318;-49,34371;"SR-PR";"UOP04";"DEL01"