"id";"data_inversa";"dia_semana";"horario";"uf";"br";"km";"municipio";"causa_acidente";"tipo_acidente";"classificacao_acidente";"fase_dia";"sentido_via";"condicao_metereologica";"tipo_pista";"tracado_via";"uso_solo";"pessoas";"mortos";"feridos_leves";"feridos_graves";"ilesos";"ignorados";"feridos";"veiculos";"latitude";"longitude";"regional";"delegacia";"uop"
276453;2020-03-19;"quinta-feira";"16:20:00";"MA";135;6;"SAO LUIS";"Falta de Atenção à Condução";"Atropelamento de Pedestre";"Sem Vítimas";"Pleno dia";"Decrescente";"Nublado";"Múltipla";"Reta";"Sim";3;0;0;0;2;1;0;2;-2,62878;-44,26322;"SR-MA";"UOP01";"DEL01"
276454;2020-03-19;"quinta-feira";"19:20:00";"MA";10;321,2;"ACAILANDIA";"Desobediência às normas de trânsito pelo condutor";"Colisão transversal";"Com Vítimas Feridas";"Plena Noite";"Crescente";"Céu Claro";"Simples";"Reta";"Sim";3;0;1;0;2;0;1;2;-4,943377;-47,50308;"SR-MA";"UOP03";"DEL04"
276455;2020-03-19;"quinta-feira";"21:30:00";"MG";381;483;"BETIM";"Velocidade Incompatível";"Queda de ocupante de veículo";"Com Vítimas Feridas";"Pleno dia";"Crescente";"Céu Claro";"Dupla";"Curva";"Sim";1;0;1;0;0;0;1;1;-19,95594;-44,10722;"SR-MG";"UOP03";"DEL01"
276456;2020-03-19;"quinta-feira";"23:50:00";"MG";153;244,5;"FRONTEIRA";"Mal Súbito";"Colisão frontal";"Com Vítimas Fatais";"Plena Noite";"Crescente";"Nublado";"Simples";"Reta";"Não";3;1;0;0;1;1;0;2;-20,29847;-49,20615;"SR-MG";"UOP02";"DEL13"
276457;2020-03-19;"quinta-feira";"19:30:00";"SC";282;67,6;"RANCHO QUEIMADO";"Ultrapassagem Indevida";"Colisão frontal";"Com Vítimas Feridas";"Plena Noite";"Crescente";"Nublado";"Simples";"Curva";"Não";4;0;2;0;2;0;2;2;-27,69143;-49,07215;"SR-SC";"UOP03";"DEL01"
276458;2020-03-19;"quinta-feira";"19:30:00";"SC";282;44;"AGUAS MORNAS";"Falta de Atenção à Condução";"Colisão traseira";"Com Vítimas Feridas";"Plena Noite";"Decrescente";"Nublado";"Simples";"Curva";"Não";3;0;1;0;2;0;1;2;-27,72214;-48,90694;"SR-SC";"UOP03";"DEL01"
276459;2020-03-19;"quinta-feira";"14:50:00";"MT";364;475;"JANGADA";"Defeito Mecânico no Veículo";"Tombamento";"Com Vítimas Fatais";"Pleno dia";"Crescente";"Chuva";"Simples";"Não Informado";"Não";1;1;0;0;0;0;0;1;-15,38259;-56,39799;"SR-MT";"DEL2/4";"UOP02/MT"
276460;2020-03-19;"quinta-feira";"16:30:00";"MG";381;177,2;"GOVERNADOR VALADARES";"Falta de Atenção à Condução";"Colisão lateral";"Com Vítimas Feridas";"Pleno dia";"Crescente";"Céu Claro";"Simples";"Reta";"Não";2;0;1;0;1;0;1;2;-19,0168;-42,14146;"SR-MG";"UOP01";"DEL06"
276461;2020-03-20;"sexta-feira";"01:00:00";"RN";101;95;"NATAL";"Avarias e/ou desgaste excessivo no pneu";"Queda de ocupante de veículo";"Com Vítimas Feridas";"Plena Noite";"Decrescente";"Céu Claro";"Dupla";"Reta";"Sim";2;0;2;0;0;0;2;1;-5,840768;-35,21036;"SR-RN";"UOP01";"DEL01"
276462;2020-03-20;"sexta-feira";"00:30:00";"SP";116;70;"APARECIDA";"Velocidade Incompatível";"Tombamento";"Sem Vítimas";"Plena Noite";"Decrescente";"Céu Claro";"Dupla";"Não Informado";"Sim";1;0;0;0;1;0;0;1;-22,8494;-45,22728;"SR-SP";"UOP02";"DEL08"
276463;2020-03-20;"sexta-feira";"01:30:00";"MG";40;572;"ITABIRITO";"Falta de Atenção à Condução";"Tombamento";"Com Vítimas Feridas";"Plena Noite";"Decrescente";"Chuva";"Simples";"Reta";"Não";1;0;1;0;0;0;1;1;-20,23059;-43,96905;"SR-MG";"UOP02";"DEL01"
276464;2020-03-20;"sexta-feira";"00:10:00";"PR";153;338,2;"IRATI";"Condutor Dormindo";"Saída de leito carroçável";"Sem Vítimas";"Plena Noite";"Decrescente";"Céu Claro";"Simples";"Reta";"Sim";1;0;0;0;0;1;0;1;-25,51485;-50,65403;"SR-PR";"UOP02";"DEL08"
276465;2020-03-20;"sexta-feira";"00:00:00";"RR";174;505;"BOA VISTA";"Ingestão de álcool e/ou substâncias psicoativas pelo pedestre";"Atropelamento de Pedestre";"Com Vítimas Feridas";"Plena Noite";"Decrescente";"Céu Claro";"Simples";"Desvio Temporário";"Sim";2;0;0;1;1;0;1;1;2,805917;-60,69062;"SR-RR";"UOP01";"DEL01"
276466;2020-02-24;"segunda-feira";"09:10:00";"MG";381;442;"SABARA";"Falta de Atenção à Condução";"Colisão frontal";"Com Vítimas Feridas";"Pleno dia";"Decrescente";"Nublado";"Simples";"Reta";"Não";5;0;1;2;2;0;3;2;-19,81839;-43,81132;"SR-MG";"UOP01";"DEL01"
276467;2020-03-19;"quinta-feira";"23:30:00";"PR";277;129,8;"CAMPO LARGO";"Falta de Atenção à Condução";"Colisão traseira";"Com Vítimas Feridas";"Plena Noite";"Crescente";"Céu Claro";"Dupla";"Reta";"Não";2;0;1;1;0;0;2;2;-25,45767;-49,64121;"SR-PR";"UOP03";"DEL03"
276468;2020-03-20;"sexta-feira";"00:45:00";"GO";452;43;"SANTA HELENA DE GOIAS";"Falta de Atenção à Condução";"Saída de leito carroçável";"Com Vítimas Feridas";"Plena Noite";"Crescente";"Chuva";"Simples";"Reta";"Não";1;0;0;1;0;0;1;1;-17,93789;-50,53443;"SR-GO";"UOP01";"DEL04"
276469;2020-03-20;"sexta-feira";"01:30:00";"SP";116;512,5;"CAJATI";"Falta de Atenção à Condução";"Colisão traseira";"Sem Vítimas";"Plena Noite";"Decrescente";"Chuva";"Simples";"Curva";"Não";2;0;0;0;2;0;0;2;-24,84304;-48,22028;"SR-SP";"UOP02";"DEL05"
276470;2020-03-20;"sexta-feira";"02:40:00";"CE";20;7;"PARAMBU";"Velocidade Incompatível";"Capotamento";"Com Vítimas Feridas";"Plena Noite";"Crescente";"Céu Claro";"Simples";"Não Informado";"Não";1;0;1;0;0;0;1;1;-6,478177;-40,74776;"SR-CE";"UOP02";"DEL02"
276471;2020-03-20;"sexta-feira";"01:50:00";"SP";116;523;"BARRA DO TURVO";"Falta de Atenção à Condução";"Colisão com objeto estático";"Sem Vítimas";"Plena Noite";"Crescente";"Chuva";"Dupla";"Não Informado";"Não";1;0;0;0;1;0;0;1;-24,91273;-48,25307;"SR-SP";"UOP02";"DEL05"
276473;2020-03-20;"sexta-feira";"04:10:00";"SC";470;63,8;"INDAIAL";"Avarias e/ou desgaste excessivo no pneu";"Saída de leito carroçável";"Com Vítimas Feridas";"Plena Noite";"Decrescente";"Céu Claro";"Simples";"Não Informado";"Sim";1;0;1;0;0;0;1;1;-26,8724;-49,19228;"SR-SC";"UOP01";"DEL04"
276474;2020-03-20;"sexta-feira";"04:40:00";"SP";381;86;"SAO PAULO";"Falta de Atenção à Condução";"Colisão traseira";"Com Vítimas Feridas";"Amanhecer";"Crescente";"Chuva";"Dupla";"Reta";"Sim";1;0;0;1;0;0;1;1;-23,4593;-46,57161;"SR-SP";"UOP01";"DEL03"
276475;2020-03-20;"sexta-feira";"02:40:00";"MT";364;285,4;"JACIARA";"Falta de Atenção à Condução";"Saída de leito carroçável";"Com Vítimas Feridas";"Plena Noite";"Decrescente";"Nublado";"Dupla";"Curva";"Não";1;0;0;1;0;0;1;1;-15,90625;-55,04865;"SR-MT";"UOP02";"DEL05"
276476;2020-03-20;"sexta-feira";"04:40:00";"RS";101;16,7;"OSORIO";"Condutor Dormindo";"Saída de leito carroçável";"Com Vítimas Fatais";"Plena Noite";"Decrescente";"Céu Claro";"Simples";"Curva";"Não";4;1;0;0;0;3;0;2;-29,76603;-50,19866;"SR-RS";"UOP01";"DEL03"
276477;2020-03-20;"sexta-feira";"05:00:00";"GO";158;3;"ARAGARCAS";"Ingestão de Álcool";"Colisão traseira";"Com Vítimas Feridas";"Plena Noite";"Crescente";"Céu Claro";"Simples";"Reta";"Sim";4;0;2;0;2;0;2;2;-15,8978;-52,22634;"SR-GO";"UOP01";"DEL04"
276478;2020-03-20;"sexta-feira";"04:20:00";"MT";70;7;"BARRA DO GARCAS";"Falta de Atenção à Condução";"Tombamento";"Com Vítimas Feridas";"Plena Noite";"Crescente";"Céu Claro";"Simples";"Rotatória";"Sim";1;0;1;0;0;0;1;1;-15,87814;-52,31679;"SR-MT";"UOP01";"DEL07"
276479;2020-03-20;"sexta-feira";"05:50:00";"RJ";101;78;"CAMPOS DOS GOYTACAZES";"Falta de Atenção à Condução";"Colisão com objeto estático";"Sem Vítimas";"Amanhecer";"Decrescente";"Céu Claro";"Simples";"Reta";"Não";1;0;0;0;1;0;0;1;-21,83526;-41,41878;"SR-RJ";"UOP02";"DEL08"
276480;2020-03-20;"sexta-feira";"05:55:00";"DF";40;6,2;"BRASILIA";"Não guardar distância de segurança";"Colisão traseira";"Com Vítimas Fatais";"Amanhecer";"Decrescente";"Céu Claro";"Dupla";"Reta";"Não";2;1;0;0;0;1;0;2;-16,02974;-47,97887;"SR-DF";"UOP01";"DEL01"
276481;2020-03-20;"sexta-feira";"05:20:00";"PR";376;59,6;"GUAIRACA";"Velocidade Incompatível";"Colisão com objeto estático";"Com Vítimas Feridas";"Plena Noite";"Decrescente";"Céu Claro";"Simples";"Curva";"Não";1;0;1;0;0;0;1;1;-22,92968;-52,85314;"SR-PR";"UOP02";"DEL09"
276482;2020-03-19;"quinta-feira";"18:50:00";"MG";381;485;"BETIM";"Falta de Atenção à Condução";"Tombamento";"Com Vítimas Feridas";"Plena Noite";"Decrescente";"Céu Claro";"Dupla";"Reta";"Sim";1;0;0;1;0;0;1;1;-19,95659;-44,12623;"SR-MG";"UOP03";"DEL01"
276483;2020-03-09;"segunda-feira";"01:40:00";"GO";80;135;"BARRO ALTO";"Defeito Mecânico no Veículo";"Saída de leito carroçável";"Com Vítimas Feridas";"Plena Noite";"Decrescente";"Céu Claro";"Simples";"Curva";"Não";1;0;1;0;0;0;1;1;-14,88188;-48,98762;"SR-GO";"UOP01";"DEL07"
276484;2020-03-20;"sexta-feira";"05:45:00";"RS";392;59,2;"RIO GRANDE";"Defeito Mecânico no Veículo";"Colisão com objeto estático";"Com Vítimas Feridas";"Amanhecer";"Decrescente";"Nublado";"Dupla";"Ponte";"Não";2;0;1;0;1;0;1;1;-31,79657;-52,33967;"SR-RS";"UOP02";"DEL07"
276486;2020-03-20;"sexta-feira";"06:30:00";"PR";373;262,1;"PRUDENTOPOLIS";"Ingestão de Álcool";"Saída de leito carroçável";"Com Vítimas Feridas";"Amanhecer";"Decrescente";"Céu Claro";"Simples";"Curva";"Sim";1;0;1;0;0;0;1;1;-25,20295;-50,9464;"SR-PR";"UOP01";"DEL03"
276487;2020-03-20;"sexta-feira";"05:00:00";"MG";365;597;"UBERLANDIA";"Restrição de Visibilidade";"Colisão frontal";"Com Vítimas Feridas";"Plena Noite";"Decrescente";"Chuva";"Simples";"Curva";"Não";2;0;1;0;1;0;1;2;-18,88345;-48,10396;"SR-MG";"UOP01";"DEL15"
276488;2020-03-20;"sexta-feira";"06:50:00";"BA";116;832;"VITORIA DA CONQUISTA";"Desobediência às normas de trânsito pelo condutor";"Colisão transversal";"Com Vítimas Feridas";"Pleno dia";"Decrescente";"Nublado";"Simples";"Reta";"Não";2;0;1;0;1;0;1;2;-14,85593;-40,84931;"SR-BA";"UOP01";"DEL08"
276489;2020-03-20;"sexta-feira";"07:30:00";"PA";230;115;"MARABA";"Falta de Atenção à Condução";"Colisão lateral";"Com Vítimas Feridas";"Pleno dia";"Crescente";"Céu Claro";"Múltipla";"Reta";"Sim";2;0;1;0;1;0;1;2;-5,35742;-49,08692;"SR-PA";"UOP01";"DEL03"
276491;2020-03-20;"sexta-feira";"07:00:00";"RJ";116;164;"RIO DE JANEIRO";"Não guardar distância de segurança";"Colisão lateral";"Com Vítimas Feridas";"Pleno dia";"Decrescente";"Céu Claro";"Múltipla";"Reta";"Sim";3;0;2;0;1;0;2;2;-22,81449;-43,32786;"SR-RJ";"UOP02";"DEL01"
276492;2020-03-19;"quinta-feira";"18:00:00";"ES";101;149;"LINHARES";"Desobediência às normas de trânsito pelo pedestre";"Colisão transversal";"Com Vítimas Feridas";"Anoitecer";"Crescente";"Céu Claro";"Simples";"Reta";"Sim";2;0;1;0;0;1;1;2;-19,39619;-40,06436;"SR-ES";"UOP01";"DEL04"
276493;2020-03-20;"sexta-feira";"07:30:00";"PR";277;80;"CURITIBA";"Falta de Atenção à Condução";"Colisão traseira";"Com Vítimas Feridas";"Pleno dia";"Crescente";"Céu Claro";"Dupla";"Reta";"Sim";2;0;1;0;1;0;1;2;-25,56894;-49,18198;"SR-PR";"UOP04";"DEL01"
276494;2020-02-17;"segunda-feira";"07:50:00";"PR";277;74,4;"SAO JOSE DOS PINHAIS";"Falta de Atenção à Condução";"Colisão lateral";"Com Vítimas Feridas";"Pleno dia";"Crescente";"Nublado";"Dupla";"Não Informado";"Sim";3;0;1;0;2;0;1;3;-25,49736;-49,16039;"SR-PR";"UOP01";"DEL01"
276495;2020-03-20;"sexta-feira";"07:30:00";"SC";101;124;"ITAJAI";"Falta de Atenção à Condução";"Queda de ocupante de veículo";"Com Vítimas Feridas";"Amanhecer";"Crescente";"Céu Claro";"Dupla";"Reta";"Sim";1;0;1;0;0;0;1;1;-26,94335;-48,69199;"SR-SC";"UOP04";"DEL04"
276496;2020-03-20;"sexta-feira";"06:30:00";"SC";101;46,5;"JOINVILLE";"Carga excessiva e/ou mal acondicionada";"Derramamento de carga";"Com Vítimas Feridas";"Pleno dia";"Crescente";"Nublado";"Dupla";"Reta";"Sim";4;0;1;0;3;0;1;3;-26,3315;-48,86188;"SR-SC";"UOP01";"DEL03"
276497;2020-03-20;"sexta-feira";"05:10:00";"AM";230;620;"HUMAITA";"Animais na Pista";"Atropelamento de Animal";"Com Vítimas Feridas";"Amanhecer";"Crescente";"Nublado";"Simples";"Reta";"Não";2;0;0;2;0;0;2;1;-7,572841;-63,11646;"SR-RO";"UOP03";"DEL01"
276498;2020-03-20;"sexta-feira";"07:45:00";"SP";116;67,2;"GUARATINGUETA";"Ingestão de Álcool";"Saída de leito carroçável";"Com Vítimas Feridas";"Pleno dia";"Crescente";"Céu Claro";"Dupla";"Rotatória";"Não";1;0;1;0;0;0;1;1;-22,82868;-45,20889;"SR-SP";"UOP02";"DEL08"
276499;2020-03-20;"sexta-feira";"08:15:00";"GO";60;185;"GUAPO";"Pista Escorregadia";"Capotamento";"Com Vítimas Feridas";"Pleno dia";"Crescente";"Chuva";"Dupla";"Reta";"Não";1;0;1;0;0;0;1;1;-16,7956;-49,51;"SR-GO";"UOP02";"DEL01"
276500;2020-03-20;"sexta-feira";"08:10:00";"SP";116;218,7;"GUARULHOS";"Falta de Atenção à Condução";"Colisão traseira";"Com Vítimas Feridas";"Pleno dia";"Decrescente";"Nublado";"Múltipla";"Não Informado";"Sim";2;0;1;0;1;0;1;2;-23,45797;-46,47993;"SR-SP";"UOP01";"DEL01"
276501;2020-03-20;"sexta-feira";"04:00:00";"ES";101;2,8;"ICONHA";"Falta de Atenção à Condução";"Colisão transversal";"Com Vítimas Fatais";"Plena Noite";"Crescente";"Céu Claro";"Dupla";"Reta";"Não";2;1;0;0;0;1;0;2;-20,80622;-40,79585;"SR-ES";"UOP01";"DEL03"
276502;2020-03-20;"sexta-feira";"06:45:00";"SP";116;330;"JUQUITIBA";"Não guardar distância de segurança";"Colisão traseira";"Com Vítimas Feridas";"Pleno dia";"Crescente";"Nublado";"Dupla";"Não Informado";"Não";3;0;2;0;1;0;2;2;-23,94429;-47,09669;"SR-SP";"UOP01";"DEL04"
276503;2020-03-20;"sexta-feira";"06:50:00";"RO";364;237;"CACOAL";"Desobediência às normas de trânsito pelo condutor";"Colisão traseira";"Com Vítimas Feridas";"Pleno dia";"Decrescente";"Nublado";"Simples";"Não Informado";"Sim";2;0;0;1;1;0;1;2;-11,44362;-61,44673;"SR-RO";"UOP02";"DEL02"
276504;2020-03-20;"sexta-feira";"07:45:00";"RJ";393;138,1;"SAPUCAIA";"Velocidade Incompatível";"Tombamento";"Com Vítimas Feridas";"Pleno dia";"Decrescente";"Céu Claro";"Simples";"Curva";"Não";1;0;1;0;0;0;1;1;-22,01768;-42,96023;"SR-RJ";"UOP02";"DEL06"
276505;2020-03-20;"sexta-feira";"07:50:00";"RJ";116;183,4;"NOVA IGUACU";"Animais na Pista";"Colisão traseira";"Sem Vítimas";"Pleno dia";"Crescente";"Céu Claro";"Múltipla";"Reta";"Sim";2;0;0;0;1;1;0;2;-22,7516;-43,4385;"SR-RJ";"UOP02";"DEL01"
276506;2020-01-28;"terça-feira";"10:20:00";"PR";277;8,5;"PARANAGUA";"Mal Súbito";"Saída de leito carroçável";"Com Vítimas Feridas";"Pleno dia";"Decrescente";"Nublado";"Dupla";"Reta";"Não";1;0;1;0;0;0;1;1;-25,5682;-48,61529;"SR-PR";"DEL7/1";"UOP07/PR"
276507;2020-03-20;"sexta-feira";"05:40:00";"MT";70;691,5;"CACERES";"Objeto estático sobre o leito carroçável";"Colisão com objeto estático";"Com Vítimas Feridas";"Amanhecer";"Decrescente";"Garoa/Chuvisco";"Simples";"Reta";"Não";2;0;1;1;0;0;2;1;-16,18933;-57,37535;"SR-MT";"UOP01";"DEL03"
276508;2020-03-14;"sábado";"18:35:00";"PA";222;245;"MARABA";"Desobediência às normas de trânsito pelo condutor";"Colisão traseira";"Com Vítimas Feridas";"Anoitecer";"Decrescente";"Céu Claro";"Dupla";"Interseção de vias";"Sim";3;0;1;0;0;2;1;3;-5,355886;-49,07942;"SR-PA";"UOP01";"DEL03"
276509;2020-03-20;"sexta-feira";"08:20:00";"RJ";116;188,2;"QUEIMADOS";"Defeito Mecânico no Veículo";"Queda de ocupante de veículo";"Com Vítimas Feridas";"Pleno dia";"Crescente";"Céu Claro";"Dupla";"Reta";"Não";2;0;2;0;0;0;2;1;-22,73727;-43,53729;"SR-RJ";"UOP02";"DEL01"
276510;2020-03-20;"sexta-feira";"04:30:00";"PI";407;424,2;"PICOS";"Animais na Pista";"Atropelamento de Animal";"Com Vítimas Feridas";"Plena Noite";"Crescente";"Ignorado";"Simples";"Reta";"Sim";1;0;1;0;0;0;1;1;-7,086907;-41,4282;"SR-PI";"UOP01";"DEL04"
276512;2020-03-20;"sexta-feira";"08:30:00";"GO";60;34,4;"GUAPO";"Falta de Atenção à Condução";"Colisão traseira";"Com Vítimas Feridas";"Pleno dia";"Decrescente";"Chuva";"Dupla";"Reta";"Sim";5;0;1;0;4;0;1;2;-16,8323;-49,5382;"SR-GO";"UOP02";"DEL01"
276513;2020-03-20;"sexta-feira";"09:20:00";"SP";116;22,2;"LAVRINHAS";"Carga excessiva e/ou mal acondicionada";"Derramamento de carga";"Sem Vítimas";"Pleno dia";"Crescente";"Céu Claro";"Dupla";"Curva";"Não";1;0;0;0;1;0;0;1;-22,58369;-44,87773;"SR-SP";"UOP01";"DEL08"
276514;2020-03-20;"sexta-feira";"09:10:00";"MT";364;459;"VARZEA GRANDE";"Falta de Atenção à Condução";"Saída de leito carroçável";"Com Vítimas Feridas";"Pleno dia";"Decrescente";"Chuva";"Dupla";"Reta";"Não";1;0;1;0;0;0;1;1;-15,53594;-56,27612;"SR-MT";"DEL2/4";"UOP02/MT"
276515;2020-03-20;"sexta-feira";"08:15:00";"MG";40;502;"ESMERALDAS";"Avarias e/ou desgaste excessivo no pneu";"Saída de leito carroçável";"Sem Vítimas";"Pleno dia";"Decrescente";"Céu Claro";"Dupla";"Curva";"Não";1;0;0;0;0;1;0;1;-19,714;-44,16093;"SR-MG";"UOP01";"DEL02"
276516;2020-03-20;"sexta-feira";"06:20:00";"MG";262;490,9;"MOEMA";"Condutor Dormindo";"Colisão lateral";"Com Vítimas Feridas";"Pleno dia";"Decrescente";"Chuva";"Simples";"Reta";"Não";2;0;1;0;1;0;1;2;-19,78274;-45,34197;"SR-MG";"UOP03";"DEL08"
276518;2020-03-20;"sexta-feira";"09:30:00";"MG";40;408,6;"CURVELO";"Velocidade Incompatível";"Capotamento";"Com Vítimas Feridas";"Pleno dia";"Crescente";"Céu Claro";"Dupla";"Reta";"Não";1;0;0;1;0;0;1;1;-19,10122;-44,65199;"SR-MG";"UOP01";"DEL02"
276519;2020-03-20;"sexta-feira";"08:30:00";"RJ";116;286;"BARRA MANSA";"Falta de Atenção à Condução";"Colisão traseira";"Sem Vítimas";"Pleno dia";"Decrescente";"Céu Claro";"Múltipla";"Curva";"Não";2;0;0;0;2;0;0;2;-22,49846;-44,23342;"SR-RJ";"UOP02";"DEL07"
276520;2020-03-08;"domingo";"18:52:00";"PE";232;56;"POMBOS";"Falta de Atenção do Pedestre";"Atropelamento de Pedestre";"Com Vítimas Fatais";"Plena Noite";"Decrescente";"Céu Claro";"Dupla";"Reta";"Não";3;1;2;0;0;0;2;1;-8,137627;-35,37336;"SR-PE";"UOP04";"DEL01"
276521;2020-03-20;"sexta-feira";"10:10:00";"SE";235;54;"ITABAIANA";"Falta de Atenção à Condução";"Colisão traseira";"Com Vítimas Feridas";"Pleno dia";"Decrescente";"Sol";"Simples";"Reta";"Sim";2;0;1;0;1;0;1;2;-10,67605;-37,44328;"SR-SE";"UOP02";"DEL01"
276522;2020-03-20;"sexta-feira";"09:00:00";"RN";304;171,8;"ANGICOS";"Falta de Atenção à Condução";"Colisão traseira";"Com Vítimas Feridas";"Pleno dia";"Decrescente";"Céu Claro";"Simples";"Reta";"Não";4;0;1;1;2;0;2;4;-5,687111;-36,41946;"SR-RN";"UOP03";"DEL01"
276523;2020-03-20;"sexta-feira";"11:00:00";"MG";40;786,7;"JUIZ DE FORA";"Velocidade Incompatível";"Saída de leito carroçável";"Com Vítimas Feridas";"Pleno dia";"Decrescente";"Céu Claro";"Dupla";"Curva";"Não";1;0;1;0;0;0;1;1;-21,72734;-43,43853;"SR-MG";"UOP01";"DEL05"
276524;2020-03-20;"sexta-feira";"11:05:00";"RS";116;222;"DOIS IRMAOS";"Falta de Atenção à Condução";"Colisão transversal";"Com Vítimas Feridas";"Pleno dia";"Crescente";"Sol";"Simples";"Reta";"Sim";2;0;1;0;1;0;1;2;-29,58135;-51,0958;"SR-RS";"UOP02";"DEL01"
276525;2020-03-20;"sexta-feira";"09:35:00";"MT";364;209,2;"RONDONOPOLIS";"Velocidade Incompatível";"Tombamento";"Com Vítimas Feridas";"Pleno dia";"Decrescente";"Nublado";"Dupla";"Não Informado";"Não";1;0;1;0;0;0;1;1;-16,42895;-54,69338;"SR-MT";"UOP01";"DEL02"
276526;2020-03-20;"sexta-feira";"08:30:00";"MT";70;606;"POCONE";"Fenômenos da Natureza";"Saída de leito carroçável";"Com Vítimas Feridas";"Pleno dia";"Crescente";"Chuva";"Simples";"Curva";"Não";2;0;1;0;1;0;1;1;-15,83981;-56,7792;"SR-MT";"UOP02";"DEL03"
276527;2020-03-20;"sexta-feira";"11:00:00";"MG";40;487;"CAPIM BRANCO";"Desobediência às normas de trânsito pelo condutor";"Colisão traseira";"Com Vítimas Feridas";"Pleno dia";"Decrescente";"Céu Claro";"Simples";"Reta";"Não";3;0;2;0;1;0;2;2;-19,59896;-44,22304;"SR-MG";"UOP01";"DEL02"
276528;2020-03-20;"sexta-feira";"11:32:00";"PB";230;21,5;"JOAO PESSOA";"Velocidade Incompatível";"Colisão traseira";"Com Vítimas Feridas";"Pleno dia";"Decrescente";"Céu Claro";"Dupla";"Não Informado";"Sim";2;0;1;0;1;0;1;2;-7,1415;-34,8519;"SR-PB";"UOP01";"DEL01"
276530;2020-03-20;"sexta-feira";"11:22:00";"PE";101;66;"RECIFE";"Falta de Atenção do Pedestre";"Atropelamento de Pedestre";"Com Vítimas Feridas";"Pleno dia";"Crescente";"Céu Claro";"Dupla";"Reta";"Sim";2;0;0;1;0;1;1;1;-8,037363;-34,94165;"SR-PE";"UOP01";"DEL01"
276531;2020-03-20;"sexta-feira";"11:25:00";"RS";290;42,6;"GLORINHA";"Falta de Atenção à Condução";"Colisão lateral";"Com Vítimas Feridas";"Pleno dia";"Crescente";"Céu Claro";"Dupla";"Reta";"Não";2;0;1;0;1;0;1;2;-29,88918;-50,68191;"SR-RS";"UOP01";"DEL03"
276532;2020-03-20;"sexta-feira";"11:10:00";"BA";101;271,7;"SANTO ANTONIO DE JESUS";"Pista Escorregadia";"Colisão frontal";"Com Vítimas Fatais";"Pleno dia";"Crescente";"Chuva";"Simples";"Reta";"Não";2;2;0;0;0;0;0;2;-13,03879;-39,28701;"SR-BA";"UOP02";"DEL01"
276533;2020-03-07;"sábado";"16:00:00";"AM";174;977;"PRESIDENTE FIGUEIREDO";"Desobediência às normas de trânsito pelo condutor";"Saída de leito carroçável";"Com Vítimas Feridas";"Pleno dia";"Decrescente";"Céu Claro";"Simples";"Não Informado";"Não";3;0;2;0;1;0;2;2;-2,16385;-60,00585;"SR-AM";"UOP02";"DEL01"
276534;2020-03-20;"sexta-feira";"11:55:00";"RS";285;567;"SAO LUIZ GONZAGA";"Desobediência às normas de trânsito pelo condutor";"Colisão lateral";"Sem Vítimas";"Pleno dia";"Crescente";"Sol";"Simples";"Reta";"Sim";2;0;0;0;2;0;0;2;-28,41745;-54,96687;"SR-RS";"UOP01";"DEL12"
276535;2020-03-20;"sexta-feira";"11:35:00";"PE";101;174;"JOAQUIM NABUCO";"Defeito Mecânico no Veículo";"Queda de ocupante de veículo";"Com Vítimas Feridas";"Pleno dia";"Crescente";"Céu Claro";"Múltipla";"Curva";"Não";2;0;2;0;0;0;2;1;-8,597693;-35,52838;"SR-PE";"UOP03";"DEL01"
276537;2020-03-20;"sexta-feira";"12:20:00";"MG";381;834,4;"SAO SEBASTIAO DA BELA VISTA";"Defeito Mecânico no Veículo";"Tombamento";"Com Vítimas Feridas";"Pleno dia";"Crescente";"Céu Claro";"Dupla";"Reta";"Não";2;0;2;0;0;0;2;1;-22,16462;-45,83245;"SR-MG";"UOP01";"DEL16"
276538;2020-03-20;"sexta-feira";"12:20:00";"GO";153;699,2;"ITUMBIARA";"Falta de Atenção à Condução";"Colisão lateral";"Com Vítimas Feridas";"Pleno dia";"Crescente";"Céu Claro";"Simples";"Não Informado";"Sim";2;0;1;0;1;0;1;2;-18,3862;-49,2076;"SR-GO";"UOP02";"DEL03"
276539;2020-03-20;"sexta-feira";"12:45:00";"MG";381;632,2;"OLIVEIRA";"Falta de Atenção à Condução";"Capotamento";"Com Vítimas Fatais";"Pleno dia";"Crescente";"Chuva";"Dupla";"Não Informado";"Não";2;1;1;0;0;0;1;1;-20,86148;-44,84048;"SR-MG";"UOP01";"DEL04"
276541;2020-03-20;"sexta-feira";"13:10:00";"PR";376;9,5;"MANDAGUARI";"Falta de Atenção à Condução";"Saída de leito carroçável";"Com Vítimas Feridas";"Pleno dia";"Crescente";"Céu Claro";"Dupla";"Não Informado";"Não";1;0;1;0;0;0;1;1;-23,55895;-51,66492;"SR-PR";"UOP01";"DEL09"
276542;2020-03-20;"sexta-feira";"12:31:00";"ES";101;172;"LINHARES";"Não guardar distância de segurança";"Colisão traseira";"Com Vítimas Feridas";"Pleno dia";"Decrescente";"Céu Claro";"Dupla";"Reta";"Não";3;0;1;0;2;0;1;2;-19,55735;-40,17329;"SR-ES";"UOP01";"DEL04"