"id";"data_inversa";"dia_semana";"horario";"uf";"br";"km";"municipio";"causa_acidente";"tipo_acidente";"classificacao_acidente";"fase_dia";"sentido_via";"condicao_metereologica";"tipo_pista";"tracado_via";"uso_solo";"pessoas";"mortos";"feridos_leves";"feridos_graves";"ilesos";"ignorados";"feridos";"veiculos";"latitude";"longitude";"regional";"delegacia";"uop"
276825;2020-03-22;"domingo";"12:00:00";"MG";153;9;"ARAPORA";"Falta de Atenção à Condução";"Saída de leito carroçável";"Com Vítimas Feridas";"Pleno dia";"Decrescente";"Céu Claro";"Dupla";"Reta";"Não";1;0;0;1;0;0;1;1;-18,48778;-49,18862;"SR-MG";"UOP03";"DEL15"
276826;2020-02-23;"domingo";"12:20:00";"ES";101;66;"SAO MATEUS";"Falta de Atenção à Condução";"Queda de ocupante de veículo";"Com Vítimas Feridas";"Pleno dia";"Crescente";"Chuva";"Múltipla";"Retorno Regulamentado";"Sim";1;0;0;1;0;0;1;1;-18,71685;-39,8744;"SR-ES";"UOP02";"DEL04"
276827;2020-03-22;"domingo";"12:45:00";"PE";101;71;"RECIFE";"Defeito Mecânico no Veículo";"Saída de leito carroçável";"Com Vítimas Feridas";"Pleno dia";"Decrescente";"Céu Claro";"Múltipla";"Reta";"Sim";1;0;1;0;0;0;1;1;-8,076887;-34,94291;"SR-PE";"UOP01";"DEL01"
276828;2020-03-22;"domingo";"13:38:00";"PE";101;71;"RECIFE";"Falta de Atenção do Pedestre";"Atropelamento de Pedestre";"Sem Vítimas";"Pleno dia";"Crescente";"Sol";"Múltipla";"Reta";"Sim";2;0;0;0;1;1;0;1;-8,076631;-34,94278;"SR-PE";"UOP01";"DEL01"
276829;2020-03-22;"domingo";"13:15:00";"SP";116;368;"MIRACATU";"Condutor Dormindo";"Saída de leito carroçável";"Com Vítimas Feridas";"Pleno dia";"Crescente";"Céu Claro";"Dupla";"Curva";"Não";2;0;2;0;0;0;2;1;-24,14719;-47,30268;"SR-SP";"UOP02";"DEL04"
276831;2020-03-22;"domingo";"14:00:00";"MG";262;361;"BETIM";"Falta de Atenção à Condução";"Colisão traseira";"Sem Vítimas";"Pleno dia";"Decrescente";"Nublado";"Dupla";"Reta";"Não";1;0;0;0;1;0;0;1;-19,97906;-44,21765;"SR-MG";"UOP03";"DEL01"
276832;2020-03-22;"domingo";"09:30:00";"BA";242;447,8;"SEABRA";"Condutor Dormindo";"Colisão traseira";"Com Vítimas Fatais";"Pleno dia";"Decrescente";"Nublado";"Simples";"Desvio Temporário";"Não";5;1;2;1;1;0;3;2;-12,42671;-42,04403;"SR-BA";"UOP01";"DEL06"
276833;2020-03-22;"domingo";"14:35:00";"DF";70;13;"BRASILIA";"Avarias e/ou desgaste excessivo no pneu";"Saída de leito carroçável";"Com Vítimas Feridas";"Pleno dia";"Crescente";"Nublado";"Dupla";"Reta";"Sim";1;0;1;0;0;0;1;1;-15,79452;-48,16653;"SR-DF";"UOP03";"DEL01"
276834;2020-03-22;"domingo";"14:00:00";"GO";60;185,1;"GUAPO";"Fenômenos da Natureza";"Saída de leito carroçável";"Com Vítimas Feridas";"Pleno dia";"Decrescente";"Chuva";"Dupla";"Reta";"Não";3;0;1;0;2;0;1;1;-16,7956;-49,51;"SR-GO";"UOP02";"DEL01"
276835;2020-03-22;"domingo";"14:40:00";"RS";290;87;"PORTO ALEGRE";"Falta de Atenção à Condução";"Saída de leito carroçável";"Com Vítimas Feridas";"Pleno dia";"Decrescente";"Céu Claro";"Dupla";"Reta";"Não";1;0;1;0;0;0;1;1;-29,96784;-51,1272;"SR-RS";"UOP01";"DEL01"
276836;2020-03-22;"domingo";"14:45:00";"DF";20;8;"BRASILIA";"Velocidade Incompatível";"Tombamento";"Sem Vítimas";"Pleno dia";"Decrescente";"Garoa/Chuvisco";"Dupla";"Não Informado";"Sim";1;0;0;0;1;0;0;1;-15,65839;-47,79153;"SR-DF";"UOP01";"DEL02"
276838;2020-03-22;"domingo";"15:30:00";"MG";381;580;"CARMOPOLIS DE MINAS";"Falta de Atenção à Condução";"Queda de ocupante de veículo";"Com Vítimas Feridas";"Pleno dia";"Crescente";"Céu Claro";"Dupla";"Reta";"Não";1;0;1;0;0;0;1;1;-20,50796;-44,61145;"SR-MG";"UOP01";"DEL04"
276839;2020-03-22;"domingo";"14:00:00";"MT";163;43;"ITIQUIRA";"Falta de Atenção à Condução";"Saída de leito carroçável";"Com Vítimas Feridas";"Pleno dia";"Decrescente";"Céu Claro";"Dupla";"Reta";"Não";1;0;1;0;0;0;1;1;-17,13726;-54,75757;"SR-MT";"DEL2/2";"UOP02/MT"
276840;2020-03-22;"domingo";"12:10:00";"RS";116;262;"CANOAS";"Defeito Mecânico no Veículo";"Tombamento";"Com Vítimas Feridas";"Pleno dia";"Crescente";"Céu Claro";"Dupla";"Reta";"Não";2;0;0;2;0;0;2;1;-29,89647;-51,17593;"SR-RS";"UOP01";"DEL01"
276841;2020-03-22;"domingo";"16:40:00";"PR";476;137;"CURITIBA";"Ingestão de Álcool";"Colisão transversal";"Com Vítimas Feridas";"Pleno dia";"Decrescente";"Céu Claro";"Múltipla";"Não Informado";"Sim";2;0;1;0;1;0;1;1;-25,4983;-49,27755;"SR-PR";"UOP03";"DEL01"
276842;2020-03-22;"domingo";"15:50:00";"PR";116;126;"FAZENDA RIO GRANDE";"Falta de Atenção à Condução";"Engavetamento";"Sem Vítimas";"Pleno dia";"Crescente";"Céu Claro";"Dupla";"Reta";"Sim";4;0;0;0;4;0;0;4;-25,63994;-49,31304;"SR-PR";"UOP03";"DEL01"
276843;2020-03-22;"domingo";"17:00:00";"SP";116;6,2;"QUELUZ";"Desobediência às normas de trânsito pelo condutor";"Atropelamento de Pedestre";"Com Vítimas Feridas";"Pleno dia";"Decrescente";"Sol";"Dupla";"Reta";"Não";2;0;0;1;1;0;1;1;-22,53158;-44,75375;"SR-SP";"UOP01";"DEL08"
276844;2020-03-22;"domingo";"17:00:00";"DF";20;19;"BRASILIA";"Ingestão de Álcool";"Colisão traseira";"Sem Vítimas";"Pleno dia";"Crescente";"Chuva";"Dupla";"Reta";"Não";2;0;0;0;2;0;0;2;-15,61218;-47,70093;"SR-DF";"UOP01";"DEL02"
276845;2020-03-22;"domingo";"15:10:00";"RS";290;12,5;"IRAI";"Velocidade Incompatível";"Tombamento";"Com Vítimas Feridas";"Pleno dia";"Crescente";"Céu Claro";"Simples";"Curva";"Não";1;0;1;0;0;0;1;1;-27,22329;-53,32406;"SR-RS";"UOP01";"DEL03"
276847;2020-03-22;"domingo";"13:50:00";"GO";60;275;"JANDAIA";"Velocidade Incompatível";"Saída de leito carroçável";"Com Vítimas Feridas";"Pleno dia";"Crescente";"Chuva";"Dupla";"Reta";"Não";4;0;3;1;0;0;4;1;-17,215;-50,1678;"SR-GO";"UOP01";"DEL04"
276848;2020-03-22;"domingo";"16:35:00";"MG";40;683,5;"RESSAQUINHA";"Velocidade Incompatível";"Tombamento";"Com Vítimas Feridas";"Pleno dia";"Decrescente";"Nublado";"Simples";"Não Informado";"Não";1;0;1;0;0;0;1;1;-21,07337;-43,76905;"SR-MG";"UOP02";"DEL05"
276849;2020-03-22;"domingo";"14:22:00";"PE";232;238,6;"ARCOVERDE";"Desobediência às normas de trânsito pelo condutor";"Colisão frontal";"Com Vítimas Fatais";"Pleno dia";"Crescente";"Nublado";"Simples";"Não Informado";"Não";4;1;0;0;3;0;0;2;-8,418333;-36,9387;"SR-PE";"UOP02";"DEL03"
276850;2020-03-22;"domingo";"15:50:00";"BA";101;896;"CARAVELAS";"Velocidade Incompatível";"Colisão frontal";"Com Vítimas Feridas";"Pleno dia";"Decrescente";"Chuva";"Simples";"Curva";"Não";4;0;1;2;1;0;3;2;-17,75493;-39,7696;"SR-BA";"UOP02";"DEL09"
276851;2020-03-22;"domingo";"17:00:00";"PI";316;34;"DEMERVAL LOBAO";"Falta de Atenção à Condução";"Tombamento";"Com Vítimas Feridas";"Pleno dia";"Decrescente";"Céu Claro";"Simples";"Reta";"Não";1;0;1;0;0;0;1;1;-5,356908;-42,67649;"SR-PI";"UOP02";"DEL01"
276852;2020-03-22;"domingo";"17:30:00";"SC";116;107,7;"MONTE CASTELO";"Velocidade Incompatível";"Tombamento";"Com Vítimas Fatais";"Pleno dia";"Decrescente";"Sol";"Simples";"Curva";"Não";1;1;0;0;0;0;0;1;-26,75569;-50,32812;"SR-SC";"UOP02";"DEL06"
276853;2020-03-22;"domingo";"16:00:00";"BA";116;672;"JEQUIE";"Falta de Atenção à Condução";"Saída de leito carroçável";"Sem Vítimas";"Pleno dia";"Decrescente";"Nublado";"Simples";"Reta";"Sim";1;0;0;0;1;0;0;1;-13,7997;-40,1113;"SR-BA";"UOP01";"DEL03"
276854;2020-03-22;"domingo";"14:00:00";"MT";70;530;"VARZEA GRANDE";"Falta de Atenção à Condução";"Saída de leito carroçável";"Com Vítimas Feridas";"Pleno dia";"Decrescente";"Céu Claro";"Simples";"Reta";"Não";3;0;2;0;1;0;2;1;-15,64921;-56,19486;"SR-MT";"UOP02";"DEL05"
276855;2020-03-22;"domingo";"17:50:00";"SC";101;321;"PESCARIA BRAVA";"Falta de Atenção à Condução";"Queda de ocupante de veículo";"Com Vítimas Feridas";"Anoitecer";"Crescente";"Céu Claro";"Dupla";"Reta";"Não";1;0;1;0;0;0;1;1;-28,42532;-48,89191;"SR-SC";"UOP01";"DEL02"
276856;2020-03-22;"domingo";"15:40:00";"SC";470;177;"POUSO REDONDO";"Falta de Atenção à Condução";"Colisão transversal";"Com Vítimas Feridas";"Pleno dia";"Crescente";"Céu Claro";"Simples";"Rotatória";"Não";3;0;1;1;0;1;2;2;-27,25186;-49,958;"SR-SC";"UOP02";"DEL04"
276857;2020-03-22;"domingo";"15:00:00";"BA";407;98;"JAGUARARI";"Velocidade Incompatível";"Saída de leito carroçável";"Com Vítimas Feridas";"Pleno dia";"Decrescente";"Chuva";"Simples";"Reta";"Não";4;0;2;0;2;0;2;1;-10,22018;-40,21285;"SR-BA";"UOP01";"DEL04"
276859;2020-03-22;"domingo";"18:40:00";"GO";40;4,6;"VALPARAISO DE GOIAS";"Ingestão de Álcool";"Colisão traseira";"Sem Vítimas";"Anoitecer";"Decrescente";"Nublado";"Dupla";"Reta";"Sim";2;0;0;0;2;0;0;2;-16,08524;-47,98675;"SR-DF";"UOP01";"DEL01"
276860;2020-03-22;"domingo";"19:15:00";"PR";277;8,4;"PARANAGUA";"Falta de Atenção do Pedestre";"Atropelamento de Pedestre";"Com Vítimas Fatais";"Plena Noite";"Decrescente";"Céu Claro";"Dupla";"Reta";"Não";2;1;1;0;0;0;1;1;-25,5682;-48,61529;"SR-PR";"UOP07";"DEL01"
276861;2020-03-22;"domingo";"16:40:00";"MG";262;896,8;"CAMPO FLORIDO";"Velocidade Incompatível";"Saída de leito carroçável";"Com Vítimas Feridas";"Pleno dia";"Decrescente";"Nublado";"Simples";"Desvio Temporário";"Não";1;0;0;1;0;0;1;1;-19,71052;-48,74292;"SR-MG";"UOP02";"DEL13"
276862;2020-03-22;"domingo";"18:40:00";"PB";101;95,2;"CONDE";"Falta de Atenção à Condução";"Colisão com objeto estático";"Com Vítimas Feridas";"Plena Noite";"Decrescente";"Céu Claro";"Múltipla";"Reta";"Não";1;0;1;0;0;0;1;1;-7,223794;-34,91488;"SR-PB";"UOP01";"DEL01"
276863;2020-03-22;"domingo";"19:20:00";"SC";101;236;"PALHOCA";"Falta de Atenção à Condução";"Colisão com objeto estático";"Sem Vítimas";"Anoitecer";"Decrescente";"Céu Claro";"Simples";"Curva";"Não";1;0;0;0;0;1;0;1;-27,82629;-48,63035;"SR-SC";"UOP02";"DEL01"
276864;2020-03-22;"domingo";"19:15:00";"RS";290;143,7;"ELDORADO DO SUL";"Desobediência às normas de trânsito pelo condutor";"Colisão lateral";"Com Vítimas Feridas";"Plena Noite";"Crescente";"Céu Claro";"Simples";"Desvio Temporário";"Sim";3;0;0;2;1;0;2;2;-30,09331;-51,6378;"SR-RS";"UOP01";"DEL02"
276865;2020-03-22;"domingo";"17:10:00";"PR";116;37,6;"CAMPINA GRANDE DO SUL";"Defeito Mecânico no Veículo";"Saída de leito carroçável";"Sem Vítimas";"Pleno dia";"Decrescente";"Garoa/Chuvisco";"Dupla";"Desvio Temporário";"Não";1;0;0;0;1;0;0;1;-25,13989;-48,85619;"SR-PR";"UOP02";"DEL01"
276866;2020-03-22;"domingo";"19:35:00";"MG";381;488,1;"BETIM";"Falta de Atenção à Condução";"Colisão com objeto estático";"Com Vítimas Feridas";"Plena Noite";"Decrescente";"Céu Claro";"Múltipla";"Reta";"Sim";1;0;1;0;0;0;1;1;-19,95689;-44,13517;"SR-MG";"UOP03";"DEL01"
276867;2020-03-22;"domingo";"18:50:00";"RS";392;53,9;"RIO GRANDE";"Falta de Atenção à Condução";"Saída de leito carroçável";"Com Vítimas Feridas";"Plena Noite";"Decrescente";"Céu Claro";"Dupla";"Reta";"Não";2;0;1;1;0;0;2;1;-31,84727;-52,32688;"SR-RS";"UOP02";"DEL07"
276868;2020-03-22;"domingo";"19:45:00";"CE";20;406;"CAUCAIA";"Ingestão de Álcool";"Queda de ocupante de veículo";"Com Vítimas Feridas";"Plena Noite";"Decrescente";"Céu Claro";"Simples";"Viaduto";"Não";1;0;1;0;0;0;1;1;-3,76999;-38,67006;"SR-CE";"UOP01";"DEL01"
276869;2020-03-22;"domingo";"16:40:00";"RS";116;221;"DOIS IRMAOS";"Desobediência às normas de trânsito pelo condutor";"Queda de ocupante de veículo";"Com Vítimas Feridas";"Pleno dia";"Crescente";"Céu Claro";"Dupla";"Curva";"Sim";1;0;1;0;0;0;1;1;-29,57244;-51,09625;"SR-RS";"UOP02";"DEL01"
276870;2020-03-22;"domingo";"19:45:00";"SP";116;207,5;"GUARULHOS";"Desobediência às normas de trânsito pelo pedestre";"Atropelamento de Pedestre";"Com Vítimas Fatais";"Plena Noite";"Decrescente";"Nublado";"Dupla";"Reta";"Não";2;1;0;0;0;1;0;1;-23,41972;-46,38419;"SR-SP";"UOP01";"DEL01"
276871;2020-03-22;"domingo";"19:15:00";"RJ";116;208,9;"SEROPEDICA";"Ingestão de Álcool";"Saída de leito carroçável";"Com Vítimas Feridas";"Plena Noite";"Decrescente";"Nublado";"Dupla";"Curva";"Sim";1;0;1;0;0;0;1;1;-22,71145;-43,73552;"SR-RJ";"UOP03";"DEL01"
276872;2020-03-22;"domingo";"17:40:00";"RJ";393;175;"TRES RIOS";"Falta de Atenção à Condução";"Queda de ocupante de veículo";"Com Vítimas Feridas";"Anoitecer";"Crescente";"Nublado";"Simples";"Rotatória";"Não";2;0;1;1;0;0;2;1;-22,1231;-43,20364;"SR-RJ";"UOP01";"DEL06"
276873;2020-03-22;"domingo";"19:35:00";"SC";101;194;"BIGUACU";"Velocidade Incompatível";"Saída de leito carroçável";"Sem Vítimas";"Plena Noite";"Crescente";"Céu Claro";"Múltipla";"Reta";"Não";1;0;0;0;0;1;0;1;-27,49815;-48,65661;"SR-SC";"UOP01";"DEL01"
276874;2020-03-22;"domingo";"19:00:00";"PR";476;196;"LAPA";"Restrição de Visibilidade";"Saída de leito carroçável";"Sem Vítimas";"Plena Noite";"Crescente";"Céu Claro";"Simples";"Reta";"Sim";1;0;0;0;0;1;0;1;-25,75654;-49,72961;"SR-PR";"UOP04";"DEL01"
276875;2020-03-22;"domingo";"20:10:00";"RJ";40;121;"DUQUE DE CAXIAS";"Falta de Atenção do Pedestre";"Atropelamento de Pedestre";"Com Vítimas Fatais";"Plena Noite";"Crescente";"Céu Claro";"Múltipla";"Reta";"Sim";3;1;0;0;2;0;0;2;-22,78185;-43,28571;"SR-RJ";"UOP01";"DEL01"
276876;2020-03-22;"domingo";"18:00:00";"MG";365;402,8;"PATOS DE MINAS";"Velocidade Incompatível";"Colisão lateral";"Com Vítimas Feridas";"Anoitecer";"Crescente";"Chuva";"Simples";"Não Informado";"Não";5;0;3;1;1;0;4;2;-18,63876;-46,44951;"SR-MG";"UOP01";"DEL10"
276877;2020-03-22;"domingo";"19:50:00";"MG";262;155;"SAO DOMINGOS DO PRATA";"Defeito Mecânico no Veículo";"Colisão com objeto estático";"Com Vítimas Feridas";"Plena Noite";"Decrescente";"Céu Claro";"Simples";"Não Informado";"Não";1;0;1;0;0;0;1;1;-19,9777;-42,80194;"SR-MG";"UOP03";"DEL03"
276878;2020-03-22;"domingo";"20:40:00";"MG";40;492;"ESMERALDAS";"Desobediência às normas de trânsito pelo condutor";"Tombamento";"Com Vítimas Feridas";"Plena Noite";"Decrescente";"Céu Claro";"Dupla";"Curva";"Não";1;0;1;0;0;0;1;1;-19,63738;-44,20373;"SR-MG";"UOP01";"DEL02"
276879;2020-03-22;"domingo";"19:45:00";"SP";153;155,3;"PROMISSAO";"Defeito Mecânico no Veículo";"Colisão traseira";"Com Vítimas Feridas";"Plena Noite";"Crescente";"Céu Claro";"Simples";"Reta";"Não";2;0;1;0;1;0;1;2;-21,46234;-49,78273;"SR-SP";"UOP01";"DEL07"
276880;2020-03-04;"quarta-feira";"07:55:00";"RS";116;515,8;"PELOTAS";"Desobediência às normas de trânsito pelo condutor";"Engavetamento";"Com Vítimas Feridas";"Pleno dia";"Crescente";"Céu Claro";"Simples";"Reta";"Sim";3;0;2;0;1;0;2;3;-31,66114;-52,33868;"SR-RS";"UOP01";"DEL07"
276881;2020-03-22;"domingo";"19:50:00";"SP";153;202,9;"GETULINA";"Objeto estático sobre o leito carroçável";"Saída de leito carroçável";"Com Vítimas Feridas";"Plena Noite";"Crescente";"Céu Claro";"Simples";"Reta";"Não";2;0;1;0;1;0;1;1;-21,83771;-49,904;"SR-SP";"UOP01";"DEL07"
276882;2020-03-22;"domingo";"19:40:00";"RS";290;32,6;"SANTO ANTONIO DA PATRULHA";"Condutor Dormindo";"Saída de leito carroçável";"Com Vítimas Fatais";"Plena Noite";"Crescente";"Céu Claro";"Múltipla";"Reta";"Não";1;1;0;0;0;0;0;1;-29,88484;-50,57605;"SR-RS";"UOP01";"DEL03"
276883;2020-03-22;"domingo";"19:30:00";"SC";282;174;"BOCAINA DO SUL";"Animais na Pista";"Saída de leito carroçável";"Sem Vítimas";"Plena Noite";"Crescente";"Céu Claro";"Simples";"Reta";"Não";2;0;0;0;2;0;0;1;-27,74256;-49,88225;"SR-SC";"UOP01";"DEL05"
276884;2020-03-22;"domingo";"19:53:00";"SP";116;108,1;"TAUBATE";"Velocidade Incompatível";"Colisão traseira";"Com Vítimas Feridas";"Plena Noite";"Decrescente";"Céu Claro";"Dupla";"Reta";"Não";2;0;1;0;0;1;1;2;-23,02331;-45,53764;"SR-SP";"UOP01";"DEL06"
276885;2020-03-22;"domingo";"18:45:00";"SC";280;7,7;"SAO FRANCISCO DO SUL";"Velocidade Incompatível";"Colisão com objeto estático";"Sem Vítimas";"Plena Noite";"Decrescente";"Céu Claro";"Simples";"Reta";"Sim";1;0;0;0;0;1;0;1;-26,27657;-48,64502;"SR-SC";"UOP03";"DEL03"
276886;2020-03-22;"domingo";"20:30:00";"RS";287;520;"SAO BORJA";"Animais na Pista";"Atropelamento de Animal";"Com Vítimas Feridas";"Plena Noite";"Crescente";"Céu Claro";"Simples";"Reta";"Não";2;0;2;0;0;0;2;1;-28,72913;-55,849;"SR-RS";"UOP01";"DEL12"
276887;2020-03-22;"domingo";"19:00:00";"BA";242;820;"BARREIRAS";"Não guardar distância de segurança";"Colisão lateral";"Com Vítimas Feridas";"Plena Noite";"Crescente";"Céu Claro";"Simples";"Reta";"Não";2;0;1;0;0;1;1;2;-12,12324;-45,03301;"SR-BA";"UOP01";"DEL10"
276888;2020-03-22;"domingo";"19:00:00";"SC";282;409,9;"CATANDUVAS";"Falta de Atenção à Condução";"Colisão transversal";"Com Vítimas Feridas";"Plena Noite";"Crescente";"Céu Claro";"Simples";"Retorno Regulamentado";"Sim";3;0;2;0;1;0;2;2;-27,06576;-51,66416;"SR-SC";"UOP07";"DEL07"
276889;2020-03-22;"domingo";"19:50:00";"PE";424;87;"GARANHUNS";"Falta de Atenção à Condução";"Colisão com objeto em movimento";"Com Vítimas Feridas";"Plena Noite";"Crescente";"Nublado";"Simples";"Reta";"Não";8;0;5;1;0;2;6;2;-8,878309;-36,5071;"SR-PE";"UOP01";"DEL03"
276890;2020-03-22;"domingo";"19:30:00";"RJ";493;105;"SEROPEDICA";"Sinalização da via insuficiente ou inadequada";"Saída de leito carroçável";"Com Vítimas Feridas";"Plena Noite";"Decrescente";"Céu Claro";"Dupla";"Reta";"Sim";2;0;1;0;1;0;1;1;-22,74487;-43,72227;"SR-RJ";"UOP01";"DEL03"
276891;2020-03-22;"domingo";"19:45:00";"RN";304;115;"ACU";"Falta de Atenção à Condução";"Queda de ocupante de veículo";"Com Vítimas Feridas";"Plena Noite";"Crescente";"Céu Claro";"Simples";"Reta";"Não";2;0;1;1;0;0;2;1;-5,613872;-36,89679;"SR-RN";"UOP01";"DEL04"
276892;2020-03-22;"domingo";"21:45:00";"RN";226;105,5;"SANTA CRUZ";"Ingestão de Álcool";"Queda de ocupante de veículo";"Com Vítimas Feridas";"Plena Noite";"Crescente";"Céu Claro";"Simples";"Reta";"Não";2;0;0;2;0;0;2;1;-6,246789;-35,96862;"SR-RN";"UOP02";"DEL03"
276893;2020-03-22;"domingo";"10:20:00";"TO";153;518;"PUGMIL";"Defeito Mecânico no Veículo";"Incêndio";"Sem Vítimas";"Pleno dia";"Crescente";"Céu Claro";"Simples";"Não Informado";"Não";1;0;0;0;1;0;0;1;-10,36226;-48,8911;"SR-TO";"UOP02";"DEL02"
276894;2020-03-22;"domingo";"18:00:00";"MA";135;51,3;"BACABEIRA";"Desobediência às normas de trânsito pelo condutor";"Colisão transversal";"Com Vítimas Feridas";"Anoitecer";"Crescente";"Nublado";"Simples";"Reta";"Sim";3;0;1;0;1;1;1;3;-2,972108;-44,31727;"SR-MA";"UOP02";"DEL01"
276895;2020-03-22;"domingo";"21:30:00";"SE";101;67,2;"MARUIM";"Falta de Atenção à Condução";"Colisão traseira";"Sem Vítimas";"Plena Noite";"Decrescente";"Céu Claro";"Simples";"Reta";"Não";2;0;0;0;1;1;0;2;-10,71881;-37,06579;"SR-SE";"UOP01";"DEL01"
276896;2020-03-22;"domingo";"18:20:00";"ES";482;46,5;"CACHOEIRO DE ITAPEMIRIM";"Defeito na Via";"Colisão com objeto estático";"Com Vítimas Feridas";"Pleno dia";"Crescente";"Chuva";"Simples";"Reta";"Não";5;0;4;0;1;0;4;1;-20,75768;-41,24717;"SR-ES";"UOP02";"DEL03"
276897;2020-03-22;"domingo";"21:30:00";"RS";290;256;"CACHOEIRA DO SUL";"Animais na Pista";"Saída de leito carroçável";"Com Vítimas Feridas";"Plena Noite";"Crescente";"Céu Claro";"Simples";"Reta";"Não";2;0;1;0;1;0;1;1;-30,25067;-52,78489;"SR-RS";"UOP03";"DEL02"
276898;2020-03-22;"domingo";"19:35:00";"AC";364;150;"RIO BRANCO";"Velocidade Incompatível";"Saída de leito carroçável";"Sem Vítimas";"Plena Noite";"Crescente";"Céu Claro";"Dupla";"Rotatória";"Não";3;0;0;0;2;1;0;1;-9,871933;-67,91003;"SR-AC";"UOP01";"DEL01"
276899;2020-03-22;"domingo";"19:25:00";"RJ";116;312;"ITATIAIA";"Ingestão de álcool e/ou substâncias psicoativas pelo pedestre";"Queda de ocupante de veículo";"Com Vítimas Feridas";"Plena Noite";"Decrescente";"Céu Claro";"Simples";"Não Informado";"Não";2;0;2;0;0;0;2;1;-22,46069;-44,45263;"SR-RJ";"UOP02";"DEL07"
276900;2020-03-15;"domingo";"03:05:00";"DF";80;22;"BRASILIA";"Falta de Atenção à Condução";"Atropelamento de Pedestre";"Com Vítimas Feridas";"Plena Noite";"Crescente";"Céu Claro";"Dupla";"Reta";"Não";2;0;1;0;1;0;1;1;-15,64789;-48,20176;"SR-DF";"UOP03";"DEL01"
276901;2020-03-22;"domingo";"22:45:00";"TO";153;767;"ALVORADA";"Ultrapassagem Indevida";"Colisão frontal";"Com Vítimas Fatais";"Plena Noite";"Crescente";"Céu Claro";"Simples";"Reta";"Não";2;1;0;1;0;0;1;2;-12,53201;-49,10194;"SR-TO";"UOP01";"DEL02"
276903;2020-03-22;"domingo";"21:45:00";"RR";174;501;"BOA VISTA";"Ingestão de Álcool";"Colisão com objeto estático";"Com Vítimas Feridas";"Plena Noite";"Decrescente";"Céu Claro";"Dupla";"Interseção de vias";"Sim";1;0;0;1;0;0;1;1;2,781689;-60,70383;"SR-RR";"UOP01";"DEL01"
276904;2020-03-22;"domingo";"18:40:00";"AL";316;257,4;"PILAR";"Falta de Atenção à Condução";"Colisão frontal";"Com Vítimas Fatais";"Plena Noite";"Decrescente";"Céu Claro";"Simples";"Reta";"Não";2;1;0;0;0;1;0;2;-9,59111;-35,93216;"SR-AL";"UOP01";"DEL02"
276905;2020-03-22;"domingo";"19:00:00";"MG";116;441,2;"ENGENHEIRO CALDAS";"Falta de Atenção à Condução";"Colisão frontal";"Com Vítimas Feridas";"Plena Noite";"Crescente";"Chuva";"Simples";"Reta";"Não";3;0;0;2;1;0;2;2;-19,07818;-41,99953;"SR-MG";"UOP02";"DEL06"
276906;2020-03-22;"domingo";"19:10:00";"PE";316;349,5;"PETROLANDIA";"Deficiência ou não Acionamento do Sistema de Iluminação/Sinalização do Veículo";"Colisão traseira";"Com Vítimas Fatais";"Plena Noite";"Crescente";"Céu Claro";"Simples";"Reta";"Não";3;1;0;0;0;2;0;2;-8,861637;-38,30015;"SR-PE";"UOP02";"DEL04"
276907;2020-03-22;"domingo";"22:35:00";"SC";282;245,9;"SAO JOSE DO CERRITO";"Falta de Atenção à Condução";"Saída de leito carroçável";"Com Vítimas Feridas";"Plena Noite";"Decrescente";"Céu Claro";"Dupla";"Reta";"Não";1;0;1;0;0;0;1;1;-27,72976;-50,52121;"SR-SC";"UOP02";"DEL05"
276909;2020-03-23;"segunda-feira";"00:15:00";"PE";428;36,5;"OROCO";"Ingestão de Álcool";"Atropelamento de Animal";"Com Vítimas Fatais";"Plena Noite";"Crescente";"Céu Claro";"Simples";"Reta";"Não";2;1;1;0;0;0;1;1;-8,541054;-39,52751;"SR-PE";"UOP03";"DEL05"
276910;2020-03-22;"domingo";"23:50:00";"PA";230;119;"MARABA";"Velocidade Incompatível";"Tombamento";"Com Vítimas Feridas";"Plena Noite";"Crescente";"Céu Claro";"Dupla";"Curva";"Sim";2;0;1;0;1;0;1;1;-5,35037;-49,11912;"SR-PA";"UOP01";"DEL03"
276911;2020-03-22;"domingo";"23:24:00";"MG";262;389;"FLORESTAL";"Falta de Atenção à Condução";"Derramamento de carga";"Sem Vítimas";"Plena Noite";"Crescente";"Céu Claro";"Múltipla";"Reta";"Sim";1;0;0;0;1;0;0;1;-19,93731;-44,45267;"SR-MG";"UOP03";"DEL01"
276912;2020-03-22;"domingo";"21:48:00";"RN";226;105,5;"SANTA CRUZ";"Restrição de Visibilidade";"Atropelamento de Pedestre";"Com Vítimas Fatais";"Plena Noite";"Crescente";"Céu Claro";"Simples";"Reta";"Não";2;1;0;0;0;1;0;2;-6,246638;-35,97762;"SR-RN";"UOP02";"DEL03"