"id";"data_inversa";"dia_semana";"horario";"uf";"br";"km";"municipio";"causa_acidente";"tipo_acidente";"classificacao_acidente";"fase_dia";"sentido_via";"condicao_metereologica";"tipo_pista";"tracado_via";"uso_solo";"pessoas";"mortos";"feridos_leves";"feridos_graves";"ilesos";"ignorados";"feridos";"veiculos";"latitude";"longitude";"regional";"delegacia";"uop"
277192;2020-03-25;"quarta-feira";"16:00:00";"MT";364;556;"ROSARIO OESTE";"Falta de Atenção à Condução";"Saída de leito carroçável";"Com Vítimas Feridas";"Pleno dia";"Decrescente";"Nublado";"Dupla";"Reta";"Não";1;0;1;0;0;0;1;1;-14,80811;-56,41299;"SR-MT";"UOP01";"DEL01"
277193;2020-03-25;"quarta-feira";"18:45:00";"RR";174;520;"BOA VISTA";"Velocidade Incompatível";"Saída de leito carroçável";"Com Vítimas Feridas";"Plena Noite";"Crescente";"Céu Claro";"Simples";"Reta";"Não";6;0;3;2;0;1;5;2;2,938469;-60,71733;"SR-RR";"UOP01";"DEL01"
277194;2020-03-25;"quarta-feira";"21:10:00";"SC";280;24,9;"ARAQUARI";"Velocidade Incompatível";"Colisão traseira";"Com Vítimas Feridas";"Plena Noite";"Decrescente";"Céu Claro";"Simples";"Reta";"Sim";2;0;1;0;1;0;1;2;-26,37725;-48,71953;"SR-SC";"UOP03";"DEL03"
277195;2020-03-25;"quarta-feira";"21:20:00";"DF";40;4,7;"BRASILIA";"Falta de Atenção à Condução";"Colisão transversal";"Com Vítimas Feridas";"Plena Noite";"Decrescente";"Chuva";"Dupla";"Reta";"Sim";2;0;0;1;1;0;1;2;-16,01203;-47,98212;"SR-DF";"UOP01";"DEL01"
277196;2020-02-16;"domingo";"10:15:00";"GO";158;40;"BOM JARDIM DE GOIAS";"Velocidade Incompatível";"Colisão traseira";"Com Vítimas Fatais";"Pleno dia";"Crescente";"Sol";"Simples";"Reta";"Não";3;1;1;0;1;0;1;2;-16,20285;-52,15636;"SR-GO";"UOP01";"DEL04"
277197;2020-03-25;"quarta-feira";"21:20:00";"SC";101;435,3;"SOMBRIO";"Falta de Atenção à Condução";"Colisão traseira";"Com Vítimas Feridas";"Plena Noite";"Crescente";"Ignorado";"Dupla";"Reta";"Sim";2;0;1;0;1;0;1;2;-29,09949;-49,63481;"SR-SC";"UOP02";"DEL02"
277198;2020-03-25;"quarta-feira";"21:00:00";"GO";153;514;"APARECIDA DE GOIANIA";"Desobediência às normas de trânsito pelo condutor";"Colisão transversal";"Sem Vítimas";"Plena Noite";"Decrescente";"Nublado";"Dupla";"Não Informado";"Sim";2;0;0;0;2;0;0;2;-16,8315;-49,2434;"SR-GO";"UOP03";"DEL01"
277199;2020-03-25;"quarta-feira";"21:40:00";"ES";101;293;"CARIACICA";"Restrição de Visibilidade";"Queda de ocupante de veículo";"Com Vítimas Feridas";"Plena Noite";"Decrescente";"Céu Claro";"Dupla";"Reta";"Sim";1;0;0;1;0;0;1;1;-20,31526;-40,39567;"SR-ES";"UOP01";"DEL01"
277201;2020-03-25;"quarta-feira";"22:00:00";"BA";101;807;"ITAMARAJU";"Falta de Atenção do Pedestre";"Atropelamento de Pedestre";"Com Vítimas Fatais";"Plena Noite";"Crescente";"Céu Claro";"Simples";"Reta";"Sim";2;1;0;0;0;1;0;1;-17,18821;-39,58798;"SR-BA";"UOP01";"DEL09"
277202;2020-03-25;"quarta-feira";"17:20:00";"MA";135;291;"SANTO ANTONIO DOS LOPES";"Falta de Atenção à Condução";"Colisão transversal";"Sem Vítimas";"Pleno dia";"Crescente";"Chuva";"Simples";"Reta";"Não";2;0;0;0;2;0;0;2;-4,910702;-44,36726;"SR-MA";"UOP01";"DEL03"
277203;2020-03-25;"quarta-feira";"19:30:00";"RJ";116;86;"TERESOPOLIS";"Pista Escorregadia";"Tombamento";"Com Vítimas Feridas";"Plena Noite";"Crescente";"Garoa/Chuvisco";"Simples";"Curva";"Não";1;0;1;0;0;0;1;1;-22,43671;-42,94971;"SR-RJ";"UOP01";"DEL04"
277204;2020-03-25;"quarta-feira";"17:50:00";"MT";364;350;"SANTO ANTONIO DO LEVERGER";"Velocidade Incompatível";"Tombamento";"Com Vítimas Feridas";"Anoitecer";"Crescente";"Céu Claro";"Dupla";"Curva";"Não";1;0;1;0;0;0;1;1;-15,80518;-55,55687;"SR-MT";"UOP02";"DEL01"
277205;2020-03-25;"quarta-feira";"23:00:00";"DF";70;10,8;"BRASILIA";"Desobediência às normas de trânsito pelo condutor";"Colisão transversal";"Com Vítimas Feridas";"Plena Noite";"Decrescente";"Chuva";"Dupla";"Reta";"Sim";2;0;2;0;0;0;2;2;-15,78707;-48,14071;"SR-DF";"UOP03";"DEL01"
277206;2020-03-25;"quarta-feira";"20:55:00";"PB";405;51,8;"MARIZOPOLIS";"Fenômenos da Natureza";"Saída de leito carroçável";"Com Vítimas Feridas";"Plena Noite";"Crescente";"Chuva";"Simples";"Não Informado";"Sim";2;0;2;0;0;0;2;1;-6,845396;-38,36034;"SR-PB";"UOP03";"DEL03"
277207;2020-03-25;"quarta-feira";"22:00:00";"CE";20;186;"BOA VIAGEM";"Pista Escorregadia";"Danos eventuais";"Com Vítimas Feridas";"Plena Noite";"Decrescente";"Céu Claro";"Simples";"Curva";"Não";2;0;2;0;0;0;2;1;-5,250687;-39,82317;"SR-CE";"UOP02";"DEL02"
277208;2020-03-25;"quarta-feira";"23:05:00";"GO";40;18,8;"LUZIANIA";"Ingestão de Álcool";"Colisão transversal";"Sem Vítimas";"Plena Noite";"Crescente";"Garoa/Chuvisco";"Dupla";"Reta";"Sim";2;0;0;0;2;0;0;2;-16,19349;-47,92558;"SR-DF";"UOP01";"DEL01"
277210;2020-03-26;"quinta-feira";"00:50:00";"ES";101;270;"SERRA";"Falta de Atenção do Pedestre";"Atropelamento de Pedestre";"Com Vítimas Feridas";"Plena Noite";"Crescente";"Céu Claro";"Múltipla";"Curva";"Sim";2;0;0;1;0;1;1;1;-20,22662;-40,27075;"SR-ES";"UOP01";"DEL02"
277211;2020-03-26;"quinta-feira";"00:30:00";"PR";476;354,7;"UNIAO DA VITORIA";"Velocidade Incompatível";"Saída de leito carroçável";"Com Vítimas Feridas";"Plena Noite";"Crescente";"Céu Claro";"Simples";"Reta";"Não";3;0;1;0;2;0;1;1;-26,19683;-51,01252;"SR-PR";"UOP03";"DEL08"
277212;2020-03-26;"quinta-feira";"01:30:00";"RJ";116;223,8;"PIRAI";"Velocidade Incompatível";"Saída de leito carroçável";"Com Vítimas Feridas";"Plena Noite";"Decrescente";"Céu Claro";"Dupla";"Curva";"Não";1;0;1;0;0;0;1;1;-22,68973;-43,80132;"SR-RJ";"UOP01";"DEL07"
277213;2020-03-26;"quinta-feira";"02:25:00";"BA";410;7;"RIBEIRA DO POMBAL";"Condutor Dormindo";"Tombamento";"Com Vítimas Feridas";"Plena Noite";"Crescente";"Céu Claro";"Simples";"Reta";"Não";1;0;1;0;0;0;1;1;-10,84807;-38,58389;"SR-BA";"UOP02";"DEL07"
277214;2020-03-26;"quinta-feira";"03:00:00";"MG";40;519;"CONTAGEM";"Falta de Atenção à Condução";"Saída de leito carroçável";"Sem Vítimas";"Plena Noite";"Decrescente";"Céu Claro";"Dupla";"Reta";"Sim";1;0;0;0;0;1;0;1;-19,83958;-44,07684;"SR-MG";"UOP02";"DEL01"
277215;2020-03-26;"quinta-feira";"03:50:00";"PB";101;126,6;"CAAPORA";"Falta de Atenção do Pedestre";"Atropelamento de Pedestre";"Com Vítimas Feridas";"Plena Noite";"Crescente";"Nublado";"Dupla";"Reta";"Não";2;0;1;0;1;0;1;1;-7,484849;-34,98097;"SR-PB";"UOP01";"DEL01"
277216;2020-03-26;"quinta-feira";"02:00:00";"PB";104;90,6;"ESPERANCA";"Condutor Dormindo";"Colisão com objeto estático";"Sem Vítimas";"Plena Noite";"Decrescente";"Céu Claro";"Dupla";"Reta";"Sim";1;0;0;0;0;1;0;1;-6,97533;-35,81785;"SR-PB";"UOP04";"DEL02"
277217;2020-03-26;"quinta-feira";"05:00:00";"SP";116;552;"BARRA DO TURVO";"Condutor Dormindo";"Tombamento";"Com Vítimas Feridas";"Amanhecer";"Decrescente";"Céu Claro";"Dupla";"Reta";"Não";1;0;1;0;0;0;1;1;-24,96398;-48,47997;"SR-SP";"UOP02";"DEL05"
277218;2020-03-26;"quinta-feira";"06:25:00";"SE";101;50,6;"JAPARATUBA";"Falta de Atenção à Condução";"Saída de leito carroçável";"Com Vítimas Feridas";"Amanhecer";"Crescente";"Chuva";"Dupla";"Curva";"Não";2;0;1;0;1;0;1;1;-10,61257;-36,97839;"SR-SE";"UOP02";"DEL02"
277219;2020-03-26;"quinta-feira";"04:40:00";"RJ";101;427;"MANGARATIBA";"Desobediência às normas de trânsito pelo condutor";"Colisão frontal";"Com Vítimas Fatais";"Amanhecer";"Decrescente";"Ignorado";"Dupla";"Curva";"Sim";10;1;0;0;9;0;0;2;-22,93155;-43,98134;"SR-RJ";"UOP01";"DEL03"
277220;2020-03-26;"quinta-feira";"05:45:00";"BA";116;299,5;"TUCANO";"Ultrapassagem Indevida";"Colisão frontal";"Com Vítimas Fatais";"Pleno dia";"Crescente";"Nublado";"Simples";"Reta";"Não";2;1;0;0;1;0;0;2;-11,16705;-38,85615;"SR-BA";"UOP01";"DEL02"
277221;2020-03-26;"quinta-feira";"07:15:00";"PE";101;70,5;"RECIFE";"Falta de Atenção à Condução";"Tombamento";"Com Vítimas Feridas";"Pleno dia";"Crescente";"Céu Claro";"Múltipla";"Reta";"Sim";1;0;1;0;0;0;1;1;-8,072393;-34,94273;"SR-PE";"UOP01";"DEL01"
277222;2020-03-26;"quinta-feira";"05:00:00";"PE";407;112,7;"PETROLINA";"Falta de Atenção à Condução";"Colisão traseira";"Sem Vítimas";"Pleno dia";"Decrescente";"Chuva";"Simples";"Reta";"Não";2;0;0;0;2;0;0;2;-9,275604;-40,59621;"SR-PE";"UOP02";"DEL06"
277223;2020-03-26;"quinta-feira";"06:40:00";"RJ";116;124;"MAGE";"Defeito Mecânico no Veículo";"Tombamento";"Com Vítimas Feridas";"Pleno dia";"Crescente";"Céu Claro";"Dupla";"Reta";"Não";2;0;2;0;0;0;2;1;-22,64633;-43,07017;"SR-RJ";"UOP02";"DEL04"
277224;2020-03-26;"quinta-feira";"07:45:00";"CE";222;225,6;"SOBRAL";"Desobediência às normas de trânsito pelo condutor";"Colisão traseira";"Com Vítimas Feridas";"Pleno dia";"Crescente";"Nublado";"Simples";"Ponte";"Sim";2;0;1;0;1;0;1;2;-3,708213;-40,3521;"SR-CE";"UOP01";"DEL04"
277227;2020-03-26;"quinta-feira";"08:35:00";"ES";101;264;"SERRA";"Falta de Atenção à Condução";"Colisão lateral";"Com Vítimas Feridas";"Pleno dia";"Crescente";"Céu Claro";"Múltipla";"Reta";"Sim";2;0;1;0;1;0;1;2;-20,17293;-40,26736;"SR-ES";"UOP01";"DEL02"
277228;2020-03-26;"quinta-feira";"07:45:00";"MS";163;420;"CAMPO GRANDE";"Condutor Dormindo";"Colisão frontal";"Com Vítimas Feridas";"Pleno dia";"Decrescente";"Céu Claro";"Simples";"Reta";"Sim";2;0;0;1;1;0;1;2;-20,99105;-54,50659;"SR-MS";"UOP01";"DEL01"
277229;2020-03-26;"quinta-feira";"09:00:00";"PR";376;174,2;"MARINGA";"Desobediência às normas de trânsito pelo condutor";"Colisão transversal";"Com Vítimas Feridas";"Pleno dia";"Decrescente";"Céu Claro";"Múltipla";"Interseção de vias";"Sim";4;0;1;0;3;0;1;2;-23,41659;-51,95658;"SR-PR";"UOP01";"DEL09"
277230;2020-03-26;"quinta-feira";"09:10:00";"CE";116;7;"FORTALEZA";"Falta de Atenção à Condução";"Queda de ocupante de veículo";"Com Vítimas Feridas";"Pleno dia";"Crescente";"Céu Claro";"Dupla";"Curva";"Sim";1;0;1;0;0;0;1;1;-3,810731;-38,50075;"SR-CE";"UOP02";"DEL01"
277231;2020-03-26;"quinta-feira";"06:40:00";"MT";70;696,7;"CACERES";"Ultrapassagem Indevida";"Queda de ocupante de veículo";"Com Vítimas Feridas";"Amanhecer";"Decrescente";"Nublado";"Simples";"Desvio Temporário";"Não";3;0;0;1;2;0;1;3;-16,24894;-57,47468;"SR-MT";"UOP01";"DEL03"
277233;2020-03-03;"terça-feira";"19:20:00";"MG";40;512;"RIBEIRAO DAS NEVES";"Fenômenos da Natureza";"Colisão traseira";"Com Vítimas Fatais";"Plena Noite";"Decrescente";"Chuva";"Dupla";"Reta";"Sim";2;1;0;0;1;0;0;2;-19,79552;-44,10964;"SR-MG";"UOP02";"DEL01"
277235;2020-03-26;"quinta-feira";"07:30:00";"BA";415;51;"ITABUNA";"Falta de Atenção à Condução";"Colisão transversal";"Com Vítimas Feridas";"Pleno dia";"Crescente";"Céu Claro";"Simples";"Reta";"Sim";2;0;0;1;1;0;1;2;-14,81574;-39,29612;"SR-BA";"UOP01";"DEL05"
277236;2020-03-02;"segunda-feira";"18:57:00";"SC";282;340;"CAMPOS NOVOS";"Falta de Atenção à Condução";"Colisão lateral";"Sem Vítimas";"Anoitecer";"Crescente";"Céu Claro";"Simples";"Reta";"Não";2;0;0;0;1;1;0;2;-27,39954;-51,20877;"SR-SC";"UOP08";"DEL07"
277237;2020-03-26;"quinta-feira";"11:00:00";"PR";476;288,8;"SAO MATEUS DO SUL";"Não guardar distância de segurança";"Colisão traseira";"Sem Vítimas";"Pleno dia";"Crescente";"Céu Claro";"Simples";"Não Informado";"Não";2;0;0;0;2;0;0;2;-25,92604;-50,46419;"SR-PR";"UOP05";"DEL03"
277238;2020-03-26;"quinta-feira";"10:40:00";"RS";290;38,2;"SANTO ANTONIO DA PATRULHA";"Condutor Dormindo";"Saída de leito carroçável";"Com Vítimas Feridas";"Pleno dia";"Decrescente";"Céu Claro";"Múltipla";"Reta";"Não";1;0;1;0;0;0;1;1;-29,88632;-50,63789;"SR-RS";"UOP01";"DEL03"
277239;2020-03-26;"quinta-feira";"11:20:00";"SC";470;33,9;"GASPAR";"Desobediência às normas de trânsito pelo condutor";"Colisão lateral";"Com Vítimas Feridas";"Pleno dia";"Crescente";"Céu Claro";"Dupla";"Não Informado";"Sim";2;0;1;0;1;0;1;2;-26,91035;-48,94933;"SR-SC";"UOP01";"DEL04"
277240;2020-03-26;"quinta-feira";"11:40:00";"PE";232;351;"FLORES";"Defeito na Via";"Capotamento";"Sem Vítimas";"Pleno dia";"Decrescente";"Chuva";"Simples";"Reta";"Não";2;0;0;0;2;0;0;1;-8,072545;-37,79795;"SR-PE";"UOP02";"DEL03"
277241;2020-03-26;"quinta-feira";"11:40:00";"MG";40;479,8;"SETE LAGOAS";"Desobediência às normas de trânsito pelo condutor";"Saída de leito carroçável";"Com Vítimas Feridas";"Pleno dia";"Decrescente";"Céu Claro";"Dupla";"Reta";"Não";2;0;1;0;0;1;1;1;-19,53623;-44,25468;"SR-MG";"UOP01";"DEL02"
277242;2020-03-26;"quinta-feira";"08:30:00";"RJ";495;29;"PETROPOLIS";"Desobediência às normas de trânsito pelo condutor";"Colisão com objeto estático";"Com Vítimas Feridas";"Pleno dia";"Decrescente";"Céu Claro";"Simples";"Reta";"Sim";1;0;1;0;0;0;1;1;-22,39161;-43,1262;"SR-RJ";"UOP01";"DEL06"
277243;2020-03-26;"quinta-feira";"06:30:00";"RO";435;122;"CEREJEIRAS";"Desobediência às normas de trânsito pelo condutor";"Colisão transversal";"Com Vítimas Feridas";"Amanhecer";"Crescente";"Céu Claro";"Dupla";"Interseção de vias";"Sim";2;0;1;0;1;0;1;2;-13,1889;-60,81924;"SR-RO";"UOP02";"DEL04"
277244;2020-03-26;"quinta-feira";"12:10:00";"CE";116;41,4;"HORIZONTE";"Desobediência às normas de trânsito pelo condutor";"Colisão traseira";"Com Vítimas Feridas";"Pleno dia";"Decrescente";"Céu Claro";"Dupla";"Reta";"Não";3;0;2;0;1;0;2;2;-4,102435;-38,50001;"SR-CE";"UOP02";"DEL01"
277247;2020-03-26;"quinta-feira";"12:15:00";"PA";163;1005,6;"SANTAREM";"Falta de Atenção à Condução";"Colisão com objeto estático";"Sem Vítimas";"Pleno dia";"Decrescente";"Céu Claro";"Dupla";"Reta";"Sim";1;0;0;0;1;0;0;1;-2,429436;-54,73463;"SR-PA";"UOP01";"DEL05"
277250;2020-03-26;"quinta-feira";"11:20:00";"PI";230;310;"FLORIANO";"Desobediência às normas de trânsito pelo condutor";"Colisão lateral";"Com Vítimas Feridas";"Pleno dia";"Decrescente";"Céu Claro";"Simples";"Reta";"Sim";2;0;1;0;0;1;1;2;-6,765801;-43,00941;"SR-PI";"UOP01";"DEL03"
277251;2020-03-26;"quinta-feira";"13:30:00";"PA";316;36;"SANTA IZABEL DO PARA";"Falta de Atenção à Condução";"Colisão transversal";"Com Vítimas Fatais";"Pleno dia";"Decrescente";"Nublado";"Dupla";"Não Informado";"Sim";2;1;0;0;1;0;0;2;-1,2901;-48,15602;"SR-PA";"UOP01";"DEL01"
277253;2020-03-26;"quinta-feira";"10:50:00";"SC";470;275,4;"BRUNOPOLIS";"Falta de Atenção à Condução";"Colisão traseira";"Com Vítimas Feridas";"Pleno dia";"Crescente";"Céu Claro";"Simples";"Reta";"Não";5;0;1;0;3;1;1;3;-27,3292;-50,81352;"SR-SC";"UOP08";"DEL07"
277255;2020-03-26;"quinta-feira";"11:00:00";"MA";10;195,9;"RIBAMAR FIQUENE";"Falta de Atenção à Condução";"Colisão lateral";"Com Vítimas Feridas";"Pleno dia";"Decrescente";"Céu Claro";"Simples";"Reta";"Não";2;0;1;0;1;0;1;2;-6,009688;-47,38298;"SR-MA";"UOP02";"DEL04"
277256;2020-03-26;"quinta-feira";"10:40:00";"RS";472;479,7;"ITAQUI";"Desobediência às normas de trânsito pelo condutor";"Colisão traseira";"Sem Vítimas";"Pleno dia";"Decrescente";"Sol";"Simples";"Reta";"Não";3;0;0;0;3;0;0;2;-29,16493;-56,41754;"SR-RS";"UOP01";"DEL13"
277257;2020-03-26;"quinta-feira";"09:30:00";"PE";232;307,9;"SERTANIA";"Defeito Mecânico no Veículo";"Saída de leito carroçável";"Sem Vítimas";"Pleno dia";"Decrescente";"Céu Claro";"Simples";"Reta";"Não";1;0;0;0;1;0;0;1;-8,174535;-37,45689;"SR-PE";"UOP02";"DEL03"
277258;2020-03-26;"quinta-feira";"13:00:00";"BA";101;113;"ARAMARI";"Defeito Mecânico no Veículo";"Incêndio";"Sem Vítimas";"Pleno dia";"Crescente";"Nublado";"Simples";"Reta";"Não";1;0;0;0;1;0;0;1;-12,15694;-38,50336;"SR-BA";"UOP04";"DEL01"
277259;2020-03-26;"quinta-feira";"13:30:00";"MS";163;265,2;"DOURADOS";"Defeito Mecânico no Veículo";"Colisão frontal";"Com Vítimas Feridas";"Pleno dia";"Crescente";"Céu Claro";"Dupla";"Reta";"Não";2;0;0;1;1;0;1;2;-22,2227;-54,73128;"SR-MS";"UOP01";"DEL04"
277260;2020-03-26;"quinta-feira";"16:15:00";"CE";116;5,3;"FORTALEZA";"Defeito Mecânico no Veículo";"Colisão com objeto estático";"Sem Vítimas";"Pleno dia";"Decrescente";"Céu Claro";"Dupla";"Reta";"Sim";2;0;0;0;2;0;0;1;-3,794671;-38,50773;"SR-CE";"UOP02";"DEL01"
277261;2020-03-26;"quinta-feira";"14:30:00";"MS";463;0,8;"DOURADOS";"Não guardar distância de segurança";"Colisão traseira";"Sem Vítimas";"Pleno dia";"Crescente";"Sol";"Simples";"Reta";"Sim";2;0;0;0;2;0;0;2;-22,25869;-54,8041;"SR-MS";"UOP01";"DEL04"
277262;2020-03-26;"quinta-feira";"16:09:00";"MA";135;14;"SAO LUIS";"Não guardar distância de segurança";"Colisão transversal";"Sem Vítimas";"Pleno dia";"Decrescente";"Céu Claro";"Dupla";"Reta";"Sim";2;0;0;0;2;0;0;2;-2,687923;-44,3001;"SR-MA";"UOP01";"DEL01"
277263;2020-03-26;"quinta-feira";"17:27:00";"RJ";101;326;"NITEROI";"Falta de Atenção à Condução";"Colisão traseira";"Com Vítimas Feridas";"Pleno dia";"Crescente";"Sol";"Dupla";"Reta";"Não";2;0;1;0;1;0;1;2;-22,87206;-43,1461;"SR-RJ";"UOP01";"DEL02"
277264;2020-03-26;"quinta-feira";"14:50:00";"RN";304;209;"CAICARA DO RIO DO VENTO";"Defeito Mecânico no Veículo";"Incêndio";"Sem Vítimas";"Pleno dia";"Decrescente";"Céu Claro";"Simples";"Não Informado";"Não";1;0;0;0;1;0;0;1;-5,74198;-36,08603;"SR-RN";"UOP03";"DEL01"
277265;2020-03-26;"quinta-feira";"16:35:00";"SC";282;628,1;"IRACEMINHA";"Velocidade Incompatível";"Saída de leito carroçável";"Sem Vítimas";"Pleno dia";"Decrescente";"Céu Claro";"Simples";"Não Informado";"Não";1;0;0;0;0;1;0;1;-26,81875;-53,36549;"SR-SC";"UOP02";"DEL07"
277267;2020-03-26;"quinta-feira";"18:00:00";"ES";262;161;"IBATIBA";"Falta de Atenção à Condução";"Colisão traseira";"Com Vítimas Feridas";"Plena Noite";"Crescente";"Nublado";"Simples";"Reta";"Não";3;0;3;0;0;0;3;2;-20,2364;-41,52254;"SR-ES";"UOP02";"DEL01"
277268;2020-03-26;"quinta-feira";"17:40:00";"PI";316;6,8;"TERESINA";"Pista Escorregadia";"Tombamento";"Com Vítimas Feridas";"Pleno dia";"Decrescente";"Céu Claro";"Dupla";"Não Informado";"Sim";1;0;0;1;0;0;1;1;-5,147021;-42,77439;"SR-PI";"UOP02";"DEL01"
277269;2020-03-26;"quinta-feira";"18:00:00";"RJ";101;333;"RIO DE JANEIRO";"Falta de Atenção à Condução";"Colisão traseira";"Com Vítimas Feridas";"Anoitecer";"Decrescente";"Céu Claro";"Múltipla";"Reta";"Não";2;0;1;0;1;0;1;2;-22,87828;-43,21054;"SR-RJ";"UOP01";"DEL02"
277270;2020-03-26;"quinta-feira";"18:30:00";"RJ";493;24,8;"MAGE";"Falta de Atenção à Condução";"Colisão traseira";"Com Vítimas Fatais";"Plena Noite";"Crescente";"Céu Claro";"Simples";"Ponte";"Não";2;1;0;0;1;0;0;2;-22,65715;-43,07073;"SR-RJ";"UOP02";"DEL04"
277271;2020-03-26;"quinta-feira";"17:55:00";"GO";80;58;"PADRE BERNARDO";"Defeito Mecânico no Veículo";"Tombamento";"Sem Vítimas";"Plena Noite";"Crescente";"Céu Claro";"Simples";"Reta";"Não";1;0;0;0;1;0;0;1;-15,17447;-48,38261;"SR-DF";"UOP03";"DEL01"
277272;2020-03-26;"quinta-feira";"15:20:00";"MS";267;359;"MARACAJU";"Falta de Atenção à Condução";"Tombamento";"Com Vítimas Feridas";"Pleno dia";"Decrescente";"Céu Claro";"Simples";"Rotatória";"Não";1;0;1;0;0;0;1;1;-21,64901;-55,09538;"SR-MS";"UOP02";"DEL02"
277273;2020-03-26;"quinta-feira";"18:30:00";"ES";101;138;"LINHARES";"Falta de Atenção à Condução";"Saída de leito carroçável";"Com Vítimas Feridas";"Plena Noite";"Crescente";"Céu Claro";"Simples";"Reta";"Não";1;0;1;0;0;0;1;1;-19,30186;-40,08372;"SR-ES";"UOP01";"DEL04"
277274;2020-03-26;"quinta-feira";"18:45:00";"MG";381;420;"CAETE";"Falta de Atenção à Condução";"Colisão transversal";"Sem Vítimas";"Plena Noite";"Decrescente";"Céu Claro";"Simples";"Interseção de vias";"Sim";2;0;0;0;2;0;0;2;-19,77713;-43,65501;"SR-MG";"UOP01";"DEL01"
277275;2020-03-26;"quinta-feira";"19:00:00";"MG";50;59;"UBERLANDIA";"Falta de Atenção à Condução";"Colisão traseira";"Com Vítimas Feridas";"Plena Noite";"Crescente";"Céu Claro";"Dupla";"Não Informado";"Não";2;0;0;1;1;0;1;2;-18,80183;-48,239;"SR-MG";"UOP02";"DEL15"
277276;2020-03-26;"quinta-feira";"19:10:00";"SC";101;133,3;"BALNEARIO CAMBORIU";"Defeito Mecânico no Veículo";"Tombamento";"Com Vítimas Feridas";"Plena Noite";"Crescente";"Nublado";"Dupla";"Reta";"Sim";1;0;1;0;0;0;1;1;-26,99936;-48,64609;"SR-SC";"UOP03";"DEL04"
277277;2020-03-26;"quinta-feira";"19:45:00";"PR";369;151;"LONDRINA";"Falta de Atenção à Condução";"Colisão com objeto estático";"Com Vítimas Feridas";"Plena Noite";"Crescente";"Céu Claro";"Dupla";"Reta";"Sim";2;0;0;1;0;1;1;1;-23,29271;-51,17788;"SR-PR";"UOP01";"DEL07"
277278;2020-03-26;"quinta-feira";"14:20:00";"MG";116;397,9;"GOVERNADOR VALADARES";"Velocidade Incompatível";"Tombamento";"Com Vítimas Feridas";"Pleno dia";"Decrescente";"Céu Claro";"Simples";"Não Informado";"Não";1;0;0;1;0;0;1;1;-18,7557;-41,98569;"SR-MG";"UOP01";"DEL06"
277279;2020-03-26;"quinta-feira";"19:40:00";"RN";101;157,4;"CANGUARETAMA";"Não guardar distância de segurança";"Colisão traseira";"Sem Vítimas";"Plena Noite";"Crescente";"Céu Claro";"Dupla";"Desvio Temporário";"Não";2;0;0;0;2;0;0;2;-6,353772;-35,16243;"SR-RN";"UOP01";"DEL01"
277280;2020-03-26;"quinta-feira";"18:30:00";"MG";50;3,4;"ARAGUARI";"Falta de Atenção à Condução";"Colisão traseira";"Com Vítimas Feridas";"Plena Noite";"Crescente";"Céu Claro";"Dupla";"Reta";"Não";2;0;0;1;1;0;1;2;-18,44504;-48,0519;"SR-MG";"UOP02";"DEL15"
277281;2020-03-26;"quinta-feira";"19:50:00";"SC";470;19,5;"ILHOTA";"Sinalização da via insuficiente ou inadequada";"Tombamento";"Com Vítimas Feridas";"Plena Noite";"Decrescente";"Céu Claro";"Simples";"Não Informado";"Não";1;0;1;0;0;0;1;1;-26,86968;-48,82;"SR-SC";"UOP04";"DEL04"
277284;2020-03-26;"quinta-feira";"20:30:00";"PR";376;167,2;"MARINGA";"Defeito Mecânico no Veículo";"Queda de ocupante de veículo";"Com Vítimas Feridas";"Plena Noite";"Crescente";"Céu Claro";"Dupla";"Reta";"Não";2;0;1;0;0;1;1;1;-23,40324;-51,99632;"SR-PR";"UOP01";"DEL09"
277286;2020-03-26;"quinta-feira";"21:00:00";"RJ";101;535;"ANGRA DOS REIS";"Velocidade Incompatível";"Colisão com objeto estático";"Sem Vítimas";"Plena Noite";"Crescente";"Chuva";"Simples";"Curva";"Não";1;0;0;0;0;1;0;1;-23,0339;-44,55267;"SR-RJ";"UOP03";"DEL03"
277288;2020-03-26;"quinta-feira";"19:10:00";"ES";101;258;"SERRA";"Ingestão de Álcool";"Colisão traseira";"Sem Vítimas";"Plena Noite";"Decrescente";"Céu Claro";"Dupla";"Não Informado";"Sim";2;0;0;0;0;2;0;2;-20,1306;-40,2961;"SR-ES";"UOP01";"DEL02"
277289;2020-03-26;"quinta-feira";"17:00:00";"BA";242;520;"OLIVEIRA DOS BREJINHOS";"Pista Escorregadia";"Saída de leito carroçável";"Com Vítimas Feridas";"Anoitecer";"Decrescente";"Chuva";"Simples";"Reta";"Não";2;0;1;1;0;0;2;1;-12,30445;-42,62269;"SR-BA";"UOP01";"DEL06"
277290;2020-03-26;"quinta-feira";"22:00:00";"SP";116;89,2;"PINDAMONHANGABA";"Falta de Atenção à Condução";"Colisão lateral";"Com Vítimas Feridas";"Plena Noite";"Decrescente";"Céu Claro";"Dupla";"Reta";"Sim";2;0;2;0;0;0;2;2;-22,93931;-45,37875;"SR-SP";"UOP01";"DEL06"