"id";"data_inversa";"dia_semana";"horario";"uf";"br";"km";"municipio";"causa_acidente";"tipo_acidente";"classificacao_acidente";"fase_dia";"sentido_via";"condicao_metereologica";"tipo_pista";"tracado_via";"uso_solo";"pessoas";"mortos";"feridos_leves";"feridos_graves";"ilesos";"ignorados";"feridos";"veiculos";"latitude";"longitude";"regional";"delegacia";"uop"
277291;2020-03-26;"quinta-feira";"19:30:00";"MA";316;608,5;"TIMON";"Animais na Pista";"Colisão frontal";"Com Vítimas Feridas";"Plena Noite";"Decrescente";"Céu Claro";"Simples";"Reta";"Não";2;0;2;0;0;0;2;2;-5,060935;-42,89229;"SR-MA";"UOP02";"DEL03"
277292;2020-03-26;"quinta-feira";"11:50:00";"MS";267;305;"RIO BRILHANTE";"Velocidade Incompatível";"Saída de leito carroçável";"Sem Vítimas";"Pleno dia";"Crescente";"Céu Claro";"Simples";"Curva";"Não";3;0;0;0;1;2;0;1;-21,71226;-54,64749;"SR-MS";"UOP02";"DEL02"
277293;2020-03-26;"quinta-feira";"17:30:00";"PB";427;0;"PAULISTA";"Falta de Atenção à Condução";"Colisão traseira";"Com Vítimas Feridas";"Anoitecer";"Crescente";"Céu Claro";"Simples";"Curva";"Não";3;0;1;0;2;0;1;2;-6,652994;-37,49915;"SR-PB";"UOP02";"DEL03"
277294;2020-03-26;"quinta-feira";"22:30:00";"PI";316;10,8;"TERESINA";"Falta de Atenção à Condução";"Colisão com objeto estático";"Com Vítimas Feridas";"Plena Noite";"Crescente";"Nublado";"Múltipla";"Reta";"Sim";1;0;0;1;0;0;1;1;-5,18794;-42,76216;"SR-PI";"UOP02";"DEL01"
277296;2020-03-26;"quinta-feira";"16:00:00";"MT";174;420,1;"NOVA LACERDA";"Defeito Mecânico no Veículo";"Incêndio";"Sem Vítimas";"Pleno dia";"Decrescente";"Nublado";"Simples";"Reta";"Não";1;0;0;0;1;0;0;1;-14,22877;-59,69171;"SR-MT";"UOP01";"DEL04"
277297;2020-03-27;"sexta-feira";"00:30:00";"PE";104;101;"CUPIRA";"Condutor Dormindo";"Tombamento";"Com Vítimas Feridas";"Plena Noite";"Decrescente";"Céu Claro";"Simples";"Reta";"Não";1;0;1;0;0;0;1;1;-8,572188;-35,95045;"SR-PE";"UOP01";"DEL02"
277298;2020-03-26;"quinta-feira";"21:05:00";"TO";153;701,2;"CARIRI DO TOCANTINS";"Defeito na Via";"Tombamento";"Sem Vítimas";"Plena Noite";"Decrescente";"Nublado";"Simples";"Não Informado";"Não";1;0;0;0;1;0;0;1;-11,9609;-49,19948;"SR-TO";"UOP01";"DEL02"
277300;2020-03-26;"quinta-feira";"21:50:00";"BA";242;244;"ITABERABA";"Velocidade Incompatível";"Colisão com objeto estático";"Sem Vítimas";"Plena Noite";"Decrescente";"Céu Claro";"Simples";"Curva";"Não";1;0;0;0;1;0;0;1;-12,50102;-40,42732;"SR-BA";"UOP02";"DEL06"
277301;2020-03-27;"sexta-feira";"01:05:00";"PR";376;187;"MARIALVA";"Deficiência ou não Acionamento do Sistema de Iluminação/Sinalização do Veículo";"Colisão lateral";"Com Vítimas Fatais";"Plena Noite";"Crescente";"Céu Claro";"Dupla";"Não Informado";"Não";4;1;0;0;2;1;0;2;-23,46141;-51,8366;"SR-PR";"UOP01";"DEL09"
277302;2020-03-27;"sexta-feira";"01:50:00";"RS";392;164;"PIRATINI";"Falta de Atenção à Condução";"Saída de leito carroçável";"Com Vítimas Feridas";"Plena Noite";"Decrescente";"Céu Claro";"Simples";"Reta";"Não";1;0;1;0;0;0;1;1;-31,10119;-52,96051;"SR-RS";"UOP01";"DEL07"
277303;2020-03-27;"sexta-feira";"02:20:00";"PI";316;123;"ELESBAO VELOSO";"Falta de Atenção à Condução";"Atropelamento de Animal";"Com Vítimas Feridas";"Plena Noite";"Decrescente";"Céu Claro";"Simples";"Reta";"Não";1;0;1;0;0;0;1;1;-5,970119;-42,34009;"SR-PI";"UOP02";"DEL04"
277304;2020-03-27;"sexta-feira";"03:00:00";"SP";116;214;"GUARULHOS";"Não guardar distância de segurança";"Colisão traseira";"Sem Vítimas";"Plena Noite";"Crescente";"Céu Claro";"Múltipla";"Reta";"Sim";2;0;0;0;2;0;0;2;-23,44333;-46,44531;"SR-SP";"UOP01";"DEL01"
277305;2020-03-27;"sexta-feira";"02:50:00";"RS";290;47,8;"GLORINHA";"Animais na Pista";"Atropelamento de Animal";"Com Vítimas Feridas";"Plena Noite";"Crescente";"Céu Claro";"Dupla";"Reta";"Não";2;0;2;0;0;0;2;1;-29,89459;-50,72992;"SR-RS";"UOP01";"DEL03"
277306;2020-03-27;"sexta-feira";"03:40:00";"PR";277;49;"MORRETES";"Defeito Mecânico no Veículo";"Incêndio";"Sem Vítimas";"Plena Noite";"Crescente";"Garoa/Chuvisco";"Múltipla";"Reta";"Não";1;0;0;0;1;0;0;1;-25,59244;-48,89076;"SR-PR";"UOP06";"DEL01"
277309;2020-03-27;"sexta-feira";"04:00:00";"SP";116;360;"MIRACATU";"Velocidade Incompatível";"Tombamento";"Com Vítimas Feridas";"Plena Noite";"Decrescente";"Nublado";"Dupla";"Não Informado";"Não";1;0;1;0;0;0;1;1;-24,10967;-47,26917;"SR-SP";"UOP02";"DEL04"
277310;2020-03-27;"sexta-feira";"05:30:00";"ES";262;89,4;"DOMINGOS MARTINS";"Falta de Atenção do Pedestre";"Atropelamento de Pedestre";"Com Vítimas Feridas";"Amanhecer";"Decrescente";"Nublado";"Simples";"Reta";"Não";2;0;0;1;0;1;1;1;-20,38353;-41,02042;"SR-ES";"UOP02";"DEL01"
277311;2020-03-27;"sexta-feira";"04:15:00";"MG";381;760;"TRES CORACOES";"Condutor Dormindo";"Saída de leito carroçável";"Com Vítimas Feridas";"Plena Noite";"Decrescente";"Céu Claro";"Dupla";"Reta";"Não";1;0;1;0;0;0;1;1;-21,69585;-45,35932;"SR-MG";"UOP02";"DEL16"
277312;2020-03-27;"sexta-feira";"05:20:00";"MG";381;650,9;"SANTO ANTONIO DO AMPARO";"Animais na Pista";"Atropelamento de Animal";"Sem Vítimas";"Amanhecer";"Crescente";"Céu Claro";"Dupla";"Curva";"Sim";1;0;0;0;1;0;0;1;-20,97113;-44,93201;"SR-MG";"UOP02";"DEL04"
277313;2020-03-27;"sexta-feira";"06:00:00";"RS";293;175;"BAGE";"Animais na Pista";"Atropelamento de Animal";"Com Vítimas Feridas";"Amanhecer";"Decrescente";"Nublado";"Simples";"Reta";"Não";1;0;1;0;0;0;1;1;-31,31783;-54,00276;"SR-RS";"UOP03";"DEL11"
277314;2020-03-27;"sexta-feira";"06:40:00";"SP";116;320;"JUQUITIBA";"Condutor Dormindo";"Capotamento";"Sem Vítimas";"Pleno dia";"Decrescente";"Nevoeiro/Neblina";"Dupla";"Reta";"Não";1;0;0;0;1;0;0;1;-23,93226;-47,00835;"SR-SP";"UOP01";"DEL04"
277315;2020-03-27;"sexta-feira";"06:00:00";"GO";153;501;"GOIANIA";"Falta de Atenção à Condução";"Colisão com objeto estático";"Com Vítimas Feridas";"Pleno dia";"Crescente";"Céu Claro";"Dupla";"Interseção de vias";"Sim";2;0;0;1;1;0;1;1;-16,7189;-49,2382;"SR-GO";"UOP01";"DEL01"
277317;2020-02-23;"domingo";"20:00:00";"MT";70;516;"VARZEA GRANDE";"Desobediência às normas de trânsito pelo condutor";"Colisão frontal";"Com Vítimas Feridas";"Plena Noite";"Decrescente";"Garoa/Chuvisco";"Simples";"Reta";"Sim";8;0;3;0;4;1;3;3;-15,63792;-56,04401;"SR-MT";"UOP02";"DEL05"
277318;2020-02-19;"quarta-feira";"07:40:00";"GO";153;499;"GOIANIA";"Defeito Mecânico no Veículo";"Colisão traseira";"Com Vítimas Feridas";"Pleno dia";"Crescente";"Céu Claro";"Dupla";"Reta";"Sim";2;0;1;0;1;0;1;2;-16,7033;-49,2311;"SR-GO";"UOP01";"DEL01"
277319;2020-03-26;"quinta-feira";"21:40:00";"MT";364;494;"JANGADA";"Condutor Dormindo";"Colisão lateral";"Sem Vítimas";"Plena Noite";"Crescente";"Céu Claro";"Simples";"Reta";"Sim";3;0;0;0;3;0;0;2;-15,29227;-56,43456;"SR-MT";"DEL2/4";"UOP02/MT"
277320;2020-03-27;"sexta-feira";"07:45:00";"BA";116;856,8;"VITORIA DA CONQUISTA";"Falta de Atenção à Condução";"Tombamento";"Com Vítimas Feridas";"Pleno dia";"Crescente";"Céu Claro";"Simples";"Reta";"Não";2;0;2;0;0;0;2;1;-15,08837;-41,01334;"SR-BA";"UOP03";"DEL08"
277321;2020-03-27;"sexta-feira";"08:15:00";"MG";381;808;"SAO GONCALO DO SAPUCAI";"Velocidade Incompatível";"Saída de leito carroçável";"Com Vítimas Feridas";"Pleno dia";"Crescente";"Céu Claro";"Dupla";"Reta";"Não";1;0;0;1;0;0;1;1;-22,03174;-45,676;"SR-MG";"UOP02";"DEL16"
277322;2020-03-27;"sexta-feira";"06:50:00";"MG";116;386,6;"GOVERNADOR VALADARES";"Condutor Dormindo";"Capotamento";"Com Vítimas Feridas";"Amanhecer";"Decrescente";"Céu Claro";"Simples";"Reta";"Não";1;0;1;0;0;0;1;1;-18,65402;-41,97031;"SR-MG";"UOP01";"DEL06"
277323;2020-03-27;"sexta-feira";"07:30:00";"PR";116;129;"FAZENDA RIO GRANDE";"Desobediência às normas de trânsito pelo condutor";"Colisão com objeto estático";"Com Vítimas Feridas";"Pleno dia";"Decrescente";"Céu Claro";"Múltipla";"Reta";"Sim";2;0;1;0;1;0;1;2;-25,63028;-49,31381;"SR-PR";"UOP03";"DEL01"
277324;2020-03-27;"sexta-feira";"08:20:00";"MG";381;929,8;"ITAPEVA";"Velocidade Incompatível";"Derramamento de carga";"Sem Vítimas";"Pleno dia";"Crescente";"Sol";"Dupla";"Não Informado";"Não";1;0;0;0;1;0;0;1;-22,77379;-46,23884;"SR-MG";"UOP03";"DEL16"
277325;2020-03-27;"sexta-feira";"08:45:00";"PE";101;67;"RECIFE";"Não guardar distância de segurança";"Engavetamento";"Com Vítimas Feridas";"Pleno dia";"Crescente";"Nublado";"Dupla";"Reta";"Sim";4;0;1;0;3;0;1;3;-8,042334;-34,9431;"SR-PE";"UOP01";"DEL01"
277326;2020-03-27;"sexta-feira";"08:10:00";"BA";116;812;"VITORIA DA CONQUISTA";"Ingestão de Álcool";"Capotamento";"Com Vítimas Feridas";"Pleno dia";"Decrescente";"Céu Claro";"Simples";"Reta";"Não";1;0;1;0;0;0;1;1;-14,76038;-40,69756;"SR-BA";"UOP01";"DEL08"
277327;2020-03-16;"segunda-feira";"06:30:00";"PB";230;136;"CAMPINA GRANDE";"Pista Escorregadia";"Saída de leito carroçável";"Com Vítimas Fatais";"Pleno dia";"Crescente";"Garoa/Chuvisco";"Dupla";"Curva";"Não";3;1;1;0;0;1;1;2;-7,2818;-35,7675;"SR-PB";"UOP01";"DEL02"
277328;2020-03-27;"sexta-feira";"09:00:00";"AP";210;29;"MACAPA";"Defeito Mecânico no Veículo";"Tombamento";"Com Vítimas Feridas";"Pleno dia";"Crescente";"Céu Claro";"Simples";"Reta";"Não";4;0;4;0;0;0;4;1;0,267687;-51,08231;"SR-AP";"UOP01";"DEL01"
277329;2020-03-27;"sexta-feira";"08:20:00";"MG";381;929,7;"ITAPEVA";"Restrição de Visibilidade";"Colisão traseira";"Com Vítimas Feridas";"Pleno dia";"Crescente";"Céu Claro";"Dupla";"Curva";"Não";2;0;1;0;1;0;1;2;-22,79911;-46,26124;"SR-MG";"UOP03";"DEL16"
277330;2020-03-27;"sexta-feira";"08:00:00";"RO";364;514;"ARIQUEMES";"Falta de Atenção à Condução";"Tombamento";"Com Vítimas Feridas";"Pleno dia";"Decrescente";"Céu Claro";"Simples";"Reta";"Sim";1;0;1;0;0;0;1;1;-9,933984;-63,05523;"SR-RO";"UOP01";"DEL03"
277331;2020-03-27;"sexta-feira";"08:30:00";"PR";116;108;"CURITIBA";"Velocidade Incompatível";"Tombamento";"Com Vítimas Feridas";"Pleno dia";"Crescente";"Céu Claro";"Dupla";"Reta";"Não";1;0;1;0;0;0;1;1;-25,57147;-49,19761;"SR-PR";"UOP04";"DEL01"
277332;2020-03-27;"sexta-feira";"10:15:00";"PR";376;182;"MARINGA";"Falta de Atenção à Condução";"Colisão traseira";"Com Vítimas Feridas";"Pleno dia";"Crescente";"Sol";"Dupla";"Reta";"Sim";2;0;0;1;1;0;1;2;-23,43385;-51,88421;"SR-PR";"UOP01";"DEL09"
277334;2020-03-27;"sexta-feira";"06:30:00";"RS";285;578,3;"SAO LUIZ GONZAGA";"Falta de Atenção à Condução";"Colisão lateral";"Com Vítimas Feridas";"Amanhecer";"Crescente";"Sol";"Simples";"Reta";"Não";2;0;1;0;0;1;1;2;-28,42676;-55,07614;"SR-RS";"UOP01";"DEL12"
277335;2020-03-27;"sexta-feira";"10:20:00";"ES";262;16,9;"VIANA";"Ingestão de Álcool";"Colisão lateral";"Com Vítimas Feridas";"Pleno dia";"Crescente";"Céu Claro";"Simples";"Reta";"Não";2;0;2;0;0;0;2;2;-20,38441;-40,46308;"SR-ES";"UOP01";"DEL01"
277336;2020-03-27;"sexta-feira";"10:25:00";"PI";402;34;"PARNAIBA";"Falta de Atenção à Condução";"Colisão transversal";"Com Vítimas Feridas";"Pleno dia";"Crescente";"Céu Claro";"Simples";"Reta";"Não";2;0;1;0;1;0;1;2;-2,932391;-41,74947;"SR-PI";"UOP01";"DEL05"
277337;2020-03-27;"sexta-feira";"10:50:00";"SP";116;284,5;"EMBU DAS ARTES";"Velocidade Incompatível";"Saída de leito carroçável";"Com Vítimas Feridas";"Pleno dia";"Crescente";"Céu Claro";"Simples";"Não Informado";"Sim";2;0;0;1;1;0;1;1;-23,6817;-46,86023;"SR-SP";"UOP01";"DEL04"
277338;2020-03-27;"sexta-feira";"10:25:00";"MS";163;728;"COXIM";"Falta de Atenção à Condução";"Queda de ocupante de veículo";"Com Vítimas Feridas";"Pleno dia";"Decrescente";"Nublado";"Simples";"Reta";"Sim";1;0;1;0;0;0;1;1;-18,52735;-54,74046;"SR-MS";"UOP01";"DEL06"
277339;2020-03-27;"sexta-feira";"11:20:00";"PR";476;164,3;"ARAUCARIA";"Defeito Mecânico no Veículo";"Tombamento";"Com Vítimas Feridas";"Pleno dia";"Crescente";"Céu Claro";"Simples";"Reta";"Não";1;0;0;1;0;0;1;1;-25,64472;-49,47413;"SR-PR";"UOP04";"DEL01"
277340;2020-03-27;"sexta-feira";"09:30:00";"AL";101;120;"PILAR";"Falta de Atenção à Condução";"Tombamento";"Com Vítimas Feridas";"Pleno dia";"Crescente";"Chuva";"Simples";"Desvio Temporário";"Não";1;0;1;0;0;0;1;1;-9,680881;-36,03737;"SR-AL";"UOP01";"DEL02"
277341;2020-03-20;"sexta-feira";"06:25:00";"RO";364;25;"VILHENA";"Desobediência às normas de trânsito pelo condutor";"Tombamento";"Com Vítimas Feridas";"Pleno dia";"Crescente";"Céu Claro";"Simples";"Não Informado";"Não";2;0;1;1;0;0;2;1;-12,7243;-60,23884;"SR-RO";"UOP01";"DEL04"
277342;2020-03-27;"sexta-feira";"11:50:00";"BA";116;422;"FEIRA DE SANTANA";"Falta de Atenção à Condução";"Colisão lateral";"Sem Vítimas";"Pleno dia";"Decrescente";"Céu Claro";"Simples";"Reta";"Sim";2;0;0;0;2;0;0;2;-12,23081;-38,96649;"SR-BA";"UOP01";"DEL02"
277343;2020-03-27;"sexta-feira";"11:00:00";"SC";470;233,2;"SAO CRISTOVAO DO SUL";"Velocidade Incompatível";"Tombamento";"Com Vítimas Feridas";"Pleno dia";"Decrescente";"Céu Claro";"Simples";"Rotatória";"Sim";1;0;1;0;0;0;1;1;-27,30161;-50,42127;"SR-SC";"UOP03";"DEL05"
277344;2020-03-27;"sexta-feira";"11:30:00";"AL";101;135,7;"SAO MIGUEL DOS CAMPOS";"Defeito Mecânico no Veículo";"Tombamento";"Com Vítimas Feridas";"Pleno dia";"Decrescente";"Nublado";"Simples";"Reta";"Sim";1;0;1;0;0;0;1;1;-9,788349;-36,10509;"SR-AL";"UOP01";"DEL02"
277345;2020-03-22;"domingo";"02:20:00";"MG";365;151,8;"PIRAPORA";"Condutor Dormindo";"Colisão frontal";"Com Vítimas Fatais";"Plena Noite";"Decrescente";"Chuva";"Simples";"Reta";"Não";29;11;0;17;0;1;17;3;-17,29677;-44,88943;"SR-MG";"UOP01";"DEL12"
277347;2020-03-27;"sexta-feira";"13:20:00";"PB";230;130,6;"CAMPINA GRANDE";"Velocidade Incompatível";"Colisão com objeto estático";"Com Vítimas Feridas";"Pleno dia";"Crescente";"Nublado";"Dupla";"Curva";"Não";2;0;2;0;0;0;2;1;-7,277617;-35,73253;"SR-PB";"UOP01";"DEL02"
277348;2020-03-27;"sexta-feira";"14:10:00";"PR";476;224,6;"LAPA";"Velocidade Incompatível";"Tombamento";"Com Vítimas Feridas";"Pleno dia";"Crescente";"Céu Claro";"Simples";"Curva";"Não";1;0;1;0;0;0;1;1;-25,85064;-49,94674;"SR-PR";"UOP05";"DEL03"
277349;2020-03-27;"sexta-feira";"14:40:00";"PR";476;179;"CONTENDA";"Pista Escorregadia";"Tombamento";"Com Vítimas Feridas";"Pleno dia";"Decrescente";"Céu Claro";"Simples";"Curva";"Não";1;0;1;0;0;0;1;1;-25,70298;-49,582;"SR-PR";"UOP04";"DEL01"
277350;2020-03-27;"sexta-feira";"14:45:00";"SC";282;29;"SANTO AMARO DA IMPERATRIZ";"Velocidade Incompatível";"Tombamento";"Com Vítimas Fatais";"Pleno dia";"Crescente";"Céu Claro";"Simples";"Não Informado";"Sim";3;1;0;0;2;0;0;2;-27,68738;-48,79071;"SR-SC";"UOP03";"DEL01"
277351;2020-03-27;"sexta-feira";"08:50:00";"MG";262;385;"FLORESTAL";"Defeito Mecânico no Veículo";"Colisão com objeto estático";"Com Vítimas Feridas";"Pleno dia";"Crescente";"Sol";"Dupla";"Reta";"Não";3;0;1;0;2;0;1;1;-19,93325;-44,42077;"SR-MG";"UOP03";"DEL01"
277352;2020-03-27;"sexta-feira";"15:20:00";"PE";101;8;"GOIANA";"Falta de Atenção do Pedestre";"Atropelamento de Pedestre";"Com Vítimas Feridas";"Pleno dia";"Crescente";"Céu Claro";"Dupla";"Reta";"Sim";2;0;1;0;1;0;1;1;-7,568981;-34,9896;"SR-PE";"UOP02";"DEL01"
277354;2020-03-27;"sexta-feira";"13:45:00";"CE";116;197,6;"TABULEIRO DO NORTE";"Condutor Dormindo";"Saída de leito carroçável";"Sem Vítimas";"Pleno dia";"Decrescente";"Céu Claro";"Simples";"Reta";"Não";1;0;0;0;1;0;0;1;-5,167632;-38,16654;"SR-CE";"UOP01";"DEL03"
277357;2020-03-27;"sexta-feira";"15:10:00";"SC";101;260;"PAULO LOPES";"Desobediência às normas de trânsito pelo condutor";"Colisão lateral";"Sem Vítimas";"Pleno dia";"Crescente";"Céu Claro";"Dupla";"Desvio Temporário";"Não";2;0;0;0;1;1;0;2;-28,02106;-48,6979;"SR-SC";"UOP03";"DEL02"
277359;2020-03-27;"sexta-feira";"15:45:00";"RN";101;104;"PARNAMIRIM";"Falta de Atenção à Condução";"Tombamento";"Com Vítimas Feridas";"Pleno dia";"Crescente";"Céu Claro";"Dupla";"Curva";"Sim";2;0;2;0;0;0;2;1;-5,892745;-35,25722;"SR-RN";"UOP01";"DEL01"
277360;2020-03-27;"sexta-feira";"16:20:00";"RS";116;475,9;"SAO LOURENCO DO SUL";"Mal Súbito";"Colisão lateral";"Com Vítimas Feridas";"Pleno dia";"Decrescente";"Céu Claro";"Simples";"Reta";"Não";2;0;1;0;1;0;1;2;-31,37773;-52,1079;"SR-RS";"UOP01";"DEL07"
277361;2020-03-27;"sexta-feira";"16:25:00";"GO";60;62,6;"ABADIANIA";"Velocidade Incompatível";"Saída de leito carroçável";"Com Vítimas Feridas";"Pleno dia";"Crescente";"Nublado";"Dupla";"Reta";"Sim";1;0;0;1;0;0;1;1;-16,18974;-48,72358;"SR-GO";"UOP01";"DEL02"
277362;2020-03-27;"sexta-feira";"16:40:00";"GO";153;570,5;"PROFESSOR JAMIL";"Falta de Atenção à Condução";"Saída de leito carroçável";"Com Vítimas Feridas";"Pleno dia";"Crescente";"Nublado";"Dupla";"Reta";"Não";1;0;1;0;0;0;1;1;-17,3032;-49,2355;"SR-GO";"UOP01";"DEL03"
277363;2020-03-27;"sexta-feira";"16:30:00";"SC";101;280,3;"IMBITUBA";"Desobediência às normas de trânsito pelo condutor";"Colisão traseira";"Com Vítimas Feridas";"Pleno dia";"Crescente";"Céu Claro";"Dupla";"Reta";"Não";4;0;1;0;3;0;1;2;-28,17963;-48,69563;"SR-SC";"UOP03";"DEL02"
277364;2020-03-27;"sexta-feira";"14:20:00";"MT";163;829;"SINOP";"Desobediência às normas de trânsito pelo condutor";"Colisão transversal";"Com Vítimas Feridas";"Pleno dia";"Decrescente";"Sol";"Dupla";"Rotatória";"Sim";2;0;1;0;1;0;1;2;-12,0407;-55,51732;"SR-MT";"UOP01";"DEL06"
277365;2020-03-07;"sábado";"03:30:00";"SC";101;131,8;"BALNEARIO CAMBORIU";"Ingestão de Álcool";"Colisão com objeto estático";"Com Vítimas Feridas";"Plena Noite";"Crescente";"Céu Claro";"Múltipla";"Curva";"Sim";1;0;1;0;0;0;1;1;-26,99064;-48,66311;"SR-SC";"UOP03";"DEL04"
277366;2020-03-27;"sexta-feira";"16:55:00";"MS";163;491,9;"CAMPO GRANDE";"Falta de Atenção à Condução";"Colisão lateral";"Com Vítimas Feridas";"Pleno dia";"Decrescente";"Céu Claro";"Dupla";"Rotatória";"Sim";2;0;1;0;1;0;1;2;-20,39443;-54,55871;"SR-MS";"UOP02";"DEL01"
277367;2020-03-27;"sexta-feira";"16:50:00";"MG";116;535,1;"SANTA RITA DE MINAS";"Desobediência às normas de trânsito pelo condutor";"Colisão transversal";"Com Vítimas Feridas";"Pleno dia";"Crescente";"Nublado";"Simples";"Não Informado";"Não";2;0;2;0;0;0;2;2;-19,85293;-42,14059;"SR-MG";"UOP02";"DEL06"
277368;2020-03-27;"sexta-feira";"15:10:00";"MT";163;817;"SINOP";"Falta de Atenção à Condução";"Colisão traseira";"Com Vítimas Feridas";"Pleno dia";"Crescente";"Céu Claro";"Simples";"Reta";"Não";4;0;1;0;3;0;1;2;-12,0138;-55,51719;"SR-MT";"UOP01";"DEL06"
277369;2020-03-27;"sexta-feira";"18:00:00";"ES";101;262,4;"SERRA";"Desobediência às normas de trânsito pelo condutor";"Colisão lateral";"Com Vítimas Feridas";"Anoitecer";"Decrescente";"Céu Claro";"Dupla";"Reta";"Sim";2;0;0;1;1;0;1;2;-20,16091;-40,27556;"SR-ES";"UOP01";"DEL02"
277370;2020-03-27;"sexta-feira";"18:30:00";"PE";232;128,8;"CARUARU";"Animais na Pista";"Atropelamento de Animal";"Com Vítimas Feridas";"Plena Noite";"Decrescente";"Nublado";"Dupla";"Reta";"Sim";2;0;1;0;1;0;1;1;-8,303993;-35,97216;"SR-PE";"UOP02";"DEL02"
277371;2020-03-27;"sexta-feira";"16:30:00";"PR";277;102,5;"CURITIBA";"Falta de Atenção à Condução";"Colisão traseira";"Com Vítimas Feridas";"Pleno dia";"Crescente";"Céu Claro";"Dupla";"Não Informado";"Sim";2;0;1;0;1;0;1;2;-25,42691;-49,38193;"SR-PR";"UOP04";"DEL01"
277372;2020-03-27;"sexta-feira";"18:30:00";"ES";101;296;"CARIACICA";"Falta de Atenção à Condução";"Queda de ocupante de veículo";"Com Vítimas Feridas";"Plena Noite";"Decrescente";"Céu Claro";"Dupla";"Curva";"Sim";2;0;1;1;0;0;2;1;-20,3403;-40,40406;"SR-ES";"UOP01";"DEL01"
277374;2020-03-27;"sexta-feira";"16:45:00";"RJ";393;168;"TRES RIOS";"Desobediência às normas de trânsito pelo condutor";"Colisão transversal";"Com Vítimas Feridas";"Pleno dia";"Crescente";"Céu Claro";"Simples";"Interseção de vias";"Não";3;0;0;2;1;0;2;2;-22,12511;-43,17428;"SR-RJ";"UOP01";"DEL06"
277375;2020-03-27;"sexta-feira";"18:10:00";"PR";369;107;"URAI";"Desobediência às normas de trânsito pelo condutor";"Colisão frontal";"Com Vítimas Feridas";"Pleno dia";"Crescente";"Céu Claro";"Simples";"Reta";"Não";2;0;0;1;1;0;1;2;-23,26303;-50,78115;"SR-PR";"UOP04";"DEL07"
277376;2020-03-27;"sexta-feira";"18:15:00";"ES";393;1,8;"CACHOEIRO DE ITAPEMIRIM";"Velocidade Incompatível";"Atropelamento de Pedestre";"Com Vítimas Fatais";"Plena Noite";"Decrescente";"Céu Claro";"Simples";"Reta";"Não";3;1;1;1;0;0;2;1;-20,83325;-41,17312;"SR-ES";"UOP02";"DEL03"
277377;2020-03-27;"sexta-feira";"18:45:00";"RS";101;76,8;"OSORIO";"Falta de Atenção à Condução";"Colisão lateral";"Com Vítimas Feridas";"Plena Noite";"Decrescente";"Céu Claro";"Dupla";"Reta";"Não";3;0;1;0;2;0;1;2;-29,81059;-50,24123;"SR-RS";"UOP01";"DEL03"
277378;2020-03-27;"sexta-feira";"17:00:00";"SC";101;88,5;"BARRA VELHA";"Ingestão de Álcool";"Saída de leito carroçável";"Com Vítimas Feridas";"Pleno dia";"Decrescente";"Céu Claro";"Simples";"Reta";"Sim";1;0;1;0;0;0;1;1;-26,64254;-48,68951;"SR-SC";"UOP02";"DEL03"
277379;2020-03-27;"sexta-feira";"19:15:00";"GO";153;515,6;"APARECIDA DE GOIANIA";"Animais na Pista";"Colisão traseira";"Com Vítimas Feridas";"Plena Noite";"Crescente";"Céu Claro";"Dupla";"Reta";"Sim";3;0;2;0;1;0;2;2;-16,8413;-49,2454;"SR-GO";"UOP03";"DEL01"
277380;2020-03-27;"sexta-feira";"19:00:00";"BA";418;88,6;"NOVA VICOSA";"Velocidade Incompatível";"Colisão traseira";"Com Vítimas Feridas";"Plena Noite";"Decrescente";"Nublado";"Simples";"Reta";"Não";3;0;1;1;1;0;2;2;-17,88949;-39,8236;"SR-BA";"UOP02";"DEL09"
277381;2020-03-27;"sexta-feira";"19:05:00";"GO";60;95,1;"ANAPOLIS";"Desobediência às normas de trânsito pelo condutor";"Colisão frontal";"Com Vítimas Feridas";"Plena Noite";"Crescente";"Chuva";"Múltipla";"Reta";"Sim";2;0;1;0;1;0;1;2;-16,3679;-48,939;"SR-GO";"UOP01";"DEL02"
277382;2020-03-27;"sexta-feira";"16:30:00";"MA";135;53,9;"BACABEIRA";"Defeito na Via";"Tombamento";"Sem Vítimas";"Pleno dia";"Crescente";"Chuva";"Simples";"Reta";"Não";1;0;0;0;1;0;0;1;-2,989205;-44,31246;"SR-MA";"UOP02";"DEL01"
277383;2020-03-27;"sexta-feira";"18:10:00";"ES";101;271,8;"SERRA";"Falta de Atenção à Condução";"Queda de ocupante de veículo";"Com Vítimas Feridas";"Plena Noite";"Decrescente";"Céu Claro";"Dupla";"Reta";"Sim";1;0;0;1;0;0;1;1;-20,23267;-40,27658;"SR-ES";"UOP01";"DEL02"
277384;2020-03-27;"sexta-feira";"20:20:00";"TO";153;490,6;"PARAISO DO TOCANTINS";"Falta de Atenção à Condução";"Atropelamento de Pedestre";"Com Vítimas Fatais";"Plena Noite";"Crescente";"Nublado";"Simples";"Reta";"Não";2;1;0;0;0;1;0;2;-10,12486;-48,88413;"SR-TO";"UOP02";"DEL02"
277385;2020-03-27;"sexta-feira";"18:45:00";"RS";153;30,2;"TRES ARROIOS";"Ingestão de Álcool";"Colisão traseira";"Com Vítimas Feridas";"Plena Noite";"Decrescente";"Céu Claro";"Simples";"Reta";"Não";3;0;1;0;1;1;1;2;-27,53113;-52,16268;"SR-RS";"UOP04";"DEL08"