"id";"data_inversa";"dia_semana";"horario";"uf";"br";"km";"municipio";"causa_acidente";"tipo_acidente";"classificacao_acidente";"fase_dia";"sentido_via";"condicao_metereologica";"tipo_pista";"tracado_via";"uso_solo";"pessoas";"mortos";"feridos_leves";"feridos_graves";"ilesos";"ignorados";"feridos";"veiculos";"latitude";"longitude";"regional";"delegacia";"uop"
277386;2020-03-27;"sexta-feira";"18:00:00";"BA";324;535;"CONCEICAO DO JACUIPE";"Ingestão de Álcool";"Saída de leito carroçável";"Sem Vítimas";"Plena Noite";"Decrescente";"Chuva";"Dupla";"Reta";"Não";1;0;0;0;0;1;0;1;-12,35775;-38,82803;"SR-BA";"UOP01";"DEL01"
277387;2020-03-27;"sexta-feira";"19:30:00";"DF";20;19,2;"BRASILIA";"Desobediência às normas de trânsito pelo condutor";"Colisão traseira";"Com Vítimas Feridas";"Plena Noite";"Decrescente";"Nublado";"Dupla";"Reta";"Sim";2;0;0;1;0;1;1;2;-15,61218;-47,70093;"SR-DF";"UOP01";"DEL02"
277388;2020-01-03;"sexta-feira";"18:20:00";"RN";110;12,1;"AREIA BRANCA";"Restrição de Visibilidade";"Colisão traseira";"Com Vítimas Fatais";"Plena Noite";"Crescente";"Céu Claro";"Simples";"Reta";"Não";2;1;0;0;0;1;0;2;-5,007348;-37,10115;"SR-RN";"UOP01";"DEL04"
277392;2020-03-27;"sexta-feira";"21:00:00";"PE";101;50,2;"ABREU E LIMA";"Desobediência às normas de trânsito pelo condutor";"Colisão transversal";"Com Vítimas Feridas";"Plena Noite";"Crescente";"Céu Claro";"Múltipla";"Interseção de vias";"Sim";2;0;0;1;0;1;1;2;-7,909386;-34,90123;"SR-PE";"UOP02";"DEL01"
277393;2020-03-27;"sexta-feira";"18:15:00";"RS";392;254;"CACAPAVA DO SUL";"Velocidade Incompatível";"Tombamento";"Sem Vítimas";"Anoitecer";"Decrescente";"Nublado";"Simples";"Curva";"Não";1;0;0;0;1;0;0;1;-30,51971;-53,45353;"SR-RS";"UOP02";"DEL09"
277395;2020-03-27;"sexta-feira";"19:40:00";"GO";364;7;"SAO SIMAO";"Não guardar distância de segurança";"Colisão transversal";"Com Vítimas Feridas";"Plena Noite";"Decrescente";"Céu Claro";"Simples";"Reta";"Não";4;0;2;0;1;1;2;2;-19,0091;-50,54868;"SR-GO";"UOP02";"DEL05"
277396;2020-03-27;"sexta-feira";"19:15:00";"SC";470;23;"ILHOTA";"Sinalização da via insuficiente ou inadequada";"Colisão com objeto estático";"Sem Vítimas";"Plena Noite";"Decrescente";"Céu Claro";"Dupla";"Não Informado";"Não";1;0;0;0;1;0;0;1;-26,88091;-48,84624;"SR-SC";"UOP04";"DEL04"
277397;2020-03-27;"sexta-feira";"18:40:00";"AC";364;149,4;"RIO BRANCO";"Defeito na Via";"Saída de leito carroçável";"Com Vítimas Feridas";"Plena Noite";"Decrescente";"Céu Claro";"Dupla";"Reta";"Não";2;0;1;0;0;1;1;1;-9,879423;-67,90515;"SR-AC";"UOP01";"DEL01"
277398;2020-03-27;"sexta-feira";"22:00:00";"PE";101;79,9;"JABOATAO DOS GUARARAPES";"Velocidade Incompatível";"Colisão traseira";"Com Vítimas Feridas";"Plena Noite";"Crescente";"Nublado";"Dupla";"Reta";"Sim";2;0;0;1;1;0;1;2;-8,143661;-34,94723;"SR-PE";"UOP01";"DEL01"
277400;2020-03-27;"sexta-feira";"22:00:00";"ES";101;260,1;"SERRA";"Desobediência às normas de trânsito pelo condutor";"Colisão traseira";"Sem Vítimas";"Plena Noite";"Decrescente";"Céu Claro";"Dupla";"Reta";"Sim";2;0;0;0;2;0;0;2;-20,14616;-40,28836;"SR-ES";"UOP01";"DEL02"
277401;2020-03-27;"sexta-feira";"22:25:00";"RS";116;629,1;"ARROIO GRANDE";"Animais na Pista";"Atropelamento de Animal";"Com Vítimas Feridas";"Plena Noite";"Crescente";"Nublado";"Simples";"Reta";"Não";2;0;2;0;0;0;2;1;-32,36235;-53,18061;"SR-RS";"UOP03";"DEL07"
277402;2020-03-27;"sexta-feira";"21:50:00";"MS";163;343,9;"RIO BRILHANTE";"Ingestão de Álcool";"Tombamento";"Com Vítimas Feridas";"Plena Noite";"Crescente";"Céu Claro";"Simples";"Reta";"Não";1;0;0;1;0;0;1;1;-21,64163;-54,42369;"SR-MS";"UOP02";"DEL02"
277404;2020-03-27;"sexta-feira";"22:35:00";"RJ";116;165;"RIO DE JANEIRO";"Pista Escorregadia";"Saída de leito carroçável";"Com Vítimas Feridas";"Plena Noite";"Decrescente";"Céu Claro";"Múltipla";"Reta";"Sim";3;0;3;0;0;0;3;1;-22,80724;-43,34134;"SR-RJ";"UOP02";"DEL01"
277405;2020-03-27;"sexta-feira";"20:45:00";"MT";163;938;"ITAUBA";"Ultrapassagem Indevida";"Saída de leito carroçável";"Com Vítimas Feridas";"Plena Noite";"Crescente";"Chuva";"Simples";"Não Informado";"Não";1;0;1;0;0;0;1;1;-11,10386;-55,30035;"SR-MT";"UOP02";"DEL06"
277406;2020-03-27;"sexta-feira";"23:30:00";"SC";101;162,8;"TIJUCAS";"Desobediência às normas de trânsito pelo condutor";"Colisão transversal";"Sem Vítimas";"Plena Noite";"Decrescente";"Nublado";"Dupla";"Não Informado";"Sim";3;0;0;0;1;2;0;2;-27,23101;-48,62918;"SR-SC";"UOP03";"DEL04"
277407;2020-03-27;"sexta-feira";"22:50:00";"DF";70;11,2;"BRASILIA";"Ingestão de Álcool";"Saída de leito carroçável";"Sem Vítimas";"Plena Noite";"Crescente";"Céu Claro";"Dupla";"Reta";"Sim";2;0;0;0;2;0;0;2;-15,79007;-48,15106;"SR-DF";"UOP03";"DEL01"
277408;2020-03-27;"sexta-feira";"23:50:00";"DF";20;24,4;"BRASILIA";"Velocidade Incompatível";"Saída de leito carroçável";"Com Vítimas Feridas";"Plena Noite";"Crescente";"Céu Claro";"Dupla";"Interseção de vias";"Não";4;0;4;0;0;0;4;1;-15,59632;-47,65489;"SR-DF";"UOP01";"DEL02"
277409;2020-03-27;"sexta-feira";"23:20:00";"GO";153;515,8;"APARECIDA DE GOIANIA";"Ingestão de Álcool";"Colisão transversal";"Com Vítimas Feridas";"Plena Noite";"Decrescente";"Chuva";"Dupla";"Reta";"Sim";2;0;0;1;1;0;1;2;-16,8413;-49,2454;"SR-GO";"UOP03";"DEL01"
277411;2020-03-28;"sábado";"00:20:00";"RJ";101;262;"RIO BONITO";"Defeito Mecânico no Veículo";"Incêndio";"Sem Vítimas";"Plena Noite";"Crescente";"Nublado";"Dupla";"Reta";"Sim";1;0;0;0;0;1;0;1;-22,71368;-42,62053;"SR-RJ";"UOP03";"DEL02"
277412;2020-03-27;"sexta-feira";"23:00:00";"RS";153;50;"ERECHIM";"Ingestão de Álcool";"Colisão traseira";"Com Vítimas Feridas";"Plena Noite";"Decrescente";"Céu Claro";"Simples";"Reta";"Sim";2;0;1;0;1;0;1;2;-27,65623;-52,27555;"SR-RS";"UOP04";"DEL08"
277413;2020-03-27;"sexta-feira";"23:00:00";"MG";50;56;"UBERLANDIA";"Falta de Atenção à Condução";"Colisão com objeto estático";"Sem Vítimas";"Plena Noite";"Decrescente";"Vento";"Dupla";"Reta";"Não";1;0;0;0;1;0;0;1;-18,78116;-48,23826;"SR-MG";"UOP02";"DEL15"
277414;2020-03-27;"sexta-feira";"23:16:00";"RN";406;3,4;"MACAU";"Não guardar distância de segurança";"Colisão traseira";"Com Vítimas Feridas";"Plena Noite";"Decrescente";"Nublado";"Simples";"Reta";"Não";5;0;1;1;3;0;2;2;-5,141613;-36,61105;"SR-RN";"UOP01";"DEL02"
277415;2020-03-27;"sexta-feira";"18:20:00";"MT";163;550,7;"DIAMANTINO";"Falta de Atenção à Condução";"Colisão frontal";"Com Vítimas Feridas";"Plena Noite";"Crescente";"Nublado";"Simples";"Reta";"Não";3;0;1;0;2;0;1;3;-14,30773;-56,13892;"SR-MT";"UOP01";"DEL01"
277416;2020-03-28;"sábado";"00:45:00";"RJ";116;79;"TERESOPOLIS";"Falta de Atenção à Condução";"Atropelamento de Pedestre";"Com Vítimas Feridas";"Plena Noite";"Decrescente";"Vento";"Simples";"Reta";"Não";2;0;1;0;1;0;1;1;-22,3817;-42,95478;"SR-RJ";"UOP01";"DEL04"
277418;2020-03-28;"sábado";"01:00:00";"RS";290;43;"GLORINHA";"Falta de Atenção à Condução";"Saída de leito carroçável";"Com Vítimas Feridas";"Plena Noite";"Crescente";"Céu Claro";"Dupla";"Reta";"Não";1;0;1;0;0;0;1;1;-29,88957;-50,68932;"SR-RS";"UOP01";"DEL03"
277419;2020-03-28;"sábado";"01:30:00";"RJ";116;164;"RIO DE JANEIRO";"Pista Escorregadia";"Colisão com objeto estático";"Com Vítimas Feridas";"Plena Noite";"Decrescente";"Céu Claro";"Múltipla";"Reta";"Sim";1;0;1;0;0;0;1;1;-22,81074;-43,28844;"SR-RJ";"UOP02";"DEL01"
277420;2020-03-28;"sábado";"01:10:00";"RJ";116;172;"MESQUITA";"Agressão Externa";"Colisão frontal";"Com Vítimas Feridas";"Plena Noite";"Decrescente";"Céu Claro";"Múltipla";"Reta";"Sim";2;0;2;0;0;0;2;1;-22,78522;-43,38029;"SR-RJ";"UOP02";"DEL01"
277421;2020-03-27;"sexta-feira";"22:10:00";"MG";365;482,1;"PATROCINIO";"Condutor Dormindo";"Colisão frontal";"Com Vítimas Feridas";"Plena Noite";"Decrescente";"Céu Claro";"Simples";"Reta";"Não";2;0;0;1;1;0;1;2;-18,89295;-47,08731;"SR-MG";"UOP01";"DEL10"
277422;2020-03-28;"sábado";"00:30:00";"MG";365;320,1;"JOAO PINHEIRO";"Falta de Atenção à Condução";"Colisão traseira";"Com Vítimas Feridas";"Plena Noite";"Crescente";"Ignorado";"Simples";"Reta";"Não";2;0;1;0;1;0;1;2;-18,26943;-45,88579;"SR-MG";"UOP01";"DEL10"
277423;2020-03-28;"sábado";"03:55:00";"SC";101;126,3;"ITAJAI";"Falta de Atenção do Pedestre";"Atropelamento de Pedestre";"Com Vítimas Fatais";"Plena Noite";"Crescente";"Nublado";"Dupla";"Curva";"Não";2;1;0;0;1;0;0;1;-26,95564;-48,67978;"SR-SC";"UOP04";"DEL04"
277424;2020-03-28;"sábado";"03:10:00";"TO";153;408;"MIRANORTE";"Velocidade Incompatível";"Saída de leito carroçável";"Com Vítimas Fatais";"Plena Noite";"Crescente";"Ignorado";"Dupla";"Interseção de vias";"Sim";1;1;0;0;0;0;0;1;-9,481225;-48,58319;"SR-TO";"UOP03";"DEL02"
277427;2020-03-28;"sábado";"02:30:00";"PI";135;532;"SAO GONCALO DO GURGUEIA";"Ingestão de Álcool";"Saída de leito carroçável";"Com Vítimas Feridas";"Plena Noite";"Decrescente";"Nublado";"Simples";"Reta";"Não";1;0;0;1;0;0;1;1;-9,979097;-45,32669;"SR-PI";"UOP02";"DEL03"
277428;2020-03-28;"sábado";"05:00:00";"GO";60;470;"JATAI";"Ingestão de Álcool";"Tombamento";"Sem Vítimas";"Amanhecer";"Crescente";"Céu Claro";"Dupla";"Rotatória";"Sim";1;0;0;0;1;0;0;1;-17,91693;-51,6943;"SR-GO";"UOP01";"DEL05"
277429;2020-03-28;"sábado";"06:20:00";"AL";104;44,5;"BRANQUINHA";"Ingestão de Álcool";"Colisão com objeto estático";"Com Vítimas Feridas";"Amanhecer";"Crescente";"Garoa/Chuvisco";"Simples";"Desvio Temporário";"Sim";1;0;1;0;0;0;1;1;-9,230262;-36,02664;"SR-AL";"UOP02";"DEL01"
277430;2020-03-27;"sexta-feira";"22:50:00";"GO";153;302,4;"RIALMA";"Defeito na Via";"Saída de leito carroçável";"Com Vítimas Feridas";"Plena Noite";"Decrescente";"Chuva";"Simples";"Reta";"Sim";4;0;2;2;0;0;4;1;-15,32307;-49,57179;"SR-GO";"UOP02";"DEL02"
277431;2020-03-28;"sábado";"07:00:00";"BA";324;623;"SALVADOR";"Avarias e/ou desgaste excessivo no pneu";"Queda de ocupante de veículo";"Com Vítimas Feridas";"Pleno dia";"Crescente";"Chuva";"Múltipla";"Reta";"Sim";2;0;1;0;1;0;1;1;-12,94191;-38,47078;"SR-BA";"UOP01";"DEL01"
277432;2020-03-28;"sábado";"07:50:00";"PR";369;148;"LONDRINA";"Desobediência às normas de trânsito pelo condutor";"Colisão frontal";"Com Vítimas Feridas";"Pleno dia";"Decrescente";"Sol";"Dupla";"Não Informado";"Sim";2;0;0;1;1;0;1;2;-23,293;-51,14304;"SR-PR";"UOP01";"DEL07"
277433;2020-03-28;"sábado";"07:00:00";"MG";381;248,2;"SANTANA DO PARAISO";"Velocidade Incompatível";"Capotamento";"Com Vítimas Feridas";"Amanhecer";"Decrescente";"Céu Claro";"Simples";"Curva";"Não";1;0;0;1;0;0;1;1;-19,47089;-42,53936;"SR-MG";"UOP01";"DEL06"
277434;2020-03-28;"sábado";"06:10:00";"GO";153;210;"URUACU";"Desobediência às normas de trânsito pelo condutor";"Colisão lateral";"Com Vítimas Fatais";"Pleno dia";"Crescente";"Garoa/Chuvisco";"Simples";"Reta";"Não";3;1;0;0;2;0;0;2;-14,60586;-49,16664;"SR-GO";"UOP01";"DEL07"
277435;2020-01-08;"quarta-feira";"09:40:00";"GO";60;131;"GOIANIA";"Não guardar distância de segurança";"Colisão lateral";"Com Vítimas Feridas";"Pleno dia";"Decrescente";"Céu Claro";"Dupla";"Reta";"Não";10;0;4;1;1;4;5;2;-16,5754;-49,1602;"SR-GO";"DEL1/1";"UOP01/GO"
277437;2020-03-27;"sexta-feira";"22:30:00";"GO";153;292,7;"RIALMA";"Defeito na Via";"Tombamento";"Sem Vítimas";"Plena Noite";"Decrescente";"Chuva";"Simples";"Reta";"Não";1;0;0;0;1;0;0;1;-15,22549;-49,55376;"SR-GO";"UOP02";"DEL02"
277438;2020-03-28;"sábado";"09:10:00";"ES";101;70,1;"SAO MATEUS";"Falta de Atenção à Condução";"Colisão transversal";"Com Vítimas Feridas";"Pleno dia";"Crescente";"Céu Claro";"Simples";"Não Informado";"Sim";2;0;1;0;1;0;1;2;-18,74454;-39,86165;"SR-ES";"UOP02";"DEL04"
277439;2020-03-28;"sábado";"09:00:00";"PE";407;128,9;"PETROLINA";"Desobediência às normas de trânsito pelo condutor";"Colisão transversal";"Com Vítimas Feridas";"Pleno dia";"Decrescente";"Céu Claro";"Simples";"Interseção de vias";"Sim";3;0;1;1;1;0;2;2;-9,399583;-40,50459;"SR-PE";"UOP01";"DEL06"
277440;2020-03-28;"sábado";"09:05:00";"PR";277;586,1;"CASCAVEL";"Desobediência às normas de trânsito pelo condutor";"Colisão transversal";"Com Vítimas Feridas";"Pleno dia";"Crescente";"Nublado";"Simples";"Reta";"Não";3;0;1;0;2;0;1;2;-24,96685;-53,42459;"SR-PR";"UOP01";"DEL04"
277441;2020-03-28;"sábado";"09:30:00";"SC";282;408,7;"CATANDUVAS";"Falta de Atenção à Condução";"Colisão frontal";"Com Vítimas Fatais";"Pleno dia";"Crescente";"Céu Claro";"Simples";"Curva";"Não";2;1;0;0;1;0;0;2;-27,0805;-51,66441;"SR-SC";"UOP07";"DEL07"
277442;2020-03-28;"sábado";"09:00:00";"CE";304;47,7;"ARACATI";"Defeito Mecânico no Veículo";"Colisão com objeto estático";"Sem Vítimas";"Pleno dia";"Decrescente";"Céu Claro";"Dupla";"Reta";"Sim";1;0;0;0;1;0;0;1;-4,575739;-37,78945;"SR-CE";"UOP03";"DEL03"
277443;2020-03-27;"sexta-feira";"19:00:00";"AL";101;78,9;"RIO LARGO";"Falta de Atenção do Pedestre";"Atropelamento de Pedestre";"Com Vítimas Feridas";"Plena Noite";"Decrescente";"Chuva";"Dupla";"Curva";"Não";2;0;0;1;1;0;1;1;-9,440261;-35,83644;"SR-AL";"UOP01";"DEL01"
277444;2020-03-27;"sexta-feira";"19:00:00";"PI";230;209;"OEIRAS";"Animais na Pista";"Atropelamento de Animal";"Com Vítimas Feridas";"Plena Noite";"Decrescente";"Céu Claro";"Simples";"Curva";"Não";2;0;1;0;1;0;1;2;-7,05011;-42,21022;"SR-PI";"UOP01";"DEL03"
277445;2020-03-28;"sábado";"09:30:00";"MA";316;536,8;"CAXIAS";"Defeito Mecânico no Veículo";"Incêndio";"Sem Vítimas";"Pleno dia";"Crescente";"Céu Claro";"Simples";"Reta";"Não";1;0;0;0;1;0;0;1;-4,834117;-43,48556;"SR-MA";"UOP02";"DEL03"
277446;2020-03-28;"sábado";"10:10:00";"RJ";465;1;"SEROPEDICA";"Falta de Atenção à Condução";"Colisão transversal";"Com Vítimas Feridas";"Pleno dia";"Crescente";"Sol";"Simples";"Reta";"Não";2;0;1;0;1;0;1;2;-22,71983;-43,72574;"SR-RJ";"UOP03";"DEL01"
277449;2020-03-28;"sábado";"08:30:00";"MG";262;606,8;"CAMPOS ALTOS";"Velocidade Incompatível";"Saída de leito carroçável";"Com Vítimas Feridas";"Pleno dia";"Crescente";"Ignorado";"Simples";"Reta";"Não";2;0;2;0;0;0;2;1;-19,63074;-46,26259;"SR-MG";"UOP02";"DEL08"
277450;2020-03-28;"sábado";"05:30:00";"RJ";393;138;"SAPUCAIA";"Velocidade Incompatível";"Tombamento";"Com Vítimas Feridas";"Amanhecer";"Decrescente";"Céu Claro";"Simples";"Curva";"Sim";1;0;0;1;0;0;1;1;-22,01753;-42,95994;"SR-RJ";"UOP02";"DEL06"
277451;2020-03-28;"sábado";"12:00:00";"SP";381;87;"SAO PAULO";"Falta de Atenção à Condução";"Colisão lateral";"Com Vítimas Feridas";"Pleno dia";"Decrescente";"Céu Claro";"Múltipla";"Curva";"Sim";2;0;1;0;1;0;1;2;-23,46885;-46,56997;"SR-SP";"UOP01";"DEL03"
277452;2020-03-28;"sábado";"10:40:00";"MG";40;804;"MATIAS BARBOSA";"Falta de Atenção à Condução";"Colisão com objeto estático";"Com Vítimas Feridas";"Pleno dia";"Decrescente";"Céu Claro";"Dupla";"Curva";"Não";3;0;0;1;1;1;1;2;-21,86314;-43,37349;"SR-MG";"UOP01";"DEL05"
277453;2020-03-28;"sábado";"10:30:00";"PR";476;341,6;"PAULA FREITAS";"Falta de Atenção à Condução";"Saída de leito carroçável";"Sem Vítimas";"Pleno dia";"Decrescente";"Céu Claro";"Simples";"Reta";"Não";1;0;0;0;1;0;0;1;-26,16664;-50,89943;"SR-PR";"UOP05";"DEL03"
277454;2020-03-28;"sábado";"11:00:00";"AL";316;225,1;"ATALAIA";"Pista Escorregadia";"Saída de leito carroçável";"Com Vítimas Fatais";"Pleno dia";"Decrescente";"Chuva";"Simples";"Curva";"Não";3;1;1;0;1;0;1;1;-9,476919;-36,15665;"SR-AL";"UOP01";"DEL01"
277455;2020-03-28;"sábado";"08:30:00";"BA";116;162;"CANUDOS";"Ultrapassagem Indevida";"Tombamento";"Com Vítimas Feridas";"Pleno dia";"Crescente";"Céu Claro";"Simples";"Reta";"Não";3;0;2;0;0;1;2;2;-10,03501;-39,15931;"SR-BA";"UOP02";"DEL07"
277456;2020-03-28;"sábado";"12:25:00";"PR";373;180;"PONTA GROSSA";"Velocidade Incompatível";"Colisão traseira";"Com Vítimas Feridas";"Pleno dia";"Decrescente";"Céu Claro";"Dupla";"Reta";"Sim";2;0;0;1;1;0;1;2;-25,03984;-50,24853;"SR-PR";"UOP01";"DEL03"
277457;2020-03-28;"sábado";"12:30:00";"ES";101;66;"SAO MATEUS";"Desobediência às normas de trânsito pelo pedestre";"Colisão transversal";"Com Vítimas Feridas";"Pleno dia";"Decrescente";"Céu Claro";"Simples";"Interseção de vias";"Sim";2;0;2;0;0;0;2;2;-18,71652;-39,87436;"SR-ES";"UOP02";"DEL04"
277458;2020-03-28;"sábado";"04:45:00";"MA";10;114;"ESTREITO";"Defeito na Via";"Colisão frontal";"Sem Vítimas";"Plena Noite";"Decrescente";"Céu Claro";"Simples";"Reta";"Não";2;0;0;0;2;0;0;2;-6,673797;-47,45158;"SR-MA";"UOP02";"DEL04"
277459;2020-03-28;"sábado";"12:40:00";"TO";153;333,8;"GUARAI";"Falta de Atenção à Condução";"Colisão transversal";"Com Vítimas Feridas";"Pleno dia";"Decrescente";"Céu Claro";"Simples";"Reta";"Sim";3;0;1;0;2;0;1;2;-8,826486;-48,51216;"SR-TO";"UOP03";"DEL02"
277460;2020-03-28;"sábado";"13:05:00";"AL";101;203,4;"SAO SEBASTIAO";"Falta de Atenção à Condução";"Saída de leito carroçável";"Com Vítimas Feridas";"Pleno dia";"Decrescente";"Chuva";"Dupla";"Reta";"Não";1;0;1;0;0;0;1;1;-9,97356;-36,55619;"SR-AL";"UOP02";"DEL02"
277461;2020-03-28;"sábado";"12:20:00";"SC";101;25;"JOINVILLE";"Falta de Atenção à Condução";"Colisão lateral";"Com Vítimas Feridas";"Pleno dia";"Crescente";"Nublado";"Dupla";"Reta";"Não";5;0;4;0;1;0;4;5;-26,18328;-48,91051;"SR-SC";"UOP01";"DEL03"
277462;2020-03-28;"sábado";"13:30:00";"BA";101;808;"ITAMARAJU";"Falta de Atenção à Condução";"Colisão lateral";"Com Vítimas Feridas";"Pleno dia";"Crescente";"Céu Claro";"Simples";"Reta";"Sim";2;0;0;1;1;0;1;2;-17,19644;-39,59172;"SR-BA";"UOP01";"DEL09"
277463;2020-03-28;"sábado";"13:00:00";"MG";381;636,7;"SANTO ANTONIO DO AMPARO";"Pista Escorregadia";"Saída de leito carroçável";"Com Vítimas Feridas";"Pleno dia";"Decrescente";"Garoa/Chuvisco";"Dupla";"Não Informado";"Não";2;0;1;0;1;0;1;1;-20,87325;-44,84363;"SR-MG";"UOP01";"DEL04"
277464;2020-03-28;"sábado";"13:30:00";"PR";376;615,6;"SAO JOSE DOS PINHAIS";"Falta de Atenção à Condução";"Saída de leito carroçável";"Com Vítimas Feridas";"Pleno dia";"Decrescente";"Nublado";"Simples";"Não Informado";"Sim";1;0;0;1;0;0;1;1;-25,56924;-49,18373;"SR-PR";"UOP01";"DEL01"
277465;2020-03-21;"sábado";"15:30:00";"RJ";40;117;"DUQUE DE CAXIAS";"Defeito na Via";"Queda de ocupante de veículo";"Com Vítimas Feridas";"Pleno dia";"Decrescente";"Chuva";"Múltipla";"Reta";"Sim";4;0;1;0;3;0;1;3;-22,74779;-43,28763;"SR-RJ";"UOP01";"DEL01"
277467;2020-03-28;"sábado";"13:40:00";"GO";20;17,5;"FORMOSA";"Avarias e/ou desgaste excessivo no pneu";"Colisão frontal";"Com Vítimas Fatais";"Pleno dia";"Crescente";"Garoa/Chuvisco";"Simples";"Reta";"Não";4;1;0;3;0;0;3;2;-15,55937;-47,20491;"SR-DF";"UOP01";"DEL02"
277468;2020-03-16;"segunda-feira";"10:20:00";"SC";282;397,1;"JOACABA";"Velocidade Incompatível";"Colisão lateral";"Com Vítimas Feridas";"Pleno dia";"Decrescente";"Céu Claro";"Simples";"Reta";"Não";2;0;0;1;1;0;1;2;-27,15999;-51,44268;"SR-SC";"UOP07";"DEL07"
277470;2020-03-28;"sábado";"11:45:00";"BA";367;34,7;"PORTO SEGURO";"Desobediência às normas de trânsito pelo condutor";"Colisão lateral";"Com Vítimas Feridas";"Pleno dia";"Decrescente";"Céu Claro";"Simples";"Reta";"Sim";3;0;2;0;1;0;2;2;-16,40866;-39,16995;"SR-BA";"UOP01";"DEL09"
277471;2020-03-28;"sábado";"12:40:00";"SC";101;228;"PALHOCA";"Defeito Mecânico no Veículo";"Incêndio";"Sem Vítimas";"Pleno dia";"Crescente";"Céu Claro";"Simples";"Reta";"Sim";1;0;0;0;1;0;0;1;-27,75972;-48,63079;"SR-SC";"UOP02";"DEL01"
277472;2020-02-20;"quinta-feira";"22:30:00";"MG";365;162;"PIRAPORA";"Animais na Pista";"Queda de ocupante de veículo";"Com Vítimas Feridas";"Plena Noite";"Crescente";"Ignorado";"Simples";"Reta";"Sim";1;0;1;0;0;0;1;1;-17,35852;-44,91616;"SR-MG";"UOP01";"DEL12"
277473;2020-03-28;"sábado";"12:00:00";"SC";116;140,6;"SANTA CECILIA";"Desobediência às normas de trânsito pelo condutor";"Colisão transversal";"Com Vítimas Feridas";"Pleno dia";"Crescente";"Céu Claro";"Simples";"Rotatória";"Não";3;0;0;1;2;0;1;3;-26,96626;-50,40928;"SR-SC";"UOP02";"DEL06"
277474;2020-03-28;"sábado";"13:30:00";"CE";116;53,7;"PACAJUS";"Carga excessiva e/ou mal acondicionada";"Derramamento de carga";"Sem Vítimas";"Pleno dia";"Decrescente";"Sol";"Dupla";"Não Informado";"Não";1;0;0;0;1;0;0;1;-4,197224;-38,46961;"SR-CE";"UOP02";"DEL03"
277475;2020-03-28;"sábado";"16:00:00";"PR";158;525;"PATO BRANCO";"Velocidade Incompatível";"Saída de leito carroçável";"Com Vítimas Feridas";"Pleno dia";"Decrescente";"Céu Claro";"Simples";"Curva";"Não";2;0;2;0;0;0;2;1;-26,1502;-52,66273;"SR-PR";"UOP01";"DEL02"
277476;2020-03-28;"sábado";"16:11:00";"SP";381;65;"MAIRIPORA";"Velocidade Incompatível";"Colisão traseira";"Sem Vítimas";"Pleno dia";"Decrescente";"Céu Claro";"Múltipla";"Reta";"Não";2;0;0;0;2;0;0;2;-23,32238;-46,58109;"SR-SP";"UOP01";"DEL03"
277477;2020-03-28;"sábado";"15:50:00";"SC";470;30,9;"GASPAR";"Velocidade Incompatível";"Capotamento";"Com Vítimas Feridas";"Pleno dia";"Decrescente";"Sol";"Dupla";"Reta";"Não";1;0;1;0;0;0;1;1;-26,89352;-48,91403;"SR-SC";"UOP01";"DEL04"
277478;2020-03-28;"sábado";"16:00:00";"MG";262;885,7;"CAMPO FLORIDO";"Falta de Atenção à Condução";"Tombamento";"Com Vítimas Feridas";"Plena Noite";"Crescente";"Céu Claro";"Dupla";"Curva";"Não";1;0;1;0;0;0;1;1;-19,77329;-48,56826;"SR-MG";"UOP02";"DEL13"
277479;2020-03-28;"sábado";"16:10:00";"GO";60;205;"GUAPO";"Ingestão de Álcool";"Colisão traseira";"Com Vítimas Feridas";"Pleno dia";"Decrescente";"Chuva";"Dupla";"Curva";"Sim";5;0;2;0;3;0;2;2;-16,91486;-49,66069;"SR-GO";"UOP02";"DEL01"
277480;2020-03-28;"sábado";"15:30:00";"ES";101;360;"ANCHIETA";"Falta de Atenção à Condução";"Colisão traseira";"Sem Vítimas";"Pleno dia";"Crescente";"Céu Claro";"Simples";"Reta";"Não";2;0;0;0;2;0;0;2;-20,70436;-40,71735;"SR-ES";"UOP01";"DEL03"
277481;2020-03-28;"sábado";"15:30:00";"RS";116;192,2;"PICADA CAFE";"Falta de Atenção à Condução";"Colisão frontal";"Com Vítimas Feridas";"Pleno dia";"Crescente";"Céu Claro";"Simples";"Não Informado";"Não";4;0;0;2;2;0;2;2;-29,44016;-51,1362;"SR-RS";"UOP02";"DEL05"
277482;2020-03-28;"sábado";"17:00:00";"PE";101;70,6;"RECIFE";"Ingestão de Álcool";"Colisão lateral";"Sem Vítimas";"Anoitecer";"Crescente";"Céu Claro";"Múltipla";"Reta";"Sim";2;0;0;0;2;0;0;2;-8,067761;-34,94265;"SR-PE";"UOP01";"DEL01"
277483;2020-03-28;"sábado";"17:30:00";"SP";153;115;"JOSE BONIFACIO";"Velocidade Incompatível";"Colisão com objeto estático";"Com Vítimas Feridas";"Pleno dia";"Crescente";"Chuva";"Simples";"Reta";"Não";2;0;1;0;1;0;1;1;-21,12936;-49,69488;"SR-SP";"UOP01";"DEL09"