"id";"data_inversa";"dia_semana";"horario";"uf";"br";"km";"municipio";"causa_acidente";"tipo_acidente";"classificacao_acidente";"fase_dia";"sentido_via";"condicao_metereologica";"tipo_pista";"tracado_via";"uso_solo";"pessoas";"mortos";"feridos_leves";"feridos_graves";"ilesos";"ignorados";"feridos";"veiculos";"latitude";"longitude";"regional";"delegacia";"uop"
277577;2020-03-29;"domingo";"11:30:00";"MG";381;489;"BETIM";"Mal Súbito";"Saída de leito carroçável";"Com Vítimas Feridas";"Pleno dia";"Crescente";"Sol";"Dupla";"Não Informado";"Sim";1;0;1;0;0;0;1;1;-19,96246;-44,16455;"SR-MG";"UOP03";"DEL01"
277578;2020-03-29;"domingo";"10:55:00";"MG";116;619;"ORIZANIA";"Ingestão de Álcool";"Colisão transversal";"Com Vítimas Fatais";"Pleno dia";"Crescente";"Céu Claro";"Simples";"Reta";"Sim";8;2;4;2;0;0;6;2;-20,47497;-42,18041;"SR-MG";"UOP03";"DEL07"
277579;2020-03-29;"domingo";"11:15:00";"CE";20;398;"CAUCAIA";"Não guardar distância de segurança";"Colisão traseira";"Com Vítimas Feridas";"Pleno dia";"Crescente";"Céu Claro";"Simples";"Reta";"Não";2;0;0;1;1;0;1;2;-3,79938;-38,717;"SR-CE";"UOP01";"DEL01"
277580;2020-03-29;"domingo";"10:20:00";"MT";163;938;"ITAUBA";"Não guardar distância de segurança";"Colisão traseira";"Com Vítimas Feridas";"Pleno dia";"Decrescente";"Céu Claro";"Simples";"Não Informado";"Não";4;0;0;2;2;0;2;2;-10,99724;-55,24373;"SR-MT";"UOP02";"DEL06"
277581;2020-03-29;"domingo";"11:15:00";"MA";10;172;"CAMPESTRE DO MARANHAO";"Não guardar distância de segurança";"Tombamento";"Com Vítimas Feridas";"Pleno dia";"Decrescente";"Sol";"Simples";"Reta";"Não";1;0;1;0;0;0;1;1;-6,212294;-47,3559;"SR-MA";"UOP02";"DEL04"
277582;2020-03-29;"domingo";"11:25:00";"SC";101;443,9;"SANTA ROSA DO SUL";"Falta de Atenção à Condução";"Colisão frontal";"Com Vítimas Feridas";"Pleno dia";"Crescente";"Céu Claro";"Simples";"Interseção de vias";"Sim";2;0;1;0;1;0;1;2;-29,13224;-49,6966;"SR-SC";"UOP02";"DEL02"
277583;2020-03-29;"domingo";"11:15:00";"RO";364;239;"CACOAL";"Defeito Mecânico no Veículo";"Queda de ocupante de veículo";"Com Vítimas Feridas";"Pleno dia";"Decrescente";"Nublado";"Simples";"Não Informado";"Sim";2;0;1;0;1;0;1;1;-11,43425;-61,46267;"SR-RO";"UOP02";"DEL02"
277584;2020-03-29;"domingo";"10:10:00";"MG";116;517;"UBAPORANGA";"Velocidade Incompatível";"Colisão com objeto estático";"Com Vítimas Fatais";"Pleno dia";"Decrescente";"Céu Claro";"Simples";"Curva";"Não";1;1;0;0;0;0;0;1;-19,70493;-42,1172;"SR-MG";"UOP02";"DEL06"
277585;2020-03-29;"domingo";"12:00:00";"MG";40;460,8;"SETE LAGOAS";"Falta de Atenção à Condução";"Saída de leito carroçável";"Com Vítimas Feridas";"Pleno dia";"Decrescente";"Nublado";"Dupla";"Reta";"Não";2;0;1;0;1;0;1;1;-19,39771;-44,33529;"SR-MG";"UOP01";"DEL02"
277586;2020-03-29;"domingo";"12:00:00";"PR";116;177;"QUITANDINHA";"Falta de Atenção à Condução";"Saída de leito carroçável";"Com Vítimas Feridas";"Pleno dia";"Crescente";"Nublado";"Simples";"Curva";"Não";1;0;1;0;0;0;1;1;-25,89427;-49,54478;"SR-PR";"UOP03";"DEL01"
277587;2020-03-29;"domingo";"11:50:00";"DF";70;11,2;"BRASILIA";"Ingestão de Álcool";"Colisão transversal";"Sem Vítimas";"Pleno dia";"Crescente";"Nublado";"Simples";"Reta";"Sim";6;0;0;0;5;1;0;2;-15,78976;-48,14873;"SR-DF";"UOP03";"DEL01"
277588;2020-03-29;"domingo";"13:30:00";"PR";277;37,1;"MORRETES";"Falta de Atenção à Condução";"Saída de leito carroçável";"Com Vítimas Feridas";"Pleno dia";"Decrescente";"Nublado";"Dupla";"Não Informado";"Não";2;0;2;0;0;0;2;1;-25,56012;-48,8144;"SR-PR";"UOP07";"DEL01"
277589;2020-03-29;"domingo";"13:45:00";"MG";50;10;"ARAGUARI";"Defeito Mecânico no Veículo";"Queda de ocupante de veículo";"Com Vítimas Feridas";"Pleno dia";"Decrescente";"Céu Claro";"Dupla";"Reta";"Não";2;0;1;1;0;0;2;1;-18,50601;-48,04053;"SR-MG";"UOP02";"DEL15"
277591;2020-03-28;"sábado";"15:00:00";"MT";163;982;"TERRA NOVA DO NORTE";"Falta de Atenção à Condução";"Saída de leito carroçável";"Com Vítimas Feridas";"Pleno dia";"Decrescente";"Chuva";"Simples";"Não Informado";"Não";1;0;1;0;0;0;1;1;-10,74812;-55,14584;"SR-MT";"UOP02";"DEL06"
277592;2020-03-29;"domingo";"14:32:00";"RS";116;143,9;"CAXIAS DO SUL";"Pista Escorregadia";"Colisão com objeto estático";"Sem Vítimas";"Pleno dia";"Decrescente";"Chuva";"Dupla";"Curva";"Sim";1;0;0;0;1;0;0;1;-29,12017;-51,12261;"SR-RS";"UOP01";"DEL05"
277593;2020-03-29;"domingo";"14:35:00";"SP";116;226;"GUARULHOS";"Velocidade Incompatível";"Colisão traseira";"Com Vítimas Feridas";"Pleno dia";"Crescente";"Nublado";"Múltipla";"Reta";"Sim";2;0;2;0;0;0;2;2;-23,49103;-46,54878;"SR-SP";"UOP01";"DEL01"
277594;2020-03-29;"domingo";"14:00:00";"RJ";40;97;"DUQUE DE CAXIAS";"Defeito Mecânico no Veículo";"Colisão com objeto estático";"Com Vítimas Feridas";"Pleno dia";"Crescente";"Nublado";"Simples";"Desvio Temporário";"Não";1;0;1;0;0;0;1;1;-22,57356;-43,27803;"SR-RJ";"UOP01";"DEL01"
277595;2020-03-29;"domingo";"15:00:00";"MG";116;692,2;"MURIAE";"Falta de Atenção à Condução";"Colisão frontal";"Com Vítimas Fatais";"Pleno dia";"Decrescente";"Céu Claro";"Simples";"Não Informado";"Não";5;3;0;1;1;0;1;2;-21,01876;-42,36118;"SR-MG";"UOP02";"DEL07"
277597;2020-03-29;"domingo";"15:00:00";"PR";116;39;"CAMPINA GRANDE DO SUL";"Velocidade Incompatível";"Saída de leito carroçável";"Com Vítimas Feridas";"Pleno dia";"Crescente";"Garoa/Chuvisco";"Dupla";"Curva";"Não";3;0;3;0;0;0;3;1;-25,15617;-48,86134;"SR-PR";"UOP02";"DEL01"
277598;2020-03-29;"domingo";"15:20:00";"RJ";101;482,9;"ANGRA DOS REIS";"Falta de Atenção à Condução";"Colisão traseira";"Com Vítimas Feridas";"Pleno dia";"Decrescente";"Nublado";"Simples";"Reta";"Sim";3;0;2;0;1;0;2;2;-23,00453;-44,29746;"SR-RJ";"UOP03";"DEL03"
277599;2020-03-29;"domingo";"15:00:00";"ES";259;30,9;"COLATINA";"Falta de Atenção à Condução";"Queda de ocupante de veículo";"Com Vítimas Feridas";"Pleno dia";"Crescente";"Céu Claro";"Simples";"Rotatória";"Não";1;0;1;0;0;0;1;1;-19,58823;-40,50923;"SR-ES";"UOP01";"DEL02"
277600;2020-03-29;"domingo";"15:00:00";"PR";280;315;"BARRACAO";"Defeito Mecânico no Veículo";"Incêndio";"Sem Vítimas";"Pleno dia";"Crescente";"Céu Claro";"Simples";"Desvio Temporário";"Não";1;0;0;0;1;0;0;1;-26,29192;-53,52844;"SR-PR";"UOP01";"DEL02"
277601;2020-03-29;"domingo";"15:50:00";"SP";116;488,8;"CAJATI";"Falta de Atenção à Condução";"Capotamento";"Com Vítimas Feridas";"Pleno dia";"Crescente";"Garoa/Chuvisco";"Múltipla";"Curva";"Sim";2;0;1;0;1;0;1;1;-24,73098;-48,09816;"SR-SP";"UOP02";"DEL05"
277602;2020-03-29;"domingo";"15:00:00";"PR";116;107;"SAO JOSE DOS PINHAIS";"Falta de Atenção à Condução";"Colisão lateral";"Com Vítimas Feridas";"Pleno dia";"Crescente";"Sol";"Dupla";"Reta";"Não";2;0;1;0;1;0;1;2;-25,5699;-49,18778;"SR-PR";"UOP04";"DEL01"
277603;2020-03-29;"domingo";"15:00:00";"RS";290;365,4;"VILA NOVA DO SUL";"Ingestão de Álcool";"Colisão lateral";"Com Vítimas Feridas";"Pleno dia";"Crescente";"Garoa/Chuvisco";"Simples";"Reta";"Não";2;0;1;0;1;0;1;2;-30,36079;-53,81754;"SR-RS";"UOP02";"DEL09"
277604;2020-03-29;"domingo";"15:40:00";"PR";277;10;"PARANAGUA";"Falta de Atenção à Condução";"Colisão com objeto estático";"Sem Vítimas";"Pleno dia";"Crescente";"Céu Claro";"Simples";"Curva";"Não";3;0;0;0;3;0;0;1;-25,5682;-48,61529;"SR-PR";"UOP07";"DEL01"
277605;2020-03-29;"domingo";"15:55:00";"PR";277;134;"CURITIBA";"Pista Escorregadia";"Colisão traseira";"Sem Vítimas";"Pleno dia";"Decrescente";"Céu Claro";"Múltipla";"Reta";"Sim";2;0;0;0;2;0;0;2;-25,46841;-49,25383;"SR-PR";"UOP03";"DEL03"
277606;2020-03-29;"domingo";"16:00:00";"RN";101;171;"CANGUARETAMA";"Pista Escorregadia";"Saída de leito carroçável";"Com Vítimas Feridas";"Pleno dia";"Decrescente";"Chuva";"Dupla";"Reta";"Não";1;0;1;0;0;0;1;1;-6,457512;-35,11048;"SR-RN";"UOP01";"DEL01"
277607;2020-03-29;"domingo";"07:30:00";"MA";10;318,9;"ACAILANDIA";"Agressão Externa";"Queda de ocupante de veículo";"Com Vítimas Fatais";"Pleno dia";"Crescente";"Céu Claro";"Dupla";"Desvio Temporário";"Não";4;1;0;1;2;0;1;2;-4,960145;-47,50748;"SR-MA";"UOP03";"DEL04"
277608;2020-03-29;"domingo";"12:10:00";"MA";10;256;"IMPERATRIZ";"Desobediência às normas de trânsito pelo condutor";"Colisão traseira";"Com Vítimas Feridas";"Pleno dia";"Decrescente";"Sol";"Dupla";"Reta";"Sim";2;0;1;0;1;0;1;2;-5,499715;-47,47184;"SR-MA";"UOP01";"DEL04"
277610;2020-03-29;"domingo";"15:30:00";"SC";470;18,9;"ILHOTA";"Falta de Atenção à Condução";"Queda de ocupante de veículo";"Com Vítimas Feridas";"Pleno dia";"Crescente";"Céu Claro";"Múltipla";"Reta";"Não";1;0;1;0;0;0;1;1;-26,85553;-48,80892;"SR-SC";"UOP04";"DEL04"
277611;2020-03-29;"domingo";"14:30:00";"PI";316;56;"MONSENHOR GIL";"Falta de Atenção à Condução";"Saída de leito carroçável";"Com Vítimas Feridas";"Pleno dia";"Decrescente";"Céu Claro";"Simples";"Reta";"Não";2;0;2;0;0;0;2;1;-5,543235;-42,62284;"SR-PI";"UOP02";"DEL01"
277612;2020-03-29;"domingo";"15:50:00";"MS";463;102;"PONTA PORA";"Falta de Atenção à Condução";"Colisão lateral";"Com Vítimas Feridas";"Pleno dia";"Decrescente";"Céu Claro";"Simples";"Interseção de vias";"Não";4;0;3;0;0;1;3;2;-22,61649;-55,63304;"SR-MS";"UOP03";"DEL04"
277613;2020-03-29;"domingo";"17:50:00";"RN";304;32,4;"MOSSORO";"Pista Escorregadia";"Saída de leito carroçável";"Com Vítimas Feridas";"Anoitecer";"Decrescente";"Chuva";"Simples";"Reta";"Sim";2;0;0;1;0;1;1;1;-5,138183;-37,34528;"SR-RN";"UOP02";"DEL04"
277614;2020-03-29;"domingo";"16:15:00";"MG";40;624,8;"CONSELHEIRO LAFAIETE";"Agressão Externa";"Danos eventuais";"Com Vítimas Feridas";"Pleno dia";"Crescente";"Céu Claro";"Simples";"Reta";"Não";3;0;1;0;2;0;1;1;-20,61106;-43,80635;"SR-MG";"UOP02";"DEL05"
277615;2020-03-29;"domingo";"17:25:00";"PI";343;327,7;"TERESINA";"Animais na Pista";"Atropelamento de Animal";"Com Vítimas Feridas";"Anoitecer";"Crescente";"Garoa/Chuvisco";"Simples";"Reta";"Não";1;0;1;0;0;0;1;1;-5,071425;-42,62594;"SR-PI";"UOP01";"DEL01"
277616;2020-03-29;"domingo";"17:20:00";"GO";40;5,2;"VALPARAISO DE GOIAS";"Velocidade Incompatível";"Colisão traseira";"Sem Vítimas";"Pleno dia";"Crescente";"Céu Claro";"Dupla";"Desvio Temporário";"Sim";2;0;0;0;2;0;0;2;-16,09313;-47,98224;"SR-DF";"UOP01";"DEL01"
277617;2020-03-29;"domingo";"18:00:00";"SP";116;214;"GUARULHOS";"Ingestão de Álcool";"Colisão lateral";"Sem Vítimas";"Anoitecer";"Crescente";"Garoa/Chuvisco";"Múltipla";"Reta";"Sim";2;0;0;0;2;0;0;2;-23,44295;-46,44557;"SR-SP";"UOP01";"DEL01"
277618;2020-03-29;"domingo";"16:45:00";"PR";373;185;"PONTA GROSSA";"Não guardar distância de segurança";"Colisão lateral";"Com Vítimas Feridas";"Pleno dia";"Decrescente";"Céu Claro";"Simples";"Curva";"Não";2;0;1;0;0;1;1;2;-25,04886;-50,29258;"SR-PR";"UOP01";"DEL03"
277619;2020-03-29;"domingo";"17:40:00";"ES";259;30;"COLATINA";"Defeito na Via";"Tombamento";"Com Vítimas Feridas";"Anoitecer";"Decrescente";"Céu Claro";"Dupla";"Rotatória";"Não";2;0;1;0;0;1;1;1;-19,57067;-40,50497;"SR-ES";"UOP01";"DEL02"
277620;2020-03-25;"quarta-feira";"20:40:00";"RJ";101;399;"ITAGUAI";"Velocidade Incompatível";"Saída de leito carroçável";"Sem Vítimas";"Pleno dia";"Decrescente";"Céu Claro";"Dupla";"Reta";"Não";1;0;0;0;0;1;0;1;-22,85922;-43,75891;"SR-RJ";"UOP01";"DEL03"
277621;2020-03-29;"domingo";"17:20:00";"RO";364;708;"PORTO VELHO";"Desobediência às normas de trânsito pelo condutor";"Atropelamento de Pedestre";"Sem Vítimas";"Pleno dia";"Crescente";"Céu Claro";"Dupla";"Reta";"Sim";2;0;0;0;2;0;0;1;-8,795541;-63,84072;"SR-RO";"UOP01";"DEL01"
277622;2020-03-29;"domingo";"18:25:00";"BA";324;515;"FEIRA DE SANTANA";"Desobediência às normas de trânsito pelo condutor";"Colisão lateral";"Com Vítimas Feridas";"Plena Noite";"Crescente";"Céu Claro";"Simples";"Reta";"Sim";2;0;0;1;1;0;1;2;-12,23548;-38,94397;"SR-BA";"UOP01";"DEL02"
277623;2020-03-29;"domingo";"18:20:00";"ES";101;164,4;"LINHARES";"Desobediência às normas de trânsito pelo condutor";"Colisão transversal";"Com Vítimas Feridas";"Plena Noite";"Crescente";"Céu Claro";"Simples";"Interseção de vias";"Não";3;0;0;1;1;1;1;2;-19,50806;-40,13606;"SR-ES";"UOP01";"DEL04"
277625;2020-03-29;"domingo";"18:30:00";"MG";381;487,5;"BETIM";"Velocidade Incompatível";"Colisão com objeto estático";"Com Vítimas Feridas";"Plena Noite";"Crescente";"Chuva";"Múltipla";"Curva";"Sim";2;0;1;0;1;0;1;2;-19,95587;-44,1461;"SR-MG";"UOP03";"DEL01"
277626;2020-03-29;"domingo";"19:05:00";"SE";235;45;"ITABAIANA";"Pista Escorregadia";"Queda de ocupante de veículo";"Com Vítimas Feridas";"Plena Noite";"Crescente";"Chuva";"Simples";"Reta";"Não";3;0;1;0;2;0;1;3;-10,74692;-37,3999;"SR-SE";"UOP02";"DEL01"
277627;2020-03-29;"domingo";"16:30:00";"GO";60;453;"JATAI";"Pista Escorregadia";"Saída de leito carroçável";"Com Vítimas Feridas";"Pleno dia";"Crescente";"Chuva";"Dupla";"Não Informado";"Não";1;0;1;0;0;0;1;1;-17,8565;-51,5532;"SR-GO";"UOP01";"DEL05"
277628;2020-03-29;"domingo";"19:15:00";"MG";381;832,4;"SAO SEBASTIAO DA BELA VISTA";"Falta de Atenção do Pedestre";"Atropelamento de Pedestre";"Com Vítimas Fatais";"Plena Noite";"Decrescente";"Chuva";"Dupla";"Reta";"Não";2;1;0;0;0;1;0;1;-22,15138;-45,82354;"SR-MG";"UOP01";"DEL16"
277630;2020-03-29;"domingo";"19:00:00";"PE";101;7,7;"GOIANA";"Falta de Atenção à Condução";"Colisão transversal";"Com Vítimas Fatais";"Plena Noite";"Decrescente";"Nublado";"Dupla";"Reta";"Não";2;1;0;0;1;0;0;2;-7,559971;-34,99073;"SR-PE";"UOP02";"DEL01"
277631;2020-03-29;"domingo";"15:15:00";"PA";230;672;"BRASIL NOVO";"Desobediência às normas de trânsito pelo condutor";"Colisão transversal";"Com Vítimas Feridas";"Pleno dia";"Crescente";"Sol";"Dupla";"Não Informado";"Não";2;0;0;2;0;0;2;2;-3,296051;-52,48901;"SR-PA";"UOP01";"DEL04"
277632;2020-03-29;"domingo";"18:45:00";"MG";381;487,2;"BETIM";"Fenômenos da Natureza";"Tombamento";"Com Vítimas Feridas";"Plena Noite";"Crescente";"Garoa/Chuvisco";"Dupla";"Não Informado";"Sim";1;0;1;0;0;0;1;1;-19,95587;-44,1461;"SR-MG";"UOP03";"DEL01"
277633;2020-03-29;"domingo";"19:00:00";"PE";423;71;"JUPI";"Restrição de Visibilidade";"Atropelamento de Pedestre";"Com Vítimas Feridas";"Plena Noite";"Crescente";"Garoa/Chuvisco";"Simples";"Reta";"Não";5;0;0;2;3;0;2;3;-8,692506;-36,41167;"SR-PE";"UOP01";"DEL03"
277635;2020-03-29;"domingo";"17:00:00";"RR";174;496;"BOA VISTA";"Ingestão de Álcool";"Saída de leito carroçável";"Sem Vítimas";"Pleno dia";"Crescente";"Céu Claro";"Dupla";"Reta";"Sim";1;0;0;0;1;0;0;1;2,758873;-60,73119;"SR-RR";"UOP01";"DEL01"
277636;2020-03-29;"domingo";"18:45:00";"MS";163;548,5;"BANDEIRANTES";"Falta de Atenção à Condução";"Colisão transversal";"Com Vítimas Feridas";"Plena Noite";"Crescente";"Céu Claro";"Simples";"Reta";"Sim";2;0;1;0;1;0;1;2;-19,91869;-54,36861;"SR-MS";"UOP02";"DEL01"
277637;2020-03-29;"domingo";"08:30:00";"BA";101;377,7;"IBIRAPITANGA";"Agressão Externa";"Saída de leito carroçável";"Com Vítimas Feridas";"Plena Noite";"Decrescente";"Céu Claro";"Simples";"Curva";"Não";2;0;1;0;1;0;1;1;-13,9645;-39,47804;"SR-BA";"UOP03";"DEL05"
277638;2020-03-29;"domingo";"19:50:00";"GO";60;93,6;"ANAPOLIS";"Ingestão de Álcool";"Tombamento";"Com Vítimas Feridas";"Plena Noite";"Crescente";"Céu Claro";"Simples";"Reta";"Sim";2;0;1;1;0;0;2;1;-16,3538;-48,9268;"SR-GO";"UOP01";"DEL02"
277639;2020-03-29;"domingo";"19:30:00";"PE";232;211,7;"PESQUEIRA";"Falta de Atenção à Condução";"Colisão transversal";"Com Vítimas Fatais";"Plena Noite";"Decrescente";"Chuva";"Simples";"Reta";"Sim";2;1;0;0;1;0;0;2;-8,37211;-36,71121;"SR-PE";"UOP02";"DEL02"
277640;2020-03-29;"domingo";"20:00:00";"MG";365;660;"MONTE ALEGRE DE MINAS";"Falta de Atenção à Condução";"Colisão traseira";"Sem Vítimas";"Plena Noite";"Decrescente";"Chuva";"Dupla";"Reta";"Não";2;0;0;0;2;0;0;2;-18,89246;-48,64286;"SR-MG";"UOP01";"DEL15"
277642;2020-03-29;"domingo";"18:50:00";"CE";222;34;"CAUCAIA";"Animais na Pista";"Atropelamento de Animal";"Com Vítimas Feridas";"Plena Noite";"Crescente";"Céu Claro";"Simples";"Reta";"Não";2;0;0;2;0;0;2;1;-3,702964;-38,85573;"SR-CE";"UOP01";"DEL01"
277644;2020-03-29;"domingo";"19:50:00";"SP";116;144;"SAO JOSE DOS CAMPOS";"Velocidade Incompatível";"Saída de leito carroçável";"Com Vítimas Feridas";"Plena Noite";"Decrescente";"Chuva";"Múltipla";"Desvio Temporário";"Sim";4;0;2;0;2;0;2;1;-23,18274;-45,84634;"SR-SP";"UOP01";"DEL02"
277646;2020-03-29;"domingo";"19:10:00";"PA";316;48;"CASTANHAL";"Avarias e/ou desgaste excessivo no pneu";"Tombamento";"Com Vítimas Feridas";"Plena Noite";"Crescente";"Céu Claro";"Dupla";"Reta";"Não";2;0;0;2;0;0;2;1;-1,291553;-48,05614;"SR-PA";"UOP01";"DEL01"
277647;2020-03-29;"domingo";"18:20:00";"AC";364;124;"RIO BRANCO";"Ingestão de Álcool";"Saída de leito carroçável";"Sem Vítimas";"Plena Noite";"Decrescente";"Céu Claro";"Dupla";"Reta";"Sim";1;0;0;0;1;0;0;1;-10,01152;-67,7914;"SR-AC";"UOP01";"DEL01"
277648;2020-03-29;"domingo";"21:03:00";"RJ";101;486;"ANGRA DOS REIS";"Desobediência às normas de trânsito pelo condutor";"Colisão frontal";"Com Vítimas Feridas";"Pleno dia";"Crescente";"Chuva";"Simples";"Reta";"Sim";2;0;0;2;0;0;2;2;-22,97709;-44,29635;"SR-RJ";"UOP03";"DEL03"
277649;2020-03-29;"domingo";"20:50:00";"SC";101;119;"ITAJAI";"Falta de Atenção à Condução";"Queda de ocupante de veículo";"Com Vítimas Feridas";"Pleno dia";"Decrescente";"Céu Claro";"Múltipla";"Reta";"Sim";1;0;1;0;0;0;1;1;-26,90432;-48,71555;"SR-SC";"UOP04";"DEL04"
277650;2020-03-29;"domingo";"21:30:00";"PR";116;98;"SAO JOSE DOS PINHAIS";"Falta de Atenção do Pedestre";"Atropelamento de Pedestre";"Com Vítimas Fatais";"Plena Noite";"Crescente";"Céu Claro";"Dupla";"Reta";"Não";3;1;1;0;1;0;1;1;-25,55064;-49,15025;"SR-PR";"UOP01";"DEL01"
277651;2020-03-29;"domingo";"21:25:00";"PR";376;648;"TIJUCAS DO SUL";"Falta de Atenção à Condução";"Saída de leito carroçável";"Sem Vítimas";"Plena Noite";"Decrescente";"Céu Claro";"Dupla";"Reta";"Não";1;0;0;0;1;0;0;1;-25,84026;-49,1055;"SR-PR";"UOP05";"DEL01"
277652;2020-03-29;"domingo";"20:00:00";"RO";364;673;"CANDEIAS DO JAMARI";"Defeito na Via";"Tombamento";"Com Vítimas Feridas";"Plena Noite";"Crescente";"Céu Claro";"Dupla";"Reta";"Não";2;0;1;0;0;1;1;1;-8,778854;-63,5256;"SR-RO";"UOP01";"DEL01"
277653;2020-03-29;"domingo";"19:30:00";"RJ";40;56;"PETROPOLIS";"Velocidade Incompatível";"Colisão com objeto estático";"Com Vítimas Feridas";"Plena Noite";"Crescente";"Nublado";"Simples";"Curva";"Não";2;0;2;0;0;0;2;2;-22,36179;-43,12627;"SR-RJ";"UOP01";"DEL06"
277654;2020-03-29;"domingo";"21:50:00";"PE";232;16,3;"JABOATAO DOS GUARARAPES";"Condutor Dormindo";"Saída de leito carroçável";"Com Vítimas Fatais";"Plena Noite";"Crescente";"Chuva";"Dupla";"Reta";"Não";5;3;0;2;0;0;2;1;-8,094142;-35,03717;"SR-PE";"UOP01";"DEL01"
277655;2020-03-29;"domingo";"20:50:00";"MT";364;272;"JACIARA";"Restrição de Visibilidade";"Atropelamento de Pedestre";"Com Vítimas Feridas";"Plena Noite";"Decrescente";"Céu Claro";"Dupla";"Reta";"Sim";2;0;2;0;0;0;2;2;-15,96668;-54,96122;"SR-MT";"UOP02";"DEL05"
277656;2020-03-29;"domingo";"20:20:00";"PB";230;243;"JUAZEIRINHO";"Desobediência às normas de trânsito pelo condutor";"Colisão lateral";"Com Vítimas Feridas";"Plena Noite";"Decrescente";"Garoa/Chuvisco";"Simples";"Reta";"Sim";2;0;0;1;0;1;1;2;-7,0689;-36,5893;"SR-PB";"UOP02";"DEL02"
277658;2020-03-29;"domingo";"22:15:00";"RN";304;242;"RIACHUELO";"Falta de Atenção à Condução";"Colisão com objeto estático";"Com Vítimas Feridas";"Plena Noite";"Crescente";"Céu Claro";"Simples";"Reta";"Não";1;0;1;0;0;0;1;1;-5,81157;-35,82149;"SR-RN";"UOP02";"DEL01"
277659;2020-03-29;"domingo";"22:45:00";"PR";277;636;"CEU AZUL";"Falta de Atenção à Condução";"Tombamento";"Com Vítimas Feridas";"Plena Noite";"Crescente";"Céu Claro";"Simples";"Desvio Temporário";"Sim";3;0;3;0;0;0;3;2;-25,14494;-53,83748;"SR-PR";"UOP05";"DEL04"
277660;2020-03-29;"domingo";"19:40:00";"SC";470;234;"SAO CRISTOVAO DO SUL";"Ingestão de Álcool";"Colisão lateral";"Sem Vítimas";"Plena Noite";"Crescente";"Chuva";"Simples";"Curva";"Sim";2;0;0;0;2;0;0;2;-27,30229;-50,43942;"SR-SC";"UOP03";"DEL05"
277661;2020-03-29;"domingo";"21:15:00";"MT";174;498;"COMODORO";"Ultrapassagem Indevida";"Colisão frontal";"Com Vítimas Fatais";"Plena Noite";"Crescente";"Chuva";"Simples";"Reta";"Não";3;1;0;0;1;1;0;2;-13,55233;-59,81563;"SR-MT";"UOP01";"DEL04"
277662;2020-03-29;"domingo";"19:00:00";"SC";282;459,4;"PONTE SERRADA";"Pista Escorregadia";"Colisão frontal";"Com Vítimas Fatais";"Plena Noite";"Decrescente";"Chuva";"Simples";"Curva";"Sim";6;2;0;2;2;0;2;2;-26,86369;-52,02482;"SR-SC";"UOP05";"DEL07"
277663;2020-03-29;"domingo";"21:50:00";"SC";101;336,7;"TUBARAO";"Ingestão de Álcool";"Colisão com objeto estático";"Sem Vítimas";"Plena Noite";"Crescente";"Céu Claro";"Simples";"Viaduto";"Sim";1;0;0;0;1;0;0;1;-28,4765;-49,02983;"SR-SC";"UOP01";"DEL02"
277664;2020-03-29;"domingo";"19:00:00";"GO";364;1,4;"SAO SIMAO";"Falta de Atenção à Condução";"Tombamento";"Com Vítimas Fatais";"Plena Noite";"Crescente";"Nublado";"Simples";"Reta";"Sim";3;1;0;1;0;1;1;3;-19,04021;-50,51025;"SR-GO";"UOP02";"DEL05"
277665;2020-03-29;"domingo";"22:40:00";"MS";163;415,7;"NOVA ALVORADA DO SUL";"Ingestão de Álcool";"Colisão lateral";"Com Vítimas Feridas";"Plena Noite";"Crescente";"Céu Claro";"Simples";"Desvio Temporário";"Não";4;0;1;0;3;0;1;2;-21,03545;-54,50287;"SR-MS";"UOP01";"DEL02"
277666;2020-03-29;"domingo";"22:40:00";"SC";470;121;"IBIRAMA";"Velocidade Incompatível";"Colisão com objeto estático";"Com Vítimas Feridas";"Plena Noite";"Decrescente";"Chuva";"Simples";"Curva";"Sim";2;0;1;0;1;0;1;1;-27,09611;-49,53083;"SR-SC";"UOP02";"DEL04"
277668;2020-03-29;"domingo";"23:30:00";"MG";381;912,8;"CAMANDUCAIA";"Velocidade Incompatível";"Colisão com objeto estático";"Com Vítimas Feridas";"Plena Noite";"Decrescente";"Chuva";"Dupla";"Não Informado";"Não";2;0;1;0;1;0;1;1;-22,74838;-46,13961;"SR-MG";"UOP03";"DEL16"
277669;2020-03-29;"domingo";"21:20:00";"MG";116;182,5;"CARAI";"Desobediência às normas de trânsito pelo condutor";"Colisão frontal";"Com Vítimas Feridas";"Plena Noite";"Crescente";"Garoa/Chuvisco";"Simples";"Interseção de vias";"Não";3;0;1;1;1;0;2;2;-17,10009;-41,49594;"SR-MG";"UOP01";"DEL11"
277670;2020-03-29;"domingo";"17:40:00";"BA";116;618,7;"JAGUAQUARA";"Agressão Externa";"Tombamento";"Sem Vítimas";"Anoitecer";"Crescente";"Nublado";"Simples";"Reta";"Não";1;0;0;0;1;0;0;1;-13,3957;-40,023;"SR-BA";"UOP01";"DEL03"
277671;2020-03-30;"segunda-feira";"00:40:00";"ES";393;4;"CACHOEIRO DE ITAPEMIRIM";"Animais na Pista";"Tombamento";"Com Vítimas Feridas";"Plena Noite";"Decrescente";"Nublado";"Simples";"Não Informado";"Não";1;0;0;1;0;0;1;1;-20,8269;-41,19268;"SR-ES";"UOP02";"DEL03"